,title,score,id,url,comms_num,created,body,author,upvote_ratio,permalink,subreddit_id
0,Canada will be among first countries set to receive Moderna COVID-19 vaccine shipments,9094,k4ni8o,https://www.theglobeandmail.com/canada/article-canada-will-be-among-first-countries-set-to-receive-moderna-vaccine/,798,2020-12-01 10:54:15,,QuietlyQuibbling,0.96,/r/canada/comments/k4ni8o/canada_will_be_among_first_countries_set_to/,t5_2qh68
1,Canada exercises option to buy 20 million more doses of Moderna vaccine,5445,k6td7v,https://www.reuters.com/article/us-health-coronavirus-canada/canada-exercises-option-to-buy-20-million-more-doses-of-moderna-vaccine-idUSKBN28E2RN,688,2020-12-04 15:55:17,,cyclinginvancouver,0.97,/r/canada/comments/k6td7v/canada_exercises_option_to_buy_20_million_more/,t5_2qh68
2,Health Canada approves 'game-changer' Moderna COVID-19 vaccine,4767,kiw9gb,https://www.ctvnews.ca/health/coronavirus/health-canada-approves-game-changer-moderna-covid-19-vaccine-1.5242821,582,2020-12-23 11:35:39,,Fr0wningCat,0.96,/r/canada/comments/kiw9gb/health_canada_approves_gamechanger_moderna/,t5_2qh68
3,"Canada to receive record 640K vaccine doses this week with Pfizer, Moderna deliveries",3893,lpml2y,https://www.ctvnews.ca/health/coronavirus/canada-to-receive-record-640k-vaccine-doses-this-week-with-pfizer-moderna-deliveries-1.5318562,690,2021-02-22 07:12:21,,viva_la_vinyl,0.96,/r/canada/comments/lpml2y/canada_to_receive_record_640k_vaccine_doses_this/,t5_2qh68
4,Moderna to deliver 1 million more doses in May as Canada braces for a 'massive' surge in vaccines | CBC News,1496,n1fdt2,https://www.cbc.ca/news/politics/moderna-deliveries-may-1.6007912,402,2021-04-29 17:59:51,,TFenrir,0.96,/r/canada/comments/n1fdt2/moderna_to_deliver_1_million_more_doses_in_may_as/,t5_2qh68
5,"Canada to receive 2.9M COVID-19 vaccine doses this week from Pfizer, Moderna",1302,np1uwq,https://globalnews.ca/news/7907332/covid-vaccines-canada-pfizer-moderna/,261,2021-05-31 08:04:42,,viva_la_vinyl,0.97,/r/canada/comments/np1uwq/canada_to_receive_29m_covid19_vaccine_doses_this/,t5_2qh68
6,"4.5 million doses of Pfizer, Moderna vaccines coming to Canada this week",1074,neegg6,https://globalnews.ca/news/7867838/canada-covid-vaccine-rollout-spring/,212,2021-05-17 08:06:20,,morenewsat11,0.97,/r/canada/comments/neegg6/45_million_doses_of_pfizer_moderna_vaccines/,t5_2qh68
7,Moderna to cut deliveries to Canada in new blow to vaccination campaign | CBC News,864,l7xth1,https://www.cbc.ca/news/politics/moderna-cut-deliveries-to-canada-1.5893307,380,2021-01-29 12:05:00,,amirsadeghi,0.98,/r/canada/comments/l7xth1/moderna_to_cut_deliveries_to_canada_in_new_blow/,t5_2qh68
8,Moderna vaccine could be delivered to Canada before the end of the month: sources | CBC News,792,kdoeua,https://www.cbc.ca/news/politics/moderna-vaccine-in-canada-december-1.5841929,268,2020-12-15 11:04:24,,Seebeeeseh,0.95,/r/canada/comments/kdoeua/moderna_vaccine_could_be_delivered_to_canada/,t5_2qh68
9,Moderna COVID-19 vaccine prevented 95% of new infections after one dose in study,732,o1sxdq,https://www.upi.com/Health_News/2021/06/16/coronavirus-vaccine-pfizer-health-workers-study/2441623849411/?ur3=1,117,2021-06-17 05:17:14,,Nite1982,0.94,/r/canada/comments/o1sxdq/moderna_covid19_vaccine_prevented_95_of_new/,t5_2qh68
10,Canada receiving 1 million Moderna COVID-19 vaccine doses one week early: Trudeau,702,n4t0oz,https://www.cp24.com/news/canada-receiving-1-million-moderna-covid-19-vaccine-doses-one-week-early-trudeau-1.5413556,176,2021-05-04 12:44:46,,Dorksoulsfan,0.94,/r/canada/comments/n4t0oz/canada_receiving_1_million_moderna_covid19/,t5_2qh68
11,Health Canada approves the Moderna Coronavirus vaccine,607,kiun8s,https://covid-vaccine.canada.ca/moderna-covid-19-vaccine/product-details,122,2020-12-23 10:04:16,,tmleafsfan,0.96,/r/canada/comments/kiun8s/health_canada_approves_the_moderna_coronavirus/,t5_2qh68
12,"Moderna's COVID-19 vaccine arrives in Yukon, NWT",562,km4b7i,https://edmonton.citynews.ca/2020/12/28/moderna-covid-19-vaccine-yukon-nwt/,63,2020-12-28 20:49:08,,cyclinginvancouver,0.94,/r/canada/comments/km4b7i/modernas_covid19_vaccine_arrives_in_yukon_nwt/,t5_2qh68
13,"Moderna, feds say vaccine shipments to Canada not reduced, will arrive by end of month",542,m7amwk,https://www.cbc.ca/news/canada/saskatchewan/moderna-covid-19-vaccine-shipments-scott-moe-1.5953192,30,2021-03-17 17:04:46,,throwaway123406,0.95,/r/canada/comments/m7amwk/moderna_feds_say_vaccine_shipments_to_canada_not/,t5_2qh68
14,"Canada secures ultra-cold freezers for Pfizer, Moderna COVID vaccines",515,jydkjc,http://www.bnnbloomberg.ca/canada-secures-ultra-cold-freezers-to-store-pfizer-moderna-covid-vaccines-1.1525496,101,2020-11-21 11:27:42,,Gboard2,0.97,/r/canada/comments/jydkjc/canada_secures_ultracold_freezers_for_pfizer/,t5_2qh68
15,Moderna says COVID-19 vaccine shows 100% efficacy in teens aged 12-17,418,nkp376,https://globalnews.ca/news/7890482/moderna-covid-vaccine-teens-study/,126,2021-05-25 08:55:37,,anusasoa,0.89,/r/canada/comments/nkp376/moderna_says_covid19_vaccine_shows_100_efficacy/,t5_2qh68
16,"Nunavut to see up to 6,000 doses of Moderna vaccine this month",405,kkzint,https://www.cbc.ca/news/canada/north/nunavut-to-see-6-000-doses-of-moderna-vaccine-this-month-1.5853373,225,2020-12-27 02:25:21,,princey12,0.93,/r/canada/comments/kkzint/nunavut_to_see_up_to_6000_doses_of_moderna/,t5_2qh68
17,"After weeks of uncertainty, Moderna says 7 million vaccine doses will arrive this month",344,nvzs3f,https://www.cbc.ca/news/politics/moderna-7-million-doses-june-1.6059096,81,2021-06-09 12:19:51,,anusasoa,0.95,/r/canada/comments/nvzs3f/after_weeks_of_uncertainty_moderna_says_7_million/,t5_2qh68
18,Shipment of Moderna COVID-19 vaccine arrives in Canada one day after approval | CBC News,335,kjn07u,https://www.cbc.ca/news/politics/moderna-vaccine-arrives-canada-1.5854649,73,2020-12-24 16:16:18,,cyclinginvancouver,0.95,/r/canada/comments/kjn07u/shipment_of_moderna_covid19_vaccine_arrives_in/,t5_2qh68
19,"Feds to announce Pfizer vaccine delivery boost, as Moderna delays more doses",296,ms4tgr,https://www.ctvnews.ca/politics/feds-to-announce-pfizer-vaccine-delivery-boost-as-moderna-delays-more-doses-1.5390234,87,2021-04-16 10:53:00,,cyclinginvancouver,0.9,/r/canada/comments/ms4tgr/feds_to_announce_pfizer_vaccine_delivery_boost_as/,t5_2qh68
20,"Canada receiving vaccine shipments from Pfizer, Moderna, and J&J next week: Fortin",278,mwbsxf,https://www.ctvnews.ca/health/coronavirus/canada-receiving-vaccine-shipments-from-pfizer-moderna-and-j-j-next-week-fortin-1.5398292,109,2021-04-22 14:51:00,,BestBongoMan,0.94,/r/canada/comments/mwbsxf/canada_receiving_vaccine_shipments_from_pfizer/,t5_2qh68
21,"Vaccine shopping to avoid Moderna shot is 'alarming,' unnecessary and potentially harmful, doctors say",272,nj3kdb,https://www.cbc.ca/news/canada/toronto/moderna-vaccine-preference-1.6034764,352,2021-05-23 04:40:43,,Haggisboy,0.83,/r/canada/comments/nj3kdb/vaccine_shopping_to_avoid_moderna_shot_is/,t5_2qh68
22,"Moderna Announces Supply Agreement with Canada for Expanded Supply of Moderna’s COVID-19 Vaccine in 2022, in 2023 and in 2024",266,p5gdtb,https://finance.yahoo.com/news/moderna-announces-supply-agreement-canada-133000627.html,413,2021-08-16 09:46:28,,Global_Leaders,0.89,/r/canada/comments/p5gdtb/moderna_announces_supply_agreement_with_canada/,t5_2qh68
23,"A combined 368k vaccines (200k Pfizer, 168k Moderna) should arrive in Canada in the next two weeks.",263,kdqupp,https://www.ctvnews.ca/politics/thousands-more-to-receive-covid-19-vaccine-this-year-as-canada-locks-in-additional-doses-1.5231973,99,2020-12-15 13:07:09,,hexennacht,0.93,/r/canada/comments/kdqupp/a_combined_368k_vaccines_200k_pfizer_168k_moderna/,t5_2qh68
24,"AstraZeneca, Moderna or Pfizer? Take whichever COVID-19 vaccine you’re offered, experts say",257,lwxe1q,https://www.theglobeandmail.com/canada/article-astrazeneca-moderna-or-pfizer-take-whichever-covid-19-vaccine-youre/,218,2021-03-03 11:06:35,,jessie___willms,0.9,/r/canada/comments/lwxe1q/astrazeneca_moderna_or_pfizer_take_whichever/,t5_2qh68
25,"FDA to add heart inflammation warning to Pfizer, Moderna COVID-19 vaccines",236,o745tr,https://globalnews.ca/news/7975516/fda-heart-inflammation-warning-vaccines/,253,2021-06-24 12:15:51,,MK0135,0.94,/r/canada/comments/o745tr/fda_to_add_heart_inflammation_warning_to_pfizer/,t5_2qh68
26,"Canada not at back of line for COVID-19 vaccine, Moderna chairman says",230,k3d71c,https://www.cbc.ca/news/politics/canada-vaccine-moderna-covid-19-hadju-health-1.5821166?cmp=rss,148,2020-11-29 12:22:04,,nl6374,0.92,/r/canada/comments/k3d71c/canada_not_at_back_of_line_for_covid19_vaccine/,t5_2qh68
27,Moderna expected to scale back COVID-19 vaccine shipment to Canada once again: document,221,lchksh,https://www.cp24.com/news/moderna-expected-to-scale-back-covid-19-vaccine-shipment-to-canada-once-again-document-1.5295457,270,2021-02-04 10:06:06,,ONE-OF-THREE,0.94,/r/canada/comments/lchksh/moderna_expected_to_scale_back_covid19_vaccine/,t5_2qh68
28,Canada confirms delayed Moderna COVID-19 vaccine doses will arrive next week,207,mdm87w,https://globalnews.ca/news/7720605/canada-astrazeneca-moderna-shipment/,35,2021-03-26 07:09:44,,viva_la_vinyl,0.92,/r/canada/comments/mdm87w/canada_confirms_delayed_moderna_covid19_vaccine/,t5_2qh68
29,"'Likely link' between rare heart inflammation and Pfizer, Moderna vaccines: CDC advisers",159,o6in97,https://beta.ctvnews.ca/national/coronavirus/2021/6/23/1_5482320.html,168,2021-06-23 14:16:31,,Max_Smrt88,0.91,/r/canada/comments/o6in97/likely_link_between_rare_heart_inflammation_and/,t5_2qh68
30,First doses of Moderna COVID-19 vaccine arrive in Nunavut,150,kn7ykm,https://www.cbc.ca/news/canada/north/vaccine-arrives-nunavut-1.5856653,36,2020-12-30 13:41:25,,cyclinginvancouver,0.91,/r/canada/comments/kn7ykm/first_doses_of_moderna_covid19_vaccine_arrive_in/,t5_2qh68
31,Moderna to slash vaccine deliveries to Canada | CBC News,142,ms4vta,https://www.cbc.ca/news/politics/moderna-delay-1.5990166,142,2021-04-16 10:56:11,,Read_That_Somewhere,0.83,/r/canada/comments/ms4vta/moderna_to_slash_vaccine_deliveries_to_canada_cbc/,t5_2qh68
32,Canada set to receive 9.5M COVID-19 vaccine doses this week due to Moderna influx,136,nzp23h,https://globalnews.ca/news/7947265/covid-vaccines-canada-moderna-delivery/,63,2021-06-14 11:14:21,,OneWhoWonders,0.91,/r/canada/comments/nzp23h/canada_set_to_receive_95m_covid19_vaccine_doses/,t5_2qh68
33,Montreal woman says mother with dementia accidentally given Pfizer vaccine after receiving dose of Moderna,117,l3mdqy,https://www.cbc.ca/news/canada/montreal/montreal-woman-says-mother-given-two-covid-19-vaccines-1.5885397,41,2021-01-23 17:42:14,,TortuouslySly,0.84,/r/canada/comments/l3mdqy/montreal_woman_says_mother_with_dementia/,t5_2qh68
34,Moderna delays expected to push back vaccine deliveries by more than a week,93,mri802,https://www.cbc.ca/news/politics/moderna-delays-week-1.5988788,39,2021-04-15 12:24:03,,cyclinginvancouver,0.88,/r/canada/comments/mri802/moderna_delays_expected_to_push_back_vaccine/,t5_2qh68
35,"Canada to recommend mixing and matching AstraZeneca, Pfizer and Moderna COVID-19 vaccines",92,nppqew,https://www.cbc.ca/news/health/canada-mixing-covid-19-vaccines-astrazeneca-pfizer-moderna-naci-1.6048152,192,2021-06-01 05:11:07,,sirharryflashman,0.84,/r/canada/comments/nppqew/canada_to_recommend_mixing_and_matching/,t5_2qh68
36,Canada regulator expects to complete Moderna COVID-19 vaccine approval in coming weeks,82,kg28dj,https://www.reuters.com/article/us-health-coronavirus-canada-vaccine-mod-idUSKBN28T08C,18,2020-12-19 00:43:13,,cyclinginvancouver,0.94,/r/canada/comments/kg28dj/canada_regulator_expects_to_complete_moderna/,t5_2qh68
37,Ottawa warns provinces to expect further disruptions to Moderna vaccine shipments this month,78,lbz6k8,https://www.cbc.ca/news/politics/ottawa-warns-further-disruptions-moderna-1.5899751,100,2021-02-03 16:44:02,,Bakedschwarzenbach,0.93,/r/canada/comments/lbz6k8/ottawa_warns_provinces_to_expect_further/,t5_2qh68
38,75% of NWT adults 'to get Moderna vaccine in early 2021',77,kaq18b,https://cabinradio.ca/51285/news/health/coronavirus/75-of-nwt-adults-to-get-moderna-vaccine-in-early-2021/?fbclid=IwAR2K1UTTWlcMz7O43XVU6dsfnhDp5koFa_iJSnQQQWfhllGYT2oOenPjY_g,39,2020-12-10 18:11:53,,North_Activist,0.86,/r/canada/comments/kaq18b/75_of_nwt_adults_to_get_moderna_vaccine_in_early/,t5_2qh68
39,Some Canadians falsely assuming Pfizer COVID-19 vaccine more effective than Moderna,71,nmgh0a,https://www.cp24.com/mobile/news/some-canadians-falsely-assuming-pfizer-covid-19-vaccine-more-effective-than-moderna-1.5445273,67,2021-05-27 16:14:20,,WastedCyberspace,0.79,/r/canada/comments/nmgh0a/some_canadians_falsely_assuming_pfizer_covid19/,t5_2qh68
40,"B.C. should vaccinate essential workers with Pfizer and Moderna, experts say",65,mm6cxc,https://bc.ctvnews.ca/b-c-should-vaccinate-essential-workers-with-pfizer-and-moderna-experts-say-1.5377208,12,2021-04-07 12:47:33,,woodenboatguy,0.8,/r/canada/comments/mm6cxc/bc_should_vaccinate_essential_workers_with_pfizer/,t5_2qh68
41,Moderna asks Health Canada for approval to use COVID-19 vaccine in kids 12+,65,nv1q3i,https://www.680news.com/2021/06/07/moderna-health-canada-vaccine-kids-12-and-up/,17,2021-06-08 07:21:23,,morenewsat11,0.79,/r/canada/comments/nv1q3i/moderna_asks_health_canada_for_approval_to_use/,t5_2qh68
42,Feds chose not to buy additional 16 million Moderna COVID-19 vaccine doses,58,kv8kfh,https://www.ctvnews.ca/mobile/politics/feds-chose-not-to-buy-additional-16-million-moderna-covid-19-vaccine-doses-1.5261820?cid=sm%3Atrueanthem%3Actvwinnipeg%3Amanualpost&utm_campaign=trueAnthem%3A+New+Content+%28Feed%29&utm_medium=trueAnthem&utm_source=facebook&fbclid=IwAR3upXYWd35HwcUBZqmG5hQZbqjs8bwV-jVsRMMjdFq8I3KR_wv4KHHdZZM,43,2021-01-11 13:24:48,,scrivener_nemo,0.81,/r/canada/comments/kv8kfh/feds_chose_not_to_buy_additional_16_million/,t5_2qh68
43,Here’s why Moderna’s COVID-19 vaccine shipments to Canada have been delayed,54,lg5uyj,https://www.thestar.com/politics/federal/2021/02/08/heres-why-modernas-covid-19-vaccine-shipments-to-canada-have-been-delayed.html?utm_source=Twitter&utm_medium=SocialMedia&utm_campaign=National&utm_content=modernadelay,102,2021-02-09 10:35:54,,horthorj,0.79,/r/canada/comments/lg5uyj/heres_why_modernas_covid19_vaccine_shipments_to/,t5_2qh68
44,Health Canada has final data needed from Moderna to make a decision on vaccine,53,khvdx5,https://www.ctvnews.ca/health/coronavirus/health-canada-has-final-data-needed-from-moderna-to-make-a-decision-on-vaccine-1.5240446,9,2020-12-21 20:45:51,,OtomeOtome,0.83,/r/canada/comments/khvdx5/health_canada_has_final_data_needed_from_moderna/,t5_2qh68
45,Approval for Moderna's vaccine 'looks positive' but a few more documents still needed,52,kdpjrs,https://www.ctvnews.ca/canada/approval-for-moderna-s-vaccine-looks-positive-but-a-few-more-documents-still-needed-1.5231523,5,2020-12-15 12:02:35,,CMikeHunt,0.86,/r/canada/comments/kdpjrs/approval_for_modernas_vaccine_looks_positive_but/,t5_2qh68
46,Canada to receive 7M Moderna vaccine doses in June: Anand,49,nx4ccm,https://www.ctvnews.ca/health/coronavirus/canada-to-receive-7m-moderna-vaccine-doses-in-june-anand-1.5462869,0,2021-06-10 21:45:24,,AhmedF,0.77,/r/canada/comments/nx4ccm/canada_to_receive_7m_moderna_vaccine_doses_in/,t5_2qh68
47,"""No emergency"" to start administering second dose, according to Quebec's Public Health Institute. Preliminary data shows that the first dose of Pfizer-BioNtech and Moderna vaccines provide 80% protection after 14 days. (article in french)",44,lmrb6t,https://www.lapresse.ca/covid-19/2021-02-18/vaccination/pas-d-urgence-pour-administrer-la-deuxieme-dose-selon-l-inspq.php,25,2021-02-18 11:57:01,,TortuouslySly,0.87,/r/canada/comments/lmrb6t/no_emergency_to_start_administering_second_dose/,t5_2qh68
48,"Delayed Pfizer delivery prompts Toronto, Peel clinics to only administer Moderna vaccine to adults next week",49,o3tgcn,https://toronto.ctvnews.ca/delayed-pfizer-delivery-prompts-toronto-peel-clinics-to-only-administer-moderna-vaccine-to-adults-next-week-1.5477907,45,2021-06-19 20:20:16,,Leponzo,0.84,/r/canada/comments/o3tgcn/delayed_pfizer_delivery_prompts_toronto_peel/,t5_2qh68
49,Unreliable supply of Moderna COVID-19 vaccine disrupting provincial vaccination programs,30,mrf9kw,https://www.theglobeandmail.com/politics/article-unreliable-supply-of-moderna-covid-19-vaccine-disrupting-provincial/,28,2021-04-15 10:00:07,,Mighty_L_LORT,0.72,/r/canada/comments/mrf9kw/unreliable_supply_of_moderna_covid19_vaccine/,t5_2qh68
50,Canada clinches more COVID-19 vaccines from Moderna in new agreement,23,p4f57e,https://globalnews.ca/news/8112629/canada-moderna-vaccine-agreement/,25,2021-08-14 16:09:11,,Miserable-Lizard,0.68,/r/canada/comments/p4f57e/canada_clinches_more_covid19_vaccines_from/,t5_2qh68
51,"Pfizer, Moderna vaccines now preferred second dose for AstraZeneca recipients: NACI",24,o29nfp,https://www.cp24.com/news/pfizer-moderna-vaccines-now-preferred-second-dose-for-astrazeneca-recipients-naci-1.5475065,3,2021-06-17 18:25:55,,ProfCool7,0.88,/r/canada/comments/o29nfp/pfizer_moderna_vaccines_now_preferred_second_dose/,t5_2qh68
52,Comparing COVID-19 vaccines: What’s the difference between the Pfizer and the Moderna dose?,24,keyfvy,https://www.thestar.com/news/canada/2020/12/17/comparing-covid-19-vaccines-whats-the-difference-between-the-pfizer-and-the-moderna-dose.html,2,2020-12-17 09:30:20,,davidlee93,0.74,/r/canada/comments/keyfvy/comparing_covid19_vaccines_whats_the_difference/,t5_2qh68
53,Nunavut to receive Moderna vaccine in early 2021 | Nunatsiaq News,16,kbejs4,https://nunatsiaq.com/stories/article/nunavut-to-receive-moderna-vaccine-in-early-2021/,8,2020-12-11 19:03:02,,Sikugirl,0.73,/r/canada/comments/kbejs4/nunavut_to_receive_moderna_vaccine_in_early_2021/,t5_2qh68
54,Ontario's COVID-19 task force head asks Health Canada to 'look into' single-dose Moderna vaccine,17,kmk58g,https://www.cbc.ca/news/canada/toronto/covid-19-ontario-december-29-vaccine-reopen-1.5856296,69,2020-12-29 13:43:40,,TFenrir,0.68,/r/canada/comments/kmk58g/ontarios_covid19_task_force_head_asks_health/,t5_2qh68
55,Ottawa has negotiated more Moderna COVID-19 vaccine doses and faster delivery: Trudeau,21,liqqb3,https://www.theglobeandmail.com/politics/article-hotel-quarantine-measures-for-air-travellers-take-effect-feb-22/,25,2021-02-12 21:05:07,,throwaway123406,0.61,/r/canada/comments/liqqb3/ottawa_has_negotiated_more_moderna_covid19/,t5_2qh68
56,"Canada will be short 82,000 doses in next shipment of Moderna COVID-19 vaccine",15,li5s22,https://nationalpost.com/news/canada-will-be-short-82000-doses-in-next-shipment-of-moderna-covid-19-vaccine,54,2021-02-12 01:55:20,,FlyingDutchman997,0.6,/r/canada/comments/li5s22/canada_will_be_short_82000_doses_in_next_shipment/,t5_2qh68
57,Jesse Kline: Moderna cutting vaccine shipments by a quarter another blow to Trudeau,18,l8l16w,https://nationalpost.com/opinion/jesse-kline-moderna-cutting-vaccine-shipments-by-a-quarter-another-blow-to-canada,61,2021-01-30 07:49:33,,FlyingDutchman997,0.58,/r/canada/comments/l8l16w/jesse_kline_moderna_cutting_vaccine_shipments_by/,t5_2qh68
58,3 vaccination clinics to close in York Region on Friday due to delays in Moderna shipments,12,mgh3mz,https://www.cbc.ca/news/canada/toronto/york-region-three-vaccination-clinics-closure-moderna-shipment-delays-1.5969159,0,2021-03-30 10:18:48,,BadDogToo,0.72,/r/canada/comments/mgh3mz/3_vaccination_clinics_to_close_in_york_region_on/,t5_2qh68
59,"Pfizer, Moderna & Meh: Highly effective COVID-19 vaccines don’t impact Canadian desire for immunization - Angus Reid Institute",10,jxxn6y,http://angusreid.org/canada-covid-19-vaccine/,18,2020-11-20 16:13:10,,daveko12,0.78,/r/canada/comments/jxxn6y/pfizer_moderna_meh_highly_effective_covid19/,t5_2qh68
60,Moderna begins COVID-19 vaccine trial in kids under age of 12,9,m6ba6p,https://www.cbc.ca/news/health/moderna-covid-vaccine-kids-study-1.5951440,3,2021-03-16 11:12:48,,AlpacaGhidorah,0.67,/r/canada/comments/m6ba6p/moderna_begins_covid19_vaccine_trial_in_kids/,t5_2qh68
61,"Coronavirus Vaccine: Canada says 1st dose Oxford-AstraZeneca can be followed by Pfizer, Moderna",7,nr1dur,https://abc7ny.com/health/covid-update-canada-to-allow-people-to-mix-and-match-vaccines/10732423/,13,2021-06-02 21:13:18,,Mighty_L_LORT,0.66,/r/canada/comments/nr1dur/coronavirus_vaccine_canada_says_1st_dose/,t5_2qh68
62,Why mixing Pfizer and Moderna vaccines could help Canada end the pandemic sooner,9,o6ib9u,https://www.cbc.ca/news/health/pfizer-moderna-mixing-vaccines-covid-19-canada-1.6075765,13,2021-06-23 14:00:49,,corvideodrome,0.58,/r/canada/comments/o6ib9u/why_mixing_pfizer_and_moderna_vaccines_could_help/,t5_2qh68
63,"5,300 Moderna vaccines will go to First Nations communities starting this week",8,kpabjb,https://www.cbc.ca/news/canada/manitoba/manitoba-first-nations-moderna-vaccine-1.5858653,0,2021-01-02 20:13:35,,yaxyakalagalis,0.79,/r/canada/comments/kpabjb/5300_moderna_vaccines_will_go_to_first_nations/,t5_2qh68
64,Why do Canadians think Pfizer is better than Moderna? A look at COVID-19 vaccine shopping,0,o2ye33,https://www.theglobeandmail.com/canada/article-why-do-canadians-think-pfizer-is-better-than-moderna-a-look-at-covid/,10,2021-06-18 15:37:52,,Asleep_Cup_1337,0.38,/r/canada/comments/o2ye33/why_do_canadians_think_pfizer_is_better_than/,t5_2qh68
