,title,score,id,url,comms_num,created,body,author,upvote_ratio,permalink,subreddit_id
0,Breaking: Pfizer Deliveries increased,243,lygbk9,https://www.reddit.com/r/CanadaCoronavirus/comments/lygbk9/breaking_pfizer_deliveries_increased/,73,2021-03-05 12:00:36,">1.5M extra to come in March  
>  
>1M extra in April  
>  
>1M extra in May

Total Q1 Doses from **Pfizer** increased from **4M to 5.5M.**

Total Q1 doses now stand at **8M**

**These are vaccines from Q3 being moved up for delivery in Q1 and Q2**

**Live news from the PM's briefing**

Deliveries as they stand, without updates from AstraZeneca and J&J (data by u/nl6374) :

&#x200B;

||Q1|Q2|Total|
|:-|:-|:-|:-|
|Pfizer|5.5M|12.8M|18.3M|
|Moderna|2M|12.2M|14.2M|
|Covishield + COVAX (AZ)|0.5M|3.5M|4M|
|Total|8M|28.5M|36.5M|

That's several millions more doses than needed to give **everyone eligible a single-dose by Canada Day**. Even the young folks, get ready to pull up your sleeve by late May.

Text Source: [https://www.ctvnews.ca/health/coronavirus/pfizer-moves-up-delivery-canada-to-have-8m-doses-by-end-of-march-1.5335386](https://www.ctvnews.ca/health/coronavirus/pfizer-moves-up-delivery-canada-to-have-8m-doses-by-end-of-march-1.5335386)",RedditWaq,0.98,/r/CanadaCoronavirus/comments/lygbk9/breaking_pfizer_deliveries_increased/,t5_2gpd6g
1,"Canada thanks India as 500,000 doses of Covishield COVID-19 vaccine arrives",157,lxsr51,https://www.freepressjournal.in/india/canada-thanks-india-as-500000-doses-of-covishield-covid-19-vaccine-arrives,21,2021-03-04 14:19:06,,WindsorBallet,0.99,/r/CanadaCoronavirus/comments/lxsr51/canada_thanks_india_as_500000_doses_of_covishield/,t5_2gpd6g
2,Covishield: Seven EU countries approve India's Covid vaccines,70,obpjqt,https://www.bbc.com/news/world-asia-india-57628123,10,2021-07-01 12:33:22,,AhmedF,0.96,/r/CanadaCoronavirus/comments/obpjqt/covishield_seven_eu_countries_approve_indias/,t5_2gpd6g
3,Serum Institute has applied to the European Medicines Agency for authorization of Covishield so it can count as vaxed for travel throughout Europe,27,o9yo1e,https://twitter.com/hildabast/status/1409656081815539714,3,2021-06-28 22:03:16,,AhmedF,1.0,/r/CanadaCoronavirus/comments/o9yo1e/serum_institute_has_applied_to_the_european/,t5_2gpd6g
4,Risk of Vaccine-Induced Thrombotic Thrombocytopenia (VITT) following the AstraZeneca/COVISHIELD Adenovirus Vector COVID-19 Vaccines - Ontario COVID-19 Science Advisory Table,17,nfxvn7,https://covid19-sciencetable.ca/sciencebrief/risk-of-vaccine-induced-thrombotic-thrombocytopenia-vitt-following-the-astrazeneca-covishield-adenovirus-vector-covid-19-vaccines/,4,2021-05-19 02:13:16,,Stand-Alone,0.95,/r/CanadaCoronavirus/comments/nfxvn7/risk_of_vaccineinduced_thrombotic/,t5_2gpd6g
5,Covishield (AZ made by Serum Institute in India) does not qualify for Green Pass to enter the EU,11,o9sqw2,https://www.reddit.com/r/CanadaCoronavirus/comments/o9sqw2/covishield_az_made_by_serum_institute_in_india/,27,2021-06-28 16:31:02,"Many of the AZ recipients in Canada received Covishield, which is not eligible for EU Green Pass entry:

>The much-trumpeted European Union COVID Digital Green Pass, which launches 1 July and is meant to vastly ease travel to Europe for vaccinated and recovered passengers is being rolled out with one important hitch.

>Anyone vaccinated with an AstraZeneca vaccine produced by the Serum Institute of India would not be qualified to get the pass – and that includes most citizens of low- and middle-income countries who were immunised with vaccines distributed by the WHO co-sponsored COVAX initiative. 

>That’s because the EU green pass will only recognise the Vaxzevria version of the AstraZeneca vaccine that was produced and manufactured in the United Kingdom or other sites around Europe, and thus approved by the European Medicines Agency (EMA). 

https://healthpolicy-watch.news/most-covax-vaccine-recipients-excluded/

Near as I can tell, currently **this would just apply to EU Citizens resident in Canada who are applying for the Green Pass.**

I assume this will be removed from any restrictions for non-EU citizens traveling to the EU.

From Covax, Canada received 300K doses early on, then another 600K in May but I'm getting those numbers from news articles, the feds just say 2.9 million doses of AZ/Covishield were distributed. 

https://www.canada.ca/en/public-health/services/diseases/2019-novel-coronavirus-infection/prevention-risks/covid-19-vaccine-treatment/vaccine-rollout.html",SidetrackedSue,0.82,/r/CanadaCoronavirus/comments/o9sqw2/covishield_az_made_by_serum_institute_in_india/,t5_2gpd6g
6,"Does anyone know how ""Front-Line Priority Employers"" are being contacted (BC)?",3,marzu4,https://www.reddit.com/r/CanadaCoronavirus/comments/marzu4/does_anyone_know_how_frontline_priority_employers/,5,2021-03-22 12:42:44,"Didn't really know where to post for help with this.

I run a lot of the communications for a small business (>50 employees) in BC that qualifies as part of the ""Front-line priority workers.""  [According to the BC vaccine rollout website:](https://www2.gov.bc.ca/gov/content/covid-19/vaccine/plan#:~:text=Starting%20in%20April%2C%20front%2Dline,K%20to%2012%20educational%20staff)

>If you are a front-line priority worker, do not call your local health authority. All AstraZeneca/SII COVISHIELD (AZ/SII) vaccine appointments will be organized by employers. **Appointment information will be communicated clearly and directly to each sector and employer.** 

However we haven't received anything yet from anyone, and there is no contact line that I can find.  I'm hoping to get news that we will have the opportunity to be vaccinated so I can start some sort of incentivising program to convince our employees to get vaccinated, an outbreak would be absolutely devastating for us.  My worry is that, because of how small our company is, we will be overlooked and skipped over but we do a lot of important work for local companies.

Even just an email or something would be great, just a ""we know you exist and we'll be contacting your as soon as we have a time for you"" would do wonders for planning (and my psyche).",IHOP_007,1.0,/r/CanadaCoronavirus/comments/marzu4/does_anyone_know_how_frontline_priority_employers/,t5_2gpd6g
7,Quarantine query,3,onmn76,https://www.reddit.com/r/CanadaCoronavirus/comments/onmn76/quarantine_query/,17,2021-07-19 16:36:00,My husband(Canadian PR) wants to return back from India after 2 years. He's been here since the lockdown. He's had 2 jabs of Covishield. Does he need to quarantine?,Joe_t13,1.0,/r/CanadaCoronavirus/comments/onmn76/quarantine_query/,t5_2gpd6g
