,title,score,id,url,comms_num,created,body,author,upvote_ratio,permalink,subreddit_id
0,"How to help ""flatten the curve"" in your community?",12,fjd6ni,https://www.reddit.com/r/coronavirusme/comments/fjd6ni/how_to_help_flatten_the_curve_in_your_community/,0,2020-03-15 22:06:47,"I noticed there was nothing yet in this subreddit directly related to flattening the curve, which is now the stage we find ourselves in across the country as well as in Maine. If you followed the news from Italy in particular (but also China in January & February), you will notice the main reason for so many deaths is not only the higher death rate of this illness compared to something like seasonal flu, but because so many became ill ALL AT ONCE, overwhelming the healthcare systems of those infected areas. Most of us are likely to be just fine if we get this illness, but what we have to do is ensure we do not get it for the sake of those who will not be able to fight it off on their own, thus overwhelming the hospitals. The Washington Post has a good article on this: https://www.washingtonpost.com/graphics/2020/world/corona-simulator/

This means doing whatever you can to help those around you, particularly those 60 and older and/or with pre-existing conditions. We will also have to do everything we can to help those who cannot work from home, particularly those with critical jobs not just in healthcare, but who are involved with supply chains, grocery stores, gas stations, food delivery, and other services we often take for granted. 

Can we start a list of things you can do to help your community? I would begin with:

1.) Social Distancing - this is not only about YOU getting not getting sick, it is about preventing others from getting sick, particularly those with pre-existing conditions and those over 60. Did you know Maine has a median age 45, compared to 45.1 for Italy? Unlike in Italy, where most of their elderly live in urban areas, most of those 60 and older in Maine live in rural areas, but this is a double-edged sword, because those areas (some more geographically isolated than others) also lack the healthcare infrastructure necessary to respond to this sort of crisis. Please, to the extent that you can, if you do not NEED to go out, do not. Those of us who can work from home must (and we are learning more and more each day that this is possible).

2.) Ask your neighbors what they need - maybe they are in an at-risk group, perhaps they work in a nursing home/assisted living facility, perhaps they work in a hospital or some other job that either puts them in direct contact with those who have been or might be diagnosed with this virus and its associated illness. Offer to go to the grocery store, pick up hand soap, toiletries, or run other errands for them, such as picking up prescription drugs, taking a pet to the vet, getting their mail if they have a PO Box, or putting gas in their car. Maybe they need someone to look after their child while they are at work? Perhaps they just need someone to talk to (heaven knows even the most introverted among us will at some point). Remember, social distance doesn't have to mean social isolation.

3.) Treat every surface as if it were a contaminated surface - this virus can live on surfaces for up to 3 days according to one new study. Hand sanitizer is in short supply these days but it is still no substitute for washing your hands, and remember to be extra careful about your hand (avoid touching it between hand washes if you can, but either way, wipe it off and treat it as if it were a third hand). 

4.) Know the symptoms, but also know that even if you have the virus you are contagious BEFORE you start showing symptoms - one of the reasons this virus has spread so far so quickly is because it has a long incubation period, when you are infected and spreading the virus but showing no symptoms. For the coronavirus, the incubation period is between 1 to 14 days; compare that to 1 to 5 days for H1N1, and 1 to 3 days for the common cold. This is why treating surfaces as if they were contaminated is so important, and why social distancing (currently our primary weapon against this virus) is so very, very critical.

5.) If you are sick, or if you were recently in close contact with someone who was sick, please STAY HOME - connect with someone in your neighborhood/community who can get you cold medicine or other essentials if you are sick. Remember to call your PCP and do not simply show up at a hospital. Even if you go to urgent care, call ahead.

6.) Ask what you can do for your community - maybe your community is already organizing. Contact local officials to find out. Consider organizing with others on your block, on your street, or in your apartment building.

7.) ? What else could we add to this list?",badlybarding,0.85,/r/coronavirusme/comments/fjd6ni/how_to_help_flatten_the_curve_in_your_community/,t5_2gui0m
1,"[crosspost] What exactly is the ""my landlord is being a dick about corona virus"" number to call for Maine?",13,fng805,https://www.reddit.com/r/Maine/comments/fnfyc0/what_exactly_is_the_my_landlord_is_being_a_dick/,4,2020-03-23 03:59:25,,otakugrey,0.93,/r/coronavirusme/comments/fng805/crosspost_what_exactly_is_the_my_landlord_is/,t5_2gui0m
2,"A company near me had two workers test positive for corona virus a week ago, and sent them home. But they kept it a secret from any of their co-workers until 2:45PM TODAY.",11,km1xhg,https://www.reddit.com/r/coronavirusme/comments/km1xhg/a_company_near_me_had_two_workers_test_positive/,1,2020-12-28 18:37:34,"How the hell do you keep that a secret from all the other workers those guys had been working with for a week? 

Is there anyone I report this to or tell this to? It can't be legal for them not to tell any of their co-workers about this for a WEEK.",otakugrey,0.87,/r/coronavirusme/comments/km1xhg/a_company_near_me_had_two_workers_test_positive/,t5_2gui0m
3,What is the situation at Maine Medical Center? Does anyone know?,9,grlq3b,https://www.reddit.com/r/coronavirusme/comments/grlq3b/what_is_the_situation_at_maine_medical_center/,9,2020-05-27 11:25:00,"My mother's (76 yo) best friend (85 yo) is being taken to the hospital for cardiac issues.  Apparently the hospital in Augusta did a 'test' and the result is she's being shipped to Portland for surgery.    


Is there any reasonable chance that she won't get the corona virus?  Because I don't see her making it though both major surgery (she has a bad blockage in a bad place) and a bout of COVID-19.  I don't know what the heck to say to my mom.  She's pretty wrecked.",Beasagdeux,0.92,/r/coronavirusme/comments/grlq3b/what_is_the_situation_at_maine_medical_center/,t5_2gui0m
