,title,score,id,url,comms_num,created,body,author,upvote_ratio,permalink,subreddit_id
0,"New UK Covid variant may be 30% more deadly, says Johnson",31,l2z2r4,https://www.reddit.com/r/CoronavirusCanada/comments/l2z2r4/new_uk_covid_variant_may_be_30_more_deadly_says/,0,2021-01-22 17:45:56,"[https://www.theguardian.com/world/2021/jan/22/new-uk-covid-variant-may-be-more-deadly-says-boris-johnson](https://www.theguardian.com/world/2021/jan/22/new-uk-covid-variant-may-be-more-deadly-says-boris-johnson)

&#x200B;

[https://www.gov.uk/government/publications/nervtag-paper-on-covid-19-variant-of-concern-b117](https://www.gov.uk/government/publications/nervtag-paper-on-covid-19-variant-of-concern-b117)",CandZsdad,0.94,/r/CoronavirusCanada/comments/l2z2r4/new_uk_covid_variant_may_be_30_more_deadly_says/,t5_2f8l28
1,Alberta Reopening plan,23,o47wn2,https://www.reddit.com/r/CoronavirusCanada/comments/o47wn2/alberta_reopening_plan/,24,2021-06-20 11:18:19,"Anyone else a little sketched how fast alberta is reopening so fast, and dropping all restrictions? Considering the UK is seeing a spike in cases as well, and a vast majority are delta variants? Or am I just paranoid",drklwo39,0.82,/r/CoronavirusCanada/comments/o47wn2/alberta_reopening_plan/,t5_2f8l28
2,Did you get covid recently? What were your symptoms/experience and how long did it take you to fully recover?,21,nago6l,https://www.reddit.com/r/CoronavirusCanada/comments/nago6l/did_you_get_covid_recently_what_were_your/,2,2021-05-12 00:47:22,"Here was my experience as a male mid 30s in the GTA that caught the UK variant.

Day 1 - cough started. Tested negative. Thought I caught a flu. 

Day 2-4 - started feeling tired. Lost voice. Coughing grew. Had feverish conditions. No temperature. 

Day 5 - lost smell. Got tested again. Tested positive for UK variant. Heart rate increasing. Starting to feel more tired. 

Day 7-9 - worst peak.  Intense cough. Difficulty breathing though oxygen remained above 95%. Went to hospital and got an xray but everything was ok. Got prescribed budesonide Asthma inhaler which helped significantly with breathing and cough. Very high heart rate while sitting - sometimes over 140bpm.

Day 11 - started feeling good recovery and regained 10% of smell. Heart rate started coming down a little. 

Day 14 - recovery continues. Tiredness. Less cough but still cough. 

Day 21 - lingering occasional cough. Occasional tiredness. Still want to nap. Heart rate continues to improve though not yet at pre-covid levels. 

Day 25 - now - overall improved but still not back at old self. occasional cough still there. Still occasional tiredness with need to nap. Heart rate still feels a little high. I can climb 6 floors of staircases before I feel the need to stop. 

Curious on everyone else's experience.",gplolo,0.96,/r/CoronavirusCanada/comments/nago6l/did_you_get_covid_recently_what_were_your/,t5_2f8l28
3,"This is what the BioNTech CEO actually stated: ""'relatively high' chance vaccine works for UK variant because the proteins on the new strain which are what the vaccine targets, are 99% similar to the other strains""",3,kqijj7,https://www.businessinsider.com/biontech-ceo-relatively-high-chance-vaccine-works-for-uk-variant-2020-12,3,2021-01-04 16:33:51,,RealityCheckMarker,0.66,/r/CoronavirusCanada/comments/kqijj7/this_is_what_the_biontech_ceo_actually_stated/,t5_2f8l28
4,Update on new SARS-CoV-2 variant and how COG-UK tracks emerging mutations,2,kdn83y,https://www.cogconsortium.uk/news_item/update-on-new-sars-cov-2-variant-and-how-cog-uk-tracks-emerging-mutations/,2,2020-12-15 10:00:08,,RealityCheckMarker,0.6,/r/CoronavirusCanada/comments/kdn83y/update_on_new_sarscov2_variant_and_how_coguk/,t5_2f8l28
5,"UK variant of COVID-19 in the community, but Ontario testing still targets travel",2,kxs1x6,https://www.cbc.ca/news/canada/toronto/uk-variant-of-covid-19-in-the-community-but-ontario-testing-still-targets-travel-1.5874135,0,2021-01-15 05:36:39,,IndividualFriend,0.6,/r/CoronavirusCanada/comments/kxs1x6/uk_variant_of_covid19_in_the_community_but/,t5_2f8l28
