,title,score,id,url,comms_num,created,body,author,upvote_ratio,permalink,subreddit_id
0,Bishops dial back advice to Canadian Catholics about choosing alternatives to AstraZeneca vaccine,94,m3oftd,http://canewsleafs.us/breaking-news-canada-today,24,2021-03-12 13:58:59,,imbibenteeh,0.91,/r/CoronavirusCanada/comments/m3oftd/bishops_dial_back_advice_to_canadian_catholics/,t5_2f8l28
1,Where is AstraZeneca’s vaccine? Health Canada has not been sent the final data,21,lnrtz5,https://globalnews.ca/news/7647941/astrazeneca-canada-approval-not-ready/,1,2021-02-19 17:14:04,,UtopiaCrusader,0.93,/r/CoronavirusCanada/comments/lnrtz5/where_is_astrazenecas_vaccine_health_canada_has/,t5_2f8l28
2,"CBC News Alerts on Twitter: ""Health Canada is not restricting the use of the AstraZeneca""",19,mqtjvj,https://twitter.com/CBCAlerts/status/1382356537293860866?s=20,20,2021-04-14 11:57:08,,thutedm,0.95,/r/CoronavirusCanada/comments/mqtjvj/cbc_news_alerts_on_twitter_health_canada_is_not/,t5_2f8l28
3,Ontario shortens AstraZeneca dose interval to eight weeks,18,nyf3yt,https://toronto.ctvnews.ca/ontario-shortens-astrazeneca-dose-interval-to-eight-weeks-1.5467987,16,2021-06-12 16:03:05,,Zhakrin999,0.96,/r/CoronavirusCanada/comments/nyf3yt/ontario_shortens_astrazeneca_dose_interval_to/,t5_2f8l28
4,"Looking for advice: sister tested positive today, lives in a house with my immunocompromised, half-vaccinated parents",17,ni0iy4,https://www.reddit.com/r/CoronavirusCanada/comments/ni0iy4/looking_for_advice_sister_tested_positive_today/,16,2021-05-21 15:19:16,"I hope this post is acceptable in this subreddit! 

I'm looking for some advice regarding my family's situation. I haven't personally tested positive for COVID-19, but my sister did this morning and she lives in a house with my mom and dad (they're in a different province than I am). My parents are immunocompromised, half-vaccinated with Astra-Zeneca, and my sister is staying in the basement although my dad's bathroom is down there and the washer and dryer are as well. 

What should my family do in this situation? I'm aware there should be no sharing of bathrooms for the time being. But should my sister go and stay somewhere? In maybe an Airbnb? Or rather my parents? 

I'm trying to figure out the best way to keep everyone safe. I'm worried for my parents, but I'm not sure if it would be a great idea for someone COVID + to stay in an Airbnb, etc. either... 

If anyone has any advice or any similar experiences that they had to deal with, your input would be greatly appreciated <3 thank you",notahunterorafisher,0.91,/r/CoronavirusCanada/comments/ni0iy4/looking_for_advice_sister_tested_positive_today/,t5_2f8l28
5,Immunization committee to recommend provinces suspend AstraZeneca use among those under 55: sources,15,mfvnv4,https://www.cbc.ca/news/politics/astrazeneca-under-55-1.5968128,7,2021-03-29 14:10:56,,UtopiaCrusader,0.89,/r/CoronavirusCanada/comments/mfvnv4/immunization_committee_to_recommend_provinces/,t5_2f8l28
6,Saskatchewan Weekly Vaccine Update,13,mti66u,https://www.reddit.com/r/CoronavirusCanada/comments/mti66u/saskatchewan_weekly_vaccine_update/,1,2021-04-18 14:15:50,"Whoo-hoo, it's fair to say that we have hit one quarter of the population!

[CTV News vaccination tracker](https://preview.redd.it/yzy1105d4zt61.png?width=1689&format=png&auto=webp&s=def8d4f72b055cd522523c83cb9ef946735f4f9c)

**Population given single dose: 24.7%** (2nd place nationally after QC \[statistically disputable\], provs with pop > 1 million; Canada avg: 23.4%)

\- We jumped up by 5.3% this week, but did not touch any of last week's previous record doses which topped 13,100--this week's high was Monday at 8,856.

**Of eligible pop (16+): 31.2%**; (Canada avg: 28.1%)

**By vaccine type** (% of pop for reporting week ending Apr 10, one dose):

\- Pfizer 10.9%, Moderna 3.6%, AstraZeneca/Covishield 3.2%.

[https:\/\/health-infobase.canada.ca\/covid-19\/vaccination-coverage\/#a6](https://preview.redd.it/bdacjewjzzt61.png?width=2201&format=png&auto=webp&s=abb2ebbd9f8c36c3078968635098faee8e482c34)

**Population fully vaccinated: 3.5%** (3rd in Canada, provs with pop > 1 million; Canada avg: 2.3%. This won't change much under the current vaccination policy of prioritizing 1st doses to more people)

**Vaccine administration efficiency: 84.3%** (highest in Canada, again; Canada avg: 77.3%)

**Doses administered per 100K pop: 28,361** (it's close but we are highest in Canada, provs with pop > 1 million; Canada avg: 25,719)

[https:\/\/art-bd.shinyapps.io\/covid19canada\/](https://preview.redd.it/psmkem6c4zt61.png?width=1730&format=png&auto=webp&s=f1272ab16e571c9e0549486b5d2f38dcf92e8ab3)

**Estimated time to fully vaccinated (80% of pop): September 30**

With this dataset, you can play around with the % vaccinated. I chose 80% because it is a rough ballpark of guesses for herd immunity, depending on what assumptions you use. Feel free to pick your own number and see what you get (and add a comment about why?).

[https:\/\/art-bd.shinyapps.io\/covid19canada\/](https://preview.redd.it/i9wwl8qf4zt61.png?width=2200&format=png&auto=webp&s=44ce4df257e8bded2d07c9e726ad56c6f8e2347c)

It's a good thing we're doing well on vaccine administration because we are #2 in Canada for deaths at the moment.

[https:\/\/art-bd.shinyapps.io\/covid19canada\/](https://preview.redd.it/4or8yljh4zt61.png?width=1546&format=png&auto=webp&s=48f6d99c56bbc43c29109dac8fe489668efce299)

And for an international perspective, Canada has sustained 3rd place in the G20 since March 27 for at least one dose.

[G20 from https:\/\/ourworldindata.org\/covid-vaccinations](https://preview.redd.it/xsmamg4j4zt61.png?width=1855&format=png&auto=webp&s=902ecfa284e98255b38a75f460cb49f7181d2030)

That is a group of peer countries, but to be fair some other countries have surpassed us, notably Israel and Chile.

[G20+2](https://preview.redd.it/mqobqckk4zt61.png?width=1860&format=png&auto=webp&s=b75b475664b1788ef55826f6aaa1f814e4535c0a)",grab-n-g0,1.0,/r/CoronavirusCanada/comments/mti66u/saskatchewan_weekly_vaccine_update/,t5_2f8l28
7,Mixing Vaccines,11,n5h6vs,https://www.reddit.com/r/CoronavirusCanada/comments/n5h6vs/mixing_vaccines/,22,2021-05-05 10:27:24,"Wanted to get the feedback from you guys on this. I'm one of the many that received an AstraZeneca shot recently and I find the current news to be somewhat unsettling.

[https://nationalpost.com/news/canada/mixing-covid-19-vaccines-could-be-making-the-best-of-a-bad-situation](https://nationalpost.com/news/canada/mixing-covid-19-vaccines-could-be-making-the-best-of-a-bad-situation)

How likely do you guys think it will be that for those who received an AZ shot, will not be able to get a second one (in my case, in August). Also, for those more science literate than me, getting a retrovirus shot is like getting a weak version of COVID as opposed to mRNA, I have a hard time understanding why this wouldn't be advisable.",MattD1980,0.87,/r/CoronavirusCanada/comments/n5h6vs/mixing_vaccines/,t5_2f8l28
8,Ottawa overpaid for 20 million AstraZeneca vaccines: PMO email,14,mswc39,https://ipolitics.ca/2021/04/16/ottawa-overpaid-for-20-million-astrazeneca-vaccines-pmo-email/,1,2021-04-17 14:38:28,,Trooper9520,0.79,/r/CoronavirusCanada/comments/mswc39/ottawa_overpaid_for_20_million_astrazeneca/,t5_2f8l28
9,"Oxford-AstraZeneca's COVID-19 vaccine not recommended for seniors, NACI committee says",9,lvnlci,https://www.cbc.ca/news/health/astra-zeneca-vaccine-naci-age-1.5932347,2,2021-03-01 18:13:14,,UtopiaCrusader,1.0,/r/CoronavirusCanada/comments/lvnlci/oxfordastrazenecas_covid19_vaccine_not/,t5_2f8l28
10,Ontario Updating AstraZeneca Second Dose Guidance,10,nrm49r,https://news.ontario.ca/en/release/1000256/ontario-updating-astrazeneca-second-dose-guidance,1,2021-06-03 15:45:00,,Zhakrin999,1.0,/r/CoronavirusCanada/comments/nrm49r/ontario_updating_astrazeneca_second_dose_guidance/,t5_2f8l28
11,J&J a valid vaccine for entering Canada?,8,o5nbj8,https://www.reddit.com/r/CoronavirusCanada/comments/o5nbj8/jj_a_valid_vaccine_for_entering_canada/,4,2021-06-22 09:35:56,"I know that Canada approved J&J in the spring but I'm still wondering if it will be recognized by Canada for visitors. My boyfriend is american and opted for the J&J vaccine, so I'm wondering if anyone has thoughts on this or could give me some perspective.

EDIT:
I found the information [here](https://www.canada.ca/en/public-health/news/2021/06/government-of-canadas-first-phase-to-easing-border-measures-for-travellers-entering-canada3.html) . It says:

To be considered fully vaccinated, a traveller must have received the full series of a vaccine — or combination of vaccines — accepted by the Government of Canada at least 14 days prior to entering Canada. Currently, those vaccines are manufactured by Pfizer, Moderna, AstraZeneca/COVISHIELD, and Janssen (Johnson & Johnson)

So it looks like J&J is fine for travel",hexgirlthorn,0.75,/r/CoronavirusCanada/comments/o5nbj8/jj_a_valid_vaccine_for_entering_canada/,t5_2f8l28
12,Health Canada issues label change and guidance on the AstraZeneca COVID-19 vaccine,9,mcmdq0,https://www.newswire.ca/news-releases/health-canada-issues-label-change-and-guidance-on-the-astrazeneca-covid-19-vaccine-848901333.html,4,2021-03-24 21:25:02,,UtopiaCrusader,0.91,/r/CoronavirusCanada/comments/mcmdq0/health_canada_issues_label_change_and_guidance_on/,t5_2f8l28
13,"Clear link between AstraZeneca and rare blood clots in brain, EMA vaccine chief says",10,mlmw7v,https://nationalpost.com/news/world/clear-link-between-astrazeneca-vaccine-and-rare-blood-clots-in-brain-ema-official-says,10,2021-04-06 17:53:35,,UtopiaCrusader,0.68,/r/CoronavirusCanada/comments/mlmw7v/clear_link_between_astrazeneca_and_rare_blood/,t5_2f8l28
14,The Saga of the AstraZeneca Vaccine and its Impact on the Island | Capital Daily,6,mwbt5x,https://capitaldaily.simplecast.com/episodes/the-saga-of-the-astrazeneca-vaccine-and-its-impact-on-the-island,0,2021-04-22 14:51:19,,JackieLamport,0.66,/r/CoronavirusCanada/comments/mwbt5x/the_saga_of_the_astrazeneca_vaccine_and_its/,t5_2f8l28
15,Ontario stands firm on 12-week interval for AstraZeneca doses — against experts advice,5,nxg9nl,https://www.cbc.ca/news/health/ontario-astrazeneca-vaccine-12-week-dose-spacing-1.6060848,6,2021-06-11 09:41:57,,Zhakrin999,1.0,/r/CoronavirusCanada/comments/nxg9nl/ontario_stands_firm_on_12week_interval_for/,t5_2f8l28
16,"Anyone with Egg allergy have taken a Pfizer, Modena or AstraZeneca vaccine? Anything to be concerned or any precautions to be taken?",4,n8m4ii,https://www.reddit.com/r/CoronavirusCanada/comments/n8m4ii/anyone_with_egg_allergy_have_taken_a_pfizer/,8,2021-05-09 15:57:41,,nroy11,0.75,/r/CoronavirusCanada/comments/n8m4ii/anyone_with_egg_allergy_have_taken_a_pfizer/,t5_2f8l28
17,"NACI voted on PHAC's option of a 4-month second dose for mRNA vaccines, and neither Pfizer nor Moderna were invited to make presentations",2,lzd9yu,https://www.reddit.com/r/CoronavirusCanada/comments/lzd9yu/naci_voted_on_phacs_option_of_a_4month_second/,9,2021-03-06 17:53:12,"&#x200B;

# National Advisory Committee on Immunization (NACI) Summary of Discussion February 5, 2021        

>**Welcome and Introduction /**  **Declaration of Interests**  
>  
>The NACI Chair  welcomed participants to the meeting and invited any new declarations of  interest.  
>  
>**AstraZeneca  COVID-19 use in Seniors: International Recommendations and Evidence**  
>  
>For Information     
>  
>The NACI  Secretariat presented an overview of the  international regulatory decisions and  recommendations from National  Immunization Technical Advisory Groups (NITAG)  related to appropriate  age ranges for the AstraZeneca COVID-19 vaccine, which  included a  summary of the evidence surrounding efficacy, immunogenicity and   modeling.   
>  
>**Recommended  Age Range for use of AstraZeneca COVID-19 Vaccine**   
 For Discussion / Approval  
>  
>Based on the previous presentation, the Committee  discussed the  recommended age range for the AstraZeneca COVID-19  vaccine and came to a  consensus. Recommendations will be finalised via  electronic feedback in coming  days.

# National Advisory Committee on Immunization (NACI) Summary of Discussion February 8, 2021         

>**Welcome and Introduction /**  **Declaration of Interests**  
>  
>**Agenda approval**  
 For Information /  Approval  
>  
>The NACI Chair welcomed participants to the meeting and  invited any new declarations of interest. Meeting agenda was reviewed  and approved     
>  
>**Public Health England (PHE) Vaccine Effectiveness Data Presentation**  
>  
>For Information The presenter provided an overview of data sources,  limitations, risks  of bias and preliminary vaccine effectiveness (VE)  for the Pfizer BioNTech  COVID-19 vaccine roll-out in the United  Kingdom.     
>  
>**Institut  national de santé publique du Québec (INSPQ) Vaccine Effectiveness Presentation**  
>  
>For Information   
>  
>The presenter  provided an overview of data sources,  limitations, risks of bias and  preliminary vaccine effectiveness (VE)  for the COVID-19 vaccine roll-out in  Quebec healthcare workers (HCW)  and long-term care facility (LTCF) residents.  
>  
>**Israel Vaccine Effectiveness Data  Analysis**  
>  
>For Information PHAC provided an overview and analysis of a recent Israeli study of Pfizer-BioNTech vaccine effectiveness.     
>  
>**Discussion of Presented Evidence**  
>  
>For Discussion NACI members discussed the presented evidence in the context  of  current and imminent COVID-19 vaccine recommendations. The  committee expressed  interest in hearing updates from PHE and INSPQ, as  well as from other provinces in Canada, when more data is available   regarding the VE stability for one dose protection as more weeks  accumulate.      
>  
>**Next Steps**   
For  Information  
>  
>The NACI  Executive secretary provided updates on the  approval status, embargo copy  distribution and publishing of upcoming  NACI COVID-19 publications.   
>  
>The next planned NACI  meeting is scheduled for February 24 and 25, 2021 from 1:00 – 3:00 PM EST. 

# National Advisory Committee on Immunization (NACI) Summary of Discussion February 18, 2021   

>**Welcome and Introduction /**  **Declaration of Interests**  
>  
>**Agenda approval**  
 For Information / Approval The  NACI Chair welcomed participants to the meeting and  invited any new  declarations of interest. Meeting agenda was reviewed  and approved     
>  
>**Vaccine updates and policy  questions**  
>  
>For Information PHAC provided updates to the committee on COVID-19 vaccine  regulatory  reviews and estimated timelines, and put forward policy  questions for  consideration and discussion.     
>  
>**Allocation decisions and supply  management**  
>  
>For Information   
>  
>PHAC provided an overview of upcoming vaccine supply,  options for  sequencing and allocation, supply management considerations  and considerations  for a delayed second dose.  
>  
>**Discussion of Presented Information**  
>  
>For Discussion Participants discussed the existing evidence  and public health rationale for extended dose intervals.           

 From [https://www.canada.ca/en/public-health/services/immunization/national-advisory-committee-on-immunization-naci/meetings.html](https://www.canada.ca/en/public-health/services/immunization/national-advisory-committee-on-immunization-naci/meetings.html)

Of note:

* Pfizer was not invited to present their real world data (RWD) collected from Israel, [\- which demonstrated how important it was to adhere to a 21-day second dose for those over 80](https://amp.theguardian.com/world/2021/jan/19/single-covid-vaccine-dose-in-israel-less-effective-than-we-hoped)
* Moderna was not invited to present their RWD collected from severe incident reports coming out of Québec
* Québec 1,081 single-dose LTCF COVID-19 deaths of residents beyond 21-day beyond their second dose was not included in the presentation by INSPQ [https://www.inspq.qc.ca/covid-19/donnees/age-sexe](https://www.inspq.qc.ca/covid-19/donnees/age-sexe)
* PHE presented data related to the AstraZeneca viral vector vaccine and PHE never attempted to delay a second dose of  [Pfizer vaccine for those over 80, only those between 70 and 80](https://www.medrxiv.org/content/10.1101/2021.03.01.21252652v1)

#",UtopiaCrusader,0.58,/r/CoronavirusCanada/comments/lzd9yu/naci_voted_on_phacs_option_of_a_4month_second/,t5_2f8l28
18,Direct to Consumer Advertising of Pharmaceuticals...,3,mbeizz,https://www.reddit.com/r/CoronavirusCanada/comments/mbeizz/direct_to_consumer_advertising_of_pharmaceuticals/,8,2021-03-23 09:18:16,"So we've all seen them on some US Television network - the latest \[insert common drug here\] formulation or toe fungus antibiotic cream has a rare chance of making your testicles fall off (or grow a pair if you're not a genetic male). Peer tested through drug studies and required that their side effects be listed in all public advertising as per the FDA.

This is Direct to Consumer Advertising - and for the most part it is prohibited in Canada. 

Canada's Food and Drugs Act prohibits DTCA in 2 ways. First, it prohibits the advertising of any drug to the general public as a treatment, preventive or cure for serious diseases (Schedule A diseases). Second, it prohibits the advertising of prescription-only medicines (regardless of indication).

But every single day now we are exposed to Moderna , Pfizer-BioNTech , AstraZeneca, and Janssen - constant bombardment of branding and the overall sense of ""these companies are saving the world"" when in reality they're not (kind of morbid - yes, but the destruction we are doing to our world is nothing in comparison to COVID - conversation for another time of course).

So my question, why the sudden change - when I go to my doctor to get the Flu Shot, or the MMR Vaccine for my kid, or the Polio vaccines - I don't care who made the drug, I just want it in my arm and the 30 seconds of uncomfortable winces of pain to be over with.

Also, can someone please explain something to me as a layman before I start bashing a vaccine that in truth I know very little about.

What is an mRNA vaccine, how is it different from a traditional vaccine development methods - and why should I not be fucking terrified that this new method has been approved so quickly and is going into the public.

I understand the principal - mRNA makes our cells create a protein the same ""shape"" as COVID-19 and our bodies immune systems learn the protein and to attack it so that if we do get COVID, our bodies know what to do with it rather than it getting into our lungs and our bodies attacking our lungs with a cytokine storm.

Why was this vaccine development method never used before? If it's the magic cure-all-end-all like CRSPR is going to be - why does it **feel** rushed?",TheMainVane,0.67,/r/CoronavirusCanada/comments/mbeizz/direct_to_consumer_advertising_of_pharmaceuticals/,t5_2f8l28
19,"COVID-19 updates, March 8: Quebec disregards federal recommendation, approves AstraZeneca for seniors",2,m0xmug,https://montrealgazette.com/news/local-news/covid-19-updates-montreal-quebec-new-cases-variant-vaccine-vaccination-march-break-orange-red-zone-sports-march-8,0,2021-03-08 22:25:40,,UtopiaCrusader,0.75,/r/CoronavirusCanada/comments/m0xmug/covid19_updates_march_8_quebec_disregards_federal/,t5_2f8l28
20,AstraZeneca’s COVID-19 vaccine: EMA finds possible link to very rare cases of unusual blood clots with low platelets - European Medicines Agency,0,mmpaht,https://www.ema.europa.eu/en/news/astrazenecas-covid-19-vaccine-ema-finds-possible-link-very-rare-cases-unusual-blood-clots-low-blood,1,2021-04-08 07:00:08,,UtopiaCrusader,0.5,/r/CoronavirusCanada/comments/mmpaht/astrazenecas_covid19_vaccine_ema_finds_possible/,t5_2f8l28
21,Advisory - Adverse events in Europe following immunization with the AstraZeneca COVID-19 vaccine,1,m38bes,https://www.newswire.ca/news-releases/advisory-adverse-events-in-europe-following-immunization-with-the-astrazeneca-covid-19-vaccine-852581507.html,0,2021-03-11 22:16:07,,UtopiaCrusader,0.56,/r/CoronavirusCanada/comments/m38bes/advisory_adverse_events_in_europe_following/,t5_2f8l28
22,More than half Canada's AstraZeneca vaccine came from U.S. plant accused by FDA of quality-control problems,1,mxc9wl,https://www.reddit.com/r/CoronavirusCanada/comments/mxc9wl/more_than_half_canadas_astrazeneca_vaccine_came/,6,2021-04-24 00:03:41,https://nationalpost.com/news/canada/more-than-half-canadas-astrazeneca-vaccine-came-from-u-s-plant-accused-by-fda-of-quality-control-problems https://nationalpost.com/news/canada/more-than-half-canadas-astrazeneca-vaccine-came-from-u-s-plant-accused-by-fda-of-quality-control-problems,Trooper9520,0.53,/r/CoronavirusCanada/comments/mxc9wl/more_than_half_canadas_astrazeneca_vaccine_came/,t5_2f8l28
23,"Coming to BC in July, should I get Astra-Zeneca shot if I have the chance?",0,nv0jpb,https://www.reddit.com/r/CoronavirusCanada/comments/nv0jpb/coming_to_bc_in_july_should_i_get_astrazeneca/,9,2021-06-08 05:11:53,"Hi all,

I live in South Korea with my family and we're coming to BC in late July. Korea is moving very slowly with its vaccine program and we are unlikely to have any jabs prior to coming. We'll be in Canada 6 months. However, there is a slight chance Astra-Zeneca shot #1 would become available for me and my husband.

If we have the chance, should we get it? If we get #1 with AZ, with that prevent us from getting #2 with Moderna or Pfizer once we arrive in Canada?",chibanganthro,0.5,/r/CoronavirusCanada/comments/nv0jpb/coming_to_bc_in_july_should_i_get_astrazeneca/,t5_2f8l28
