,title,score,id,url,comms_num,created,body,author,upvote_ratio,permalink,subreddit_id
0,Mills Administration Launches “Don’t Miss Your Shot: Vaccinationland Sweepstakes”,44,o1cvrv,https://www.reddit.com/r/coronavirusme/comments/o1cvrv/mills_administration_launches_dont_miss_your_shot/,12,2021-06-16 15:15:07,"**Any Maine residents who have gotten at least one dose in Maine since Dec 15 are eligible.**

**Enter here:** [https://govstatus.egov.com/me-sweepstakes-home](https://govstatus.egov.com/me-sweepstakes-home)

snips:

>One vaccinated winner to receive $1 for every person vaccinated in Maine by July 4, which means the more people vaccinated, the higher the grand prize  
>  
>If drawn today, the total prize would be $876,655  
>  
>...  
>  
>The cash winnings increase by $1 for every Maine resident who receives at least one dose, as reported on the U.S. CDC vaccination tracker: the more people vaccinated, the higher the prize. The final prize amount will be determined by the number of Maine residents who have gotten a vaccine as of 6:00 a.m. EST on July 4, 2021.  
>  
>Residents age 12 and older who have received at least one dose of a Moderna or Pfizer COVID-19 vaccine or the one-dose Johnson & Johnson vaccine in Maine since December 15, 2020, may enter for a chance to win the prize. Registration is required and the deadline to get vaccinated and submit an entry is 11:59 p.m. on June 30, 2021. Entries are now being accepted [online](https://govstatus.egov.com/me-sweepstakes-home) or by calling the Community Vaccination Line at 1-888-445-4111. Governor Mills will announce the winner and the prize amount on the afternoon of the Fourth of July.  
>  
>...  
>  
>Entry into the sweepstakes requires providing your name, date of birth, email address, phone number, home address, and the name and location of the place that provided your COVID-19 vaccine. Entry for children between the ages of 12 and 17 also requires a parent or guardian’s name, email address, and phone number.  
>  
>Maine residents who received their first dose of Pfizer or Moderna vaccine in another state, but received their second dose in Maine by June 30, 2021, are eligible. Maine residents who received both doses or the single-dose Johnson and Johnson vaccine in another state are not eligible.  
>  
>The winner will be randomly selected from among all eligible entries, using a process that mirrors that used by the Maine State Lottery. Potential winners are subject to verification of eligibility and agreement to comply with the official rules.  
>  
>COVID-19 vaccinations remain widely available at community vaccination centers and local pharmacies. To find a vaccination site near you, visit the State’s [vaccination website](https://www.maine.gov/covid19/vaccines/vaccination-sites) or call the Community Vaccination Line at 1-888-445-4111.

[https://www.maine.gov/governor/mills/news/mills-administration-launches-dont-miss-your-shot-vaccinationland-sweepstakes-2021-06-16](https://www.maine.gov/governor/mills/news/mills-administration-launches-dont-miss-your-shot-vaccinationland-sweepstakes-2021-06-16)",ridgeliine,0.98,/r/coronavirusme/comments/o1cvrv/mills_administration_launches_dont_miss_your_shot/,t5_2gui0m
1,Maine Achieves Another Vaccination Milestone: 80 Percent of Maine People Age 18 and Older Have Received First Shot of COVID-19 Vaccine,31,p18h1l,https://www.reddit.com/r/coronavirusme/comments/p18h1l/maine_achieves_another_vaccination_milestone_80/,0,2021-08-09 15:23:49,"August 9, 2021

Governor Janet Mills announced today that 80 percent of adults in Maine have received at least one dose of a COVID-19 vaccine, achieving another milestone for the state as it continues to confront an increase in cases associated with the Delta variant. According to the U.S. Centers for Disease Control and Prevention (U.S. CDC), 80.2 percent of adults (18+) in Maine have received a COVID-19 vaccination, one of six states in the nation to reach the milestone.

Maine is the third best state in the nation in the percentage of residents who are fully vaccinated, with more than 64 percent of all residents – including children under 12 who are not yet eligible for a vaccine – fully vaccinated against COVID-19.

Maine also continues to make progress in vaccinating younger people, with more than 50 percent of youth ages 12 to 19 being fully vaccinated.

>*“I applaud Maine people for their willingness to roll up their sleeves and get their shot,”* ***said Governor Mills****. “We know that vaccinations are the best tool to protect the health of Maine people, and with the more contagious and deadly Delta variant spreading across Maine and the nation, it is crucial that we continue to make progress and fight back against this pandemic. If you haven’t had your shot yet, I encourage you to talk to your doctor about how getting vaccinated can protect your health and potentially save your life.”*  
>  
>*“All three authorized COVID-19 vaccines have proven to be extremely effective,”****said Commissioner Jeanne Lambrew*** ***of the Maine Department of Health and Human Services****, and* ***Nirav D. Shah, Director of the Maine Center for Disease Control and Prevention.*** *“We remain committed to making vaccination easy and accessible for Maine people.”*

COVID-19 vaccination rates are up 11.7 percent in Maine since late July. On July 30, Maine was administering 1,497 doses per day on a 7-day average basis. As of Sunday, August 8, 2021, that rate had risen to 1,673 doses per day.

The U.S. CDC percentage takes into account the number of people age 12 to 17 who have received at least one dose of the Pfizer vaccine, the number of people age 18 and older who have received at least one dose of the Pfizer or Moderna vaccines, and the number of people age 18 and older who have received the one-dose Johnson & Johnson vaccine.

The COVID-19 vaccine is available at no charge at sites across the state. For information on getting a COVID-19 vaccine, visit [Maine.gov/covid19/vaccines](http://maine.gov/covid19/vaccines) or call the Community Vaccination Line at 1-888-445-4111.

[https://www.maine.gov/governor/mills/news/maine-achieves-another-vaccination-milestone-80-percent-maine-people-age-18-and-older-have](https://www.maine.gov/governor/mills/news/maine-achieves-another-vaccination-milestone-80-percent-maine-people-age-18-and-older-have)",ridgeliine,0.97,/r/coronavirusme/comments/p18h1l/maine_achieves_another_vaccination_milestone_80/,t5_2gui0m
2,Real world data on Pfizer vaccine looking good 🙏🤞 Source: Unbiasedscipod Instagram page,27,n8otef,https://i.redd.it/df7qj03246y61.jpg,20,2021-05-09 18:04:52,,infinitywee,0.94,/r/coronavirusme/comments/n8otef/real_world_data_on_pfizer_vaccine_looking_good/,t5_2gui0m
3,Vaccine Availability 3/31 2:30pm,24,mgn11o,https://www.reddit.com/r/coronavirusme/comments/mgn11o/vaccine_availability_331_230pm/,16,2021-03-30 14:48:35,"\* Updated 4/1 at 7:20 pm (Just realizing post title has wrong date, should say 3/30)

**Northern Light Health** \- [https://covid.northernlighthealth.org/](https://covid.northernlighthealth.org/)

* ~~Bangor - lots available  Sa 4/3, Tu 4/6, We 4/7, Th 4/8, Sa4/10 - pfizer~~
* Dover Foxcroft - lots available  Fr **4/9** \- pfizer
* Presque Isle - lots available Tu **4/6**, Fr **4/9** \- pfizer
* ~~Blue Hill - 17 available Fr 4/1, Sa 4/2 - moderna~~
* ~~Ellsworth - lots available Th 4/1, Tu~~ ~~4/6~~ ~~- moderna~~
* ~~Fairfield - lots available We 3/31, We 4/7 - moderna~~
* ~~Palmyra - lots available Th 4/1 - moderna~~
* ~~Portland Expo - lots available Tu~~ ~~4/6~~, Th\~\~ ~~4/8~~ ~~- pfizer~~
* ~~South Portland - lots available Mo~~ ~~4/5~~ ~~- pfizer~~

**Walgreens** \- [https://www.walgreens.com/findcare/vaccination/covid-19](https://www.walgreens.com/findcare/vaccination/covid-19?ban=covid_scheduler_brandstory_main_March2021)

* For a quick view at availablity, go to [www.vaccinehawk.com](https://www.vaccinehawk.com)
* Go down to Maine and click the arrow
* Scroll until you find your local store
* Right now, 404 ~~1,150~~ ~~1,334~~ total slots available ~~We 3/31,~~ Th 4/1, Fr 4/2

**Walmart** \- [https://www.walmart.com/cp/1228302](https://www.walmart.com/cp/1228302)

**Shaws** \- [https://www.shaws.com/pharmacy/covid-19.html](https://www.shaws.com/pharmacy/covid-19.html)

**Sam's Club** \- [https://www.samsclub.com/covid](https://www.samsclub.com/covid)

**Hannaford** \- [https://www.hannaford.com/pharmacy/covid-19-vaccine](https://www.hannaford.com/pharmacy/covid-19-vaccine)

**Intermed** \- [https://www.intermed.com/publicvaccine/](https://www.intermed.com/publicvaccine/)

* ~~10 appointments available tomorrow We 3/31~~
* Scroll down and click Book Vaccine Appointment Here

**Maine General Health - Augusta Civic Center**

* Dr Shah said yesterday that there are appointments available this week in Augusta
* To register, call 1-866-968-8219
* Or pre-register online and wait for them to call you [https://mainegeneral.org/about-us/mainegenerals-covid-19-response/](https://mainegeneral.org/about-us/mainegenerals-covid-19-response/)

**Buxton Fire Department -** [https://www.facebook.com/permalink.php?story\_fbid=3999648170081365&id=123971234315764&\_\_tn\_\_=-R](https://www.facebook.com/permalink.php?story_fbid=3999648170081365&id=123971234315764&__tn__=-R)

* Saturday April 3, 2021, from 7:45 AM to 11:45 AM
* Must be 50+, or a teacher/childcare/healthcare
* Jansen/J+J single dose - there will only be 300 appointments available. Must pre-register
* Tentative other dates for clinics: 4/10, 4/17, 4/24, 5/1, 5/8, 5/15, 5/22
* [https://www.facebook.com/permalink.php?story\_fbid=3978264502219732&id=123971234315764&\_\_tn\_\_=-R](https://www.facebook.com/permalink.php?story_fbid=3978264502219732&id=123971234315764&__tn__=-R)

**~~Downeast Community Hospital~~** ~~-~~ [~~https://www.signupgenius.com/go/vaccineapril11~~](https://www.signupgenius.com/go/vaccineapril11)

* ~~12 appointments available Th~~ **~~4/1~~** ~~Machias~~
* ~~50+~~
* ~~Jansen/J+J (single dose)~~

**Don't feel like using the internet to sign up?**

* Call Maine's Community Vaccination Line: 1-888-445-4111

Find any others? Comment to share!

**Get that vaccine!**",ridgeliine,0.97,/r/coronavirusme/comments/mgn11o/vaccine_availability_331_230pm/,t5_2gui0m
4,The F.D.A. is set to authorize the Pfizer-BioNTech vaccine for those 12-15 years old by early next week.,22,n4mqwu,https://www.nytimes.com/2021/05/03/health/pfizer-covid-vaccine-teens.html,4,2021-05-04 08:08:52,,matt9191,0.96,/r/coronavirusme/comments/n4mqwu/the_fda_is_set_to_authorize_the_pfizerbiontech/,t5_2gui0m
5,"from Dr Shah twitter: ""FDA has authorized the Pfizer COVID19 vaccine for adolescents 12-15 years of age. This move came after a thorough scientific review of the data, which showed both strong safety and effectiveness. Providers in Maine may begin administering the vaccine to those 12+ now.""",20,n9kgke,https://i.redd.it/7qgn18dqydy61.png,6,2021-05-10 20:30:03,,ridgeliine,0.94,/r/coronavirusme/comments/n9kgke/from_dr_shah_twitter_fda_has_authorized_the/,t5_2gui0m
6,Maine school districts react to FDA authorizing Pfizer's COVID-19 vaccine for children 12 to 15:,16,nawze8,https://www.newscentermaine.com/article/news/education/maine-school-districts-react-to-fda-authorizing-pfizers-covid-19-vaccine-for-children-12-to-15/97-48fc6419-d617-4870-8840-c501400354a9,2,2021-05-12 15:21:22,,shallah,0.95,/r/coronavirusme/comments/nawze8/maine_school_districts_react_to_fda_authorizing/,t5_2gui0m
7,Governor Mills Welcomes U.S. FDA’s Approval of Pfizer’s COVID-19 Vaccine,16,pa6kuk,https://www.maine.gov/governor/mills/news/governor-mills-welcomes-us-fdas-approval-pfizers-covid-19-vaccine-2021-08-23,0,2021-08-23 15:08:21,,ridgeliine,0.84,/r/coronavirusme/comments/pa6kuk/governor_mills_welcomes_us_fdas_approval_of/,t5_2gui0m
8,Maine among states saying Pfizer vaccine allotment sharply cut for next week,10,kfi7a7,https://archive.vn/hC1fM,1,2020-12-18 04:43:56,,emealia,0.92,/r/coronavirusme/comments/kfi7a7/maine_among_states_saying_pfizer_vaccine/,t5_2gui0m
9,Maine To Place Order for 15th Week of COVID-19 Vaccines,12,m8gc2g,https://www.reddit.com/r/coronavirusme/comments/m8gc2g/maine_to_place_order_for_15th_week_of_covid19/,0,2021-03-19 08:39:20,"snips

>Maine CDC is preparing to [place an order (PDF)](https://www.maine.gov/dhhs/sites/maine.gov.dhhs/files/2021-03/ME%20Vaccine%20Week%2015.pdf) for first doses of Pfizer and Moderna COVID-19 vaccine and single doses of Johnson and Johnson vaccine, for 35,190 people, to the U.S. Centers for Disease Control and Prevention and Operation Warp Speed. This is an increase of 1,170 doses, not counting doses controlled by the Federal government sent directly to certain pharmacies and clinics.    
>  
>Maine CDC's order, expected to arrive early next week, will comprise 19,890 doses from Pfizer, 13,700 doses from Moderna, and 1,600 doses from Johnson and Johnson for the 15th week of distribution, starting March 22. Additionally, vaccination sites continue to receive and administer the second dose for individuals vaccinated with the Pfizer and Moderna vaccines through a separate distribution process.  
>  
>This supply of COVID-19 vaccines will be supplemented by doses the Federal government will distribute directly to Walmart / Sam's Club pharmacies, Walgreens pharmacies, Hannaford pharmacies, and selected Federally qualified health centers (FQHCs) in Maine. The number of doses sent to such facilities is  typically determined at the end of the week prior to the following weeks distribution.  
>  
>In the 15th week of distribution, the 35,190 first doses, and final doses in the case of the Johnson & Johnson vaccine, will be sent to hospitals (30,020), outpatient groups (4,170), the Maine CDC Public Health Nursing program (700), Maine Department of Corrections (200), and home health (100). In addition to direct Federal allocation, Federally Qualified Health Centers will receive 1,400 doses to help vaccinate eligible people in underserved communities. Maines efforts to vaccinate older residents include the Public Health Nursing Program, which is working with long-term care facilities to vaccinate new residents and staff, and coordinating with home health agencies and others to vaccinate residents who are homebound.

[https://www.maine.gov/tools/whatsnew/index.php?topic=DHS+Press+Releases&id=4326908&v=dhhs\_article\_2020](https://www.maine.gov/tools/whatsnew/index.php?topic=DHS+Press+Releases&id=4326908&v=dhhs_article_2020)",ridgeliine,0.93,/r/coronavirusme/comments/m8gc2g/maine_to_place_order_for_15th_week_of_covid19/,t5_2gui0m
10,"Maine CDC ordering enough first doses of Pfizer, Moderna COVID vaccines for 33,500 people: No doses of the Johnson & Johnson vaccine are included in next week’s allotment.",8,ly4srt,https://www.newscentermaine.com/article/news/health/coronavirus/vaccine/maine-cdc-ordering-enough-first-doses-of-pfizer-moderna-covid-vaccines-for-33500-people/97-aa5287ec-5f59-4696-a35f-347856e9dd09,2,2021-03-05 00:18:59,,shallah,0.91,/r/coronavirusme/comments/ly4srt/maine_cdc_ordering_enough_first_doses_of_pfizer/,t5_2gui0m
11,Which vaccine does Shaw’s have?,7,mjc9vu,https://www.reddit.com/r/coronavirusme/comments/mjc9vu/which_vaccine_does_shaws_have/,7,2021-04-03 12:50:31,"I’ve got an appointment at Shaw’s next Friday. I assume I’m getting the Pfizer vaccine since the confirmation email said it’s for the first dose and the second dose is expected 3 weeks after the first, which is consistent with Pfizer. Has anyone gotten a vaccine at Shaw’s? 

I’m happy with anything, just curious and obsessing since I’m excited.",gfunkdave,0.89,/r/coronavirusme/comments/mjc9vu/which_vaccine_does_shaws_have/,t5_2gui0m
12,Eligible customers can now receive a free additional dose of Pfizer or Moderna COVID-19 vaccine at any Shaw's pharmacy. The CDC recommends an additional dose of the COVID-19 vaccine for moderate to severe immunocompromised individuals who meet the eligibility criteria,5,p7h7xk,https://i.redd.it/6dsnntbi3ci71.png,3,2021-08-19 11:36:31,,ridgeliine,0.78,/r/coronavirusme/comments/p7h7xk/eligible_customers_can_now_receive_a_free/,t5_2gui0m
13,Second Dose?,3,m5u5l7,https://www.reddit.com/r/coronavirusme/comments/m5u5l7/second_dose/,2,2021-03-15 16:32:47,Does anyone know where I can get my second dose? I can't go to the same vaccination site where I got my first one and I'm having the hardest time finding a site. I got Pfizer March 11th but I wanna get a head start getting my second app. Does anyone know where I can get it?,ex-plore,0.67,/r/coronavirusme/comments/m5u5l7/second_dose/,t5_2gui0m
14,May 12 for 12-15 - ACIP emergency meeting that day.,2,n53yc3,https://www.reddit.com/r/coronavirusme/comments/n53yc3/may_12_for_1215_acip_emergency_meeting_that_day/,1,2021-05-04 21:30:20," I am pretty passionate about vaccination and my friends with young teens, keep an eye on May 12. I feel pretty confident that will be the day CDC recommends use for our kids, and we could have shots in arms as soon as next weekend. How can I be so sure? WELL, let me tell you. The way it works is that FDA authorizes the vaccine, and then the Advisory Committee on Immunization Practices (ACIP) recommends it. The first vaccine that went through this two-step process was Pfizer for 16+. FDA approved it on 12/11, and ACIP recommended on 12/13. Moderna: FDA approved 12/18, ACIP recommended 12/20. J&J FDA approved 2/27, ACIP recommended 2/28. 

The ACIP has an ""emergency meeting"" scheduled for May 12, with no agenda posted yet. They only added the meeting today. [https://www.cdc.gov/vaccines/acip/](https://l.facebook.com/l.php?u=https%3A%2F%2Fwww.cdc.gov%2Fvaccines%2Facip%2F%3Ffbclid%3DIwAR0VXjc1-VFF1YPBC9Nrh909Ifay8zHVMr-zuRA_GcdW3_o0wKoI1FxmIso&h=AT1VweNS3I_AI6r4Eknza0A9RiuYmZxiJrWQmb0wpr43VMSeJR9_8-yOipJcpBSTf27QZRKUeIkGCbGR1cix9FbtQBPCO2P6BHDetMgFJ8f_D_0ZSV04_TruoFz4cL7oZ6a2OA&__tn__=-UK-R&c[0]=AT2sKQQe595d10xQK5oWfQJdYYD3WVVVkGkkvccwHoXrt8MBjXsE2H8gYbcYBPYF0DMF_J5TBsuE70bOSJ32bxB5u7pbM7OAeMrJT628kIZFWjJmAGN8n-ZqMj052RTwme7wNY__i6tTscaUcCNV-V5Bo02MNF23JJs) This timing works very neatly with ""by early next week"" as many sources are sharing. I'm putting my chips on FDA approval Monday, ACIP rec on Wednesday. Shot in my kid's arm by next weekend. LFG.",gretchens,1.0,/r/coronavirusme/comments/n53yc3/may_12_for_1215_acip_emergency_meeting_that_day/,t5_2gui0m
