,title,score,id,url,comms_num,created,body,author,upvote_ratio,permalink,subreddit_id
0,"Canada thanks India as 500,000 doses of Covishield COVID-19 vaccine arrives",60,lxsr7i,https://www.freepressjournal.in/india/canada-thanks-india-as-500000-doses-of-covishield-covid-19-vaccine-arrives,4,2021-03-04 14:19:12,,WindsorBallet,0.97,/r/CoronavirusCanada/comments/lxsr7i/canada_thanks_india_as_500000_doses_of_covishield/,t5_2f8l28
1,Saskatchewan Weekly Vaccine Update,14,mti66u,https://www.reddit.com/r/CoronavirusCanada/comments/mti66u/saskatchewan_weekly_vaccine_update/,1,2021-04-18 14:15:50,"Whoo-hoo, it's fair to say that we have hit one quarter of the population!

[CTV News vaccination tracker](https://preview.redd.it/yzy1105d4zt61.png?width=1689&format=png&auto=webp&s=def8d4f72b055cd522523c83cb9ef946735f4f9c)

**Population given single dose: 24.7%** (2nd place nationally after QC \[statistically disputable\], provs with pop > 1 million; Canada avg: 23.4%)

\- We jumped up by 5.3% this week, but did not touch any of last week's previous record doses which topped 13,100--this week's high was Monday at 8,856.

**Of eligible pop (16+): 31.2%**; (Canada avg: 28.1%)

**By vaccine type** (% of pop for reporting week ending Apr 10, one dose):

\- Pfizer 10.9%, Moderna 3.6%, AstraZeneca/Covishield 3.2%.

[https:\/\/health-infobase.canada.ca\/covid-19\/vaccination-coverage\/#a6](https://preview.redd.it/bdacjewjzzt61.png?width=2201&format=png&auto=webp&s=abb2ebbd9f8c36c3078968635098faee8e482c34)

**Population fully vaccinated: 3.5%** (3rd in Canada, provs with pop > 1 million; Canada avg: 2.3%. This won't change much under the current vaccination policy of prioritizing 1st doses to more people)

**Vaccine administration efficiency: 84.3%** (highest in Canada, again; Canada avg: 77.3%)

**Doses administered per 100K pop: 28,361** (it's close but we are highest in Canada, provs with pop > 1 million; Canada avg: 25,719)

[https:\/\/art-bd.shinyapps.io\/covid19canada\/](https://preview.redd.it/psmkem6c4zt61.png?width=1730&format=png&auto=webp&s=f1272ab16e571c9e0549486b5d2f38dcf92e8ab3)

**Estimated time to fully vaccinated (80% of pop): September 30**

With this dataset, you can play around with the % vaccinated. I chose 80% because it is a rough ballpark of guesses for herd immunity, depending on what assumptions you use. Feel free to pick your own number and see what you get (and add a comment about why?).

[https:\/\/art-bd.shinyapps.io\/covid19canada\/](https://preview.redd.it/i9wwl8qf4zt61.png?width=2200&format=png&auto=webp&s=44ce4df257e8bded2d07c9e726ad56c6f8e2347c)

It's a good thing we're doing well on vaccine administration because we are #2 in Canada for deaths at the moment.

[https:\/\/art-bd.shinyapps.io\/covid19canada\/](https://preview.redd.it/4or8yljh4zt61.png?width=1546&format=png&auto=webp&s=48f6d99c56bbc43c29109dac8fe489668efce299)

And for an international perspective, Canada has sustained 3rd place in the G20 since March 27 for at least one dose.

[G20 from https:\/\/ourworldindata.org\/covid-vaccinations](https://preview.redd.it/xsmamg4j4zt61.png?width=1855&format=png&auto=webp&s=902ecfa284e98255b38a75f460cb49f7181d2030)

That is a group of peer countries, but to be fair some other countries have surpassed us, notably Israel and Chile.

[G20+2](https://preview.redd.it/mqobqckk4zt61.png?width=1860&format=png&auto=webp&s=b75b475664b1788ef55826f6aaa1f814e4535c0a)",grab-n-g0,1.0,/r/CoronavirusCanada/comments/mti66u/saskatchewan_weekly_vaccine_update/,t5_2f8l28
2,J&J a valid vaccine for entering Canada?,8,o5nbj8,https://www.reddit.com/r/CoronavirusCanada/comments/o5nbj8/jj_a_valid_vaccine_for_entering_canada/,4,2021-06-22 09:35:56,"I know that Canada approved J&J in the spring but I'm still wondering if it will be recognized by Canada for visitors. My boyfriend is american and opted for the J&J vaccine, so I'm wondering if anyone has thoughts on this or could give me some perspective.

EDIT:
I found the information [here](https://www.canada.ca/en/public-health/news/2021/06/government-of-canadas-first-phase-to-easing-border-measures-for-travellers-entering-canada3.html) . It says:

To be considered fully vaccinated, a traveller must have received the full series of a vaccine — or combination of vaccines — accepted by the Government of Canada at least 14 days prior to entering Canada. Currently, those vaccines are manufactured by Pfizer, Moderna, AstraZeneca/COVISHIELD, and Janssen (Johnson & Johnson)

So it looks like J&J is fine for travel",hexgirlthorn,0.75,/r/CoronavirusCanada/comments/o5nbj8/jj_a_valid_vaccine_for_entering_canada/,t5_2f8l28
