,title,score,id,url,comms_num,created,body,author,upvote_ratio,permalink,subreddit_id
0,Mills Administration Launches “Don’t Miss Your Shot: Vaccinationland Sweepstakes”,45,o1cvrv,https://www.reddit.com/r/coronavirusme/comments/o1cvrv/mills_administration_launches_dont_miss_your_shot/,12,2021-06-16 15:15:07,"**Any Maine residents who have gotten at least one dose in Maine since Dec 15 are eligible.**

**Enter here:** [https://govstatus.egov.com/me-sweepstakes-home](https://govstatus.egov.com/me-sweepstakes-home)

snips:

>One vaccinated winner to receive $1 for every person vaccinated in Maine by July 4, which means the more people vaccinated, the higher the grand prize  
>  
>If drawn today, the total prize would be $876,655  
>  
>...  
>  
>The cash winnings increase by $1 for every Maine resident who receives at least one dose, as reported on the U.S. CDC vaccination tracker: the more people vaccinated, the higher the prize. The final prize amount will be determined by the number of Maine residents who have gotten a vaccine as of 6:00 a.m. EST on July 4, 2021.  
>  
>Residents age 12 and older who have received at least one dose of a Moderna or Pfizer COVID-19 vaccine or the one-dose Johnson & Johnson vaccine in Maine since December 15, 2020, may enter for a chance to win the prize. Registration is required and the deadline to get vaccinated and submit an entry is 11:59 p.m. on June 30, 2021. Entries are now being accepted [online](https://govstatus.egov.com/me-sweepstakes-home) or by calling the Community Vaccination Line at 1-888-445-4111. Governor Mills will announce the winner and the prize amount on the afternoon of the Fourth of July.  
>  
>...  
>  
>Entry into the sweepstakes requires providing your name, date of birth, email address, phone number, home address, and the name and location of the place that provided your COVID-19 vaccine. Entry for children between the ages of 12 and 17 also requires a parent or guardian’s name, email address, and phone number.  
>  
>Maine residents who received their first dose of Pfizer or Moderna vaccine in another state, but received their second dose in Maine by June 30, 2021, are eligible. Maine residents who received both doses or the single-dose Johnson and Johnson vaccine in another state are not eligible.  
>  
>The winner will be randomly selected from among all eligible entries, using a process that mirrors that used by the Maine State Lottery. Potential winners are subject to verification of eligibility and agreement to comply with the official rules.  
>  
>COVID-19 vaccinations remain widely available at community vaccination centers and local pharmacies. To find a vaccination site near you, visit the State’s [vaccination website](https://www.maine.gov/covid19/vaccines/vaccination-sites) or call the Community Vaccination Line at 1-888-445-4111.

[https://www.maine.gov/governor/mills/news/mills-administration-launches-dont-miss-your-shot-vaccinationland-sweepstakes-2021-06-16](https://www.maine.gov/governor/mills/news/mills-administration-launches-dont-miss-your-shot-vaccinationland-sweepstakes-2021-06-16)",ridgeliine,0.98,/r/coronavirusme/comments/o1cvrv/mills_administration_launches_dont_miss_your_shot/,t5_2gui0m
1,Maine Achieves Another Vaccination Milestone: 80 Percent of Maine People Age 18 and Older Have Received First Shot of COVID-19 Vaccine,30,p18h1l,https://www.reddit.com/r/coronavirusme/comments/p18h1l/maine_achieves_another_vaccination_milestone_80/,0,2021-08-09 15:23:49,"August 9, 2021

Governor Janet Mills announced today that 80 percent of adults in Maine have received at least one dose of a COVID-19 vaccine, achieving another milestone for the state as it continues to confront an increase in cases associated with the Delta variant. According to the U.S. Centers for Disease Control and Prevention (U.S. CDC), 80.2 percent of adults (18+) in Maine have received a COVID-19 vaccination, one of six states in the nation to reach the milestone.

Maine is the third best state in the nation in the percentage of residents who are fully vaccinated, with more than 64 percent of all residents – including children under 12 who are not yet eligible for a vaccine – fully vaccinated against COVID-19.

Maine also continues to make progress in vaccinating younger people, with more than 50 percent of youth ages 12 to 19 being fully vaccinated.

>*“I applaud Maine people for their willingness to roll up their sleeves and get their shot,”* ***said Governor Mills****. “We know that vaccinations are the best tool to protect the health of Maine people, and with the more contagious and deadly Delta variant spreading across Maine and the nation, it is crucial that we continue to make progress and fight back against this pandemic. If you haven’t had your shot yet, I encourage you to talk to your doctor about how getting vaccinated can protect your health and potentially save your life.”*  
>  
>*“All three authorized COVID-19 vaccines have proven to be extremely effective,”****said Commissioner Jeanne Lambrew*** ***of the Maine Department of Health and Human Services****, and* ***Nirav D. Shah, Director of the Maine Center for Disease Control and Prevention.*** *“We remain committed to making vaccination easy and accessible for Maine people.”*

COVID-19 vaccination rates are up 11.7 percent in Maine since late July. On July 30, Maine was administering 1,497 doses per day on a 7-day average basis. As of Sunday, August 8, 2021, that rate had risen to 1,673 doses per day.

The U.S. CDC percentage takes into account the number of people age 12 to 17 who have received at least one dose of the Pfizer vaccine, the number of people age 18 and older who have received at least one dose of the Pfizer or Moderna vaccines, and the number of people age 18 and older who have received the one-dose Johnson & Johnson vaccine.

The COVID-19 vaccine is available at no charge at sites across the state. For information on getting a COVID-19 vaccine, visit [Maine.gov/covid19/vaccines](http://maine.gov/covid19/vaccines) or call the Community Vaccination Line at 1-888-445-4111.

[https://www.maine.gov/governor/mills/news/maine-achieves-another-vaccination-milestone-80-percent-maine-people-age-18-and-older-have](https://www.maine.gov/governor/mills/news/maine-achieves-another-vaccination-milestone-80-percent-maine-people-age-18-and-older-have)",ridgeliine,0.97,/r/coronavirusme/comments/p18h1l/maine_achieves_another_vaccination_milestone_80/,t5_2gui0m
2,"Maine to get biggest allocation of COVID-19 vaccine yet: Maine CDC Director Dr. Nirav Shah said Thursday that should the Johnson & Johnson vaccine be approved by the FDA, even more doses may be on the way",25,lsizoc,https://www.newscentermaine.com/article/news/health/coronavirus/maine-weekly-order-for-covid-19-vaccines-largest-since-effort-began-coronavirus/97-71c09375-842c-46fc-9d43-11d8d90436da,1,2021-02-25 17:40:05,,shallah,1.0,/r/coronavirusme/comments/lsizoc/maine_to_get_biggest_allocation_of_covid19/,t5_2gui0m
3,Maine CDC will pause Johnson & Johnson vaccine use,20,mq28fq,https://www.pressherald.com/2021/04/13/maine-cdc-will-pause-johnson-johnson-vaccine-use/,24,2021-04-13 09:27:20,,SymphonyNo3,0.93,/r/coronavirusme/comments/mq28fq/maine_cdc_will_pause_johnson_johnson_vaccine_use/,t5_2gui0m
4,FDA and CDC Lift Recommended Pause on Johnson & Johnson (Janssen) COVID-19 Vaccine Use Following Thorough Safety Review,17,mx86zh,https://www.reddit.com/r/coronavirusme/comments/mx86zh/fda_and_cdc_lift_recommended_pause_on_johnson/,3,2021-04-23 19:48:22,"[https://www.fda.gov/news-events/press-announcements/fda-and-cdc-lift-recommended-pause-johnson-johnson-janssen-covid-19-vaccine-use-following-thorough](https://www.fda.gov/news-events/press-announcements/fda-and-cdc-lift-recommended-pause-johnson-johnson-janssen-covid-19-vaccine-use-following-thorough)

https://preview.redd.it/gyzxmufwf0v61.png?width=1174&format=png&auto=webp&s=5106e9531222f63bfc03aa5839ed7fc43d94b996",ridgeliine,0.96,/r/coronavirusme/comments/mx86zh/fda_and_cdc_lift_recommended_pause_on_johnson/,t5_2gui0m
5,Maine Resumes Use of Johnson & Johnson COVID-19 Vaccine,19,mxjbxp,https://www.maine.gov/tools/whatsnew/index.php?topic=DHS+Press+Releases&id=4523217&v=dhhs_article_2020,2,2021-04-24 08:49:51,,ridgeliine,1.0,/r/coronavirusme/comments/mxjbxp/maine_resumes_use_of_johnson_johnson_covid19/,t5_2gui0m
6,Maine Places Order for Johnson & Johnson COVID-19 Vaccines Arriving in Week 12,16,lwt4ai,https://www.maine.gov/tools/whatsnew/index.php?topic=DHS+Press+Releases&id=4207732&v=dhhs_article_2020,5,2021-03-03 07:49:52,,ridgeliine,1.0,/r/coronavirusme/comments/lwt4ai/maine_places_order_for_johnson_johnson_covid19/,t5_2gui0m
7,"The Hannaford website says that they will handle the scheduling of the follow-up vaccine dose, but I thought Hannaford only carried the Johnson and Johnson vaccine, which is only one dose?",15,miwhxc,https://www.reddit.com/r/coronavirusme/comments/miwhxc/the_hannaford_website_says_that_they_will_handle/,7,2021-04-02 19:31:11,"I’m looking to schedule a vaccine appointment using the Hannaford website and I saw a blurb saying “The pharmacy will schedule your second dose appointment for you.” However, last I checked, all the Hannaford pharmacies in Maine only carry the Johnson and Johnson vaccine, which requires no second dose. Is this language just written this way for when they begin carrying other vaccines, or does Hannaford currently offer other vaccines that I’m unaware of?

I hope someone can answer this question, and if not, thanks anyway!",Badass_moose,1.0,/r/coronavirusme/comments/miwhxc/the_hannaford_website_says_that_they_will_handle/,t5_2gui0m
8,"Waterville: Need a COVID-19 vaccine? The Mobile Vaccine Unit will be in WATERVILLE starting this Sunday. This site provides the one-shot Johnson & Johnson vaccine, which is approved only for adults 18+. For more info: call 1-888-445-4111 or visit http://maine.gov/covid19/vaccines",10,n78fa3,https://i.redd.it/e0hld4v5frx61.jpg,0,2021-05-07 16:41:09,,ridgeliine,1.0,/r/coronavirusme/comments/n78fa3/waterville_need_a_covid19_vaccine_the_mobile/,t5_2gui0m
9,Maine To Place Order for 15th Week of COVID-19 Vaccines,11,m8gc2g,https://www.reddit.com/r/coronavirusme/comments/m8gc2g/maine_to_place_order_for_15th_week_of_covid19/,0,2021-03-19 08:39:20,"snips

>Maine CDC is preparing to [place an order (PDF)](https://www.maine.gov/dhhs/sites/maine.gov.dhhs/files/2021-03/ME%20Vaccine%20Week%2015.pdf) for first doses of Pfizer and Moderna COVID-19 vaccine and single doses of Johnson and Johnson vaccine, for 35,190 people, to the U.S. Centers for Disease Control and Prevention and Operation Warp Speed. This is an increase of 1,170 doses, not counting doses controlled by the Federal government sent directly to certain pharmacies and clinics.    
>  
>Maine CDC's order, expected to arrive early next week, will comprise 19,890 doses from Pfizer, 13,700 doses from Moderna, and 1,600 doses from Johnson and Johnson for the 15th week of distribution, starting March 22. Additionally, vaccination sites continue to receive and administer the second dose for individuals vaccinated with the Pfizer and Moderna vaccines through a separate distribution process.  
>  
>This supply of COVID-19 vaccines will be supplemented by doses the Federal government will distribute directly to Walmart / Sam's Club pharmacies, Walgreens pharmacies, Hannaford pharmacies, and selected Federally qualified health centers (FQHCs) in Maine. The number of doses sent to such facilities is  typically determined at the end of the week prior to the following weeks distribution.  
>  
>In the 15th week of distribution, the 35,190 first doses, and final doses in the case of the Johnson & Johnson vaccine, will be sent to hospitals (30,020), outpatient groups (4,170), the Maine CDC Public Health Nursing program (700), Maine Department of Corrections (200), and home health (100). In addition to direct Federal allocation, Federally Qualified Health Centers will receive 1,400 doses to help vaccinate eligible people in underserved communities. Maines efforts to vaccinate older residents include the Public Health Nursing Program, which is working with long-term care facilities to vaccinate new residents and staff, and coordinating with home health agencies and others to vaccinate residents who are homebound.

[https://www.maine.gov/tools/whatsnew/index.php?topic=DHS+Press+Releases&id=4326908&v=dhhs\_article\_2020](https://www.maine.gov/tools/whatsnew/index.php?topic=DHS+Press+Releases&id=4326908&v=dhhs_article_2020)",ridgeliine,0.87,/r/coronavirusme/comments/m8gc2g/maine_to_place_order_for_15th_week_of_covid19/,t5_2gui0m
10,"Maine CDC ordering enough first doses of Pfizer, Moderna COVID vaccines for 33,500 people: No doses of the Johnson & Johnson vaccine are included in next week’s allotment.",7,ly4srt,https://www.newscentermaine.com/article/news/health/coronavirus/vaccine/maine-cdc-ordering-enough-first-doses-of-pfizer-moderna-covid-vaccines-for-33500-people/97-aa5287ec-5f59-4696-a35f-347856e9dd09,2,2021-03-05 00:18:59,,shallah,0.9,/r/coronavirusme/comments/ly4srt/maine_cdc_ordering_enough_first_doses_of_pfizer/,t5_2gui0m
11,"twitter @MEPublicHealth: Need a Covid-19 Vaccine? The Mobile Vaccine Unit is in Turner through Friday, May 7. This site provides the one-shot Johnson & Johnson vaccine, which is approved only for adults 18+. For more info: call 1-888-445-4111 or visit http://maine.gov/covid19/vaccines",8,n68p7q,https://i.redd.it/474jsfb5hix61.jpg,1,2021-05-06 10:36:32,,ridgeliine,1.0,/r/coronavirusme/comments/n68p7q/twitter_mepublichealth_need_a_covid19_vaccine_the/,t5_2gui0m
