,title,score,id,url,comms_num,created,body,author,upvote_ratio,permalink,subreddit_id
0,Maine CDC: A matter of time before UK COVID-19 variant arrives - Maine Dr. Shah: Double down on bedrock principles in preparation for new COVID-19 variant,12,kqipew,https://www.newscentermaine.com/article/news/health/coronavirus/shah-double-down-on-bedrock-principles-in-preparation-for-new-covid-19-variant/97-d56a075a-93a0-4e3d-bb23-48ea58a87a05,0,2021-01-04 16:41:45,,shallah,1.0,/r/coronavirusme/comments/kqipew/maine_cdc_a_matter_of_time_before_uk_covid19/,t5_2gui0m
1,More contagious UK coronavirus variant confirmed in Maine,9,lh352n,https://bangordailynews.com/2021/02/10/news/more-contagious-uk-coronavirus-variant-confirmed-in-maine/,1,2021-02-10 15:34:36,,jonathanfrisby,1.0,/r/coronavirusme/comments/lh352n/more_contagious_uk_coronavirus_variant_confirmed/,t5_2gui0m
2,New COVID-19 results by Maine city and town available on my dashboard (Feb 1st - 7th). At least one case of UK's highly contagious COVID-19 variant detected in the state on Feb 10th.,6,lhehjt,https://www.nickadams.design/maine-covid-19-cases-by-city-and-town/,0,2021-02-11 01:12:55,,nickadamsdesign,0.88,/r/coronavirusme/comments/lhehjt/new_covid19_results_by_maine_city_and_town/,t5_2gui0m
3,Maine CDC: UK COVID-19 variant confirmed in Maine,3,lh46uh,https://www.msn.com/en-us/health/medical/maine-cdc-uk-covid-19-variant-confirmed-in-maine/ar-BB1dzU8I?ocid=uxbndlbing,1,2021-02-10 16:19:09,,shallah,1.0,/r/coronavirusme/comments/lh46uh/maine_cdc_uk_covid19_variant_confirmed_in_maine/,t5_2gui0m
