,title,score,id,url,comms_num,created,body,author,upvote_ratio,permalink,subreddit_id
0,"New UK Covid variant may be 30% more deadly, says Johnson",31,l2z2r4,https://www.reddit.com/r/CoronavirusCanada/comments/l2z2r4/new_uk_covid_variant_may_be_30_more_deadly_says/,0,2021-01-22 17:45:56,"[https://www.theguardian.com/world/2021/jan/22/new-uk-covid-variant-may-be-more-deadly-says-boris-johnson](https://www.theguardian.com/world/2021/jan/22/new-uk-covid-variant-may-be-more-deadly-says-boris-johnson)

&#x200B;

[https://www.gov.uk/government/publications/nervtag-paper-on-covid-19-variant-of-concern-b117](https://www.gov.uk/government/publications/nervtag-paper-on-covid-19-variant-of-concern-b117)",CandZsdad,0.94,/r/CoronavirusCanada/comments/l2z2r4/new_uk_covid_variant_may_be_30_more_deadly_says/,t5_2f8l28
1,Johnson & Johnson COVID-19 vaccine becomes 4th to receive Health Canada approval,35,lyd4ev,https://www.cbc.ca/news/politics/johnson-johnson-covid19-vaccine-approved-1.5937900,0,2021-03-05 09:35:14,,gypsysunandrainbows,0.96,/r/CoronavirusCanada/comments/lyd4ev/johnson_johnson_covid19_vaccine_becomes_4th_to/,t5_2f8l28
2,Johnson & Johnson Single-Shot COVID-19 Vaccine Candidate Unanimously Recommended for Emergency Use Authorization by U.S. FDA Advisory Committee,28,lths5e,https://www.jnj.com/johnson-johnson-single-shot-covid-19-vaccine-candidate-unanimously-recommended-for-emergency-use-authorization-by-u-s-fda-advisory-committee,0,2021-02-27 01:06:47,,UtopiaCrusader,0.97,/r/CoronavirusCanada/comments/lths5e/johnson_johnson_singleshot_covid19_vaccine/,t5_2f8l28
3,Canada authorizes Pfizer vaccine for children 12 and older. 'Moderna and Johnson & Johnson are currently testing their vaccines on children aged 12-18 with Moderna’s data expected soon.',22,n8fbit,https://www.digitaljournal.com/world/canada-authorizes-pfizer-vaccine-for-children-12-and-older/article,10,2021-05-09 10:28:35,,dannylenwinn,0.87,/r/CoronavirusCanada/comments/n8fbit/canada_authorizes_pfizer_vaccine_for_children_12/,t5_2f8l28
4,J&J a valid vaccine for entering Canada?,9,o5nbj8,https://www.reddit.com/r/CoronavirusCanada/comments/o5nbj8/jj_a_valid_vaccine_for_entering_canada/,4,2021-06-22 09:35:56,"I know that Canada approved J&J in the spring but I'm still wondering if it will be recognized by Canada for visitors. My boyfriend is american and opted for the J&J vaccine, so I'm wondering if anyone has thoughts on this or could give me some perspective.

EDIT:
I found the information [here](https://www.canada.ca/en/public-health/news/2021/06/government-of-canadas-first-phase-to-easing-border-measures-for-travellers-entering-canada3.html) . It says:

To be considered fully vaccinated, a traveller must have received the full series of a vaccine — or combination of vaccines — accepted by the Government of Canada at least 14 days prior to entering Canada. Currently, those vaccines are manufactured by Pfizer, Moderna, AstraZeneca/COVISHIELD, and Janssen (Johnson & Johnson)

So it looks like J&J is fine for travel",hexgirlthorn,0.8,/r/CoronavirusCanada/comments/o5nbj8/jj_a_valid_vaccine_for_entering_canada/,t5_2f8l28
