,title,score,id,url,comms_num,created,body,author,upvote_ratio,permalink,subreddit_id
0,Do you think everyone will eventually end up getting corona virus?,33,g5p99t,https://www.reddit.com/r/CoronavirusCanada/comments/g5p99t/do_you_think_everyone_will_eventually_end_up/,39,2020-04-21 18:31:58,"Question says it all, also do you think it’ll go past the end of the year or how long do you think it’ll last I’m scared a lot",ahaeee,0.97,/r/CoronavirusCanada/comments/g5p99t/do_you_think_everyone_will_eventually_end_up/,t5_2f8l28
1,1st community spread in Ontario,34,fgw2sq,https://www.reddit.com/r/CoronavirusCanada/comments/fgw2sq/1st_community_spread_in_ontario/,28,2020-03-11 08:05:52,https://www.theglobeandmail.com/canada/article-first-community-spread-corona-case-in-ontario-connected-to/,cmac-1982,1.0,/r/CoronavirusCanada/comments/fgw2sq/1st_community_spread_in_ontario/,t5_2f8l28
2,Sick with coronavirus and going outside...,31,fuz2as,https://www.reddit.com/r/CoronavirusCanada/comments/fuz2as/sick_with_coronavirus_and_going_outside/,13,2020-04-04 14:51:23,"There’s a lady in my hometown who was one of the first people to get Corona. She made a long public FB post about her symptoms and how she might’ve gotten inflected etc. I checked her page a few days later to see if she posted any updates and...

She said as her fever went away she began to feel better, she’s been going outside for walks...and that “Our PM encouraged it”

So many people are commenting things like “Good for you, we live a free country”, “No one should be house bound” 🤷‍♀️ 

If you’re sick with corona or not (assume that you have it), stay home!! Do not go outside!",cheesecakeonastick,0.97,/r/CoronavirusCanada/comments/fuz2as/sick_with_coronavirus_and_going_outside/,t5_2f8l28
3,Canada Post and COVID-19: Forcing people to go to the post office for no reason,33,fpljxz,https://www.reddit.com/r/CoronavirusCanada/comments/fpljxz/canada_post_and_covid19_forcing_people_to_go_to/,31,2020-03-26 18:53:49,"I don't want to go to go out because of the Corona.

I've ordered some non-perishable food online.

The mailman didn't leave the package at the door.

I want to refuse the package now.

Called the post office, told me that I have no choice but to go in person to refuse the package. Plus, they told me that they will not return the package after 14 days, and that they will keep it forever because of the Corona.

How backwards is this shit?",emilio911,0.87,/r/CoronavirusCanada/comments/fpljxz/canada_post_and_covid19_forcing_people_to_go_to/,t5_2f8l28
4,My team and I made this simple chatbot that helps with Coronavirus anxiety,26,fimxzn,https://www.reddit.com/r/CoronavirusCanada/comments/fimxzn/my_team_and_i_made_this_simple_chatbot_that_helps/,10,2020-03-14 14:27:14,"My team and I made this simple chatbot that helps with what's been on everyone's minds lately: the coronavirus infection known as COVID-19:

[https://coronacoa.ch/?utm\_source=Reddit&utm\_medium=Reddit&utm\_campaign=CoronaCoachLaunch](https://coronacoa.ch/?utm_source=Reddit&utm_medium=Reddit&utm_campaign=CoronaCoachLaunch)

The goal is simple: to help you cope with the difficult emotions you might be feeling right and provide you with factual and trustworthy information.

Hope you like it!",Josh43121,0.96,/r/CoronavirusCanada/comments/fimxzn/my_team_and_i_made_this_simple_chatbot_that_helps/,t5_2f8l28
5,No Evidence of Corona Virus Reinfection,15,gb49fx,https://gizmodo.com/no-evidence-of-coronavirus-reinfection-south-korean-of-1843180554,3,2020-04-30 17:05:06,,Fusubcan,0.8,/r/CoronavirusCanada/comments/gb49fx/no_evidence_of_corona_virus_reinfection/,t5_2f8l28
6,Question about COVID-19,14,gs10ei,https://www.reddit.com/r/CoronavirusCanada/comments/gs10ei/question_about_covid19/,5,2020-05-28 02:34:55,If a costumer coughs 3 feet away from me while I have a mask and I don’t touch my face could I possibly catch Corona?,arabian_papi,0.94,/r/CoronavirusCanada/comments/gs10ei/question_about_covid19/,t5_2f8l28
7,Canada House of Commons suspends till April 20th over COVID-19 Precaution,10,fi0hct,https://www.reddit.com/r/CoronavirusCanada/comments/fi0hct/canada_house_of_commons_suspends_till_april_20th/,4,2020-03-13 10:28:50,Motion in House of Commons just passed to suspend till April 20th over CoronaVirus Concerns.,PhoenixWolfJ,1.0,/r/CoronavirusCanada/comments/fi0hct/canada_house_of_commons_suspends_till_april_20th/,t5_2f8l28
8,"[Academic] Attitudes towards vaccinating children, 3-5 min (Parents, Canada, 18+)",10,p74425,https://www.reddit.com/r/CoronavirusCanada/comments/p74425/academic_attitudes_towards_vaccinating_children/,30,2021-08-18 20:38:19,"Hi Everyone,

We are a group of researchers from IDC Herzliya school of psychology conducting a short 5-minute study about on parents' attitudes towards  vaccinating children against the Corona virus (Covid-19).

If you are a parent of a child, we would highly appreciate your help in participation!

Study link:

[http://idc.az1.qualtrics.com/jfe/form/SV\_0ondRU4CZQpF0xg](http://idc.az1.qualtrics.com/jfe/form/SV_0ondRU4CZQpF0xg)

Participation is voluntary (thanks!), responses are anonymous and of course you may retire at any point of the study.

A summary of the results will be posted on this sub after data collection is over (may take some time to analyze the data).

For questions please contact me in private at this reddit account

Thank you very much in advance for your participation!!!",SPsychologyResearch,0.86,/r/CoronavirusCanada/comments/p74425/academic_attitudes_towards_vaccinating_children/,t5_2f8l28
9,Could I have had Corona virus in Toronto in December/January?,11,fpmfu4,https://www.reddit.com/r/CoronavirusCanada/comments/fpmfu4/could_i_have_had_corona_virus_in_toronto_in/,18,2020-03-26 19:46:32,"Hello all,

I am 32 years old, healthy, and live in Toronto where I take public transit daily with people from all over the world.

Back in December, and again a month later in January, I had two flus that were unlike any other I've had before. 1-2 days of fever followed by a week of persistent coughing and difficulty breathing at night (almost like sleep apnea). I've never been sick twice in one winter, and when I do get my 'annual cold' it never involves a fever, and usually only lasts a few days.

Could it have been possible for isolated cases of Covid19 in Toronto back then?",Blueruby14,0.87,/r/CoronavirusCanada/comments/fpmfu4/could_i_have_had_corona_virus_in_toronto_in/,t5_2f8l28
10,What evidence do we have that corona does not appear in elementary schools? Please be specific,7,oxk9fu,https://www.reddit.com/r/CoronavirusCanada/comments/oxk9fu/what_evidence_do_we_have_that_corona_does_not/,18,2021-08-03 23:45:58,,iambluest,0.71,/r/CoronavirusCanada/comments/oxk9fu/what_evidence_do_we_have_that_corona_does_not/,t5_2f8l28
11,Corona Virus in BC and Social Distancing,7,fy6zs7,https://www.reddit.com/r/CoronavirusCanada/comments/fy6zs7/corona_virus_in_bc_and_social_distancing/,16,2020-04-09 23:07:11,"Hi All,

Today on Global news BC, when asked if BC could eventually limit entry into BC from Alberta and Washington State, but while slowly going back to business and decreasing social distancing before other provinces given we are bending the curve much more, Dr Henry answer was no and that we are all in this together. 

Ok so guys to confirm this means we will need to wait until Quebec and Ontario are in a good place before we can start any official decrease in social distancing in any province including BC ? 

If so then understood. Just want to make sure my understanding is correct.  Thanks,",BC_Engineer,1.0,/r/CoronavirusCanada/comments/fy6zs7/corona_virus_in_bc_and_social_distancing/,t5_2f8l28
12,Is there a strategy for the snowbirds?,5,fghogy,https://www.reddit.com/r/CoronavirusCanada/comments/fghogy/is_there_a_strategy_for_the_snowbirds/,10,2020-03-10 13:39:55,"A lot of retired Canadians migrate south for the winter months.  Many of them arrived in Florida, Arizona, wherever, before the outbreak started. They’ll start returning hone this month.  

Will they be expected to self-isolate? Particularly the ones who fly home and travel through international airports, and might be sitting near someone who’s on a connecting flight from a corona hotspot without realizing it?  

Will border agents be checking temperatures of snowbirds who drive home? 

Has anyone heard if there’s a snowbird-specific plan?",tarotbracket,0.78,/r/CoronavirusCanada/comments/fghogy/is_there_a_strategy_for_the_snowbirds/,t5_2f8l28
13,Why do I keep getting headaches since corona virus quartine started?,5,g3qg0k,https://www.reddit.com/r/CoronavirusCanada/comments/g3qg0k/why_do_i_keep_getting_headaches_since_corona/,20,2020-04-18 12:36:50,I’ve never gotten them before this but now that’s all I get Idk if it’s migrane or tension headache or both but what should I do and why do you think this is? I noticed a lot of people are getting it too tho (headaches since corona started),ahaeee,0.86,/r/CoronavirusCanada/comments/g3qg0k/why_do_i_keep_getting_headaches_since_corona/,t5_2f8l28
14,Corona protocol,4,hmg61x,https://www.reddit.com/r/CoronavirusCanada/comments/hmg61x/corona_protocol/,5,2020-07-06 16:47:18,"My mom wants to come to Vancouver  to visit from Hamilton Ontario. My question  is, does she have to quarantine for two weeks at my place. 
And also do I have to as well cause of my contact with my mom",1driver4u,0.75,/r/CoronavirusCanada/comments/hmg61x/corona_protocol/,t5_2f8l28
15,Do you think corona virus will ruin summer/have everything be like this and worse or do you think we’ll be good by then?,4,frd0a0,https://www.reddit.com/r/CoronavirusCanada/comments/frd0a0/do_you_think_corona_virus_will_ruin_summerhave/,15,2020-03-29 16:48:02,"This corona thing got me really depressed mostly the fact that we can’t go out because that’s how I used to deal with my depression, I’m not trying to over exaggerate but that’s what I used to cope with things and the bad thoughts in my head, now it feels like I’m stuck in my head in a bad way.


Anyways I live in Ontario but do you think summer is ruined? Also how long do you think this corona thing will last for? Like with how bad cases are getting and everything being closed and the social distancing things. I give up hope people are saying it’ll be like this all thru summer and if that’s true that’s going to drive me mentally insane.",ahaeee,0.7,/r/CoronavirusCanada/comments/frd0a0/do_you_think_corona_virus_will_ruin_summerhave/,t5_2f8l28
16,How do you protect yourself from the corona virus while being outside,3,g4ig2s,https://www.reddit.com/r/CoronavirusCanada/comments/g4ig2s/how_do_you_protect_yourself_from_the_corona_virus/,6,2020-04-19 20:08:03,"How do you protect yourself from the corona virus while outside?

Question says it all like are u safe just by wearing a mask and gloves and using hand sanitizer and washing ur hands often and not being around ppl who cough and shit and are sick? Oh and not touching ur face too or what else can you do to protect yourself from it",ahaeee,0.8,/r/CoronavirusCanada/comments/g4ig2s/how_do_you_protect_yourself_from_the_corona_virus/,t5_2f8l28
17,If you drink in Vancouver ... be careful... wash your bottles,4,kfkoq7,https://www.reddit.com/r/CoronavirusCanada/comments/kfkoq7/if_you_drink_in_vancouver_be_careful_wash_your/,2,2020-12-18 07:59:48,"I work for the liquor board 

Government employee. 

Our warehouse is a corona epidemic waiting to happen. 

Every can/bottle you buy from a govt store has a high likelyhood of being handled by someone with Covid.  


We have had dozens of cases within this warehouse. 

The only thing protecting you is an honour system where they expect lowly paid employees to voluntarily give up their paycheque while management denies them any support.  


They violate federal regulations about requiring doctors notes even when holding a negative test result in an attempt to not have to pay. 



If you drink ... wash that shit.    Outbreak WILL happen AGAIN in this warehouse",Denegroth,0.64,/r/CoronavirusCanada/comments/kfkoq7/if_you_drink_in_vancouver_be_careful_wash_your/,t5_2f8l28
18,4 new Cases in Saskatchewan,3,fiukho,https://www.reddit.com/r/CoronavirusCanada/comments/fiukho/4_new_cases_in_saskatchewan/,1,2020-03-14 22:48:46,"4 new cases of #COVID19 in Saskatchewan. 2 were international travel, 1 from the US, and 1 from Vancouver. #CoronaVirusCanada",wapimaskwa,1.0,/r/CoronavirusCanada/comments/fiukho/4_new_cases_in_saskatchewan/,t5_2f8l28
19,These Anti-lockdown protester in Toronto think the corona virus is a hoax 😆😨,4,gqvcmo,https://www.reddit.com/r/CoronavirusCanada/comments/gqvcmo/these_antilockdown_protester_in_toronto_think_the/,20,2020-05-26 07:34:09, [https://www.youtube.com/watch?v=sQRvaX\_H3d0](https://www.youtube.com/watch?v=sQRvaX_H3d0),Melloflix,0.59,/r/CoronavirusCanada/comments/gqvcmo/these_antilockdown_protester_in_toronto_think_the/,t5_2f8l28
20,B.C. Plan to address Corona Virus,2,fbpgpi,https://vancouversun.com/news/local-news/b-c-has-a-plan-of-attack-should-covid-19-spread-and-its-not-what-you-think,0,2020-03-01 00:19:56,,Z3r0_Kelvin,1.0,/r/CoronavirusCanada/comments/fbpgpi/bc_plan_to_address_corona_virus/,t5_2f8l28
21,Corona Child Care,2,ft5qnu,https://www.reddit.com/r/CoronavirusCanada/comments/ft5qnu/corona_child_care/,28,2020-04-01 14:32:04,I have a child care provider in a day home. She continues to charge me even though it is a pandemic and I cant send my kids to her home. Does anyone know if I have to keep paying her? I hear look at your contract but this a pandemic is not in the contract. I am paying two ppl to look after one child. Does not seem fair. Any body have any suggestions?,IslaMae12,0.75,/r/CoronavirusCanada/comments/ft5qnu/corona_child_care/,t5_2f8l28
22,PhD student research on the effects of corona virus,2,gsfffm,https://www.reddit.com/r/CoronavirusCanada/comments/gsfffm/phd_student_research_on_the_effects_of_corona/,1,2020-05-28 17:38:21," 

Hello Everyone,

I am running a study at the University of Calgary to investigate more on the current situation. Could I ask you for 20 minutes of your time to fill out some questionnaires? Thanks!-I have no affiliation with the moderators of this reddit page. 

Dear all,

We would like to invite you to participate in an online study investigating the effects of COVID-19 pandemic on the quality of sleep and emotions.

You will be asked to complete a series of questionnaires assessing quality of sleep, mood, physical activity and emotional processes during the COVID 19 pandemic. The total time required to complete the survey is approximately 20 minutes. To begin participation in the study and complete the questionnaires please click here [**https://www.surveymonkey.com/r/VBDNCCQ**](https://www.surveymonkey.com/r/VBDNCCQ)

**If you require information about the COVID-19 pandemic and are looking for resources please visit the following links:**

[**https://www.ucalgary.ca/community/covid-19-support**](https://www.ucalgary.ca/community/covid-19-support) **or**

[**https://www.canada.ca/en/public-health/services/diseases/2019-novel-coronavirus-infection/prevention-risks.html**](https://www.canada.ca/en/public-health/services/diseases/2019-novel-coronavirus-infection/prevention-risks.html)

Thank you for participating in our research study.",albewolverinefan,0.76,/r/CoronavirusCanada/comments/gsfffm/phd_student_research_on_the_effects_of_corona/,t5_2f8l28
23,Do you think we will go on federal lockdown because of the corona virus in Ontario?,2,fst6b3,https://www.reddit.com/r/CoronavirusCanada/comments/fst6b3/do_you_think_we_will_go_on_federal_lockdown/,8,2020-04-01 01:06:54,"This is really stressing me out but do you think martial law will come into place and we will go into full lockdown for a 2-3 months or something like that? 

I heard they may consider doing that which is stressing me out especially since I live in a abusive household. Also I have bad anxiety/depression and being at home just makes me feel like I’m stuck in my head and I hate it, I used to always just go outside that was my way of copping with things.

So do you think Ontario will go into full lockdown where they will have military standing outside making sure you don’t leave your house or do you think we won’t get to that?",ahaeee,0.67,/r/CoronavirusCanada/comments/fst6b3/do_you_think_we_will_go_on_federal_lockdown/,t5_2f8l28
24,Still have to work but Keep at least 2 metres from people but still serve food for Takeout and Delivery?,2,fjy5ed,https://www.reddit.com/r/CoronavirusCanada/comments/fjy5ed/still_have_to_work_but_keep_at_least_2_metres/,1,2020-03-16 23:18:23,"I work at Domino's in Ontario. My town is just getting cases of Corona Virus coming in. I believe that it could be everywhere without people even noticing they have it yet. So I'm assuming numbers are actually higher then what I'm reading online. I'm confused how we are told to distance each other from one another but yet keep restaurants open even if its just for takeout and delivery. Seems insane. The amount of people that come in and out of places to pick up food or drivers having to deliver to people's houses and then come back to the store where people are working. Its so easy to spread. Why not just close all restaurants? Including no delivery, no take outs. I know that I don't want to go to work tomorrow and I guess I don't have to, but that's not the point. Why are any of us being allowed to work where we handle people's money and see people one on one when the government is saying to limit yourself from being around anyone as much as you can?",KeyQuarter6,0.75,/r/CoronavirusCanada/comments/fjy5ed/still_have_to_work_but_keep_at_least_2_metres/,t5_2f8l28
25,Empty Sports Stadiums,2,fla689,https://www.reddit.com/r/CoronavirusCanada/comments/fla689/empty_sports_stadiums/,4,2020-03-19 09:39:08,"Where I live, several homeless shelters have closed because shelter workers are unable to enforce social distancing, and homeless people tend to be a sickly segment of society, so it was difficult to distinguish if someone had a cold, allergies, corona, or what.  Also, many of the shelters had inadequate hygiene facilities to allow for proper personal hygiene or disinfecting of the premises.

Why aren't we using our empty sports stadiums to house homeless people? They are large enough to enforce social distancing, there are hygiene amenities, they would be in a small enough area that symptoms could be monitored, and stadiums tend to be located close enough to urban centres that homeless people could access them.

This is a vulnerable segment of society that is at higher risk of catching the virus, spreading the virus, and developing complications from the virus.

Also, with hotels operating at less than 20% capacity, why aren't we relocating vulnerable populations to hotels? Like the elderly, for example.  When corona enters a retirement home, wouldn't it be more effective to isolate the other residents in a hotel, with fewer communal areas than in the retirement home?

Can we deploy the armed forces to set some of this stuff up?  The US is deploying army hospitals in the US. We could do that in BC, and other hard hit communities? Or have them at the ready to be deployed in the event the virus shows up in northern and first nations communities?

It just feels like there's more we could do.",tarotbracket,0.75,/r/CoronavirusCanada/comments/fla689/empty_sports_stadiums/,t5_2f8l28
26,Corona question.,1,fphctu,https://www.reddit.com/r/CoronavirusCanada/comments/fphctu/corona_question/,0,2020-03-26 14:58:21,"From my knowledge the isolation is to slow down how fast the virus is spreading but when the self isolation is lifted it’ll spread at a rapid pace again.

My question is can I just go get myself sick and take advantage of everyone else being self isolated and health systems having breathing room before it goes into the inevitable rapid phase?",hellointernet12333,1.0,/r/CoronavirusCanada/comments/fphctu/corona_question/,t5_2f8l28
27,Do people really blame all Chinese people for Covid-19?,1,g09p8p,https://www.reddit.com/r/CoronavirusCanada/comments/g09p8p/do_people_really_blame_all_chinese_people_for/,30,2020-04-12 22:08:30,"Do people really blame all Chinese people for Covid-19?

I first saw this about a month or so ago and it seems to continue on and even increased including in the US and Australia. If you're somebody who does please let me know and why. No judgement here. In fact I'd rather hear from people who think at 180 degrees from me in order to expand my own bubble. 

I've even seen some claims that COVID19 stands for ""Chinese Originated Viral Infectious Disease"" even though it's actually for Corona Virus Disease 2019 per the WHO.

I understand Covid-19 originated from Wuhan in Hebei province which yes is in China, however many other viruses originated from else where in the world but we don't seem to linger on that. Examples the black plague (Yersinia pestis in an ancient Swedish tomb), MERS (Middle East  - camels), Spanish flu (western Europe), Ebola (Ebola River in the Republic of Congo), 2009 H1N1 swine flu (Mexico), Zika virus (Ugunda, Africa), etc. When we were kids we learned an entire host of diseases was brought to Native Americans originally from outside settlers (eg. smallpox, bubonic plague, measles, malaria, tuberculosis, cholera, etc.).

I'm just asking as an open ended inquiry without judgement and if it makes a difference, I'm not Chinese.

Let me know your thoughts. ",BC_Engineer,0.53,/r/CoronavirusCanada/comments/g09p8p/do_people_really_blame_all_chinese_people_for/,t5_2f8l28
28,Canada could have around 150000 citizens infected at this moment!,1,fmj8fp,https://www.reddit.com/r/CoronavirusCanada/comments/fmj8fp/canada_could_have_around_150000_citizens_infected/,0,2020-03-21 14:07:32,"Following the method of calculation from this video, at 12 deaths on Friday march 20 and [doubling of cases each 4 days](https://ourworldindata.org/coronavirus#growth-country-by-country-view), it would appear that around 156000 Canadians are currently infected.

&#x200B;

Estimating actual COVID 19 cases (novel corona virus infections) in an area based on deaths[https://www.youtube.com/watch?v=mCa0JXEwDEk](https://www.youtube.com/watch?v=mCa0JXEwDEk)

[Our World in Data](https://ourworldindata.org/)

[https://ourworldindata.org/coronavirus#growth-country-by-country-view](https://ourworldindata.org/coronavirus#growth-country-by-country-view)",askforchange,1.0,/r/CoronavirusCanada/comments/fmj8fp/canada_could_have_around_150000_citizens_infected/,t5_2f8l28
29,Corona layoffs,1,fkhqyw,https://www.reddit.com/r/CoronavirusCanada/comments/fkhqyw/corona_layoffs/,6,2020-03-17 22:04:36,We were told today that we were closing for three weeks I was wondering if anyone knows how to get paid like what do I apply for because I am going back to work in 3 weeks at the same time I kind of need money??,bbunny97,0.6,/r/CoronavirusCanada/comments/fkhqyw/corona_layoffs/,t5_2f8l28
30,What would you recommend stocking up on/how much?,1,fh6azg,https://www.reddit.com/r/CoronavirusCanada/comments/fh6azg/what_would_you_recommend_stocking_up_onhow_much/,8,2020-03-11 19:07:48,"I'm scared after March break since so many people will be travelling shit will truly hit the fan. 

I'm wondering how many weeks worth should I bulk up with? Does anyone have a list of necessities? 

I live in Nova Scotia so right now there's zero cases, but we're already in a health care crisis from the basic flu, I'm terrified to see what would happen with corona virus and our massive elderly population.",magicalgirlsera,1.0,/r/CoronavirusCanada/comments/fh6azg/what_would_you_recommend_stocking_up_onhow_much/,t5_2f8l28
31,Who Fact Checks the 'Fact Checkers' On the Origin of the CCP Virus (Corona virus)?,1,g7a73m,https://www.youtube.com/watch?v=G9zrD4DitQ0,0,2020-04-24 11:18:27,,askforchange,0.56,/r/CoronavirusCanada/comments/g7a73m/who_fact_checks_the_fact_checkers_on_the_origin/,t5_2f8l28
32,Countermeasure: Corona (COVID-19),1,fkztn4,https://www.reddit.com/r/CoronavirusCanada/comments/fkztn4/countermeasure_corona_covid19/,0,2020-03-18 19:44:33,"This document has been made following scientific findings and research. You can contribute to the document and findings at any time via Github or by reaching out to the links at the bottom of the document.

[https://github.com/Bittopia/emergency-rescue/blob/master/Countermeasure:%20Corona%20(COVID-19).md](https://github.com/Bittopia/emergency-rescue/blob/master/Countermeasure:%20Corona%20(COVID-19).md)  


Author of information

Abazar Habibinia, MD, DFN, CSDTT

>A retired champion in competitive weightlifting, Abazar Habibinia is the founder and director of CAASN (Canadian Academy of Sports Nutrition). He teaches clinical sciences (neurology, biomechanics of back pain, pathology, orthopaedic examination, and therapeutic exercises) at National Academy of Osteopathy in Toronto. [https://www.caasn.com/academy/faculty.html](https://www.caasn.com/academy/faculty.html)

A video containing a presentation of the information can be found at: [https://www.youtube.com/watch?v=u7YefBaeub4](https://www.youtube.com/watch?v=u7YefBaeub4)

Content

1.0: What Are Coronaviruses and the Symptoms of Infection?

&#x200B;

2.0: How the Immune System Functions to Protect You From Infections

&#x200B;

3.0: General Precautions to Reduce Risk of Coronavirus Infection

&#x200B;

4.0: How to Boost Your Immune System Against Coronavirus Infection

&#x200B;

5.0: References

&#x200B;

6.0 Contribute",evok3d,1.0,/r/CoronavirusCanada/comments/fkztn4/countermeasure_corona_covid19/,t5_2f8l28
33,EI Corona Virus and Maternity Leave Confusion,1,fmshz2,https://www.reddit.com/r/CoronavirusCanada/comments/fmshz2/ei_corona_virus_and_maternity_leave_confusion/,2,2020-03-21 22:47:20,"I am currently 3 months pregnant and am due at the end of September 2020. Currently I am feeling healthy and am having so signs of illness. I have been lucky so far as the corona virus hasn’t hit my community as hard as some as of yet. I am just wondering IF I was to get ill and had to use EI due to symptoms of the Corona Virus, how would that effect my Maternity Leave later on in the year? Would I have to make sure I had 600 hours of work again since it was considered a new claim or is that waived due to the pandemic? My concern is I highly doubt if I was needing to make a claim prior to maternity leave that I would have another 600 hours banked. I tried to look online but haven’t been able to find anything. If anyone can shed some light on this that would be very much appreciated !",GrayObliquity,0.67,/r/CoronavirusCanada/comments/fmshz2/ei_corona_virus_and_maternity_leave_confusion/,t5_2f8l28
34,The Winning Victory Conditions For Humanity In The War With The New Corona Virus NCOV,1,fng76y,https://www.reddit.com/r/CoronavirusCanada/comments/fng76y/the_winning_victory_conditions_for_humanity_in/,1,2020-03-23 03:57:13,"**The Winning Victory Conditions For Humanity In The War With The New Corona Virus NCOV**  
 To me this is just a lesson for humanity to study and overcome.

Many of so called public national leaders have declared war with the new corona virus COVID-19, mainly because they are scare the shit & may lose their power over people if this continue for few months.

In every games, sports, and even war with aggressive invaders in history, you always know the winning victory condition before go into the battle and fight.

But now in the battle against with invisible legendary corona virus NCOV, do any of you who are working and get paid for the job relate to COVID19 even know what is the winning condition yet?

Do you leaders/bosses even know and told you, yet?

Sadly, the answer is no. Most if not all of you have no clue what is going on, you guys are speculating and walking into wrong direction.

**Why I said that?**  
 Because you guys do not even know what is the victory condition path look like in a wide boderless desert, and their actions/policies tell me that.

For the public people to understand that:  
 Everything must start with theory, must begin with thought first, then with actions.

You guys must know that the **winning victory condition in theory** in this battle is fully know the features, weakness and strength of the new corona virus NCOV.

And the **winning condition in real life action** is people back to work “normally” like it used to without causing chaos.

I remind all of you that the new corona virus NCOV have around 70% the structure of SARS according to public media said.

And the SARS was “cured” in history not because of any drug or vaccine made in lab house, but rather than human know their feature, weakness by accident.

So the same path must apply to the new corona virus NCOV as well, there is no any other choice.

If you think any drug or vaccine can “cure” this virus then you are just a dreamer stupid people, it cannot happen in this world where you are living in because of the history and “majority law” say so.

Many of you have no champion characteristic, do not declare victory, do not smile until the battle finally end in real life.

If you cannot help your nation back to “normal”, then stop talking about helping other nations, it may be “help” in advance or “kill” action in the future when you fully know the features of this legendary beast NCOV.

Life is full of surprise, and this legendary beast have and will continue bring that to you, it is above level all of you.

You guys better wake up, give up and seeking help from outsider quick before it is too late.

Best Regard,  
 **The Savior Messiah Mahdi Maitreya Kalki Christ Anyname**

**Source: theworld.data.blog**",FeetGirlBoy,0.67,/r/CoronavirusCanada/comments/fng76y/the_winning_victory_conditions_for_humanity_in/,t5_2f8l28
35,Corona spread in relation to weather : The Corona Belt from Mic the Vegan (video link),1,fprh0t,https://www.reddit.com/r/CoronavirusCanada/comments/fprh0t/corona_spread_in_relation_to_weather_the_corona/,0,2020-03-27 01:36:10,"[The Corona Belt (video)](https://youtu.be/rNOc2lnWDlM)

I enjoyed watching this because it gave me plausible insight into something I wasn't really thinking about. You may find it informative too.",thebig4oh,0.6,/r/CoronavirusCanada/comments/fprh0t/corona_spread_in_relation_to_weather_the_corona/,t5_2f8l28
36,Canadian Father Trapped in Dominican Republic trying to get home!,1,fn3byd,https://www.reddit.com/r/CoronavirusCanada/comments/fn3byd/canadian_father_trapped_in_dominican_republic/,8,2020-03-22 13:27:01,"I'm new here and not sure what threads I can get the best help for my father so please advise is this isn't a good spot.

So, my dad has been on vacation for 2 and a half months in Peurto Plata in Dominican at the Lifestyles Holidays resort. His original flight home was March 28th with Airtransat to Montreal and given the light of the global situation with the corona virus he has been trying to return home as there wont be flights very soon and he will be stuck!

He attempted to get out twice, 3 days ago he arrived at the airport 5 hours early, waited in line for an open seat with no luck. He attempted to speak with people for assistance but no one would speak english and would be ignored. The second day he tried again but arrived 8 hours early and nearly made it to a standby seat but was cut off just before making it. Today there is no flight to Montreal and tomorrow there is a flight be the window to arrive early is very small as there is a curfew in effect and anyone outside when they are not supposed to will be arrested.

My dad is trying to line something up today, he's been on the phone for hours trying to get through to someone with no luck due to high call volumes of people stranded across the world. Now the issue is, I will try to help my dad as best I can if he must pay for another airline even though I'm broke and currently laid off due to the virus. My dad is in incredibly bad financial situation as he recently went bankrupt and cant really afford to be stuck outside the country for who knows how long now that the resort is closing down tomorrow.

I'm wondering if anyone can shed some light as to who he can contact, call, email, travel to or anything to help him get home! He doesn't have much time and is getting very worried!",OilfieldInsulator,0.6,/r/CoronavirusCanada/comments/fn3byd/canadian_father_trapped_in_dominican_republic/,t5_2f8l28
37,What did the world Google during Corona? 13 graphs 📈,1,jx2g4q,https://mycodelesswebsite.com/world-google-during-corona/,0,2020-11-19 08:13:35,,DaveDaveYES,0.57,/r/CoronavirusCanada/comments/jx2g4q/what_did_the_world_google_during_corona_13_graphs/,t5_2f8l28
38,Any positive Corona recovery stories? It’s clear this sub will be overrun by people who prey on the fears of others.,0,fjtfnj,https://www.reddit.com/r/CoronavirusCanada/comments/fjtfnj/any_positive_corona_recovery_stories_its_clear/,6,2020-03-16 18:06:43,I’m interested in positivity.,phonetwophone,0.5,/r/CoronavirusCanada/comments/fjtfnj/any_positive_corona_recovery_stories_its_clear/,t5_2f8l28
39,No masks,0,fcxp0y,https://www.reddit.com/r/CoronavirusCanada/comments/fcxp0y/no_masks/,15,2020-03-03 12:07:06,"I went to the stores in my city , Walmart and Costco, and no one sold masks. I want to stock up on supplies just incase CoronaVirus or COVID-19 enters Alberta. What do I do? And why can't I get them?",cute_creep,0.5,/r/CoronavirusCanada/comments/fcxp0y/no_masks/,t5_2f8l28
40,Analysis of the evidence shows that #Corona pandemic could be over faster than most people expect.,0,fn0i3g,https://threader.app/thread/1240709966404571136,7,2020-03-22 10:10:33,,Martine_V,0.42,/r/CoronavirusCanada/comments/fn0i3g/analysis_of_the_evidence_shows_that_corona/,t5_2f8l28
41,"The New Corona Virus NCOV May Have Started In Europe First, But Not China",0,fmxcva,https://www.reddit.com/r/CoronavirusCanada/comments/fmxcva/the_new_corona_virus_ncov_may_have_started_in/,0,2020-03-22 05:40:00,"**The New Corona Virus NCOV May Have Started In Europe First, But Not China**

Bunch of puppet stupid leaders !!!

The number one priority now is save people, seeking solution/cure by all cost, not some blaming game only cause the situation more worst.

If the authorities do not know and sure what are they talking about, then they better shut up.

Instead they are talking without thinking and care about the outcome after.

The China want to erase the bad reputation about Wuhan China virus, but they cannot blame the US Military/Agents because:  
 – Where is the proof, evidence ?  
 – If it was an attacked by outside then it must appear in all cities simultaneously but not only in one Wuhan city alone.

**If I in charge of China, the most safe way to “remove” that bad reputation must be:**  
 – Look, the NCOV COVID-19 in Europe is much more stronger than in the Wuhan, China.  
 So it could start in Europe first but it was covered up and ignored by the authorities just like today.

Or it could be appeared at the same time in both Europe and Asia. But because the Chinese people smaller and the immune system body as much strong as the European one, that why the result appear first in Wuhan, China. But the fact it was started at the same time in both Europe and Asia by “cannot verify proof forces”.

What the USA responded are just bunch of non-thought stupid action & talks.

They need to remember the USA is an immigration include Asia, Europe, Africa, South America people, so any “blaming” words on any group only make the situation worst.  
 

Frankly the USA on verse of an total collapse not just economy and life as well.

I know many of secret agents have watched and know my blog and my “crazy correct” information about this pandemic event.

The only choice for them is seeking help from. Outside me, there is no any player can help them !!!

The time is ticking, the NCOV legendary beast is evolving and upgrading rapidly.

You have more chance to survive if listen and follow whatever entity claim have the solution/cure, rather than the group still finding/speculating and do not have any confident able to solve this crazy deadly event.

Best Regard,  
 **The Savior**

**Source: theworld.data.blog/2020/03/22/the-new-corona-virus-ncov-may-have-started-in-europe-first-but-not-china/**",Past_now_Future,0.17,/r/CoronavirusCanada/comments/fmxcva/the_new_corona_virus_ncov_may_have_started_in/,t5_2f8l28
42,Pretty masks,0,fuswbh,https://www.reddit.com/r/CoronavirusCanada/comments/fuswbh/pretty_masks/,18,2020-04-04 08:29:21,"So I am all for wearing a mask to protect myself from Corona, but I’ll be honest they are very tacky looking. 

Is there anywhere in Toronto I can buy some N95 with maybe a floral pattern or something cute? I like bright colours and flower patterns and these masks don’t match anything I wear! 

I am practicing social distancing but I still want too look cute when going for walks on the waterfront! 

Thanks in advance",TheBitchCarolBaskins,0.33,/r/CoronavirusCanada/comments/fuswbh/pretty_masks/,t5_2f8l28
