,title,score,id,url,comms_num,created,body,author,upvote_ratio,permalink,subreddit_id
0,How to build covid vaccine trust for someone who is vaccine hesitant,22,obdsbt,https://www.reddit.com/r/CovIdiots/comments/obdsbt/how_to_build_covid_vaccine_trust_for_someone_who/,26,2021-07-01 00:02:57,"My friend is extremely hesitant to get vaccine saying not enough data! She is extremely cautious about covid 19 but vaccine issue she is scared of long term effects. Side effects! She is not anti vaxx at all but she is scared to get the vaxx. 

How can I help? She says I want to get it cause she is afraid catching coronavirus and having long term effects. At the same time don't have trust in vaccine. Context from India. So it's covaxin n covishield.
Mostly covaxin for 18+.

She also has a history of allergies as a kid don't know what triggers it. 

She asks me for advice idk wt to do",hayleybts,0.79,/r/CovIdiots/comments/obdsbt/how_to_build_covid_vaccine_trust_for_someone_who/,t5_2hzjsw
