,title,score,id,url,comms_num,created,body,author,upvote_ratio,permalink,subreddit_id
0,"So, my dentist tells me that there is no such thing as a COVID vaccine...",128,mv596k,https://www.reddit.com/r/covidlonghaulers/comments/mv596k/so_my_dentist_tells_me_that_there_is_no_such/,69,2021-04-20 21:20:39,"What would you do if you found out that the dentist you were planning to see in 2 weeks is a conspiracy theorist nutjob?  I'm just recovering from over one year of longhaul COVID, and I don't want to take unnecessary risks with all the variants out there, from South African to UK to whatever they name tomorrow.

I depend on him believing in science, to keep me safe.  Now when I asked about COVID precautions in the office prior to my appointment, they put me on hold 5 minutes and then Dr. Dickhead, DDS, comes on the line in a spirit of aggressive hostility, immediately suggests that maybe I want to find another dentist if I have COVID safety concerns, and he tells me that ""COVID data is inflated,"" that he's ""been reading a lot about the truth about how the vaccine was developed,"" that ""there isn't really a vaccine for COVID, not really, and what they have is something else,"" and he spewed so much bullshit I coud barely take it.  I mean this fucker was one step away from tryna tell me that there's a fuckdang microchip in the vaccine.

Obviously, I gotta find a new dentist.  Obviously, right?  Wouldn't you?

But mostly I'm just posting here to say, I'm fucking sad, angry, and hurt that this ""medical professional"" is out there spewing this absolute bullshit, all Q bullshit theories that he has been fed by foreign disinformation agents.  I didn't ask, but I guaranfuckingtee you I know how he voted in 2020, and he believes with every fiber of his being that reliable news comes from Facebook instead of fucking Washington Post or real journalist sources.  My problem isn't just that he's wrong, my problem is that if he doesn't believe in basic fucking science, how can he be a good dentist?  He's a fucking moron.",Brills12,0.92,/r/covidlonghaulers/comments/mv596k/so_my_dentist_tells_me_that_there_is_no_such/,t5_2wizt3
1,"I am mostly better, but it took a massive dietary shift. Sharing in case it helps anyone.",66,np9uur,https://www.reddit.com/r/covidlonghaulers/comments/np9uur/i_am_mostly_better_but_it_took_a_massive_dietary/,51,2021-05-31 14:23:17,"Hi friends, I have the same story as a lot of you and I want to share in case it helps anyone, even a little.

I've had covid twice. First time March 2020, second time December 2020. I was also diagnosed with mononucleosis, ironically the day before I started first feeling covid symptoms, due to reactivated (I already had the virus and it reactivated in my body due to stress after pregnancy) Epstein-Barr Virus.

The first time, no one knew what was happening to me and told me it was a cold or whatever, but I knew it wasn't. I got the whole rainbow of symptoms, from covid toes to brain fog to anosmia to POTS, I just never had a bad cough. Fever daily for 2 months. Never hospitalized. Off work for 2 months, slowly went back until I quit in November. 

I spent all 9 months from March to December trying to get better. From a combo of supplements (I'll detail at the bottom), learning to rest, reducing my workload, and increasing humidity (really) I would say I went from 10-20% of usual functionality back up to about 65%. Then... covid again.

December I got the worst migraine I've had in years (and I am treated for chronic migraine so this is saying something). I now know that was it entering my brain lol. Yay! Migraine went away, felt fine. I ordered some food and thought it was undersalted. The next day ordered a test when I started having other mild symptoms and no taste. Positive.

The second case was SO much milder than the first one. I suspect it was the UK variant. Fatigue, foot pain, some brain fog, disassociation, depression, loss of taste and smell, but I was feeling pretty good within a week. Obviously still isolating. I was shocked as within a few more weeks, a lot of my lingering previous longhaul symptoms (like some of the POTS stuff) were resolving! On good days I was already back up to 65% of usual functionality instead of that taking 9 months like last time!

Like many, I think this secondary immune response (via getting it the second time or getting an MRNA vax) seemed to really push my body's healing power into overdrive, and 3 weeks after getting covid I was feeling better than I had 3 weeks *before* getting covid.

EXCEPT - one HUGE thing that I never would have considered if my pod who also got sick weren't experiencing the same thing.

Fucking gluten. I am (was) an avowed gluten enthusiast. One person in my pod noticed he suddenly couldn't drink beer, not even one, without getting extremely sick. He threw up after eating garlic bread. We started connecting dots. The other was already iffy on gluten but now was EXTREMELY sensitive to it.

I slowly realized (to my horror) that how good I felt? It was like the feeling-good balloon would pop some days and then I'd feel like I had a hangover for two days. Then I'd feel good, then suddenly hangover again, without drinking. 

It was gluten. Something happened to me during covid round 2. I am predisposed to Celiac disease due to my Epstein-Barr Virus and autoimmune conditions in my family and will get tested but let me tell you, accidentally eating gluten causes so much discomfort, pain, and even psychological distress. I have learned this is common. Not just ""dang it I ate gluten!"" but an actual fog of really deep anxiety and depression until my system flushes it out. I get a sour stomach like I drank too much draft beer from a bowling alley with dirty keg lines. I get a migraine. I get joint pain and fatigue. I get sad.

Horrifyingly, my other favorite thing is cheese, and I now also have a reaction to two dairy proteins - whey (e.g. I had to get rid of every one of the whey protein products I relied on during my first longhaul covid stint) gives me this horrible physical discomfort, it's so painful. It must be systemic inflammation, it's kind of like getting a flu. Casein, too, but this can avoided by ingesting sheep's or goat's milk dairy, or drinking A2 dairy, which contains a more digestible form of casein. 

***So in sum, within a week of getting covid for the second time, I developed three moderate-to-severe food intolerances - casein, whey, and gluten.***

When I avoid these items, my body kicks up to 85-90% of full capacity. I may always have some of these POTS symptoms and I rest a lot more than I ever did, but I am strong again. I can walk. Brain fog is gone. I feel good, guys.

When I ingest these items, especially gluten, I'm right back down to 20-30%. If I hadn't figured this out I could have been poisoning myself over and over and over. It's awful going without gluten and learning what I can and can't eat, but this is the best time ever to be gluten-free and feeling this good is worth not eating sourdough.

If nothing is working for you, I recommend giving yourself a two-week trial period of going without gluten (completely) and ideally at least cutting out whey if not whey *and* casein to see if your symptoms improve, at all. I am stunned at this development and will get tested for celiac when I can but for now, this diet is *working*.

PS - I do have to say, I had a MAJOR month-long (maybe two) flare from my J&J covid vaccine. It felt like getting mild covid. But I am better now. I just did everything I do for longhaul and slept as much as I could and gritted my teeth.

***Please, don't give up. There is hope. The virus is tricking you into believing there is not. It literally causes disassociation and depression and anxiety on top of all your physical suffering. What you are experiencing is real, and doctors and scientists and citizens like us are out there, working on it. Please keep going. I know it's hard, I know you may feel alone in the world, but you are not and we are right here with you. And right now is a better time than ever in history to have hope that this will get better with new treatment and time. Please hang on. Help is coming***

And until then, I hope this post helps someone.

My supplement list:

* Taurine - Wakes me up
* B-complex (including niacinamide and biotin) - Energy, skin/hair 
* Iron - Virus-induced anemia
* Vitamin D - Live in a Northern climate plus viral deficiency
* Daily multivitamin (including Zinc)
* Collagen powder - Joints, skin, hair 
* Inositol - Immune bolstering and hormone balance
* Omega 3s - Heart health, depression
* GABA - At night for anxiety, helps me sleep and relax
* SAM-e - Depression, ADHD (please read warnings re: bipolar disorder and/or serotonin syndrome before taking)
* St. John's Wort - Depression (Please read warnings re: serotonin syndrome before taking)

As needed for gluten intolerance:

* Digestive enzymes for gluten, casein ingestion (e.g. GlutenEase)
* Insoluable fiber
* Activated charcoal for gluten, casein ingestion

When I feel a mono flare coming on but this combo may actually help you with long covid as it is anti-viral:

* Monolaurin
* Mushroom powder (used to take Jarrow brand)
* Olive leaf

I've tried it all and this list is what works from me. YMMV with all of this and I'm not a doctor. I also take 50mg Zoloft per day.

* Humidifier and air purifier - I have gotten such relief from moving to a damper climate. If you can't do that, increase your humidity with a humidifier. I also though air purifiers were bunk but no, they help me too. 🤷‍♀️

Surprises sources of gluten and/or whey:

* Drinks (malted anything)
* Juice (I got some surprise whey in juice and felt awful)
* Supplements (I vomited after taking a turmeric supplement I used to take fine because it is processed in a factory that processes wheat)
* Sauces (soy, oyster, hoisin, check labels)
* Rolled oats unless certified GF 
* Some lotions and lip balms (sigh)
* Some vape juices
* Extracts and seasonings (if processed near wheat - examples, Better Than Bouillon brand and vanilla extract)

Good luck, friends. You can do this and you are NOT alone.",Party_Goat_,0.97,/r/covidlonghaulers/comments/np9uur/i_am_mostly_better_but_it_took_a_massive_dietary/,t5_2wizt3
2,What solved my fatigue (long hauler since March 2020),17,o6ya17,https://www.reddit.com/r/covidlonghaulers/comments/o6ya17/what_solved_my_fatigue_long_hauler_since_march/,25,2021-06-24 06:36:42,"Hello! \[24F here\]

I'm a long hauler and have been since March 2020 (almost 16 months) and I thought I'd post here with my experiences of one specific symptom I successfully managed to overcome: long covid fatigue. 

I've had a MYRIAD tests and got tons of doctors' opinions. A doctor dx'd me with chronic fatigue syndrome (CFS). But I was determined not to have it. I know that sounds dumb, how can someone choose not to have it? Well I did have a form of it (due to Long Covid) but I knew it wasn't one of the forms that lasts for the rest of your life. Or at least I believed in it 100%. 

So I took it step by step. I went from not being able to stand for more than a couple minutes at a time, to now going to the gym every other day and being able to get stronger, lift weights, run, breathe. For me I lost a lot of weight because of covid, I've always been very slim and athletic but with covid I became borderline anorexic - my BMI was incredibly low. So I had to combine all this with supplements and increasing my caloric intake. I know this is different for other covid patients - I understand some other people have been gaining weight or struggling with that side of things but sadly I can't give any advice on that. 

**Supplements that I've been taking for a year which** ***have*** **helped me (based on doctors' advice):** 

B Complex (not just B-12 - that one didn't do anything for me), Vitamin D in 1000IU, Magnesium with Zinc, Probiotics every day. Also added a ton of turmeric to my diet as well as other anti-inflammatory foods.

I have a lot of other symptoms still (POTS & asthma/lung damage being some of them) so I won't mention them here. But after reading how some people overcame CFS and even improved after Long Covid I made a **schedule** specifically to combat the fatigue, casually increasing the intensity of tasks:

Week 1: Stand up and do casual, easy tasks around the house

Week 3: Take a gentle walk around the neighbourhood for 10 minutes

Week 5: Take a walk for 30 minutes

Week 7: Go on a gentle hike on rougher terrain, for 30-40 minutes 

Week 10: Start doing regular stretching alongside walks

Eventually I made it to the point where now I'm running 5k at the gym every other day, lifting light weights (I'm still underweight and have very little body fat so trying to build muscle and gain weight is my current goal - I wouldn't attempt lifting more than 4kg on each arm), etc. Some exercise classes are still too difficult for me at the moment due to being still too weak but I'm working on that. I KNOW I'll get better!

I understand everyone is different and that's something to keep in mind - for me my fatigue took about 10 months to mostly resolve, and 12 months to fully resolve. Now my main issues with LC are respiratory and the POTS. I'm also in (private not NHS lol) therapy trying to go through all this in a safe space and it's really helped too. In general I think it is different for everybody, and I think it depends on your age, weight, general health, and even your pre-covid fitness level. I was a semi-pro athlete in my teens so I already know how training plans work, and even for Olympians, the plan is always to take it step by step. Simplify it and do it as much as you can with as much patience as you can fathom.

I also got the AstraZeneca vaccine here in the UK all the way back in February due to my underlying condition (severe non-allergic asthma) and that's basically what sealed the deal for me. After that my fatigue was basically gone after 2 weeks. A lot has been said about its effectiveness but here in the UK it's still very well regarded and it's one of the most effective vaccines against covid-19 and has a very high protection against variants. 

x",lovetempests,0.95,/r/covidlonghaulers/comments/o6ya17/what_solved_my_fatigue_long_hauler_since_march/,t5_2wizt3
3,"“The virus that eventually won out — which had the D796H mutation and ΔH69/ΔV70 deletions — initially gained the upper hand during convalescent plasma therapy before being overtaken by other strains, but re-emerged when the therapy was resumed. One of the mutations is in the new UK variant, ...""",6,lglwwm,https://scitechdaily.com/new-research-highlights-risk-of-new-covid-mutations-emerging-during-chronic-infection/,0,2021-02-09 23:30:48,,Extreme-Owl-7934,1.0,/r/covidlonghaulers/comments/lglwwm/the_virus_that_eventually_won_out_which_had_the/,t5_2wizt3
4,Miraculous Recovery - J&J vaccine could possibly explain?,5,mwfogo,https://www.reddit.com/r/covidlonghaulers/comments/mwfogo/miraculous_recovery_jj_vaccine_could_possibly/,8,2021-04-22 17:44:46,"Fellow long-haulers, 

I wanted to share my personal experiences with the long haul community in the hopes that it provides some hope, and to perhaps discuss how my recovery process could help others. 

&#x200B;

I contracted the B117 (UK) variant on March 1st, confirmed by a saliva test done by my University. I am a reasonably healthy 20 y/o male and was lifting and doing Jiu-Jitsu regularly before I got sick. I experienced most symptoms of coronavirus when I was sick: SOB, mild cough, episodes of fatigue, mild fever, mild chills, lost smell & taste for a few days, etc. None of these symptoms were especially bad. I also noted 1 or 2 episodes of very mild brain fog/headaches. 

&#x200B;

Within \~2 weeks I had more or less completely recovered and was lifting and grappling fully. My lungs lagged behind a bit and it took me another week for my stamina to return to normal. I should also mention I take Desoxyn (methamphetamine HCL) 25mg daily for ADHD & ASD in addition to supplementing magnesium, vitamin D, zinc, fish oil, and B-12. 

&#x200B;

I was completely fine for a month and was feeling better and better as I started getting more into lifting. My diet could use some work but I'm pretty skinny and with the amount of exercise I was doing it evened out. Suddenly, after 1 month of being completely healthy (6 weeks post infection), I started to develop long-haul symptoms. I should note that I got the J&J vaccine roughly 3 days after long-haul onset. My response to the vaccine was relatively normal (chills, fever, insomnia) afaik. 

&#x200B;

I quickly became plagued with headaches and nasty brain fog, alternating between anxiety attacks and episodes of total apathy. My sense of direction and time were completely fried and my head was pounding constantly. Adrenaline rushes and GI issues joined the party along with SOB, phantom smells, and post-exercise malaise. 

&#x200B;

I immediately began eating emergen-C packets before bed and started regulating my sleeping schedule as much as I could. About a week or so after onset of long-haul symptoms, I started to descend into total delirium; when I shut my lights off to sleep I felt as if there was something/someone behind me or outside my window trying to kill me. I could logically ground myself to reality but anyone or anything I looked at *felt* as if it had some sinister intent. My heart rate was through the roof and I didn't sleep all night. I also noticed MCAS onset around this point. 

&#x200B;

That was my lowest point - neurologically I started to rebound after that and have noticed most of my symptoms have disappeared or are now extremely mild in comparison. The totality of it was roughly 2 weeks. As of right now I only notice a phantom smell or so and flaring of MCAS around when I sleep. I'm thinking that my timing of getting the vaccine may have alleviated further progression of my symptoms. I'm surprised that I feel as good as I do and am praying I don't have a relapse. 

&#x200B;

I may be getting to ahead of myself at this point but I have not found any other posts indicating a recovery timeline in the span of weeks rather than months. The timing of my vaccine shot may explain. There is also some studies suggesting that low-dose methamphetamine use (i.e. me taking my medication) significantly increases recovery outcomes in those with TBI. I don't know if we can associate my use of medication with my rapid neurological recovery, but I feel sharing can't hurt. 

&#x200B;

This was written hastily because I don't want to makeup all the work I've missed when my brain fog was peaking lol.",throwmeaway1344,0.73,/r/covidlonghaulers/comments/mwfogo/miraculous_recovery_jj_vaccine_could_possibly/,t5_2wizt3
5,Day 25 (non-long hauler),1,nrrycd,https://www.reddit.com/r/covidlonghaulers/comments/nrrycd/day_25_nonlong_hauler/,1,2021-06-03 20:12:51,"Hello all.

My symptoms started back on mothers day May 9th beginning with sore throat followed by chest tightness and coughing the next day.

 I developed GI symptoms quite rapidly but never had nausea or vomiting in the early stages. 

My lower respiratory symptoms peaked around 6 or 7 days after my first symtoms and a minor pneumonia was detected via xray. 

The attending doctor prescribed me Dexemethasone at the time as well as clarithromycin for a course of 6 days. This would of been around the 16th of May. 

May 17th through May 24th was a real struggle in trying to isolate and even sleep. My sleep hadn't been great in the previous week but the second week was filled with nights of uncontrollable sweating and insomnia.

 I tried various treatments including melatonin, zopiclone and lorazepam to virtually no success. The only sleep I could ever manage was 1-2 hrs at a time when I was dead exhausted and had my anxiety in control.

May 25 things started to change. My stools had finally returned somewhat. The colour was off and they would disintegrate but previous to that it was virtually all diarrhea. My lungs seemed to be improving or had stopped declining. That cough that came from me taking deep breaths - gone. However some new symtoms started to present at this point.

My throat was noticeably more irritated (not painful) which led to a bad coughing fit on the 25th causing me to have a hard time swallowing liquids. At this time I was having persistent nightly low grade fevers in the range of 99.0 - 100.0. Not super hot but uncomfortable enough to treat with tylenol.

This has basically persisted for 10 days now. My appetite is back - my lungs are improved and heart feels fine but ever day feels like a persistent slow decline into mild fever/general malaise. I have a new cough that comes from my throat that is easily triggered when talking or breathing through mouth. Sleep has improved.

I know my early symptoms suggest moderate/severe covid but did anyone experience a similar course? 

Forgot to mention that this was the UK variant.",Remarkable-Pea1221,1.0,/r/covidlonghaulers/comments/nrrycd/day_25_nonlong_hauler/,t5_2wizt3
