,title,score,id,url,comms_num,created,body,author,upvote_ratio,permalink,subreddit_id
0,Patient in ICU went on racist rant,196,l4ezpx,https://www.reddit.com/r/CovIdiots/comments/l4ezpx/patient_in_icu_went_on_racist_rant/,38,2021-01-24 22:33:25,"My patient today had Fox news on for my whole 12 hour shift. One story headline read ""UK variant of China Virus..."" and I wondered why he told me we should be nuking Wuhan earlier 🙄. And why he acted like such a jerk to some Asian coworkers 🤔 that station looks like pure hate filled propaganda",COVIDNURSE-5065,0.97,/r/CovIdiots/comments/l4ezpx/patient_in_icu_went_on_racist_rant/,t5_2hzjsw
1,"R/Coronavirus, and the distortion of reality occurring on this subreddit",35,oarp9m,https://www.reddit.com/r/CovIdiots/comments/oarp9m/rcoronavirus_and_the_distortion_of_reality/,51,2021-06-30 02:55:10,"I saw highly upvoted post here criticizing r/Coronavirus, and proclaiming it to be a cesspool of covid denial, with a lot of criticism directed at the attitude of “Im fully vaccinated I can ditch my mask”.

Il shock everyone here; this is the correct attitude, and it is in-fact this subreddit which has slowly become distanced from reality.

I will post here a comment I made on r/Coronavirus to explain why.

On Israel:

According to Public Health Services head Dr. Sharon Alroy-Preis, as of Wednesday night some 891 people had been diagnosed with coronavirus in the last month, 50% of whom were fully vaccinated. Health Ministry director-general Chezy Levy further clarified that the last 99 infected people over the age of 16 had been fully vaccinated and 39 had not.

Scott Gottlieb on that bit of news: https://twitter.com/jason_kint/status/1408894300675620865?s=21

Real world study from the lancet showing the Pfizer vaccine to have a 79% efficacy at preventing infection against *all* infection (both symptomatic infection) caused by Delta.

https://www.thelancet.com/journals/lancet/article/PIIS0140-6736(21)01358-1/fulltext?dgcid=raven_jbs_etoc_email

Latest PHE data showing protection against hospitalization being *higher* against Delta than Alpha, and efficacy against symptomatic infection being 79% *including both AZ (which has lower efficacy) and Pfizer/Moderna vaccines*

https://assets.publishing.service.gov.uk/government/uploads/system/uploads/attachment_data/file/996740/Variants_of_Concern_VOC_Technical_Briefing_17.pdf

Also, PHE data showed 88% efficacy specifically for the Pfizer vaccine against symptomatic infection.

Vaccines remain highly effective against Delta. If you are vaccinated, it is not a concern for you. This is the opinion of every reasonable public health expert as well, and it’s supported by robust. The studies I presented here are large, robust and real world. You can also take a look at lots of in vitro neutralization studies. I encourage to look at all the stuff I linked.

So, why is this stuff so important? I’m trying to help you guys out. You do not need to be terrified, or worried much about dying or even getting sick with covid if you’re are vaccinated. Delta has not changed this. This is likely why many here seem to be feeling ostracized by others that may have once agreed with them; the data simply no longer supports many of the views expressed on this sub. 

1. But what about the UK?

The UK only very recently started vaccinated young adults, where the vast majority of infections are concentrated. They are using a lower efficacy vaccine as well. Despite this, deaths in the UK have not risen, and hospitalizations have barely risen. This is undeniable 

2. But what about Israel? 

Already partially addressed above, but along with this Israel is seeing a decline in cases in major outbreak locations. Israel also only just recently starting vaccinating the 12-15 age group, vaccines weren’t even recommended to this group up until very recently. The vast majority, and I mean over 2/3 of new infections were in this unvaccinated age group (a large age group in Israel, by the way). 

3. But what about vaccinated people getting infected and spreading it?

There’s been lots of data showing that even if you have been vaccinated and are infected, transmission is substantially reduced. I’m sure you’re all aware of these studies. This has held true for ancestral variants, and in vitro testing as well as real world efficacy doesn’t give us any reason to think Delta will differ significantly (maybe it will be a little less, given the slightly lower overall vaccine efficacy when Delta is involved). As well, efficacy against asymptomatic infection (as in, contracting the virus at all) is strong. 

4. The CDC?

Anthony Fauci stated today that the CDC would not be altering its recommendations concerning vaccinated people and masks, given all the available data. I encourage you all to listen to everything he said today. I was quite shocked to see a post here declaring how the CDC would inevitably recommend masks again, what was most disappointing was the amount of upvotes, the post was not based on *any* substantial data.


Those here can continue to wear masks and social distance, etc. But I’m just trying to show and explain why expressing the beliefs that everyone should continue to wear masks or abide be these restrictions while vaccinated is now extremely unpopular, as it’s no longer based in any science. No one here should be made to feel awful about continuing these measures (unless perhaps they are having other deleterious effects) but it is best to remember that it is no longer needed or supported in the eyes of science. In terms of the Delta variant, the risk to those vaccinated is at best, negligibly greater than against ancestral variants.

What I posted here is also, quite frankly, just scratching the surface. I’m sure this post will elicit lots of contrasting opinions, but I implore everyone to always remember *what the science says*.",zogo13,0.73,/r/CovIdiots/comments/oarp9m/rcoronavirus_and_the_distortion_of_reality/,t5_2hzjsw
2,"Another day, another news story about covidiotassholes begging us 'deep state demoncrats' to play them a sob song on our tiniest violins. Won't you join me in the banquet of schadenfreude, dear demoncratic friends? ;)~",26,ozlq9g,https://www.reddit.com/r/CovIdiots/comments/ozlq9g/another_day_another_news_story_about/,11,2021-08-06 23:25:17," **They rejected coronavirus shots in vaccine-rich countries. In the hospital, they changed their minds.** 

 **By** [**Jennifer Hassan**](https://www.washingtonpost.com/people/jennifer-hassan/) **and**[**Adela Suliman**](https://www.washingtonpost.com/people/adela-suliman/)**August 6 at 2:36 PM**

LONDON — The fit and healthy bodybuilder in England. The religious woman from Canada. A conservative talk radio host in Tennessee.

All chose not to get vaccinated against the [coronavirus](https://www.washingtonpost.com/coronavirus/), despite living in countries where doses are plentiful. But after contracting the disease and falling severely ill, they have since expressed an overwhelming sense of regret and urged others not to make the same mistakes they did — some just days before they died.

John Eyers, from the seaside town of Southport in England, loved hiking, camping and running. The 42-year-old competed in ironman challenges, triathlons and bodybuilding competitions. Four weeks before Eyers died of the coronavirus in the hospital, he had posed for photographs posted on[ Facebook ](https://www.facebook.com/profile.php?id=1423494946)standing atop the Welsh mountains.

His twin sister, Jenny McCann, wrote on [Twitter ](https://twitter.com/jennyeye/status/1422218918387724289)this week that he was the “fittest, healthiest” person she knew but explained that he had a “belief in his own immortality.”

 She said the hospital did everything to save him, but he died as a result of infection and organ failure.

Eyers, who was placed on a ventilator, told a nurse shortly before he died that he “wished he had been vaccinated,” McCann said.

These stories offer a window into the dynamics behind the global inequality of vaccine distribution. Eyers’s story gained widespread attention in the United Kingdom, where some [88 percent](https://coronavirus.data.gov.uk/details/vaccinations) of those age 18 and over have received at least one shot, but officials are weighing how to convince swaths of the younger population to get inoculated, especially given that [vaccinating children](https://www.washingtonpost.com/world/europe/covid-vaccine-teens-uk/2021/08/04/a59198a6-f45c-11eb-a636-18cac59a98dc_story.html) is proving highly contentious.

The United States, where some [58 percent](https://covid.cdc.gov/covid-data-tracker/#vaccinations_vacc-total-admin-rate-total) of the total population have received at least one dose, and Canada, where [70 percent](https://health-infobase.canada.ca/covid-19/vaccination-coverage/) have, face similar issues even as regions such as Africa and much of Asia struggle to get vaccine supply at all.

In Canada, 33-year-old Katharina Giesbrecht, a follower of the Mennonite faith, believed she didn’t need to get vaccinated because God would protect her from the virus. “He knows what the next step is, whether we die or we don’t,” she [told Canada’s CBC News](https://www.cbc.ca/news/canada/manitoba/southern-manitoba-winkler-covid-vaccine-hesitancy-1.6049024).

 Giesbrecht, who lives alone in the province of Manitoba, said she contracted the disease in May, despite wearing protective gear when leaving the house. She said she feared she would die as her breathing became worse, eventually landing her in the hospital with pneumonia. Now, Giesbrecht says she has since booked her vaccine and wants to encourage others who are religious and hesitant to receive their doses, too.

“God gave us doctors for a reason, and medicine that we can use to help us feel better,” Giesbrecht told CBC. Hospital officials from the Boundary Trails Health Center, southwest of Winnipeg, where Giesbrecht received treatment, told CBC in June that nearly all patients admitted with covid-19 had been unvaccinated.

“I should have gotten the damn vaccine,” 39-year-old Micheal Freedy of Las Vegas texted his fiancee, Jessica DuPreez, shortly [before he died ](https://www.washingtonpost.com/nation/2021/08/01/micheal-freedy-covid-death-vaccine/)of the coronavirus, which put him in an intensive care unit last month.

 Freedy was not opposed to vaccination, DuPreez[ told The Washington Post](https://www.washingtonpost.com/nation/2021/08/01/micheal-freedy-covid-death-vaccine/) this week. But like many Americans who have yet to get their shots, the father of five wanted to wait and learn more about how people reacted to the vaccines before he got inoculated.

“I would take a bad reaction to the vaccine over having to bury my husband. I would take that any day,” Freedy’s fiancee, who is now an avid campaigner for people to get vaccinated, told CNN.

 In Tennessee, conservative talk radio host [Phil Valentine](https://twitter.com/DaveRamsey/status/1421086693617291265), who publicly espoused his skepticism toward vaccines, was hospitalized because of the virus last month and his family says he has been in critical condition, requiring treatment on an ECMO machine — a last resort for covid-19 patients whose oxygen levels remain low even on ventilators.

“Phil would like for his listeners to know that while he has never been an ‘anti-vaxer’ he regrets not being more vehemently ‘Pro-Vaccine’ and looks forward to being able to more vigorously advocate that position as soon as he is back on the air, which we all hope will be soon,” Phil’s brother Mark Valentine [wrote ](https://www.facebook.com/mark.valentine.7543)on Facebook, urging the public to get vaccinated.

 

Only about 39 percent of the population in Tennessee is fully vaccinated, one of the lowest rates in the country, according to a Washington Post [tracker.](https://www.washingtonpost.com/graphics/2020/health/covid-vaccine-states-distribution-doses/)

A Tennessee legislator, state Rep. David Byrd (R), has had a similarly converting experience. He went from participating in unmasked gatherings to being placed on ventilator for 55 days. After a harrowing eight-month battle with covid, he is now urging his constituents and other Americans to take the virus more seriously.

“It is a disease that wants to kill us,” [Byrd said in a statement](https://www.washingtonpost.com/politics/2021/08/01/david-byrd-covid/). “This is not an issue that should divide us.”

 A surge in coronavirus cases in the United States due to the more transmissible delta variant has also caused a [groundswell of impatience](https://www.washingtonpost.com/health/2021/07/31/vaccinated-angry-at-unvaccinated/) and even rage from Americans who got their shots months ago, toward those whose resistance won’t budge. States are reimplementing mask requirements, corporations are delaying their returns to the office and support is building for more coercive ways to tamp down the virus’s spread, including [vaccine mandates.](https://www.washingtonpost.com/nation/2021/08/06/coronavirus-covid-live-updates-us/?itid=sf_coronavirus_aboutUS-top-table)

A poll this week found that just over half of unvaccinated adults (53 percent) said they believed getting vaccinated posed a bigger risk to their health than getting infected with the coronavirus, [according to a survey](https://www.washingtonpost.com/nation/2021/08/04/kff-poll-coronavirus-vaccine-unvaccinated-americans/) by the Kaiser Family Foundation on Wednesday.

Officials in the United States have [said ](https://www.washingtonpost.com/health/interactive/2021/unvaccinated-case-rate-delta-surge/)that cases are primarily occurring in unvaccinated populations.

 

In Italy, almost 99 percent of those who died of covid-19 since February were not fully vaccinated, the country’s National Health Institute [said ](https://www.reuters.com/world/europe/italy-says-99-covid-deaths-since-feb-were-not-fully-vaccinated-2021-07-27/)last week. The data found that the few fully vaccinated people who died of covid were significantly older than those who died without getting a full course of immunization, and had more underlying health problems before contracting the virus.

Meanwhile, Britain’s chief scientific adviser, Patrick Vallance,[ said ](https://www.reuters.com/business/healthcare-pharmaceuticals/60-people-being-admitted-uk-hospitals-had-two-covid-jabs-adviser-2021-07-19/)last month that 60 percent of people being admitted to British hospitals with the coronavirus were unvaccinated.

In Israel, where more than 60 percent of people have received at least one dose, there is a vocal minority of so-called “refuseniks,” especially among the [ultra-Orthodox community](https://www.washingtonpost.com/world/middle_east/ultra-orthodox-israel-police-covid/2021/01/25/2438e840-5ee3-11eb-a177-7765f29a9524_story.html), according to Health Ministry [data published](https://www.reuters.com/world/asia-pacific/indonesia-finds-covid-deaths-more-than-three-times-higher-unvaccinated-2021-08-05/) on Thursday.

 

Although more than [4.36 billion vaccine doses](https://ourworldindata.org/explorers/coronavirus-data-explorer?zoomToSelection=true&pickerSort=asc&pickerMetric=location&Interval=Cumulative&Relative+to+Population=false&Align+outbreaks=false&country=~OWID_WRL&Metric=Vaccine+doses) have been administered globally, according to Our World in Data, a research organization, just [1.1 percent ](https://ourworldindata.org/grapher/share-people-vaccinated-covid?country=High+income~Upper+middle+income~Lower+middle+income~Low+income)of people in low-income countries have received at least one dose — highlighting the deep socioeconomic divides that persist in this pandemic.

But the stories from — and about — the ex-vaccine-resistant may have the potential to convince others.

Chris Downham, a friend of Eyers from England, wrote on Facebook: “I was on the fence about getting the vaccine, I thought I’d wait a year or so after all I am never ill and surely would have no problems even if I caught COVID. I even posted on Facebook with this kind of sentiment.”

“How wrong I was,” he continued. “I played hockey with John Eyers and still can’t believe that the fittest guy I knew has died from COVID. I expect he’d do things differently if he had the chance.”

&#x200B;

[https://www.washingtonpost.com/world/2021/08/06/covid-vaccine-hesitant-voice-regrets/](https://www.washingtonpost.com/world/2021/08/06/covid-vaccine-hesitant-voice-regrets/)",Asleep_Macaron_5153,0.93,/r/CovIdiots/comments/ozlq9g/another_day_another_news_story_about/,t5_2hzjsw
3,"Florida Man may actually be patient zero of so-called ""UK variant""",17,l79rer,https://www.tallahassee.com/story/news/local/state/2021/01/28/b-1-1-7-covid-variant-spread-across-florida/4290193001/,1,2021-01-28 16:41:44,,LadyPineapple4,0.88,/r/CovIdiots/comments/l79rer/florida_man_may_actually_be_patient_zero_of/,t5_2hzjsw
