,title,score,id,url,comms_num,created,body,author,upvote_ratio,permalink,subreddit_id
0,The CDC confuses me,42,nzd69v,https://www.reddit.com/r/covidlonghaulers/comments/nzd69v/the_cdc_confuses_me/,14,2021-06-13 23:09:58,"I’m confused. There must be something wrong. I feel like the CDC doesn’t give a shit about us. 

* Lower end of the estimated long haulers in the US: 3 million (10% of all Covid infections). No guidance issued for almost a year since the CDC acknowledged that as many as 1/3 non-hospitalized Covid patients are long haulers. No approved treatment. 

* 226 confirmed cases of myocarditis or pericarditis in people ages 30 or under after the vaccine (about 0.00015% of the 141 million fully vaccinated). An emergency hearing is scheduled for 8 days after the new report. 

1. July 24, 2020 or earlier: The CDC acknowledges that as many as 1/3 of non-hospitalized Covid patients are not back to their usual health up to 3 weeks after diagnosis. 

2. April 28, 2021: During the FIRST confessional hearing on long covid, entitled “The Long Haul: Forging a Path Through the Lingering Effects of Covid-19,” John Brooks, Chief Medical Officer of the CDC, testified that the “CDC is working on interim guidance for health care providers on long COVID.”

3. April 28, 2021: Brooks states that the CDC is finalizing the guidance on long covid, and “they should be coming out very shortly.” 

To date, no such guidance has been issued. 

NIH Director Frances Collins testified that as many as 3 million people could be left with chronic health problems after even mild COVID infections. “I can't overstate how serious this issue is for the health of our nation,"" he said.

Brooks encourages people to see a doctor because “[a] primary care physician can help determine whether one is suffering from long Covid or an unrelated illness,” while simultaneously admitting that “long Covid is still not well understood by health experts.” 🤔 

Meanwhile, many long haulers have experienced medical gaslighting and suffered through their 1-year “anniversaries.”

4. June 10, 2021: A new report was presented showing higher-than-expected number of myocarditis cases among young people who received the Pfizer/BioNTech or Moderna mRNA-based COVID-19 vaccine. This is a “rare side effect” and a “tiny fraction” of the millions of Americans fully vaccinated. 

5. June 18, 2021: an emergency hearing will be held to discuss this “rare side effect.” The CDC will analyze the risk of heart inflammation posed by contracting Covid. Some long haulers have heart inflammation, and this could have been analyzed earlier…

Sources:

1. https://www.nbcnews.com/health/health-news/monumental-acknowledgment-cdc-reports-long-term-covid-19-patients-n1234814

2. https://energycommerce.house.gov/committee-activity/hearings/hearing-on-the-long-haul-forging-a-path-through-the-lingering-effects-of

https://www.cdc.gov/washington/testimony/2021/t20210428.htm

3. https://www.webmd.com/lungnews20210429/cdc-to-issue-guidelines-as-long-haul-covid-numbers-rise?fbclid=IwAR2DQ2yppBM1I9qpt0BLmIQxs3jjmzgk5HJyTEEU0fp3gnncA_sCna2s51Q

https://www.cnbc.com/2021/04/28/top-cdc-doctor-says-these-are-possible-long-covid-symptoms.html

4. https://www.fda.gov/media/150054/download

5. https://www.cbsnews.com/news/covid-19-vaccine-cdc-meeting-myocarditis-heart-inflammation/",changtra1215,1.0,/r/covidlonghaulers/comments/nzd69v/the_cdc_confuses_me/,t5_2wizt3
1,Got my first Covid vaccine today! (PFIZER BIONTECH).,9,l02fr7,https://www.reddit.com/r/covidlonghaulers/comments/l02fr7/got_my_first_covid_vaccine_today_pfizer_biontech/,5,2021-01-18 15:00:55,"I got Covid back in November. Had Covid symptoms you can check previous posts I made about my time with it. 
It’s been over 2 hours since my shot. 
I was nervous before like many, and so far I’m feeling fine (just a little tired head a little fuzzy but overall I’m feeling alright!)😊yay! So my next dose will be on February. 
I’m not trying to use my arm a lot to avoid any type of pain. Just trying to take an easy day. 
I do have hope for these vaccines! And hopefully return to our normal days and more healthier lifestyle. 
Since these pandemic, I’m trying to eat healthier and be healthier than before.
1/18/2021 - got Covid vaccine; 6 hours later I started to feel my arm sore but no other symptoms. 
1/19/2021 - throughout afternoon and night got a mild headache (but also got the flu shot); at some point of the day I got a little dizzy but it only lasted less than a minute; nothing major. But overall I was fine!
1/20-1/21 only mild pain to no pain on arm. 
Today 1/22/2021 - I feel good; no more pain on my arm. 😊",Unotwotrois,0.85,/r/covidlonghaulers/comments/l02fr7/got_my_first_covid_vaccine_today_pfizer_biontech/,t5_2wizt3
2,Help needed for research survey,8,p34f2a,https://www.reddit.com/r/covidlonghaulers/comments/p34f2a/help_needed_for_research_survey/,25,2021-08-12 13:20:12,"Hey y'all -

My name is Casey Tak and I am a researcher at a US university (University of Utah) interested in learning more about your experiences with long COVID.  I would like to survey this and other communities with long COVID, but I'd like to make sure that I'm capturing meaningful outcomes/metrics.  To that end, I'd like to get some input on my survey prior to administration.  I'm listing some questions below that I'd like some feedback on.  I'd also be interested to hear which questions you're interested in learning more about.  One caveat: I am a health services researcher, so I don't have any expertise on pharmaceutical development, new treatments, etc.   However, I do have expertise on how folks interact with the healthcare system, gaps in care, access, quality of life, etc.  As such, you'll notice that my questions are more about those topics.

And, since this is my first post, just wanted to mention that I began having long COVID symptoms in January 2021.  I was previously healthy with no pre-existing conditions.  I think I'm slowly recovering (maybe my perception is off) but it's been a long road, as many of you know.  At any rate...

Here are the questions that I'd like some feedback on.  My questions/comments are in parentheses (). Feel free to comment or DM.  Many thanks in advance for your help.

1. **If known, when did you FIRST become ill with COVID?  (I know this information for myself but wanted to verify that this is a reasonable assumption for others)**
2. **How would you describe your symptoms during the acute COVID infection?  (Am I safe to call the active COVID infection ""acute"" and have it be well-understood?  I view long COVID as ""chronic""; do these responses make sense?)**
   1. Asymptomatic (no symptoms)
   2. Mildly ill
   3. Moderately ill
   4. Severely ill
3. **If you have been vaccinated, which vaccine did you receive?**
   1. Pfizer/BioNTech
   2. Moderna
   3. Oxford/AstraZeneca
   4. Johnson and Johnson/Janssen
   5. (Which others should I include here?)
4. **When did you receive your first vaccine dose? (Is it reasonable to assume that folks remember approximately when they were vaccinated?)**
5. **When did your long COVID symptoms begin?  (Same question as above, is it reasonable to assume that folks can pinpoint an approximate time?)**
6. **When did you realize that your symptoms may be related to long COVID?  (Here I'm trying to assess how long it took for folks to realize that they may be one of us)**
7. **Which symptoms have you experienced since the onset of long COVID (check all that apply) - (Please let me know if I need to add or take away any symptoms, clarify what these terms mean, and if the groupings make sense.  I pulled these from a review \[which I will cite\])**
   1. General Symptoms
   2. Fever
   3. Chills or shivering
   4. Fatigue, lack of energy, physical weakness
   5. Malaise/feeling sick
   6. Extensive sweating or night sweats
   7. Dizziness
   8. Consciousness
      1. Drowsiness
      2. Confusion or delirium
      3. Unconsciousness
   9. Respiration/Breathing Symptoms
      1. Cough
      2. Shortness of breath, dyspnea or respiratory distress
      3. Lung expectoration (coughing up phlegm/sputum)
      4. Coughing up blood
   10. Mouth/Throat Symptoms
   11. Oral mucus or saliva
   12. Sore throat
   13. Throat congestion
   14. Tonsil swelling
   15. Nose/Nasal Symptoms
   16. Sneezing
   17. Mucus in nose/Nasal congestion
   18. Runny nose (Rhinorrhea)
   19. Nose bleeding
   20. Other nasal symptoms
   21. Ear/Hearing Symptoms
   22. Ear pain
   23. Hearing loss
   24. Tinnitus
   25. Eye Symptoms
   26. Eye irritation or sore eyes
   27. Red eyes
   28. Pain Symptoms
   29. General pain
   30. Myalgia/muscle pain
   31. Neuropathic/neurological pain
   32. Headache
   33. Muscle soreness
   34. Joint pain
   35. Back pain
   36. Neck pain
   37. Shoulder pain
   38. Mouth pain
   39. Other facial pain
   40. Neurological Symptoms
   41. Loss of taste
   42. Loss of smell
   43. Sight/Vision problems
   44. Uncoordinated movements
   45. Seizures
   46. Tremors
   47. Gastrointestinal Symptoms
   48. Diarrhea
   49. Constipation
   50. Nausea
   51. Vomiting
   52. Loss of appetite
   53. Stomach ache/abdominal pain
   54. Acid reflux
   55. Abdominal distension (increase in the abdominal size)
   56. Bloating
   57. Tenesmus/Bowel cramps
   58. Gastrointestinal discomfort
   59. Other gastrointestinal symptoms
   60. Urinary Symptoms
   61. Dysuria (painful urination)
   62. Blood in urine
   63. Skin/Hair Symptoms
   64. Rash
   65. Itching
   66. Skin pain/burning sensation
   67. Hair loss
   68. Cardiovascular/Chest Symptoms
   69. Chest pain
   70. Tightness of chest
   71. Chest distress
   72. Heart palpitations
   73. Psychological/Mental Health Symptoms
   74. Anxiety (including health anxiety)
   75. Depression
   76. Tension
   77. Agitation
   78. Anger
   79. Insomnia
   80. Other distress
8. **Which of the aforementioned symptoms have you experienced in the last 30 days?**
9. **Which of the aforementioned symptoms have bothered you the most in the last 30 days?**
10. **In the last 30 days, do you feel that your health is improving, declining, or no change?**
11. **In the course of your long-COVID illness, how many times have you seen the following providers/practitioners? (please let me know if there are others I need to include here)**
12. Primary care provider/general practitioner
13. Neurology
14. Pulmonology
15. Cardiology
16. Psychiatry
17. Counselor/therapist
18. Massage therapist
19. Physical therapist
20. Acupuncturist
21. Functional provider
22. **Have you received care at a specialized long COVID clinic?**
23. **If no, why not? (which options would you add/remove/refine?)**
24. Not eligible
25. Cannot get referral
26. Not close to where I live
27. Time
28. Cost
29. Other
30. **Have you needed to seek urgent care or emergency care related to long COVID?  (Is this wording OK?)**
31. **Have you been hospitalized for something related to long COVID?  (is this wording OK?)**
32. **Where have you received information related to managing long COVID? Check all that apply (Anything you would add/remove/refine?)**
33. Healthcare provider
34. Long COVID specialty clinic
35. Other healthcare professional (e.g., pharmacist, nurse, physical therapist)
36. PubMed/Medline, Embase, or other peer-reviewed medical literature
37. CDC, NIH, NHS, or other government health resource
38. Academic or healthcare organization website or resources
39. Family
40. Friends
41. News Outlets/Media
42. Other individuals with long COVID
43. r/covidlonghaulers
44. Other subreddits
45. Other social media
46. Other internet (e.g., blogs)
47. Other
48. **Which health conditions did you have prior to long COVID? (What would you add/remove/refine?)**
49. Diabetes (Type I or Type II)
50. Hypertension
51. Cancer
52. Obesity (BMI >= 30)
53. Autoimmune disease (e.g., Lupus, Rheumatoid Arthritis, etc.)
54. Depression
55. Anxiety
56. Other mental health condition
57. Other
58. **How much exercise can you tolerate in one day during long COVID?**
59. 30+ minutes
60. 20-29 minutes
61. 10-19 minutes
62. 5-9 minutes
63. <5 minutes
64. I can't tolerate any exercise at this time

I have other questions, but these are the ones I need the most feedback on.

Feel free to suggest other questions that you'd like to learn more about.  Also, I'm happy to discuss this survey with anyone who is interested.

Edit: Formatting seems to change when I post for some reason.  I bolded the questions - I apologize for the inconvenience.

Edit 2: I added my name and institution for transparency.  ",Ok_Tangerine_9105,1.0,/r/covidlonghaulers/comments/p34f2a/help_needed_for_research_survey/,t5_2wizt3
3,Biontech vaccin,3,mqwvuu,https://www.reddit.com/r/covidlonghaulers/comments/mqwvuu/biontech_vaccin/,4,2021-04-14 14:34:52,"Well , Monday I get my first vaccin!
Thanks to my very very pregnant daughter.
Here in Germany you become priority 2 when your child is pregnant.
She's due next week ,so it's a bit late , but that's the way it is.

Did anyone already had a biontech vaccin and if yes , how were the side effects?",Sentinel1969,0.81,/r/covidlonghaulers/comments/mqwvuu/biontech_vaccin/,t5_2wizt3
