,title,score,id,url,comms_num,created,body,author,upvote_ratio,permalink,subreddit_id
0,"This guy has been a staunch anti-mask, anti-lockdown, corona-denying, anti-vaxxer and now has contracted covid for a third time. And now, he somehow blames…. those who are vaccinated?!",1908,o48vxb,https://i.redd.it/2jdk5ueb2g671.jpg,149,2021-06-20 12:06:00,,GKushDaddy,0.99,/r/CovIdiots/comments/o48vxb/this_guy_has_been_a_staunch_antimask_antilockdown/,t5_2hzjsw
1,German covidiots,488,gqa5ny,https://www.reddit.com/r/CovIdiots/comments/gqa5ny/german_covidiots/,10,2020-05-25 08:30:36,"This is a tweet from a german emergency doctor. It translates as follows:  


Woman: ""My husband has a high fever and since his cough is so severe, he can't breathe.""

  
Emergency doctor: ""Okay, we will take care of your husband. Would you meanwhile please put this mask on?""

Woman: ""Now don't you start with this Corona-nonsense too!""  


https://preview.redd.it/19xyx18enw051.jpg?width=952&format=pjpg&auto=webp&s=c7192102e050a9d4b1dcb4e10f193232e1c75792",docvoland93,0.99,/r/CovIdiots/comments/gqa5ny/german_covidiots/,t5_2hzjsw
2,Trumpers be like,354,j4w21s,https://www.reddit.com/r/CovIdiots/comments/j4w21s/trumpers_be_like/,26,2020-10-04 05:15:01,"Trumpers 6 months ago - 
“It’s called thinning the heard”

Trumpers now- 
“If you wished anyone or any opponent get corona then you’re not for the American people”",AlfrescoSituation,0.96,/r/CovIdiots/comments/j4w21s/trumpers_be_like/,t5_2hzjsw
3,"UK Covidiot, Covidasshole - Just had to share this, guy seems proud of his mental Corona stockpiling. Enough there for a city.",216,fmzfmw,https://v.redd.it/lnaj6jpxy7o41,54,2020-03-22 08:48:38,,Heather9090,0.98,/r/CovIdiots/comments/fmzfmw/uk_covidiot_covidasshole_just_had_to_share_this/,t5_2hzjsw
4,What Idiots think causes Corona Virus,193,fo5m6o,https://v.redd.it/f6r6eyx8nmo41,16,2020-03-24 10:03:29,,acringtonstanley,0.99,/r/CovIdiots/comments/fo5m6o/what_idiots_think_causes_corona_virus/,t5_2hzjsw
5,'Idiot' British tourists are holding illegal 'f*** corona' parties in Zante where they shun masks amid spike in infections on those returning from the Greek island as resort's deputy mayor blasts 'mayhem' #Zante2020,155,inrchq,https://v.redd.it/5rw6yph8nkl51,25,2020-09-06 14:38:10,,DisruptSQ,0.98,/r/CovIdiots/comments/inrchq/idiot_british_tourists_are_holding_illegal_f/,t5_2hzjsw
6,"My 15yo's insta bio says ""Don't get corona and wear a damn mask"". He got this message.",115,noosa6,https://i.redd.it/8jsljx6itc271.jpg,22,2021-05-30 20:54:49,,ztking,0.98,/r/CovIdiots/comments/noosa6/my_15yos_insta_bio_says_dont_get_corona_and_wear/,t5_2hzjsw
7,"People from Copenhagen, Denmark ignores corona warnings (video from TV2 yesterday)",88,g74x51,https://v.redd.it/msa2i2zcaqu41,18,2020-04-24 04:46:18,,datNovazGG,0.99,/r/CovIdiots/comments/g74x51/people_from_copenhagen_denmark_ignores_corona/,t5_2hzjsw
8,"Literally a day after ""fed up with masks"" tweet, gets corona.",80,hkce3k,https://i.redd.it/enkmuiexhk851.jpg,9,2020-07-03 00:11:20,,OliveOcelot,0.97,/r/CovIdiots/comments/hkce3k/literally_a_day_after_fed_up_with_masks_tweet/,t5_2hzjsw
9,Her whole account revolves around Corona not being dangerous.,63,i9t04s,https://i.redd.it/d2l3wjsjw0h51.jpg,16,2020-08-14 15:54:48,,HushSilencio,0.95,/r/CovIdiots/comments/i9t04s/her_whole_account_revolves_around_corona_not/,t5_2hzjsw
10,"Got my first ""Karen"" encounter today",56,idayv7,https://www.reddit.com/r/CovIdiots/comments/idayv7/got_my_first_karen_encounter_today/,11,2020-08-20 10:09:42,"I was waiting for my food at McDonald's when a woman walks in fake coughing. Shouting ""I have corona"" between every cough. She proceeded to call us all sheep for wearing masks, covid isn't real etc. The manager asked her to leave. The woman called the manager racist. The woman was not just mixed race, but the exact same mix as I am so it really infuriated me. There are some REAL racism victims out there, and pulling the ""racism"" card when you're kicked out for being a total dickhead means that real racism victims might be mistreated in the future when calling racism out. 

Anyway she eventually left and coughed outside McDonald's instead.",lililac0,0.93,/r/CovIdiots/comments/idayv7/got_my_first_karen_encounter_today/,t5_2hzjsw
11,I am extremly pissed,52,lokvub,https://www.reddit.com/r/CovIdiots/comments/lokvub/i_am_extremly_pissed/,1,2021-02-20 19:35:44,"My parents are teachers with a asthma. I live in Germany and next week the schools will Open again and all teachers should Go back there. All teachers. Most of them old, with some health risk or enduring stress Levels most people can't imangine. 
Because of Corona, I Had to Go Back to my parents and Work in a local Shop.
Every time some one is not wearing a Mask I get so angry. Yesterday I overheard a Woman, with her Mask down, going Off about teachers. I could not serve her. People are risking theire lives and she is such an ....

P.S.: I help my mum often with her teaching, because I want to become a teacher too, so I know the whole staff of her school.",hannibal_is_dead,0.88,/r/CovIdiots/comments/lokvub/i_am_extremly_pissed/,t5_2hzjsw
12,Anybody else living with people who aren't taking this seriously at all?,48,fxdh93,https://www.reddit.com/r/CovIdiots/comments/fxdh93/anybody_else_living_with_people_who_arent_taking/,13,2020-04-08 15:52:44,"So I am quarantined with my parents and sister, and my sister has decided that she wants to get a used loveseat off of facebook marketplace from a stranger. At first she asked me for a ride (she can't drive) and I had to tell her that I feel completely uncomfortable with going to get it, and I also feel like it's a bad idea in general to get it because there isn't a lot of reliable information about how long corona virus lasts on surfaces. Especially surfaces like fabric and cushions. So she looked at me like I'm crazy, didn't respond to what I even said and immediately asked my dad (who also is not taking the virus seriously) for a ride to get it and he agreed without hesitation. For context here, my parents are both near 60, with multiple health complications, so they are also among the most vulnerable to die from covid. I guess what I'm looking for is a little validation that I'm being reasonable here? Since I certainly don't find that validation anywhere in this house right now. Are they being total covidiots or am I overreacting? Anyone else dealing with this kinda stuff from your families/roommates? It's so frustrating and scary that it feels like no matter how hard I try to be safe and smart about this, I'm still at the mercy of everyone else that lives here.",sassy-batch,0.92,/r/CovIdiots/comments/fxdh93/anybody_else_living_with_people_who_arent_taking/,t5_2hzjsw
13,Homosexuality and Covid-19,44,mvw2tu,https://www.reddit.com/r/CovIdiots/comments/mvw2tu/homosexuality_and_covid19/,11,2021-04-21 23:11:51,"You may ask, how do these things correlate? Well they don't. 

So I work at CVS and I help with checking people in for their vaccine. Simple enough, I just sit, radio the nurse that a patient has arrived and send them on their merry way. However, I have had a number of chatty customers during the break between the influx of appointments. 

One guy up and said ""Governments tryna kill us!"" 
I said right sir, have a nice day.
 
One other guy said ""I don't believe in this whole corona and you shouldn't either""
I said right sir, have a nice day.

Another guy said, ""I heard the vaccine makes you gay, ain't no way I'm getting that in my body.""
I had never been left so dumbfounded. Some people just strive on stupidity.",ColourScale,0.93,/r/CovIdiots/comments/mvw2tu/homosexuality_and_covid19/,t5_2hzjsw
14,"Woman licks toilet seat for ""Corona virus challenge""",43,fnabb0,https://www.clickorlando.com/news/local/2020/03/19/dont-do-this-woman-films-herself-licking-toilet-seat-on-flight-to-miami-for-coronavirus-challenge/,8,2020-03-22 20:14:29,,Duckbilling,0.99,/r/CovIdiots/comments/fnabb0/woman_licks_toilet_seat_for_corona_virus_challenge/,t5_2hzjsw
15,No need mask just suit matter to fight corona,40,hteaiw,https://i.redd.it/hwwnafyhblb51.jpg,8,2020-07-18 06:09:23,,KUNDALINI456,0.96,/r/CovIdiots/comments/hteaiw/no_need_mask_just_suit_matter_to_fight_corona/,t5_2hzjsw
16,My best friend is throwing a birthday party & I declined...she was angry,44,jvndbj,https://www.reddit.com/r/CovIdiots/comments/jvndbj/my_best_friend_is_throwing_a_birthday_party_i/,11,2020-11-17 00:26:32,"My best friend of over a decade called me this evening and asked me what I was doing tomorrow night (her birthday). She then went on to tell me she got a reservation at a restaurant in NYC for a group of 10 girls because “it’s the only place she’ll be able to enjoy herself on her birthday”. She asked me if I would make it. 

I answered and said that I was uncomfortable with the idea of going to dinner with 10 girls. The fact that thanksgiving and my own birthday is next week, I wouldn’t want to purposely put myself at risk prior to seeing my family next week. My Uncle also passed away from COVID back in April. 

She was audibly upset, frustrated. However, she then had the audacity to tell me that I have been working from home for the past 7 months and that she works with kids in day cares everyday who most likely have corona. She then went on to tell me that she’s not “downplaying” it, but I could also get corona from going to the grocery store, not just her birthday.

I know I did the right thing by saying no, but I’m so angry that someone would be selfish enough to not even have the decency to comprehend and respect other people’s boundaries. I’m the only person that said no. Even though I’m proud of my decision, I feel like I’m going to be roasted at the dinner table tomorrow when I’m not there (no pun intended) 

P.S her entire family got COVID from a dinner party two months ago, so you’d think she’d understand by now.",Adventerous-Royal-93,0.94,/r/CovIdiots/comments/jvndbj/my_best_friend_is_throwing_a_birthday_party_i/,t5_2hzjsw
17,made my first ever corona meme,48,j8soa8,https://i.redd.it/m2emnhdz4cs51.jpg,4,2020-10-10 17:27:07,,pinkndbluess,0.9,/r/CovIdiots/comments/j8soa8/made_my_first_ever_corona_meme/,t5_2hzjsw
18,"Every day I am shocked by how stupid people on are. Their caption to this photo was ""Corona Virus = COMMON FLU. DONT FALL FOR THE FEAR MONGER ITS WHAT ""THEY"" WANT.""",34,ghs3ll,https://i.redd.it/6s1imad386y41.jpg,17,2020-05-11 13:29:50,,cheeky-goat,0.92,/r/CovIdiots/comments/ghs3ll/every_day_i_am_shocked_by_how_stupid_people_on/,t5_2hzjsw
19,corona was invented to make everyone convert to islam,30,hi5sdq,https://i.redd.it/ppobproe9w751.jpg,10,2020-06-29 14:40:44,,rottingoranges,0.88,/r/CovIdiots/comments/hi5sdq/corona_was_invented_to_make_everyone_convert_to/,t5_2hzjsw
20,"A friend sent this bragging about his Corona bbq, to another friend whos uncle almost died of corona",37,gdhlz8,https://i.redd.it/ejlaizmoosw41.jpg,9,2020-05-04 14:53:45,,Dongbu33,1.0,/r/CovIdiots/comments/gdhlz8/a_friend_sent_this_bragging_about_his_corona_bbq/,t5_2hzjsw
21,It's one thing to be doomed by a plague. It's so much worse to be doomed by these dreadful people.,36,hfu7w8,https://www.reddit.com/r/CovIdiots/comments/hfu7w8/its_one_thing_to_be_doomed_by_a_plague_its_so/,4,2020-06-25 17:08:36, [https://www.cnn.com/videos/politics/2020/06/24/mask-mandate-florida-anger-erupts-coronavirus-vpx.cnn/video/playlists/coronavirus/](https://www.cnn.com/videos/politics/2020/06/24/mask-mandate-florida-anger-erupts-coronavirus-vpx.cnn/video/playlists/coronavirus/),Jethole,0.95,/r/CovIdiots/comments/hfu7w8/its_one_thing_to_be_doomed_by_a_plague_its_so/,t5_2hzjsw
22,I work in a restaurant and my manager has covid. No one told us.,26,jsci7o,https://www.reddit.com/r/CovIdiots/comments/jsci7o/i_work_in_a_restaurant_and_my_manager_has_covid/,13,2020-11-11 12:32:24,"I work in a restaurant. Our kitchen manager who preps the food, cooks on the line, and plates the food before it goes out, has been diagnosed with covid 19. He was at work (while symptomatic) all week. Our general manager told him to continue working (even while waiting on covid results) as long as he didn’t have a fever. He took Tylenol so as to not have a fever, continued working while sick and after testing positive is now staying home. 
I am so angry and I feel it is the employees right to know that their boss they’ve been in contact with has corona. 
His roommate is STILL working as a dish washer. He handles all the clean dishes and re stocks them. Last night they even had him jump on sautée and was cooking FOOD FOR PEOPLE. 
The only reason I even know he has corona is because his roommate told me. 
When the Gm was asked if he knew he said yeah and shrugged it off. 

Most of the staff still doesn’t even know.  

I don’t feel like this is being handled correctly or fairly. 

Keep in mind a mutual friend who lives out of state just lost his mom AND dad in the past two weeks to covid. And I live in a house with two children. 

I am outraged. 
What would you do?",pantrywarden,0.97,/r/CovIdiots/comments/jsci7o/i_work_in_a_restaurant_and_my_manager_has_covid/,t5_2hzjsw
23,"This Karen got into a fit about corona virus, so she broke wine bottles because of COVID-19.",23,kpcmhn,https://i.redd.it/5cqdr6l1e1961.jpg,2,2021-01-02 22:28:34,,thats_person,0.87,/r/CovIdiots/comments/kpcmhn/this_karen_got_into_a_fit_about_corona_virus_so/,t5_2hzjsw
24,( Rant ) I'm fed up.,25,l8i257,https://www.reddit.com/r/CovIdiots/comments/l8i257/rant_im_fed_up/,7,2021-01-30 04:24:46,"I'm fed up. I am fed up. Fed up by 2020. Fed up by my family. Fed up by corona. Fed up by the worldwide crisis. Fed up by the selfishness of some people. I'm suffering from depression due to my anti LGBT family, and due to being locked in with them. At least they take covid seriously.   


 I want to be able to go outside. I want to go and see people at the library. I want to study in person. I want to go and eat at a bakery. I haven't eaten in a restaurant in over a year and a half. Not even takeout / drive throughs. I haven't eaten anything else than homemade or premade industrial food in over a year.   


 The vaccines would make me somewhat happy that it would finally put an end to this. But now, OF COURSE, it wouldn't be funny, covid now has variants. Our government is going into an "" hybrid lockdown "" ( I'm not even joking. ) : We can't get outside after 6PM ( 18:00 ) on week days and we're in lockdown on weekends. And of course we still have covidiots. I genuinely have no more feelings for them. If you can't wear a mask properly, you don't deserve my respect.",Firestar_,0.87,/r/CovIdiots/comments/l8i257/rant_im_fed_up/,t5_2hzjsw
25,To all people who think corona is a hoax,24,ht4cee,https://www.reddit.com/r/CovIdiots/comments/ht4cee/to_all_people_who_think_corona_is_a_hoax/,4,2020-07-17 17:29:57,"I feel so sorry for you. How hard must it be to be so fucking retarded. I understand that it sucks to have zero accomplishments in your life but damn. Like... normally when I see a low life I just look away but every time I read a stupid post with your retarded arguments I start to hate you even more. I don't care if you dont want to keep distance or wear a mouth mask but please just keep your dirty ass body away from me and other people who do actually have a life. If you miss the festivals or house parties go invite your low life corona-hoax friends and infect each other, that way natural selection can atleast do it's work.",thomas0555,0.83,/r/CovIdiots/comments/ht4cee/to_all_people_who_think_corona_is_a_hoax/,t5_2hzjsw
26,Well ain't this just great...virus mutations found in minks. We must slaughter them all now.,20,jo5d78,https://www.reddit.com/r/CovIdiots/comments/jo5d78/well_aint_this_just_greatvirus_mutations_found_in/,6,2020-11-04 16:26:27,"
Mink and COVID-19

The Statens Serum Institut has found a mutated form of corona virus in mink. It poses such a serious danger to public health that the government has decided that all mink in Denmark must be killed.

Mutated form of virus found in mink

The mutated form of virus that the Statens Serum Institut has found has shown reduced sensitivity to antibodies, and it is a variant of virus that can migrate from mink to humans. There is a risk that a future vaccine will not have an effect on the mutated form of virus.

 

And there is a risk that the mutated form of the virus could spread to other countries.

 

Therefore, the government has decided that it is necessary to kill all mink in Denmark, including the breeding animals, even though it is a serious decision for the country's mink farmers. At the same time, the authorities will announce a number of additional restrictions tomorrow, which will apply to the population in a number of municipalities in North Jutland and Himmerland.",crystalblue111,0.95,/r/CovIdiots/comments/jo5d78/well_aint_this_just_greatvirus_mutations_found_in/,t5_2hzjsw
27,Mother not taking the virus seriously after exposure,25,le7wjk,https://www.reddit.com/r/CovIdiots/comments/le7wjk/mother_not_taking_the_virus_seriously_after/,0,2021-02-06 16:59:01,"So recently my mother and I were exposed to corona, we have been taking a relative with a chronic illness to the doctor. The last time this relative needed to go to the ER. They received a radiation treatment the day before. And we thought they were feeling ill from that. Come to find out, they were ill from the radiation and covid. I wore 2 mask but this person sat in the passenger seat while I drove. They wore a mask except for the day they needed to go to the ER. My mother NEVER wore her mask while around this person. Which beats me, because why wouldn’t you wear a mask while around someone with cancer? 
We stay in a small town who has only had about 8,000 covid cases since the start of the pandemic, so people here are unfortunately laxed when it comes to the virus. 
My mother favorite line is, I don’t be around nobody, so I’m not worried about the virus. But she’s sees her friends maskless about 3 times a week. Goes to events and all. 
Now that this relative is sick, my mother is looking for someone to blame, but won’t blame herself. How does she know she didn’t get covid from a friend and is asymptotic and gave it to this imunocompromised relative? Calling everyone stupid but herself. I’m so annoyed. She still not social distancing after being exposed to the virus. I just seen my mother outside talking to someone maskless, KNOWING we was around someone who just tested positive and in close quarters. 
At this point I don’t know what to do. I can only control my own actions. But these circumstances are just frustrating.",Kaleisgood37,0.89,/r/CovIdiots/comments/le7wjk/mother_not_taking_the_virus_seriously_after/,t5_2hzjsw
28,Shocking Corona Story,19,fvk7dc,https://www.reddit.com/r/CovIdiots/comments/fvk7dc/shocking_corona_story/,3,2020-04-05 15:59:49,"So this is a story a nurse that works in a retirement/care center for the elderly.

Now,I wasn't there,but I wish I was there for the drama of the moment.

Now, I was on my way to work after being picked up by my mom's fiancee and was halfway there when my stepdad told me this. A nurse had headed into work like normal and then I believe she said her sister had tested positive for virus and that she had been around her as to take care of her. According to what I was told, a huge group of nurses were about to BEAT...HER.....ASS.  This woman who knew she had been around her sister, who had the virus, and STILL showed up for work. She put a lot of people at risk, especially the elderly. Luckily, the management had told her to leave. But in the end,because of that woman, there were now stricter rules. 

We were not allowed to have any food delivered ((this was allowed way before the virus happened)), you couldn't leave to get food and then come back ((you had to eat in your car if you did)), You had to get your temperature checked everyday and if it was equal or over 100 you had to go home with pay.((I think)). The nurses now had to wear mask and the elderly had to be place in quarantine, meaning 10 in a room and 6 feet apart. The elderly could not eat out in the dining room,but in their rooms. They now cannot have any activities going on like bingo or drawing or whatever. They are no allowed to have any visitors unless they are outside their room's window.

Summary: A nurse comes into work after seeing exposed to her sick sister.",BlackQueenDee,1.0,/r/CovIdiots/comments/fvk7dc/shocking_corona_story/,t5_2hzjsw
29,Okay Corona Catholic. (Her husband is an ER physician btw.),19,hafmc9,https://i.redd.it/ocpji9cazc551.jpg,9,2020-06-16 19:41:53,,BeautifulApricot,0.96,/r/CovIdiots/comments/hafmc9/okay_corona_catholic_her_husband_is_an_er/,t5_2hzjsw
30,"Covidiots in Landshut (Germany) dressed in Hazmat-suits and as Plague Doctors demanding the citizens to ""bring out the bodies of the corona deceased"", which they obv claim don't exist",26,ivu0nr,https://v.redd.it/py86c8cxb4o51,7,2020-09-19 10:57:17,,sickerboi,0.94,/r/CovIdiots/comments/ivu0nr/covidiots_in_landshut_germany_dressed_in/,t5_2hzjsw
31,"Singapore: Jail for unruly man who spat on Crowne Plaza hotel floor and shouted: 'Corona, corona!'",17,ftgbb1,https://www.channelnewsasia.com/news/singapore/jail-for-unruly-man-who-spat-on-crowne-plaza-hotel-floor-and-12601430,0,2020-04-02 01:02:34,,greatguysg,1.0,/r/CovIdiots/comments/ftgbb1/singapore_jail_for_unruly_man_who_spat_on_crowne/,t5_2hzjsw
32,Not sure how to handle my boss who may have spread covid.,15,jpisdn,https://www.reddit.com/r/CovIdiots/comments/jpisdn/not_sure_how_to_handle_my_boss_who_may_have/,10,2020-11-06 21:28:56,"Short background: my boss does not believe in covid. It’s “a scam to control the election and the economy.” Obviously my boss does not enforce any covid laws or policies either. I had enough of my workplace for multiple reasons on top of this covid issue and I finally found a new job. I gave my two weeks notice and my last day is Tuesday. I also start my new job next Wednesday.

Last weekend my boss went out and partied hard for Halloween. Bragged about it too. Today my boss came into work and was coughing like crazy. Claimed to be up all night with a cough. Clearly very sick. Oh and did not wear a mask and only sometimes would cover their mouth when coughing. Also, joked about it being “the corona” and laughed after each joke. I am sitting at home now and stressing that I may have Covid. I’m for sure getting a cold, maybe worse depending on what my boss has. This thing is clearly contagious as someone else was getting sick today too. 

I decided to get myself tested tomorrow since my boss won’t. I have a husband who has a small business and he can’t take any risks. His employees and their families shouldn’t be exposed to the virus. If my husband also has it then it could also lead to him closing his business for a bit and his poor employees would have no income. He doesn’t want to do that to them. I have to wear a mask at home and isolate from my own husband and he’s staying home from work until we know what’s going on with me.

But what else should I do? If I test positive it’s pretty obvious it came from my boss. I do not want to return Monday as my last week is really just half the week and there are clearly sick people working there. I hate that I may have to call my new employer and tell them that I can’t start next week. I am just so mad that my boss doesn’t care about others and possibly exposed me to covid. My husband thinks if I test positive I should make a few calls reporting my boss. He said my boss was clearly negligent. My city has a lot of cases and takes this stuff very seriously. My boss owns the company so they will probably get a huge fine and who knows what else. I just don’t enjoy retaliation but my husband says their actions are harming others and justice should be served.

If you were in my shoes what would you do?",Blueberry-Pie22,0.87,/r/CovIdiots/comments/jpisdn/not_sure_how_to_handle_my_boss_who_may_have/,t5_2hzjsw
33,Can Someone Debunk this please?,16,gfolu1,https://www.reddit.com/r/CovIdiots/comments/gfolu1/can_someone_debunk_this_please/,4,2020-05-08 03:34:34,"This is a video of Italian MP Vittorio Sgarbi in the Italian Parliament saying that the Higher Institute of Health are reporting that 96.3% of all deaths from corona were actually other diseases and the 25,000 attributed to covid were essentially a lie to impose a dictatorship within Italy. 
Any help picking it apart would be welcome.
Thanks.
https://youtu.be/bUCWcft6kao",Algerian-Hammer,1.0,/r/CovIdiots/comments/gfolu1/can_someone_debunk_this_please/,t5_2hzjsw
34,Real santas spread corona virus,15,kfxozk,https://i.redd.it/ywkwgzdbj1661.jpg,1,2020-12-18 19:45:44,,gringaloca123415,1.0,/r/CovIdiots/comments/kfxozk/real_santas_spread_corona_virus/,t5_2hzjsw
35,"It's Corona time, bitches!",11,fpbcc2,https://www.youtube.com/watch?v=SnbTf3Ead10&feature=share,1,2020-03-26 09:18:31,,talesin,0.87,/r/CovIdiots/comments/fpbcc2/its_corona_time_bitches/,t5_2hzjsw
36,Next corona variant now ready for distribution! 😉,19,oui8di,https://i.redd.it/1ycomwefxbe71.jpg,4,2021-07-30 06:44:34,,6footunder34,0.74,/r/CovIdiots/comments/oui8di/next_corona_variant_now_ready_for_distribution/,t5_2hzjsw
37,Anti corona lock-down protesters argue with reporter in New York,11,gkn7zh,https://www.youtube.com/watch?v=4MKKEFwe37E,8,2020-05-15 22:51:58,,SajuPacapu,0.87,/r/CovIdiots/comments/gkn7zh/anti_corona_lockdown_protesters_argue_with/,t5_2hzjsw
38,We don’t need no social distance: US police bust Pink Floyd ‘corona party’,10,fvb3rc,https://www.msn.com/en-my/news/other/we-don-e2-80-99t-need-no-social-distance-us-police-bust-pink-floyd-e2-80-98corona-party-e2-80-99/ar-BB12bnhg,0,2020-04-05 05:25:21,,greatguysg,0.87,/r/CovIdiots/comments/fvb3rc/we_dont_need_no_social_distance_us_police_bust/,t5_2hzjsw
39,Brendan Schaub went on ‘20 mile corona ride’ after testing positive,12,hlfvt8,https://www.mmamania.com/2020/7/4/21313292/brendan-schaub-went-on-20-mile-corona-ride-after-testing-positive-for-virus,12,2020-07-04 23:20:28,,Mighty_L_LORT,0.93,/r/CovIdiots/comments/hlfvt8/brendan_schaub_went_on_20_mile_corona_ride_after/,t5_2hzjsw
40,July 4 Covidiots Make Corona Petri Dish,10,hlpvrq,https://coronatexts.com/covidiots/,0,2020-07-05 12:56:30,,SeeDeBee,0.79,/r/CovIdiots/comments/hlpvrq/july_4_covidiots_make_corona_petri_dish/,t5_2hzjsw
41,South Carolina: Hotspot. Come to the Corona Carnival!,9,hpwoqg,https://i.redd.it/ysjdu4ed8ga51.jpg,3,2020-07-12 11:58:50,,oldfrenchwhore,0.85,/r/CovIdiots/comments/hpwoqg/south_carolina_hotspot_come_to_the_corona_carnival/,t5_2hzjsw
42,Steam actually works to fight corona?,7,jidx7l,https://www.reddit.com/r/CovIdiots/comments/jidx7l/steam_actually_works_to_fight_corona/,5,2020-10-26 08:49:42,"&#x200B;

https://preview.redd.it/5t0q789eofv51.png?width=519&format=png&auto=webp&s=adb7f6bdf24ad27b41a7727e3df2f96f79de1978",rafanochi123,0.67,/r/CovIdiots/comments/jidx7l/steam_actually_works_to_fight_corona/,t5_2hzjsw
43,"“the end of the pandemic: freedom day” - corona demonstration in berlin, 01.08.2020/08.01.2020, thousands not wearing masks and also protesting against vaccinations",9,i1s7iv,https://i.redd.it/fb3gjj5t7ee51.jpg,7,2020-08-01 09:28:41,,charlyisbored,0.92,/r/CovIdiots/comments/i1s7iv/the_end_of_the_pandemic_freedom_day_corona/,t5_2hzjsw
44,"Has Corona, does not isolate (even takes his kid to school).",9,hs90ok,https://streamable.com/7r1ig3,1,2020-07-16 08:48:43,,londinium,1.0,/r/CovIdiots/comments/hs90ok/has_corona_does_not_isolate_even_takes_his_kid_to/,t5_2hzjsw
45,COVID19 Vaccination sentiments survey,6,kdfgpk,https://www.reddit.com/r/CovIdiots/comments/kdfgpk/covid19_vaccination_sentiments_survey/,0,2020-12-15 00:15:55,"Dear all,

We have prepared a short #survey, where you can express your opinion about the #COVID19Vaccine #CoronaVaccine.

If you are living in the #USA, we will be grateful if you will participate and share:
[COVID19 Vaccination survey](https://forms.office.com/Pages/ResponsePage.aspx?id=IYhnPFB3o0eTfyZhQ5q7eqGjfqSLSvhBqoV3r-scx2hUNkZGQlpBRDNMWTdTU1I0QUhESjhNWURPNC4u)

#COVID19 #vaccine #vaccination #coronavirus #pandemic #covid #research #publichealth #health #medicine #covid19insights

Thanks for taking and sharing this survey!

The Investigators

Prof. Abraham Seidmann, Boston University, Boston, MA, USA,
Dr. Arriel Benis and Prof. Shai Ashkenazi, Holon Institute of Technology, Tel-Aviv, Israel",Big_Debate2256,0.81,/r/CovIdiots/comments/kdfgpk/covid19_vaccination_sentiments_survey/,t5_2hzjsw
46,"Bolivian prison authorities are ""treating"" prisoners with chlorine dioxide. Saying ""probably no one will die of corona in this prison from now on"" and offering to export it to Spanish prisons.",7,iaa1mf,https://canal7salta.com/2020/07/26/bolivia-inician-tratamiento-con-dioxido-de-cloro-en-el-penal-de-san-roque/,1,2020-08-15 12:09:54,,MarsNirgal,1.0,/r/CovIdiots/comments/iaa1mf/bolivian_prison_authorities_are_treating/,t5_2hzjsw
47,Corona - the simple truth in under 6 minutes (video comment section),6,huye9f,https://i.imgur.com/dLP6vuT.jpg,4,2020-07-20 21:37:47,,Sum1udontkno,0.76,/r/CovIdiots/comments/huye9f/corona_the_simple_truth_in_under_6_minutes_video/,t5_2hzjsw
48,Hundreds of people protested in Stockholm against corona restrictions - six police officers were injured | tellerreport.com,7,lztsd2,https://www.tellerreport.com/news/2021-03-06-%0A---hundreds-of-people-protested-in-stockholm-against-corona-restrictions---six-police-officers-were-injured%0A--.r1eJUBw-Q_.html,3,2021-03-07 11:16:40,,supersonicme,0.82,/r/CovIdiots/comments/lztsd2/hundreds_of_people_protested_in_stockholm_against/,t5_2hzjsw
49,What a valid comparison to make. Mass genocide/Corona precautions. I literally had to take a minute to calm down after seeing this. this isn't okay.,6,kg3jmt,https://i.redd.it/5m4p714bj3661.png,10,2020-12-19 02:31:30,,Memes_kids,0.72,/r/CovIdiots/comments/kg3jmt/what_a_valid_comparison_to_make_mass/,t5_2hzjsw
50,Key West Corona Protest Is Peak Florida,5,gk0rbf,https://v.redd.it/6oi176t3bsy41,0,2020-05-14 22:33:15,,erkinskees,0.7,/r/CovIdiots/comments/gk0rbf/key_west_corona_protest_is_peak_florida/,t5_2hzjsw
51,I'm surrounded by idiots and need some advice,6,i7ttem,https://www.reddit.com/r/CovIdiots/comments/i7ttem/im_surrounded_by_idiots_and_need_some_advice/,8,2020-08-11 11:31:16,"I hope this is the right place to ask, I think it is considering its about covidiots but I need some advice. I work parttime in a greenhouse at a pretty large company for extra income during studies. Problem is that there is no enforcement of Corona measures at all (besides a few hand desinfectant dispensers) and the managers laugh at people who say they are worried:

Its standard protocol to grab plastic gloves from a central point before entering the greenhouse (even before COVID). Problem is that everyone enters the greenhouse at the exact same time and everyone crowds together to get their gloves. Pushing and shoving ensues and no ones keeps any distance at all. A friend/coworker of mine mentioned our concern yesterday to our manager who basically proceded with mocking her by saying its no big deal, there's no way to enforce it and that it is their choice to do as they like. She went home soon after,  and I should have too in hindsight.

I went on, dodging the crowds as much as possible and started working together with a few other people (we work in long paths so there was a bit of distance between us). They went on to tell me how they went to a crowded theme park this weekend, as well as crowded beaches and a party the week before. I spent the rest of the day (and today as well) working alone just to be safe.

By now I have decided to not go to work for the rest of the week because its just too much of a hassle for me. Infection numbers are relatively low where I live at the moment (the Netherlands) but they have been rising over the past few weeks and I don't trust it anymore. The COVID in the back of my mind, together with the heatwave and working alone make it way too warm, stressful and boring to be worth the slightly above minimum wages. My mother is already pushing me to go back because 'the money is always useful', and 'the chance of getting sick is almost 0'. I get what she is saying but I just dont feel comfortable atm. What would you do if you were me? I am at a point where I am asking strangers on the internet so I'm kind of desperate.",Plantpong,1.0,/r/CovIdiots/comments/i7ttem/im_surrounded_by_idiots_and_need_some_advice/,t5_2hzjsw
52,Help me PLEASE!,3,gii81s,https://www.reddit.com/r/CovIdiots/comments/gii81s/help_me_please/,17,2020-05-12 15:17:49,"Help me here, please. Someone I know is a fan of conspiracy theories and she’s trying hard to convince me that this viral video “Plandemic” says the absolute truth about the Corona virus! This video is full of misinformation and is actually very dangerous! I don’t know what to do, what would you say to her? I can’t take it anymore.",Tami_Lima_Silva,0.81,/r/CovIdiots/comments/gii81s/help_me_please/,t5_2hzjsw
53,Blood smeared doors will keep the Corona Virus away!,3,fv6hp3,https://i.redd.it/7tkky1nrtwq41.jpg,2,2020-04-04 22:44:06,,greatguysg,0.81,/r/CovIdiots/comments/fv6hp3/blood_smeared_doors_will_keep_the_corona_virus/,t5_2hzjsw
54,"It seems the covidiots let rampage corona, because they don't want mask sellers to get money.",5,lr74bb,https://www.reddit.com/r/CovIdiots/comments/lr74bb/it_seems_the_covidiots_let_rampage_corona_because/,0,2021-02-24 02:54:52,"&#x200B;

https://preview.redd.it/j9f41abnsdj61.png?width=929&format=png&auto=webp&s=680b603fb98294004b39d23502fe36c99713de7d",aaron2005X,0.69,/r/CovIdiots/comments/lr74bb/it_seems_the_covidiots_let_rampage_corona_because/,t5_2hzjsw
55,Are there any examples of people denying the existence/health repercussions of corona only to have someone close to them or themselves infected and badly affected by it?,4,iulagb,https://www.reddit.com/r/CovIdiots/comments/iulagb/are_there_any_examples_of_people_denying_the/,1,2020-09-17 11:07:29,,karlol,1.0,/r/CovIdiots/comments/iulagb/are_there_any_examples_of_people_denying_the/,t5_2hzjsw
56,thousands crowd rio's beaches as corona virus cases rise,3,khruyq,https://www.google.com/amp/s/nypost.com/2020/12/21/thousands-crowd-rios-beaches-as-coronavirus-cases-rise/amp/,0,2020-12-21 17:27:02,,jeremiahthedamned,0.81,/r/CovIdiots/comments/khruyq/thousands_crowd_rios_beaches_as_corona_virus/,t5_2hzjsw
57,"India: MoS Arjun Ram Meghwal launches Bhabhi ji papad, says it will help people fight Corona Virus. “It will be very helpful in fighting Corona Virus,” he says.",1,hx33vm,https://twitter.com/baxiabhishek/status/1286546282891235328?s=20,1,2020-07-24 10:50:11,,faab64,0.56,/r/CovIdiots/comments/hx33vm/india_mos_arjun_ram_meghwal_launches_bhabhi_ji/,t5_2hzjsw
58,"High School Graduation and Corona, advice ?",3,hvlp5u,https://www.reddit.com/r/CovIdiots/comments/hvlp5u/high_school_graduation_and_corona_advice/,6,2020-07-21 22:50:15,"My friend’s father has tested positive this weekend. Regardless of that fact, she, her mom and little brothers still plan on attending our graduation this Saturday.

It is an outdoor, mask-wearing graduation, but they are only so effective, and no amount of negative tests will erase the fact that she’s LIVING WITH HIM.. (their house is not big enough to perform a complete quarantine)

I don’t think it’s a plausible idea at ALL and consider it rather selfish. I want to let her know my thoughts tactfully without alienating. Insights ? ty:)",anonplsrespond,1.0,/r/CovIdiots/comments/hvlp5u/high_school_graduation_and_corona_advice/,t5_2hzjsw
59,"According to her, Orange juice will keep the Corona away!!",3,hlhl1w,https://www.instagram.com/tv/CCMhDepJ2nI/?igshid=5ka2ay4dzhy5,1,2020-07-05 01:46:58,,jawajoose,0.81,/r/CovIdiots/comments/hlhl1w/according_to_her_orange_juice_will_keep_the/,t5_2hzjsw
60,This Guy Cured Corona Virus,3,g9eqev,https://www.youtube.com/watch?v=XrwHpZD7az0&feature=share,0,2020-04-27 22:21:34,,CleverNamePodcast,0.71,/r/CovIdiots/comments/g9eqev/this_guy_cured_corona_virus/,t5_2hzjsw
61,"The State is Re-opening, so he wants be Back in the Office...",3,gabgh9,https://www.reddit.com/r/CovIdiots/comments/gabgh9/the_state_is_reopening_so_he_wants_be_back_in_the/,8,2020-04-29 11:22:08," First off, sorry for the super long post!!!

So, a little of back ground information... I work for a small business that services a large area of the state where I work, and we sell pretty unique home remodeling products among other services. Because we are the only one that offers those services, even being small, we are a pretty well of business.

I'm also the only POC in the office (at least in my division of the business; we've recently acquired another business and merged, and they have a tad bit more variety in people). Everyone else is white, blonde or a red head, and with colored eyes. Seriously, no joke. It doesn't bother me and it's usually not an issue, except when my boss makes it obvious and rude.

I love the people I work with and stand behind the service we provide, but my boss is such a fucking douche bag, and he makes it VERY difficult to be happy and at peace in the office. Every time he leaves, you can feel how everyone loosens up a bit more, and we are even more productive when he is not around.

He is the type of person that cares tremendously about the smallest non relevant things, but the things that he should be strict about he completely blows them off. For example, we have an installer that drives horrendously. I've received so many complaints about his driving from people on the road that see our business truck out there with our number and call to let us know that they were cut off, or he was break checking them. He actually even crashed the truck a couple of weeks ago against the cement barrier in an area with construction on the highway because he was trying to get off to return to the shop for something he forgot.

What does my boss do? NOTHING! He allows this moron to continue driving the van. But he religiously checks that my other installers have fully filled out the inventory sheets I give them when I send them out to a job site. WHAT THE ACTUAL FUCK!!!

Truth is, he normally irritates me, but I can blow him off. Especially, because he has his occasional moments of grace. But he has really gotten on my nerves since the COVID-19 shutdown.

I have severe asthma, and last year I got pneumonia and bronchitis in June and again in July. At first we didn't think that Corona would be too terrible but as time progressed, I started to get worried because I've had a terrible cough and my lungs ache so much that I'm uncomfortable pretty much all day, even sleeping. I have a pressure in my chest and back. I started working from home in the middle of March, but now that places are opening, my boss wants us back in the office the first week of May.

I still have these shit symptoms, and still feel terrible. But I got tested for COVID-19 and since I don't have it, he wants me to be back in the office.

I should also mention, that we really didn't shut down, and our practices haven't really changed AT ALL! People are still calling for our services, which is good for business, but I don't feel safe returning to the office. Also, our work space is small. Our sales rep goes to other peoples homes all day, and our installers have constant contact with people too. My desk is front and center, and I'm the Project Manager so people come up to my desk ALL DAY LONG.

I've mentioned my concerns to my boss and he says we will all try to be six feet apart and ""wipe down"" the office if needed. He also said that I already get sick often, which I do, and that I've had a cough before, and my symptoms aren't out of the norm, so I should just return already. ""Or else, what? Are you planning on hiding away for the rest of your life? Because COVID isn't going away anytime soon.""

He also has the fucking habit of calling, texting, and emailing me super fucking late! He has called me at 9pm on a Sunday to discuss work. He texted me last night at 10:33pm to tell me to take care of something today.

I'm just so fed up with him, and this isn't even all that he does. I really like my job. There's some opportunities of growth, and the benefits are good, but I'm a lot more defiant, and he can tell by my tone of voice when I'm pissed. I know that this would be the WORST time for me to quit, especially because I'm the sole bread winner in my family, but I'm afraid he will really get me angry someday and I'll just go off on him.  

Not only am I afraid to lose my job for going off on him, but I'm scared of getting sick. I'm aware of being high risk, but how else can I tell him that I don't feel safe and still keep my job?",MayasAccoutrements,0.81,/r/CovIdiots/comments/gabgh9/the_state_is_reopening_so_he_wants_be_back_in_the/,t5_2hzjsw
62,corona spike vs 1918 spike,1,if0k91,https://www.reddit.com/r/CovIdiots/comments/if0k91/corona_spike_vs_1918_spike/,1,2020-08-23 05:49:46,"with no regard for massive population increase or general healthcare improvements... what a comparison

[https://twitter.com/FatEmperor/status/1296762428206743552](https://twitter.com/FatEmperor/status/1296762428206743552)",concernvid,0.56,/r/CovIdiots/comments/if0k91/corona_spike_vs_1918_spike/,t5_2hzjsw
63,Give It Away - Corona Edition,2,hgk2bs,https://www.youtube.com/watch?v=eilZ-NeSgPM&feature=share,2,2020-06-26 21:01:50,,jeremiahthedamned,0.75,/r/CovIdiots/comments/hgk2bs/give_it_away_corona_edition/,t5_2hzjsw
64,Who the fuck eats bats - Hilarious Angry Corona dude,2,mg1v5g,https://youtube.com/watch?v=aunV8WhEfZo&feature=share,5,2021-03-29 18:55:50,,Salimusonda1,0.75,/r/CovIdiots/comments/mg1v5g/who_the_fuck_eats_bats_hilarious_angry_corona_dude/,t5_2hzjsw
65,I’ve Found my People!,3,oxsojf,https://www.reddit.com/r/CovIdiots/comments/oxsojf/ive_found_my_people/,3,2021-08-04 09:28:07,"Can’t believe it took this long to find this sub! Im double vaxxed, immediate family is, and I believe in it. I understand mRNA isn’t ‘new’ and that the code for Corona was cracked so fast due to historically unprecedented global cooperation and funding. Logic.

My MiL is waiting for the ‘Plant based Vaccination’?!? No clue but we’re working on her. 

I don’t get how most Covidiots can, in the same breath, tell me the Gov’t is too stupid to get their taxes right but smart enough to pull off a secret One World Gov’t plan to A. Cull the herd B. ‘Take Control’? or C. Insert Conspiracy Theory here.

Also, this happened in my local area so enjoy this video goodness. If you check out his later Lives he literally threatens a cop about ‘coming for your badge’. 🤦‍♂️

https://www.facebook.com/cory.sager.75/videos/523825955558147/?d=n",Assault_Chicken,0.59,/r/CovIdiots/comments/oxsojf/ive_found_my_people/,t5_2hzjsw
66,In Berlin(Germany) around 17k idiots had a big demo against the corona rules.,2,i1zt58,https://www.reddit.com/r/CovIdiots/comments/i1zt58/in_berlingermany_around_17k_idiots_had_a_big_demo/,3,2020-08-01 17:04:17,"[https://www.faz.net/aktuell/gesellschaft/gesundheit/coronavirus/etwa-17-000-menschen-demonstrieren-in-berlin-gegen-corona-auflagen-16885866.html](https://www.faz.net/aktuell/gesellschaft/gesundheit/coronavirus/etwa-17-000-menschen-demonstrieren-in-berlin-gegen-corona-auflagen-16885866.html)

Sorry - no Link in english is found. But the police had to end a demonstration with 17.000 people (10.000 were announced). Without safety distance and without masks. So, if you see a big rise of COVID infections in germany, thats because of these assholes. 

I just want to tell, how hard our actual rules for Corona are: Wear a fucking mask, sanitize your hands. If possible, do home-office.  Thats it. That is basically all a normal citizen has to do. But not even that is possible for them. Fucking idiots.!",aaron2005X,0.67,/r/CovIdiots/comments/i1zt58/in_berlingermany_around_17k_idiots_had_a_big_demo/,t5_2hzjsw
67,"COVID19 was a political ploy in India - Mansoor Ali Khan, A South Indian actor who acts in Tamil films",2,mtazmj,https://www.reddit.com/r/CovIdiots/comments/mtazmj/covid19_was_a_political_ploy_in_india_mansoor_ali/,0,2021-04-18 07:21:35,"After vaccination failed miserably when administered to Actor Vivekh of kollywood(An actor of tamil film faternity).

""What is the contents of the syringe(adminstered to Vivekh)

You TV channels stop broadcasting information about COVID19,

I have been saying for over a year stop the corona tests,

If you stop the corona tests in India the next minute corona will not be there in India.

Why are you killing people like this? Wasn't Vivekh completely ok yesterday?

stop giving vaccines,

we tamilians have immunity in our body itself we don't need anything,

I slept with dogs and beggars but I didn't contact corona virus but you people

who wear mask... Adminstration is putting penalty on people who don't wear a mask.

Don't they have sense.

COVID19 is just a political ploy of the ruling government.""

\- Mansoor Ali Khan

[https://www.youtube.com/watch?v=88cfTyavua0](https://www.youtube.com/watch?v=88cfTyavua0)

Note that the entire vaccination process is consented and cannot be adminstered in India without the patient giving a go to the doctors.",Ivytorque,0.67,/r/CovIdiots/comments/mtazmj/covid19_was_a_political_ploy_in_india_mansoor_ali/,t5_2hzjsw
68,[Norway] Police probe fatal Corona-denial event,2,ms43ek,https://www.newsinenglish.no/2021/04/12/police-probe-fatal-corona-denial-event/,1,2021-04-16 10:16:53,,nosotros_road_sodium,0.75,/r/CovIdiots/comments/ms43ek/norway_police_probe_fatal_coronadenial_event/,t5_2hzjsw
69,"Men Are the Cause of Corona Virus, Kenyan Media Woman",1,hvomqp,https://africaatrandom.com/men-are-the-cause-of-corona-virus-kenyan-media-woman/,1,2020-07-22 02:26:40,,cryptokunbo,0.66,/r/CovIdiots/comments/hvomqp/men_are_the_cause_of_corona_virus_kenyan_media/,t5_2hzjsw
70,Last Week Tonight did a nice piece on Corona-conspiracies. Certainly worth watching.,1,huj01w,https://youtu.be/0b_eHBZLM6U,0,2020-07-20 06:32:34,,Max_1995,1.0,/r/CovIdiots/comments/huj01w/last_week_tonight_did_a_nice_piece_on/,t5_2hzjsw
71,My first encounter with a covidiot while at my new job.,1,jjhx78,https://www.reddit.com/r/CovIdiots/comments/jjhx78/my_first_encounter_with_a_covidiot_while_at_my/,0,2020-10-28 01:16:25,"I work at Chick-Fil-A and started my first day on monday. I was in training and just taking orders by myslef because my trainer was on break. 

At the cfa i work at, we take the orders outside in two lanes because it’s faster than just taking them through a speaker. 

A man rolled up wearing a mask and was very polite and a I took his order. However he had a woman in the passenger seat who looked like she had just woken up from a nap and was wearing pajama pants, who I assume was his wife/girlfriend because I think I saw a car seat in the back although, the windows were tinted so i’m not sure.
 
This woman asks me “How come y’all are taking orders out here like this instead of a drive through?“  (Again, this is our drive-thru, we don’t have the speaker order)

and I told her, cheerily, that we always do this, and it’s so that we can give the customer their food faster and while it’s still warm.

She then said okay, and went on to give me her order while her husband/boyfriend just looked at me with these “I’m so sorry” eyes.

She told me she wanted Ice cream in a cone, and I told her we’re not currently serving it in a cone due to corona to which she replied “So how come you won’t do ice cream in a cone, but you’ll come up to the car and take the orders in peoples faces?” 

Taken aback, i said “I’m sorry, could you repeat that ma’am?”

She smugly said “Yeah it’s a good question isn’t it? How about you do your research, instead of believing everything you hear.”

And oh my gosh i wanted to tell her “Because i have a mask, dumbass.” but i had to say “if you have any questions about our protocol, you can ask my manager.” 

Her husband just had this “kill me now” look in his eyes. Sorta feel bad for the guy he probably has to put up with that all the time.

She was so smug about it and i just had to keep that inside me and tell myself that i’ll probably see a lot more where that came from -_-

tl;dr woman who was upset about not getting a cone with her ice cream due to corona told me to “do my research and stop believing everything i see”",ShadowWalter,1.0,/r/CovIdiots/comments/jjhx78/my_first_encounter_with_a_covidiot_while_at_my/,t5_2hzjsw
72,Be a corona-expert ;),1,gfefd0,https://v.redd.it/t27yvslkjex41,0,2020-05-07 16:24:31,,tearsofinfinity,1.0,/r/CovIdiots/comments/gfefd0/be_a_coronaexpert/,t5_2hzjsw
73,Corona can't stop a boat race,1,ihl1pk,https://m.facebook.com/story.php?story_fbid=3649270278419332&id=296571560355904,1,2020-08-27 09:30:06,,ManimalBestShowEva,0.6,/r/CovIdiots/comments/ihl1pk/corona_cant_stop_a_boat_race/,t5_2hzjsw
74,corona in a nutshell,0,izh3lh,https://www.youtube.com/watch?v=ivgsYJI8MtQ,1,2020-09-25 06:30:22,,FraudyYouTube,0.4,/r/CovIdiots/comments/izh3lh/corona_in_a_nutshell/,t5_2hzjsw
75,CORONA HOAX 2020 spotted in a local bus stop. Translation of the original sign reads please maintain a safe distance.,0,lvbkbj,https://i.redd.it/jexrwk57nfk61.png,4,2021-03-01 10:10:49,,dickbob124,0.5,/r/CovIdiots/comments/lvbkbj/corona_hoax_2020_spotted_in_a_local_bus_stop/,t5_2hzjsw
76,Media must be rigged,0,mzh6y9,https://www.reddit.com/r/CovIdiots/comments/mzh6y9/media_must_be_rigged/,1,2021-04-27 01:18:35,"Oregon announced 300 hospital patients from COVID-19 and may go back to extreme restriction again shutting down indoor dining at restaurants. Local news only report footage of restaurant owners worry about their revenue and employee cut again.

Just mention the very obvious (to me anyway) cause of infected and sick people increase?

There are too many idiots became mobile and spreading virus. Idiots think vaccines are “protection” as they are immune and not get virus. There are now more vaccinated people infected (Corona virus positive) without any symptoms or just minor sickness who do not understand what vaccine is.

Hey if you are going to complain that home arrest order comes again by government blame on people you know going to parties and traveling to go see families and friends. 

I had to vent because TV news civilian interviews only air idiots who blame governor and State law makers. They are making fool of themselves and many will blame government that must tell residents what to do because among us too many are idiots idiots idiots themselves.",potatostixes,0.4,/r/CovIdiots/comments/mzh6y9/media_must_be_rigged/,t5_2hzjsw
77,Be a Corona-expert!,0,gf72ql,https://www.reddit.com/r/CovIdiots/comments/gf72ql/be_a_coronaexpert/,0,2020-05-07 10:00:36,"&#x200B;

*Processing video 8otbu6k0lcx41...*",tearsofinfinity,0.17,/r/CovIdiots/comments/gf72ql/be_a_coronaexpert/,t5_2hzjsw
