,title,score,id,url,comms_num,created,body,author,upvote_ratio,permalink,subreddit_id
0,Honest question: Why are we giving potentially harmful covid vaccines to people like teenagers and children if they are barely harmed by the disease?,19,nn43zl,https://www.reddit.com/r/CovidVaccine/comments/nn43zl/honest_question_why_are_we_giving_potentially/,60,2021-05-28 14:20:39,"Hey there, the question says it all. I have some relatives who are very suspicious of the vaccine though I am not myself, specifically of the Pfizer-BioNTech which we have in my area, and would like to know more. If it's just older adults who are being severely affected, why are children, who are purportedly barely affected by covid, getting a potentially harmful-in-the-longterm vaccine?",MadFliesAnonymous,0.71,/r/CovidVaccine/comments/nn43zl/honest_question_why_are_we_giving_potentially/,t5_2ls1x1
1,UK becomes first country to approve Pfizer/BioNTech Covid vaccine for us...,12,k55j2l,https://www.youtube.com/watch?v=wGVGajTotjI&feature=share,2,2020-12-02 03:30:47,,KnowEntertainment,1.0,/r/CovidVaccine/comments/k55j2l/uk_becomes_first_country_to_approve/,t5_2ls1x1
2,Interesting video on the science behind the Pfizer-BioNTech Vaccine from the Head of Research and Development at Pfizer,3,o4fyro,https://youtu.be/HzylIW1lnUU,0,2021-06-20 17:49:34,,mojo_jojo_5,0.81,/r/CovidVaccine/comments/o4fyro/interesting_video_on_the_science_behind_the/,t5_2ls1x1
3,Vaccine supply and appointments,1,oh5ad0,https://www.reddit.com/r/CovidVaccine/comments/oh5ad0/vaccine_supply_and_appointments/,8,2021-07-09 17:36:31,"Hello! I have a question about the vaccines supply in EU...

I live in Spain, and it's very difficult to get an appointment for your vaccine shot. Basically, they offer appointments acording to the supply of vaccines that they have. You have to be very fast to get yours! Because they only open the call for applications when there is new supply.
I have a general feeling that they have a shortage of shots, because of the few appointments and how fast they end.

Spain uses the ones that are allowed in EU: Pfizer/BioNTech, Moderna/Lonza Oxford/AstraZeneca, Johnson&Johnson/Janssen.
I woud like to know if there is any problem or delay in the manufacturing and production chain of the vaccines? On the factories or labs?
THe production of all of the is going smoothly or is there any kind of problem?

Thank you  :)",sibilina8,0.67,/r/CovidVaccine/comments/oh5ad0/vaccine_supply_and_appointments/,t5_2ls1x1
4,2ND DOSE PFIZER-BIONTECH COVID-19 VACCINE SIDE EFFECTS | UPDATE,0,l08w01,https://youtu.be/_gJeZv3SpJo,0,2021-01-18 20:25:27,,joeistherealest,0.17,/r/CovidVaccine/comments/l08w01/2nd_dose_pfizerbiontech_covid19_vaccine_side/,t5_2ls1x1
