,title,score,id,url,comms_num,created,body,author,upvote_ratio,permalink,subreddit_id
0,Corona Realism 🟢 on Twitter,7,ouuco1,https://twitter.com/holmenkollin/status/1415989536933490688?s=21,3,2021-07-30 17:29:08,,Idefineme-notu,0.73,/r/CovidVaccine/comments/ouuco1/corona_realism_on_twitter/,t5_2ls1x1
1,Worth taking the corona vaccine the last minute? (pregnant),5,ndf5ba,https://www.reddit.com/r/CovidVaccine/comments/ndf5ba/worth_taking_the_corona_vaccine_the_last_minute/,24,2021-05-15 23:09:32,"The reason to why I ask is because I'm 30 weeks pregnant and I did plan to take the vaccine but I read on the internet that you shouldn't take any other vaccine 2 weeks before or after the corona vaccine, something that my midwife did not tell me, so I dont know how serious that is (Ill get my dtap/flue vaccine in less than 2 weeks)   
So I've figured out that I won't be able to get fully vaccinated until I'm 39 weeks pregnant. Do you guys think it's worth it? Or better to wait until the baby is born?",Professional-Fan4653,0.86,/r/CovidVaccine/comments/ndf5ba/worth_taking_the_corona_vaccine_the_last_minute/,t5_2ls1x1
2,Major points to follow before and after taking covid vaccine,0,n5jfo6,https://www.reddit.com/r/CovidVaccine/comments/n5jfo6/major_points_to_follow_before_and_after_taking/,3,2021-05-05 12:03:43,"Even though crores of people across the country have already got the Corona vaccine but still many people have many concerns about the vaccine. We are telling you what 
major points to follow before and after taking the vaccine so that the possibility of side effects can be 
reduced in which your diet also plays an important role.

1. Drink lots of water 
2. Avoid alcohol 
3. Stay away from processed and sugar foods 

4.Eat foods rich in whole grains and fiber 

Always consult a doctor before taking any remedy. Womenhub does not claim responsibility for this information.
Follow some easy steps before and after taking the COVID-19 vaccine?
For more information please visit this website:- (Home - Women hub (http://womenhub.info)",womenhub-info,0.5,/r/CovidVaccine/comments/n5jfo6/major_points_to_follow_before_and_after_taking/,t5_2ls1x1
