,title,score,id,url,comms_num,created,body,author,upvote_ratio,permalink,subreddit_id
0,Vaccine,93,mn6nr4,https://www.reddit.com/r/CovIdiots/comments/mn6nr4/vaccine/,29,2021-04-08 21:35:31,So I got the Johnson and Johnson shot yesterday and I don’t feel quite right today.  I’m thinking the microchip needs to be connected to WiFi. Does anyone know how to connect it. Thanks.,cbone07,0.94,/r/CovIdiots/comments/mn6nr4/vaccine/,t5_2hzjsw
1,Anti-Vaxxer is also a... pharma researcher?,47,opkyex,https://www.reddit.com/r/CovIdiots/comments/opkyex/antivaxxer_is_also_a_pharma_researcher/,15,2021-07-22 15:18:46,"Came across this gem this morning (from the same story posted by [u/rjayh](https://www.reddit.com/user/rjayh/)) that quotes another unvaccinated patient. But here's the kicker: she's a pharmaceutical researcher. WTF?!?!

>Paula Johnson was another COVID-19 patient at the hospital. She's also unvaccinated.  
>  
>""I have no comorbidities, nothing, never had a lung problem. Don't smoke, nothing. And it took my lungs and just ... I don't even know how to explain it,"" she told CBS News. ""It's like trying to breathe in and hitting a wall in like a second.""  
>  
>Johnson, **a pharmaceutical researcher,** said she now wants to get vaccinated against the coronavirus.

Link to story: [https://www.theguardian.com/us-news/2021/jul/22/us-coronavirus-covid-unvaccinated-hospital-rates-vaccines](https://www.theguardian.com/us-news/2021/jul/22/us-coronavirus-covid-unvaccinated-hospital-rates-vaccines)",snacky99,0.92,/r/CovIdiots/comments/opkyex/antivaxxer_is_also_a_pharma_researcher/,t5_2hzjsw
2,Guy who gave my wife the vaccine said vaccines are injuring and killing many people,32,n29ihc,https://www.reddit.com/r/CovIdiots/comments/n29ihc/guy_who_gave_my_wife_the_vaccine_said_vaccines/,77,2021-04-30 22:49:48,"When we pulled up (it’s a large drive through FEMA facility) the woman working with him said he was getting on her last nerve and she couldn’t wait to go home. 

As he was giving my wife her shot he said “you’re lucky you’re getting Pfizer because the Johnson & Johnson vaccine causes blood clots and my brother almost lost his leg last week”. I kind of laughed and kept chatting with him. 

After he kept going saying “at the (other nearby facility) we have 20 people a day collapsing when they get the shot it’s terrible. The media doesn’t want you to know”. Again I kind of kept taking and then said “you’re joking right?” to which he replied “I’m dead serious, my brother almost lost his leg and many people are getting blood clots there every day”. 

I was just speechless. We drove off and we’re just sitting in the car confused at what just happened. How many people is this guy telling that story every day? How many of these people are going to go around telling everyone that “a professional” told them that vaccines can seriously injure or kill you (on the spot apparently) which then causes them to not get vaccinated or get their second shot.

How did this guy get put in the position to give vaccines while telling people they can be deadly?",anon1984,0.89,/r/CovIdiots/comments/n29ihc/guy_who_gave_my_wife_the_vaccine_said_vaccines/,t5_2hzjsw
3,A whole political party clammingJohnson & Johnson No more tears baby shampoo up you nose prevents COVID-19,23,kvmb7v,https://i.redd.it/qkbrihgpjua61.jpg,6,2021-01-12 01:36:09,,zimasilevuyo,0.85,/r/CovIdiots/comments/kvmb7v/a_whole_political_party_clammingjohnson_johnson/,t5_2hzjsw
4,New Orleans archdiocese calls for Catholics to avoid Johnson & Johnson vaccine,15,lvwzfh,https://thehill.com/policy/healthcare/public-global-health/541129-new-orleans-archdiocese-calls-for-catholics-to-avoid,4,2021-03-02 03:05:30,,JRWoodwardMSW,0.86,/r/CovIdiots/comments/lvwzfh/new_orleans_archdiocese_calls_for_catholics_to/,t5_2hzjsw
5,"Avoid Johnson & Johnson vaccine made with fetal cell lines if possible, 2 Northwest Catholic dioceses say",10,lzsl8t,https://www.seattletimes.com/seattle-news/health/catholic-leaders-in-washington-state-idaho-say-to-avoid-johnson-johnson-vaccine-made-with-fetal-cell-lines-if-possible-but-health-experts-disagree/,9,2021-03-07 10:16:58,,dolphins3,0.86,/r/CovIdiots/comments/lzsl8t/avoid_johnson_johnson_vaccine_made_with_fetal/,t5_2hzjsw
6,Detroit's mayor rejected a shipment of the Johnson & Johnson vaccine. Experts say that's nuts.,11,lyk4c1,https://www.yahoo.com/news/detroits-mayor-rejected-shipment-johnson-154500059.html,2,2021-03-05 14:42:34,,Havvocck2,0.92,/r/CovIdiots/comments/lyk4c1/detroits_mayor_rejected_a_shipment_of_the_johnson/,t5_2hzjsw
7,Philadelphia Archdiocese Agrees With Church Leaders Discouraging Catholics From Getting Johnson & Johnson Vaccine,6,lxjmri,https://philadelphia.cbslocal.com/2021/03/04/philadelphia-archdiocese-agrees-with-church-leaders-discouraging-catholics-from-getting-johnson-johnson-vaccine/,1,2021-03-04 07:43:06,,EmperorOfNada,0.88,/r/CovIdiots/comments/lxjmri/philadelphia_archdiocese_agrees_with_church/,t5_2hzjsw
8,America is about to hit a 'vaccine wall' as demand drops — with or without Johnson & Johnson,5,mrpf86,https://news.yahoo.com/america-is-about-to-hit-a-vaccine-wall-as-demand-drops-with-or-without-johnson-johnson-162241805.html,4,2021-04-15 18:11:53,,rickjuly252012,0.86,/r/CovIdiots/comments/mrpf86/america_is_about_to_hit_a_vaccine_wall_as_demand/,t5_2hzjsw
9,"CDC, FDA looking into risk of rare nerve complication after Johnson & Johnson Covid-19 vaccine",3,oj0a4b,https://www.cnn.com/2021/07/12/health/johnson-vaccine-guillain-barre-syndrome-fda/index.html,0,2021-07-12 16:58:10,,P4TR10T_03,0.57,/r/CovIdiots/comments/oj0a4b/cdc_fda_looking_into_risk_of_rare_nerve/,t5_2hzjsw
10,New Orleans Archdiocese Asks Catholics to Avoid Johnson & Johnson COVID Vaccine,0,lvnhid,https://www.yahoo.com/news/orleans-archdiocese-asks-catholics-avoid-204653911.html,1,2021-03-01 18:08:44,,Havvocck2,0.5,/r/CovIdiots/comments/lvnhid/new_orleans_archdiocese_asks_catholics_to_avoid/,t5_2hzjsw
11,I have been sick a lot since vaccine,0,p0o280,https://www.reddit.com/r/CovIdiots/comments/p0o280/i_have_been_sick_a_lot_since_vaccine/,9,2021-08-08 18:04:41,"I am 46 and in general good health. I had Covid in October of 2020 with extremely mild symptoms. Then in May of 2021 I got the Johnson & Johnson vaccine at Walmart. Since I had Covid, I've getting sick with cold/flu symptoms over and over again and it's seems to be intensifying since the vaccine.

My question is, have other experienced this or am I a rare exception?",814Kato,0.36,/r/CovIdiots/comments/p0o280/i_have_been_sick_a_lot_since_vaccine/,t5_2hzjsw
