,title,score,id,url,comms_num,created,body,author,upvote_ratio,permalink,subreddit_id
0,Can the community help answer this?,13,oroau8,https://www.reddit.com/r/CovidVaccinatedUncut/comments/oroau8/can_the_community_help_answer_this/,10,2021-07-25 21:10:12,"Sorry if this is long winded, first time posting and this is the only place I can think to ask to get a good demographic of feedback. 

I need some help from the group in a small hypothesis. If anyone has information regarding this topic, please feel free to share or contribute. Also, if you have first-hand knowledge or experience, please share it so we can all learn a bit more. 

Originally, those that were vaccinated were told to not donate blood for plasma rejuvenate infusions. The reason was due to the vaccine wiping out the body's natural immunity and ability to produce antibodies against the virus. With the Delta variant, it is affecting those that are vaccinated in higher numbers than the unvaccinated, according to UK studies supposedly. 

My theory is that those that are unvaccinated that are becoming infected are possibly the ones who followed all the lockdown procedures, but preferred not to get vaccinated. However, they never actually contracted the virus or came into contact with it during the lockdown. Now that the lockdown has ended in many places, or restrictions have been lifted, those people that never contracted the original strain are now getting hit by the Delta because the lockdown had the opposite effect. Basically, the lockdown in conjuction with high vaccination rates, is what the root cause of the new variant stems from, aside from UK studies also showing that. 

Are there any members in here that can help further this discussion? 

Has anyone contracted what was labeled as the Delta variant that followed the lockdown and never popped positive for the original, but has since contracted the Delta variant?

Some background on myself:
- 35 yo white male, South East US
- no preexisting or current health issues 
- active fitness and healthy diet
- not on any prescription pharmaceuticals

I personally believe I contracted the original virus in late Nov/early Dec 2019. A mystery illness hit my base that presented with flu/pneumonia like symptoms and within 2-3 weeks, the base was on a skeleton crew due to 3/4 of personnel being out sick with the illness. This was way before the media really picked it up. Since then I've been in contact almost daily working with those infected (medical field) and have not been sick since.

This is what we're supposed to use reddit for, right? ...besides spacedicks",hambone-1x,0.94,/r/CovidVaccinatedUncut/comments/oroau8/can_the_community_help_answer_this/,t5_49w1ox
