,title,score,id,url,comms_num,created,body,author,upvote_ratio,permalink,subreddit_id
0,Mother in distress - Worst nightmare of parents is to lose their child - Her daughter dies 5 hours later after getting a pfizer covid-19 shot.,109,p73dp1,https://v.redd.it/b9weaxmhf7i71,28,2021-08-18 19:54:35,,whosthetard,0.97,/r/CovidVaccinatedUncut/comments/p73dp1/mother_in_distress_worst_nightmare_of_parents_is/,t5_49w1ox
1,My father’s demise: Pfizer COVID vaccine killed him.,88,ncscyj,https://www.reddit.com/r/CovidVaccinatedUncut/comments/ncscyj/my_fathers_demise_pfizer_covid_vaccine_killed_him/,125,2021-05-15 02:26:18,"My father was injected with his first dose of the Pfizer mRNA vaccine on March 14th. On March 17th, he was really starting not to feel good, nausea, diarrhea, extreme fatigue. March 19th, he was brought into the hospital by ambulance because of his shortness of breath. On the 20th, they informed us he was COVID-19 positive. He had NO exposure. We all ran errands for him and his wife, there was literally 0 exposure. They keep on telling us that “correlation is not causation”, meaning he cause COVID somewhere, maybe even while getting the vaccine.

During his hospitalization, he developed diabetes and heart arrhythmia.

He fought off COVID and was COVID free, but the damage done do his lungs was immense. They administered oxygen through a ventilator. In his final days, they continued to lower his oxygen administration, he was doing so well and on the road to recovery.

On April 24th, he suffered a massive heart attack with clotting everywhere. There was nothing to be done.

Please share your stories here, I know I am not crazy. Don’t get the vaccine.",KnockoffMilaKunis,0.97,/r/CovidVaccinatedUncut/comments/ncscyj/my_fathers_demise_pfizer_covid_vaccine_killed_him/,t5_49w1ox
2,"24-year old man was trained to become a fighter pilot, had heart attack just few days after getting the pfizer covid-19 vaccine and he's now unfit to pilot",91,palh45,https://i.redd.it/enq6tp6dkaj71.jpg,6,2021-08-24 07:31:47,,whosthetard,0.94,/r/CovidVaccinatedUncut/comments/palh45/24year_old_man_was_trained_to_become_a_fighter/,t5_49w1ox
3,Update: My mother has passed away following her second Pfizer dose - [Deleted Post],75,pa9nem,https://www.reddit.com/r/CovidVaccinatedUncut/comments/pa9nem/update_my_mother_has_passed_away_following_her/,22,2021-08-23 17:48:39,"*Last night, my mother unexpectedly passed away in her sleep, after battling with severe complications for nearly 3 weeks. I was fortunate to be nearby when she passed, so I like to think she could sense I was holding her hand as she went. I also wanted to thank everyone for extending their well wishes and helpful DMs; Thanks to all of your insights, I believe we were able to ease some of her pain over this past week. For that you have my utmost gratitude. If it interests this sub I can provide a follow-up once the autopsy is conducted, while being respectful of my mother's privacy and memory.* 

Original Post and comments can be seen here:

[https://www.reddit.com/r/CovidVaccinated/comments/pa6pzb/update\_my\_mother\_has\_passed\_away\_following\_her/](https://www.reddit.com/r/CovidVaccinated/comments/pa6pzb/update_my_mother_has_passed_away_following_her/)

\----------------------------------------------

First part of the story is here a week ago, this post was not deleted but it was locked, I include the content in case it is also deleted:

\----------------------------------------------

  ***Please help! My mother got double vaccinated (Pfizer/Pfizer) and is now bed-ridden*** 

*As the title says, my mother (59) was previously in great health until a couple weeks after being vaccinated with Pfizer both times; She's now incapable of walking, can't move more than a few steps before having to sit down due to extreme pain in her major joints (knees/hips/ankles/shoulders/neck are worst). She also complains of numbness in the spot where she received her shots and in her hands and feet. Our family doctor told us it was stress-related and that she should rest (which we've been doing), but there's been no changes to her pain levels and her mental health is starting to deteriorate. Over-the-counter pain medications aren't doing much to help either.*

*Does anyone have any other recommendations for dealing with these symptoms? If someone here knows of any remedies that work we would both be incredibly grateful. Thank you!*

[https://www.reddit.com/r/CovidVaccinated/comments/p4zjcy/please\_help\_my\_mother\_got\_double\_vaccinated/](https://www.reddit.com/r/CovidVaccinated/comments/p4zjcy/please_help_my_mother_got_double_vaccinated/)",whosthetard,0.94,/r/CovidVaccinatedUncut/comments/pa9nem/update_my_mother_has_passed_away_following_her/,t5_49w1ox
4,A 25 year old woman will be taking beta blockers indefinitely. Taylor started having heart issues after her first dose of Pfizer - [Heart Problems],74,p9awsv,https://www.reddit.com/gallery/p9awl0,1,2021-08-22 07:34:38,,whosthetard,0.97,/r/CovidVaccinatedUncut/comments/p9awsv/a_25_year_old_woman_will_be_taking_beta_blockers/,t5_49w1ox
5,"Father who pressured 35yo son into Pfizer vaccine, asks for explanation after his son dies one week later - Greece",57,otklfu,"https://www-aftodioikisi-gr.translate.goog/ygeia/korinthos-35chronos-pethane-mia-evdomada-meta-to-emvolio/amp/?_x_tr_sl=auto&_x_tr_tl=en&_x_tr_hl=en&_x_tr_pto=ajax,nv,elem",6,2021-07-28 18:26:18,,EarDentist21,0.98,/r/CovidVaccinatedUncut/comments/otklfu/father_who_pressured_35yo_son_into_pfizer_vaccine/,t5_49w1ox
6,"My life has been awful since 1st Pfizer dose ""Never felt things like this in my life before.""",51,p47ntw,/r/CovidVaccinated/comments/p3utao/my_life_has_been_awful_since_1st_pfizer_dose/,24,2021-08-14 09:04:46,,EarDentist21,0.98,/r/CovidVaccinatedUncut/comments/p47ntw/my_life_has_been_awful_since_1st_pfizer_dose/,t5_49w1ox
7,I haven’t see any posts that relate to what I’m going to say… yet.,49,otki0s,https://www.reddit.com/r/CovidVaccinatedUncut/comments/otki0s/i_havent_see_any_posts_that_relate_to_what_im/,50,2021-07-28 18:21:28,"I got my first Pfizer shot on April 27th, the second May 29th 2021. The first shot was relatively uneventful aside from a sore arm. The second shot was a whole other beast. 

For context, I’m 37 healthy male, motivated entrepreneur, and a weightlifter.

My second shot laid me out. Unlike the first shot the side effects didn’t start impacting me until about the third or fourth day, even the classic sore arm didn’t start until day three after the second shot. I got chills, body aches, severe headaches, and around before I started realizing a pretty intense pain in my right arm pit (I got the shot in my left arm both times). As the days continued the pain became more intense to the point where I was barely able to lift my arm and wearing a shirt was extremely uncomfortable, even if it was loose. Around that area I started noticing that there was a bump in my left arm pit, it appeared to be a fluid sack. When I got it checked out and they told me that it was common for people to have swollen lymph nodes After getting the shot. I personally have not heard or read anything like that yet. Either way this “swollen lymph node” Ended up being close to the size of a grapefruit, and After about two weeks of feeling sick and sore, overnight everything seemed to disappear. Even the grapefruit size lump in my armpit. 

Now the part that I find most concerning is not anything that I just explained. Is what I’m dealing with today. As I mentioned before I’m a pretty avid weightlifter, naturally a high energy guy that takes my three dogs on hikes that are typically about 5 miles every night. I’m an entrepreneur, and any other self-employed people out there know that there is a certain level of grind that is associated with self-employment. And I’m relatively young and healthy.

However, after my second shot it was like a switch was flipped in my brain and I have lost all motivation for EVERYTHING. I am constantly fatigued. For the first time in my life I feel depressed and hopeless, and I can’t really pinpoint the reason behind it. What I do know is that it’s causing a spiral effect in my life. The business I started three years ago is on the verge of imploding. I can’t even find the motivation to go back to the gym, and when I do it’s a constant struggle. More times than not I make the drive to the gym just to turn around in the parking lot and drive home.

I can’t explain what’s going on and it’s really bothering me. I have sat on posting anything for almost 2 weeks because I kept putting it off. That’s another valid point, I’ve never been one to procrastinate, and it seems like that is all that I do. I wake up in the morning with the intent of starting my day just to turn around and say “ i’ll do it tomorrow”.

I know that none of you know me. And you have no basis to believe anything that I’m saying. But all of these things started in the first week of June. I know this to be 100% true because the last social event that I did was celebrate my birthday with friends and family. I have become such an introvert and have done everything that I can to separate myself from people. In order for my business to thrive I need to interact with people. I have no desire to do it.

This is maddening and crazy to me. Has anyone else out there experienced anything like what I’m explaining? I’m more concerned with the psychological side of what this is doing.

Last thing I’ll say is this… I’m a fairly normal guy, and from time to time I like to get on the conspiracy theory forums and laugh at flat-earthers and other people who think that our country is being ran by reptilians. I’m NOT here to add fuel to the Covid conspiracy, which is why I waited so long to post. I’m not about fear mongering and trying to spew BS. I’m simply trying to understand what’s happening and if there’s anyone else out there that’s experiencing psychological side effects as I described.

TL;DR
I got my last Pfizer shot May 29th and it has been screwing with me on a psychological level. I’ve never had depression or anxiety, I’ve never been a procrastinator, and I’ve never been to the point my life where I’ve lost all motivation to do anything. But the last two months have been exactly that.",Sasquanonymus,0.98,/r/CovidVaccinatedUncut/comments/otki0s/i_havent_see_any_posts_that_relate_to_what_im/,t5_49w1ox
8,Had a seizure after getting 1st shot of Pfizer,49,ow17vp,/r/CovidVaccinated/comments/ovswv6/had_a_seizure_after_getting_1st_shot_of_pfizer/,9,2021-08-01 17:53:30,,EarDentist21,0.93,/r/CovidVaccinatedUncut/comments/ow17vp/had_a_seizure_after_getting_1st_shot_of_pfizer/,t5_49w1ox
9,List of case reports on neurological adverse events post vaccination.,50,oki65c,https://www.reddit.com/r/CovidVaccinatedUncut/comments/oki65c/list_of_case_reports_on_neurological_adverse/,6,2021-07-14 21:10:58,"Edit: a couple links were broken, should be fixed now.


Published Case Studies on Neurological COVID Vaccine Reactions

Small Fiber Neuropathy:
https://onlinelibrary.wiley.com/doi/10.1002/mus.27251?fbclid=IwAR2XlnOlDL2VHQd8zOEx6JMif9PFIvD5XnJfGPO5MDUvssJn5jOEdfVipSM

POTS:
https://www.ncbi.nlm.nih.gov/pmc/articles/PMC8101507/?fbclid=IwAR1DWjqDhAUYjg3U1B6kMvJLBIiLoo5UB58_i4NTyo51pFZRzTKtLdj_aj8

General Neuro Complications:
https://onlinelibrary.wiley.com/doi/full/10.1111/ane.13451?fbclid=IwAR1CemFwLUpsMK19GMZa_xPF775Q4B0IiksbrziKUpIrRXhYR5cDQFFfVAQ

GBS:
https://onlinelibrary.wiley.com/doi/pdf/10.1002/ana.26144

Visual Disturbances:
https://link.springer.com/article/10.1007/s00011-021-01476-9

Steven Johnson Syndrome:
https://pubmed.ncbi.nlm.nih.gov/34081806/

Tinnitus / Hearing Disturbances:
https://jamanetwork.com/journals/jamaotolaryngology/fullarticle/2780288

Phantosmia:
https://pubmed.ncbi.nlm.nih.gov/34096896/

Transient Akathisia After Pfizer:
https://pubmed.ncbi.nlm.nih.gov/34113842/

MS Flare:
https://link.springer.com/article/10.1007/s00415-021-10648-w

Trigeminal Neuralgia and Cervical Radiculitis:
https://pubmed.ncbi.nlm.nih.gov/34155020/

Facial Palsy:
https://academic.oup.com/fampra/advance-article-abstract/doi/10.1093/fampra/cmab068/6311086

Acute Macular Neuroretinopathy after AstraZeneca:
https://www.nature.com/articles/s41433-021-01610-1.epdf?sharing_token=maI-c-NlD_ey9Hl6hSRardRgN0jAjWel9jnR3ZoTv0PaAEykq0tXivlUSm8ut2XQzNlfu_IqPzJNLF1CehbDIp4pYxW54wUJaZ0bX0J8Dnby44KABwuVGHcoLiZC6lhg6zszPqigL85HPhcDK0t9O991UMH29mMZXuAmzHOy7k0%3D
                    
Acute Central Serous Retinopathy after 
Pfizer:
https://pubmed.ncbi.nlm.nih.gov/34151047/

Autoimmunity:
https://res.mdpi.com/d_attachment/vaccines/vaccines-09-00435/article_deploy/vaccines-09-00435-v2.pdf

Immune Mediated Disease Flares:
https://www.mdpi.com/2076-393X/9/5/435/htm?fbclid=IwAR0OBqE4FpP_-T2MVTCGert0RMT9w4ZCWOKt07k-IQ2zKlaHDKbdQCkp55U

Other Non-Neuro Reactions Worthy Of Note:

Gastroparesis following Pfizer:
https://journals.lww.com/ajg/Citation/9900/ 

Gastroparesis_After_Pfizer_BioNTech_COVID_19.28.aspx
13 cases of Cervical lymphadenopathy:
https://www.ncbi.nlm.nih.gov/pmc/articles/PMC8241354/

Unilateral Lymphadenopathy
https://pubmed.ncbi.nlm.nih.gov/33713605/

Axillary lymphadenopathy following mRNA vaccination:
https://pubmed.ncbi.nlm.nih.gov/34156552/
Cervical lymphadenopathy following 

Pfizer:
https://www.ncbi.nlm.nih.gov/pmc/articles/PMC8204135/

Autoimmune hepatitis following Moderna:
https://www.journal-of-hepatology.eu/article/S0168-8278(21)00424-4/fulltext

Autoimmune Hemolytic Anemia:
https://pubmed.ncbi.nlm.nih.gov/34150386/

Immune Mediated Thrombocytopenia 
Exacerbation:
https://pubmed.ncbi.nlm.nih.gov/34075578/

Immune Thrombocytopenia
https://pubmed.ncbi.nlm.nih.gov/34155844/

DVT and PE and positive HIT panel following mRNA Vaccine:
https://pubmed.ncbi.nlm.nih.gov/34117206/

Perimyocarditis in teens:
https://pubmed.ncbi.nlm.nih.gov/34077949/
                   
 Myocarditis case report:
https://pubmed.ncbi.nlm.nih.gov/34118375/

Two cases of myocarditis:
https://pubmed.ncbi.nlm.nih.gov/34166884/

Recurrence of myocarditis after vaccination:
https://pubmed.ncbi.nlm.nih.gov/34166671/

Lupus exacerbation:
https://onlinelibrary.wiley.com/doi/10.1111/dth.15017

Pancreatitis:
https://pubmed.ncbi.nlm.nih.gov/34084669/

ANCA glomerulonephritis:
https://www.kidney-international.org/article/S0085-2538(21)00555-X/fulltext

Pemphigus Vulgaris:
https://pubmed.ncbi.nlm.nih.gov/34169588/

Morbilliform Rash:
https://pubmed.ncbi.nlm.nih.gov/34167874/

Pityriasis-rosea like eruption post-vaccination in a young male:
https://pubmed.ncbi.nlm.nih.gov/34165237/

COVID-toes after mRNA vaccination:
https://pubmed.ncbi.nlm.nih.gov/34162525/

Hypertension following mRNA vaccination:
https://www.ncbi.nlm.nih.gov/pmc/articles/PMC8206586/

Subacute thyroiditis:
https://www.tandfonline.com/doi/abs/10.1080/21645515.2021.1947102

Immune Response to fillers and breast 
implants after vaccination:
https://pubmed.ncbi.nlm.nih.gov/34174765/

Soft Tissue Filler Inflammatory Reaction:
https://pubmed.ncbi.nlm.nih.gov/34174156/",Hippopotamus-Rising,0.95,/r/CovidVaccinatedUncut/comments/oki65c/list_of_case_reports_on_neurological_adverse/,t5_49w1ox
10,"19, M, Pfizer - extreme side effects (removed by moderators)",44,ohvwe8,https://www.reddit.com/r/CovidVaccinated/comments/ohk6nd/19_m_pfizer_extreme_side_effects/,17,2021-07-10 22:15:41,,Simon_the_Neckbeard,0.98,/r/CovidVaccinatedUncut/comments/ohvwe8/19_m_pfizer_extreme_side_effects_removed_by/,t5_49w1ox
11,Adverse reaction to covid vaccine,42,nvyou1,https://www.reddit.com/r/CovidVaccinatedUncut/comments/nvyou1/adverse_reaction_to_covid_vaccine/,15,2021-06-09 11:32:54,"I have been hearing about and seeing more cases like me. And I thought I would share my story. I have no history of POTS or any form of dysautonomia before getting my vaccination. On April 16th, 2021 I got my first dose of the Pfizer vaccine. Right off the bat, I was dizzy and nauseous. I thought these were normal symptoms, until the dizziness never went away. Days later I started to develop very blue feet that were also cold. I then started to experience some scary neurological symptoms. Facial numbness, my legs felt very heavy (like I was walking through wet cement with cement blocks as shoes), very bad headaches (excruciating), and vision changes (mostly blurriness). I then started to experience tachycardia when I move or stand, PVCs and PACs, irregular heartbeat, blood pressure drops, etc. The neurological symptoms have went away for the most part... Because when I was in the hospital I got a spinal tap/lumbar puncture. My opening intracranial pressure was very elevated. They drained it and the headaches were gone, the numbness was gone, the vision was okay, and my legs felt okay. It did not get rid of my POTS symptoms, though. They have run every test in the book for my symptoms and everything was normal (besides my intracranial pressure). The doctors then noticed that when I would stand up, my heart rate would go from 70-130bpm. I was diagnosed with POTS and got sent home a week later to do everything outpatient. I have seen a cardiologist and a neurologist so far, I was put on a 30 day heart monitor which had just been taken off, so I see my cardiologist again tomorrow to see those results. He also thinks this is POTS. I saw a neurologist and he wants me to get another spinal tap because my neurological symptoms have kind of returned. So we are going to check the intracranial pressure again to see if I need medication for that. He did orthostatic tests and noticed my intolerance. So now he’s ordering a TTT and a sweat test to get some more confirmation. Just so I have a confident diagnosis instead of one from a hospital. I got this vaccine to get my life back... Not to lose it even more. As of today, I feel like my symptoms are getting worse, POTS wise. My heart rate no longer goes to 130 when I stand, it now goes to 170. The shortness of breath and chest pain is extremely uncomfortable, and feeling my heart 24/7 doesn’t feel to great either. I’m also still extremely dizzy. I just hope I don’t get any worse. I am very sick right now. I hope it’ll just go away. Anyways, this has gotten very long, I might’ve not covered everything, but I feel like I covered the important stuff. Thank you for reading",chelseam725,0.98,/r/CovidVaccinatedUncut/comments/nvyou1/adverse_reaction_to_covid_vaccine/,t5_49w1ox
12,"Symptoms of blood clots and pericarditis 5 weeks after Pfizer shot, doctors being dismissive.",39,olfkzh,/r/CovidVaccinated/comments/ol3aj7/symptoms_of_blood_clots_and_pericarditis_5_weeks/,9,2021-07-16 08:08:25,,EarDentist21,0.98,/r/CovidVaccinatedUncut/comments/olfkzh/symptoms_of_blood_clots_and_pericarditis_5_weeks/,t5_49w1ox
13,UPDATE RE: Anyone else being massively pressured into taking the vaccine due to job? I'm in a real dilemma.,35,ocvzvo,https://www.reddit.com/r/CovidVaccinatedUncut/comments/ocvzvo/update_re_anyone_else_being_massively_pressured/,50,2021-07-03 07:06:20,"I made a post a little while ago about feeling massively pressured into getting the jab. This morning I just got my first dose (Pfizer). As soon as I walked into the vaccination centre and sat down in the waiting area, I saw a young girl faint, have a pretty bad seizure and making weird noises (like shes having the most mindblowing orgasm of her life). Not a great sign. Doctors/nurses tended to her quite quickly but it made me feel nervous to say the least. Note: thus was POST jab.

The actual process itself was quick, the nurse went through a few details and stuck the needle in me. Barely felt a thing.

1 hour later, my arm feels a bit weak but otherwise fine. Theres a dull pain where the needle went in.

I am still not happy that I've had it but my career depended on it, and I don't want to be on the losing side of a two-tier medical apartheid society so that's that. They won.

so to sum up: no bad side effects (yet) and I am still very unhappy with the level of coercion that is happening to get the jab. I do feel some regret a well, because I am fairly certain that the UK government will just make up a new scariant to keep us locked down again.",Waaarrrggghhh,0.9,/r/CovidVaccinatedUncut/comments/ocvzvo/update_re_anyone_else_being_massively_pressured/,t5_49w1ox
14,My Myocarditis story (2 doses of Pfizer) - [Deleted Post],35,oafqju,https://www.reddit.com/r/CovidVaccinatedUncut/comments/oafqju/my_myocarditis_story_2_doses_of_pfizer_deleted/,14,2021-06-29 15:43:38,"*I am a 21 yr old male with no history of any heart defects or heart disease. I was pretty good for a year of quarantine only going out with my parents to get groceries (with a mask) and occasionally visiting my girlfriend (who also took quarantine seriously, and we both wore masks). I never got sick and I never tested positive for COVID-19.*

*At the end of March I got my first dose. I had no side effects for two weeks.*

*Fast forward to mid April, I get my second dose. I have been exercising for about two months prior to my shot, so I saw no reason to take the day off. I power-walked for 3 miles a couple of hours after my second dose. (Keep in mind that this isn’t a “confirmed” reason behind my side effects, but it definitely could’ve played a part)*

*The next morning I wake up with the chills and a fever. I thought nothing of it as it was reportedly normal symptoms.*

*The second day after my second dose, I woke up with a sore chest. Unfortunately at the time I figured it was just because I slept in a strange position on my back. At this point I SHOULD have gone to see a doctor, as the pain in my chest got slowly worse as the day went on.*

*The night after this is where things took a turn. I woke up nauseous and threw up. My chest was hurting even worse than the day before, bad enough that I legitimately figured that I was going to pass out from the pain. I went into my parents’ room and asked them to drive me to the hospital.*

*I get to the hospital and my urine test and blood test looked normal. At this point my pain is getting even worse. I get another test done and it is revealed that I have high levels of troponin, which is a heart enzyme that is released when your heart is undergoing heart failure. I then get admitted into the hospital for further examination.*

*I end up getting a heart echo later which reveals that my ejection fraction was at about 37%, which is another bad sign. I get scheduled for a CAT scan while still in terrible pain.*

*I get a medication called Nitroglycerin put into my IV to dilate my heart’s blood vessels for the scan. My chest pain almost immediately goes away, and I’m pretty sure the technician took notice to this.*

*He said, “If your pain is going away, that means it’s very possible that you were experiencing heart inflammation”.*

*Fast forward to now, I’ve had 0 chest pain and 0 signs of the myocarditis re/r/\*\*) is to not take the second dose for now. Since younger people tend to do better against the virus anyway, the one dose should be plenty. If you do decide to get the second dose, I’d definitely recommend not exercising for 24h afterward just as a precaution, or until your regular side effects go away.*

[*https://www.reddit.com/r/CovidVaccinated/comments/o5wtjg/my\_myocarditis\_story\_2\_doses\_of\_pfizer/*](https://www.reddit.com/r/CovidVaccinated/comments/o5wtjg/my_myocarditis_story_2_doses_of_pfizer/)",whosthetard,0.97,/r/CovidVaccinatedUncut/comments/oafqju/my_myocarditis_story_2_doses_of_pfizer_deleted/,t5_49w1ox
15,Got Banned for Questioning Simple Narrative.,36,o6ue1c,https://www.reddit.com/r/CovidVaccinatedUncut/comments/o6ue1c/got_banned_for_questioning_simple_narrative/,18,2021-06-24 01:27:44,"Just got banned from covidvaccinated.

Somebody asked for advice if his bro should get 2nd pfizer shot since he reacted badly and developed myocarditis.

Somebody commented ""ask what would be the risk of him catching covid and damaging his heart?"" Insinuating catching covid would be worse.

I replied ""what would be the risk of him getting a heart attack from 2nd shot?"" And they BANNED me.

Well what do you know...? TURNS OUT THIS HAPPENS.

https://thehighwire.com/videos/cadet-suffers-heart-attack-after-covid-vaccine/",jollybeelovr,0.91,/r/CovidVaccinatedUncut/comments/o6ue1c/got_banned_for_questioning_simple_narrative/,t5_49w1ox
16,First manifestation of Multiple Sclerosis after immunization with the Pfizer-BioNTech COVID-19 vaccine,30,o1yjxw,https://link.springer.com/article/10.1007/s00415-021-10648-w,9,2021-06-17 10:27:11,,SNM_2_0,0.98,/r/CovidVaccinatedUncut/comments/o1yjxw/first_manifestation_of_multiple_sclerosis_after/,t5_49w1ox
17,Update of the 30-year-old NC woman who developed multiple mobility problems after getting the covid-19 pfizer shot - [Included is a moderation clip of previous posts made around it due to a bombardment of fake comments trying to create controversy - link to previous posts included],32,p8x3tx,https://v.redd.it/7gjcv1gwari71,1,2021-08-21 14:56:31,,whosthetard,0.81,/r/CovidVaccinatedUncut/comments/p8x3tx/update_of_the_30yearold_nc_woman_who_developed/,t5_49w1ox
18,"VAERS: 15 Year Old Boy Dies From Heart Failure/Attack Two Days After Receiving Pfizer Vaccine - No Allergies, Pre-Existing Conditions",40,n38p71,https://www.medalerts.org/vaersdb/findfield.php?IDNUMBER=1242573,1,2021-05-02 11:28:20,,EarDentist21,0.99,/r/CovidVaccinatedUncut/comments/n38p71/vaers_15_year_old_boy_dies_from_heart/,t5_49w1ox
19,29 year old woman shares her experience after getting the pfizer covid-19 vaccine - Sharing Their Stories - Covid Vaccine Victims channel,34,oxpuvn,https://v.redd.it/r6ag8na4ibf71,4,2021-08-04 06:32:58,,whosthetard,0.95,/r/CovidVaccinatedUncut/comments/oxpuvn/29_year_old_woman_shares_her_experience_after/,t5_49w1ox
20,Vaccine Makers Claim COVID Shots Are ‘95% Effective’ — But What Does That Mean?,32,n6ik1g,https://www.reddit.com/r/CovidVaccinatedUncut/comments/n6ik1g/vaccine_makers_claim_covid_shots_are_95_effective/,6,2021-05-06 17:43:15,"""When one does the math, the Pfizer clinical trial numbers [showed](https://gis.blog.ryerson.ca/2020/12/13/understanding-risk-ordered-weighted-averaging-and-relative-vs-absolute-risk-reduction/): “***The risk reduction in absolute terms \[was\] only 0.7%, from an already very low risk of 0.74% \[in the placebo group\] to a minimal risk of 0.04% \[in the vaccine group\].” (Dividing 0.7 — the difference between the two groups — by 0.74 is the mathematical calculation that produced the touted “95% effective” number).""***

[https://stuartbramhall.wordpress.com/2021/05/06/vaccine-makers-claim-covid-shots-are-95-effective-but-what-does-that-mean/](https://stuartbramhall.wordpress.com/2021/05/06/vaccine-makers-claim-covid-shots-are-95-effective-but-what-does-that-mean/)",_V_L_,0.95,/r/CovidVaccinatedUncut/comments/n6ik1g/vaccine_makers_claim_covid_shots_are_95_effective/,t5_49w1ox
21,"Had my Pfizer jab last Wed and have felt like death since. Today (as of 15th July), my GP said enough was enough and sent me to emergency - a week and chills, fevers, sweats, vomitting, sore head, a rash, yellow eyes, bloating and even a swollen ball sack",35,oldww5,https://i.redd.it/7hqp5s5ntjb71.jpg,3,2021-07-16 06:07:46,,whosthetard,0.96,/r/CovidVaccinatedUncut/comments/oldww5/had_my_pfizer_jab_last_wed_and_have_felt_like/,t5_49w1ox
22,"Those who take the Covid-19 “vaccines” are MORE susceptible to the Delta Variant and have a HIGHER risk of severe disease or even death. This information comes from Dr. Robert Malone, the inventor of the very mRNA technology used to transmit both the Pfizer and Moderna injections.",26,p87bhn,https://thelibertydaily.com/mrna-tech-inventor-dr-robert-malone-easier-for-delta-to-kill-vaccinated-than-jab-free-people/,11,2021-08-20 11:19:03,,ScreenExtension,0.73,/r/CovidVaccinatedUncut/comments/p87bhn/those_who_take_the_covid19_vaccines_are_more/,t5_49w1ox
23,"[deleted] 19M Extreme shortness of breath, racing heart during exercise after 1st Pfizer shot. Will not be getting my second shot.",26,oyy0wj,https://www.reddit.com/r/CovidVaccinated/comments/oyws5q/extreme_shortness_of_breath_racing_heart_during/,8,2021-08-05 22:54:36,,Simon_the_Neckbeard,1.0,/r/CovidVaccinatedUncut/comments/oyy0wj/deleted_19m_extreme_shortness_of_breath_racing/,t5_49w1ox
24,"First dose of Pfizer received and a week in bed, fearing the second dose...(26F). Anyone went through the same thing?",31,oy490k,/r/CovidVaccinated/comments/oy0mo1/first_dose_of_pfizer_received_and_a_week_in_bed/,0,2021-08-04 18:42:14,,Simon_the_Neckbeard,0.92,/r/CovidVaccinatedUncut/comments/oy490k/first_dose_of_pfizer_received_and_a_week_in_bed/,t5_49w1ox
25,2nd dose (Pfizer) side effects? I got hospitalized.,23,oh2wwp,/r/CovidVaccinated/comments/ognqbf/2nd_dose_pfizer_side_effects_i_got_hospitalized/,9,2021-07-09 15:35:18,,EarDentist21,0.9,/r/CovidVaccinatedUncut/comments/oh2wwp/2nd_dose_pfizer_side_effects_i_got_hospitalized/,t5_49w1ox
26,Dr David Bauer: 'Pfizer vaccine produces fewer key antibodies',19,or08hi,https://www.msn.com/en-gb/health/medical/dr-david-bauer-pfizer-vaccine-produces-fewer-key-antibodies/vi-AAKHPO1,1,2021-07-24 19:08:08,,Seer----,0.91,/r/CovidVaccinatedUncut/comments/or08hi/dr_david_bauer_pfizer_vaccine_produces_fewer_key/,t5_49w1ox
27,I'm experiencing myocarditis from the pfizer shot. 36 year old male first dose,24,nvr4tw,/r/CovidVaccinated/comments/nvc37h/pfizer_myocarditis_36_year_old_male_first_dose/,8,2021-06-09 04:55:03,,EarDentist21,0.99,/r/CovidVaccinatedUncut/comments/nvr4tw/im_experiencing_myocarditis_from_the_pfizer_shot/,t5_49w1ox
28,"General Concerns, Pfizer vaccine “shedding”",20,n0w54u,https://www.reddit.com/r/CovidVaccinatedUncut/comments/n0w54u/general_concerns_pfizer_vaccine_shedding/,10,2021-04-28 23:47:12,"TL;DR: I’m 22 (F) with current bloodwork being done for unrelated elevated androgens/free testosterone. Two coworkers of mine have recently received the first Pfizer dose and I’m worried about a phenomenon called “shedding” happening and the risks of illness or adverse events in myself and other staff. Are they valid concerns and how should I go about them? 

______________

Hi, I am 21 (F) (22 around May long weekend) and recently have seen some articles and stories posted to reddit about adverse events being recorded, as well as “shedding” occuring of individuals who accept the experimental vaccines; Moderna and Pfizer’s mRNA vaccine models to be precise. I am not “anti vax”, was vaccinated in childhood around grade 5 for a few vaccines, including the HPV vaccine (not sure which one, going to ask my dr for my full vaccination history) but I believe it was HPV2 and I distinctly recall that I never got boosters (skipped class in 9th when they were administering them because I didn’t feel like going). 

 As far as I’ve been aware, I never had any “adverse events” or reactions post vaccination. I was always mystery sick growing up though and recently, after reading the VAERS adverse events reports for each HPV vaccine, I’ve begun to wonder if my mystery sicknesses were reactions that I experienced long term... and if they could be linked back, I definitely want to avoid taking a vaccine which events have not even been fully reported and we don’t have long term safety data for. 

 To start, I am going to preface by saying I have an appointment for a phone call to move forward with testing with an endocrinologist, for symptoms that my GP in not sure as to whether or not they conclude a PCOS diagnosis. I got a pelvic ultrasound done about a month back which revealed “normal” ovaries, with the exception that one one had what my GP described as “additional follicles”, but don’t classify as cysts. Generally, you need to meet about 2/3 critera to be diagnosed with PCOS: For starters, you need to either have had frequent missed periods/irregular periods, unexplained weight gain, and cysts on the ovaries; again, generally. Hirsutism is another common comirbidity with PCOS, but not a defining characteristic, although a hormone imbalanace usually is. I ONLY have the elevated androgens/testosterone. Besides that, no cysts that my dr can see, have never had a missed or late period, and am generally healthy weight, on the slimmer side. 

 I am consulting with an endocrinologist to try to rule out NCCAH as well, which I feel personally after reading more about that and the critera/onset of symptoms in women, that it fits me closer than PCOS does. With all of that being said, upon actually exploring my curiosity about HPV adverse events (because all vaccines have them, there’s risk with all medicine), I grew increasingly concerned that this could have been “triggered” to develop possibly due to the vaccination and an immune response I may have been too young to understand at the time. 

 I was sick pretty much on and off consistently as an adolescent and into my late teens, but my GP could never figure out quite what was going on. I had never had any kinds of allergies recorded when I was a child, around about 14 I developed a pretty severe “gluten intolerance” and seeming intolerance to sugar to a degree. My GP screened me for lactose intolerance, nut allergies, Celiac; all negative. If I ate gluten and certain processed foods (gluten wasn’t the only trigger, it varied depending on the product a lot at times) I would experience abdominal bloating so bad I described it as looking “3rd trimester pregnant”, would get brain fog and could not remember something I was told 15 minutes prior (whereas I generally have a pretty good memory) and I had a constantly stuffed sinus which she also couldn’t explain and that prevented me from properly sleeping a lot of the time. I was an otherwise healthy child, although I imagine not being breast fed + being a c-sectioned child probably also prevented me from having as developed of an immune system naturally as I could’ve had. Moving on. 

 When I was reading the VAERS reports, I came across a few entries about gluten intolerances and brain fog, as well as entries regarding the development of Polycystic ovaries and POI reports (Primary Ovarian Insufficiency) developing in young vaccinated women around my age. I have 3 friends who are from my school diagnosed with PCOS, and two other ones who don’t have PCOS, but do have the gluten intolerance without celiac. All of my friends got the first doses like I did, my friends with PCOS got all their scheduled doses. With the recent panic over COVID-19 outbreaks in India, and adverse events being reported from the mRNA vaccines that I’ve seen, as well as statements released by Pfizer, I just can’t really fathom why it would be any different with the possibility of adverse events occuring years after vaccination with other vaccines; I assume the other ones would be approved safe and efficate because they’re less severe and probably far less occuring than they would’ve been in the animal trials spanning years (because they have those completed for those vaccines) 

 My biggest issue is this currently: I am witnessing increases of these kinds of odd reproductive and allergic issues in not only me, but peers my age. I have no idea as to whether or not what I have currently going on, is caused by my genetics or by maybe just the processed foods, or whether or not my body had experienced an immune trigger that helped catalyze the development of the issues I currently am dealing with. I am still trying to figure the source of my long running issues out. Given all of that, I don’t personally feel safe taking an experimental vaccine that has had reports made already to VAERS regarding a series of those very adverse events occuring (things involved around reproduction such as miscarriages, and unpredictable inflammatory responses)

 Recently two of my coworkers have both gotten the Pfizer vaccination, and I had seen a post about a print where apparently Pfizer has now stated that they’re aware now that their vaccine “sheds”, so potentially vaccinated individuals can “shed the vaccine” around unvaccinated individuals and that could cause some unvaccinated women to experience adverse events the vaccinated women potentially could have (miscarry/ general sickness/COVID symptoms surrounding adverse events recorded by some of the vaccinated groups) This is a huge fear of mine, considering I would like to one day have children, and my GP detailed that from my menstrual cycles and lack of cysts, I could still get pregnant without much issue. 

 I’m angry because of how uneducated people seem to be about just how little is known about these vaccines, and the dangers they may be putting others at risk for by signing up to do this. Apparently the shedding occurs if you inhale particles they’ve shed, or they make skin to skin contact but I have no idea as to whether or not those statements are true or false. I have been proactively taking a mutivitamin for D3, Calcium and Magnesium just because I heard they maturally promote immune strength but this is concerning if these claims are true to any extent. Any suggestions would be amazing, as well as sources for shedding so that at least if it’s not a true occurance, I can opt instead to just wait until I know my individual circumstances and the long term studies for the vaccines. Thank you for taking the time to read if you have.
_________________________________

Update: Obtained my vaccination records the other day and it turns out I got the full schedule dosing back at 11, two doses, 7 months apart for Gardasil. Googled it and turns out there was a recall in 2019 and girls all over the world are filing lawsuits against Merck and Co. Allegedly, it was also a rushed to market vaccine that at the time was unapproved, and has led to various adverse events in young women, and since this has now been going on for longer than 10 years, I felt like as someone who had the scheduled dosing, I feel the need to speak up. I finally have somewhat of an explanation for my odd sudden onset gluten intolerance my GP couldn’t explain, and the runny nose that I’ve had persistent throughout the years unrelated to illness. From my understanding of the technology behind Gardasil was that the company had taken a modified yeast culture and injected it with 4 DNA L1 proteins from HPV strains 6,11,16 and 18. When the body is mounting an immune response, it can end up mounting an immune response to the yeast itself, hence my inflammatory responses to gluten. I will be doing a heavy metal detox, as that has been linked to the brain fog elements of the side effects occuring post vaccination, in hopes that much of the damage that was done has not been permanent/dramatic. I’m now hoping that my increased androgens are not due in part to a tumour growing on my cervix, seeing as Cervical Cancer and Congenital Adrenal Hyperplasia seem to be the only possible diagnoses for what I’ve been dealing with (elevated free testosterones and androgens) for a year. My endocrinologist appointment is June 2nd and if Cervical Cancer ends up my diagnosis, I will be filling a report on Gardasil in Canada as well as filling a lawsuit. My mother and grandmother were not properly informed by my public school about the vaccines, nor were they able to express my unique risks give that my grandmother was 5/11 children in her family to die of cancer, and her father died of skin cancer; so very high prevalence in my family. My GP also did not have my vaccination records, so instead of going through her clinic, I needed to contact my city’s public health unit. The Gardasil HPV-4 vaccine was a recombinant vaccine, a quadrivalent. I have no idea if it’s triggered the beginning of Ovarian Cancer/POI or an onset for an autoimmune disorder in my body as those are among common adverse events that occur. I waited 10 years for some kind of indication as to why I’ve felt the ways I have throughout my teenage years, knowing my pain was abnormal. Please be cautious and make informed decisions.",Ayyyqualyn,0.99,/r/CovidVaccinatedUncut/comments/n0w54u/general_concerns_pfizer_vaccine_shedding/,t5_49w1ox
29,Hospitalised after the second shot of Pfizer/BioNTech - [Deleted Post],18,ouqo6j,https://www.reddit.com/r/CovidVaccinatedUncut/comments/ouqo6j/hospitalised_after_the_second_shot_of/,10,2021-07-30 14:50:00,"*Hello everyone . Before anything I must say that I am not anti vaccines nor am I against them, I actually encourage people to get them asap (those 5G capabilities are phenomenal).*

*I'm a 21 year old male who is completely healthy and never had any single bad reaction towards any vaccine that I've gotten since I was a child. I'm not overweight but I do indeed smoke.*

*On Monday the 26th of July I finally got my second jab of the covid-19 Vaccine.*

*For the first few hours I had no symptoms or problems aside from a mild pain at the sight of the injection (which is very very very typical). Later that night I developed in what I could say the worst fever of my life. I scored a 39°C and I actually legitimately thought I was dying. That night was probably the most horrible night of my life with the most horrible pain I've ever experienced ever, my whole body was on fire and it felt like I just wanted a truck to run over me so it can relieve my suffering.*

*The next day everything went back to normal aside from being tired to shit of course.*

*The night of the next is where the fun began (by fun I mean the cycle of suffering) I couldn't sleep for the life of me. I had horrible palpation, extreme pain in back and neck, and I was short of breath. At the point I started to get worried but I prushed it off as just symptoms of the second shot. A bit later and everything started spinning and I had very very strong vertigo and nausea.*

*The third day was even worse. Palpations were more often, breathing was more difficult, and the back pain was 10 times worse. Sleep went out the window completely...that's when I decided that that is not normal and I need to do something about it.*

*I went to my GP and he told me to go to the hospital. Many many many hours later the doctors lock me in the cardiac ward to be monitored 24/7. I had very hight Troponin (a protein that is released when the heart is being damaged) and they thought I'll die any time. I'm still here at the hospital writing this as I am trying to sleep a bit for my heart MRI tomorrow to see if there is an infection or inflammation or something else.*

*Btw nothing came up during ECG.*

*Please people be careful, especially young men as more and more people get heart troubles cause of moderna and pfizer vaccines.*

*This is sad cause these vaccines are our only hope to get out of this fucking pandemic that made us all miserable yet at the same time they weren't done ""completely"" right like all other vaccines. They were rushed and througholy researched.*

*I just hope everything will be fine with me and I'll be able to get out of here asap.*

*Stay safe people and please check with your doctors if there's anything that doesn't feel normal to you.*

\--------------------

Originally posted here:

[https://www.reddit.com/r/CovidVaccinated/comments/oubz1e/hospitalised\_after\_the\_second\_shot\_of/](https://www.reddit.com/r/CovidVaccinated/comments/oubz1e/hospitalised_after_the_second_shot_of/)",whosthetard,0.92,/r/CovidVaccinatedUncut/comments/ouqo6j/hospitalised_after_the_second_shot_of/,t5_49w1ox
30,8 days in and constantly cycling through worrying symptoms (Pfizer),17,nridhf,/r/CovidVaccinated/comments/nrgq9x/8_days_in_and_constantly_cycling_through_worrying/,4,2021-06-03 13:03:58,,PutinHasATinyPenis,0.91,/r/CovidVaccinatedUncut/comments/nridhf/8_days_in_and_constantly_cycling_through_worrying/,t5_49w1ox
31,"Pfizer Vaccine 11th July: still experiencing heart palpitations, fatigue, chest pains and tachycardia",18,os4470,/r/CovidVaccinated/comments/orwa8a/pfizer_vaccine_11th_july_still_experiencing_heart/,1,2021-07-26 13:53:57,,PutinHasATinyPenis,1.0,/r/CovidVaccinatedUncut/comments/os4470/pfizer_vaccine_11th_july_still_experiencing_heart/,t5_49w1ox
32,Woman Paralyzed 12 Hours After Getting First Dose of Pfizer Vaccine,18,mykhha,https://www.youtube.com/watch?v=SQTHh88jDM8,1,2021-04-25 19:31:36,,the-dead-canary,0.96,/r/CovidVaccinatedUncut/comments/mykhha/woman_paralyzed_12_hours_after_getting_first_dose/,t5_49w1ox
33,"Fatigue, tiredness, loss of concentration, no drive, absolutely exhausted 24 days after 2nd shot of Pfizer",17,nkttof,/r/CovidVaccinated/comments/nk2asq/fatigue_tiredness_loss_of_concentration_no_drive/,3,2021-05-25 12:29:19,,EarDentist21,0.96,/r/CovidVaccinatedUncut/comments/nkttof/fatigue_tiredness_loss_of_concentration_no_drive/,t5_49w1ox
34,Increased penis size from the vaccine???,17,nhzxie,https://www.reddit.com/r/CovidVaccinatedUncut/comments/nhzxie/increased_penis_size_from_the_vaccine/,44,2021-05-21 14:52:37,Got the 2nd dose of the Pfizer and I noticed my penis while hard has definitely increased in size a little bit. While not much in length (maybe .75inches) quite a bit in girth I am a 21 year old so I found this kind of strange. This is a warning to you guys you may have been right about this vaccine this increased penis size seems to be a common side effect with some friends who have also gotten the 2nd doe of the Pfizer for sure strange be cautious about it.,Puzzleheaded-Tie6500,0.6,/r/CovidVaccinatedUncut/comments/nhzxie/increased_penis_size_from_the_vaccine/,t5_49w1ox
35,Amount of mrna(moderna/pfizer)/dna(j&j) being injected per Covid vaccine?,16,on2o0w,https://www.reddit.com/r/CovidVaccinatedUncut/comments/on2o0w/amount_of_mrnamodernapfizerdnajj_being_injected/,11,2021-07-18 20:06:33,"Trying to determine what actually is entering the body by each major US vaccine manufacturer (Pfizer, Moderna, and J&J) per shot/ vaccination? Does anyone have this data, or know where it can be found reliably? Thanks in advance!",Whimsnay,0.94,/r/CovidVaccinatedUncut/comments/on2o0w/amount_of_mrnamodernapfizerdnajj_being_injected/,t5_49w1ox
36,Where is the ALL-CAUSE MORTALITY benefit proof for the COVID vaccines? The Pfizer Phase 3 study 6 month showed that we killed 3 to 4 people to save one life! Is there a study we missed showing reduced ALL-CAUSE mortality? Page on 29,15,p7o4xd,http://www.skirsch.com/covid/Refuse.pdf,1,2021-08-19 17:30:31,,redditlovetocensor,1.0,/r/CovidVaccinatedUncut/comments/p7o4xd/where_is_the_allcause_mortality_benefit_proof_for/,t5_49w1ox
37,"Two weeks after first Pfizer, huge hives, very painful. Help!!",14,n4kr4n,/r/CovidVaccinated/comments/n4ff38/two_weeks_after_first_pfizer_huge_hives_very/,7,2021-05-04 06:09:48,,EarDentist21,0.95,/r/CovidVaccinatedUncut/comments/n4kr4n/two_weeks_after_first_pfizer_huge_hives_very/,t5_49w1ox
38,"Had my last Pfizer shot almost 2 months ago, the last few days a weird rash/discoloration around the injection site has started to appear. Anyone else seeing anything similar?",16,omb478,https://i.imgur.com/w8H9Qgr.png,2,2021-07-17 15:38:13,,EarDentist21,1.0,/r/CovidVaccinatedUncut/comments/omb478/had_my_last_pfizer_shot_almost_2_months_ago_the/,t5_49w1ox
39,No period after Pfizer?,14,nfzv6y,/r/CovidVaccinated/comments/nfpihs/no_period_after_pfizer/,3,2021-05-19 04:11:28,,EarDentist21,1.0,/r/CovidVaccinatedUncut/comments/nfzv6y/no_period_after_pfizer/,t5_49w1ox
40,Extreme chest pain after pfizer,12,ot8xdc,/r/CovidVaccinated/comments/ot1hko/extreme_chest_pain_after_pfizer/,13,2021-07-28 08:30:15,,EarDentist21,0.94,/r/CovidVaccinatedUncut/comments/ot8xdc/extreme_chest_pain_after_pfizer/,t5_49w1ox
41,High heart rate following a pfizer covid shot with a 16 year old kid,11,ocyf0v,https://i.redd.it/919pcwc950971.jpg,1,2021-07-03 09:49:28,,whosthetard,0.93,/r/CovidVaccinatedUncut/comments/ocyf0v/high_heart_rate_following_a_pfizer_covid_shot/,t5_49w1ox
42,Another totally normal Pfizer reaction,11,niq4o7,/r/CovidVaccinated/comments/nikwsp/got_my_first_pfizer_shot/,9,2021-05-22 15:29:20,,PutinHasATinyPenis,0.87,/r/CovidVaccinatedUncut/comments/niq4o7/another_totally_normal_pfizer_reaction/,t5_49w1ox
43,Took Vaccine but now want to Detox,11,pbb84m,https://www.reddit.com/r/CovidVaccinatedUncut/comments/pbb84m/took_vaccine_but_now_want_to_detox/,10,2021-08-25 09:28:57,"Title, but a week after taking the Pfizer vaccine and feeling no adverse effects at the age of 23, I want to know if there is any way one can detox from this supposed mRNA damage. 

I thought I had made enough research and observation on the subject, seeing as people **I knew** were taking it for like 8 months + and not really seeing any changes in behaviour/physical prowess and yet I'm online and seeing people experiencing really extreme effects; you'd think that's the result after taking a vaccine as i always heard wild side effects of those who took vaccines in the past, having the same **blood clot** or **neurological** effects as the COVID-19 one, but I was just **unsure** of this now possible mRNA damage that followed with it. I was busy for the following week, which hindered my ability to research fully about it, but I want to know if there are any potential fixes to this?",PresentTangelo,0.82,/r/CovidVaccinatedUncut/comments/pbb84m/took_vaccine_but_now_want_to_detox/,t5_49w1ox
44,Anyone else have side effects 10 week after 1st Pfizer Jab?,11,nmocnx,/r/CovidVaccinated/comments/nmi3x8/anyone_else_have_side_effects_10_week_after_1st/,4,2021-05-27 23:06:44,,Bior38,0.92,/r/CovidVaccinatedUncut/comments/nmocnx/anyone_else_have_side_effects_10_week_after_1st/,t5_49w1ox
45,"2nd Pfizer shot ~36hrs ago, feeling absolutely horrible",12,n7ky3w,/r/CovidVaccinated/comments/n7eipt/2nd_pfizer_shot_36hrs_ago_feeling_absolutely/,2,2021-05-08 04:45:35,,EarDentist21,0.94,/r/CovidVaccinatedUncut/comments/n7ky3w/2nd_pfizer_shot_36hrs_ago_feeling_absolutely/,t5_49w1ox
46,"Got my first Pfizer dose on thursday, I am completely wiped out...",10,onhcct,/r/CovidVaccinated/comments/ongkms/got_my_first_pfizer_dose_on_thursday_i_am/,4,2021-07-19 12:18:40,,EarDentist21,0.86,/r/CovidVaccinatedUncut/comments/onhcct/got_my_first_pfizer_dose_on_thursday_i_am/,t5_49w1ox
47,UK Yellow Card scheme,11,p5ctez,https://www.reddit.com/r/CovidVaccinatedUncut/comments/p5ctez/uk_yellow_card_scheme/,0,2021-08-16 05:43:13,"The UK Government’s Yellow Card scheme is reported weekly:

[https://www.gov.uk/government/publications/coronavirus-covid-19-vaccine-adverse-reactions/coronavirus-vaccine-summary-of-yellow-card-reporting](https://www.gov.uk/government/publications/coronavirus-covid-19-vaccine-adverse-reactions/coronavirus-vaccine-summary-of-yellow-card-reporting)

 *The* MHRA *has received 486 UK reports of suspected* ADRs *to the Pfizer/BioNTech vaccine in which the patient died shortly after vaccination, 1,036 reports for the COVID-19 Vaccine AstraZeneca, 10 for the COVID-19 Vaccine Moderna and 27 where the brand of vaccine was unspecified. The majority of these reports were in elderly people or people with underlying illness. Usage of the vaccines has increased over the course of the campaigns and as such, so has reporting of fatal events with a temporal association with vaccination however, this does not indicate a link between vaccination and the fatalities reported. Review of individual reports and patterns of reporting does not suggest the vaccines played a role in these deaths.*

Looking back over the past eight weeks, the weekly reported death total (now 1,559) has increased by, per week: 

**23, 19, 27, 20, 30, 37, 47, 24.** **227 in total, in just 8 weeks.**

The boiler-plate text with the report (quoted above) is repeated week after week.  BUT - How many elderly with comorbidities received the vaccine in those 8 weeks? NONE - they have been vaxxed long since.

How many healthy people, who may well have taken their chances with Covid if they had known the risks? Maybe all 227 of them.  After all, only 740 healthy under-60 year olds in England have died ‘with Covid’ (out of a population of 40m+) since March 2020:  
 [https://www.england.nhs.uk/statistics/statistical-work-areas/covid-19-daily-deaths/weekly-total-archive/](https://www.england.nhs.uk/statistics/statistical-work-areas/covid-19-daily-deaths/weekly-total-archive/) see Tab 3

The idea that there are that all these deaths, which GP's or families have troubled to report as associated with the vaccine, are coincidental is absurd.  People use the phrase 'it's criminal' lightly, but the absence of informed consent relating to those 227 deaths may surely be a criminal act and warrants investigation.",BTLNewbie,1.0,/r/CovidVaccinatedUncut/comments/p5ctez/uk_yellow_card_scheme/,t5_49w1ox
48,Heart palpitations/suspected SVT after second Pfizer dose?,8,n8of1o,/r/CovidVaccinated/comments/n85ls6/heart_palpitationssuspected_svt_after_second/,2,2021-05-09 17:45:22,,EarDentist21,0.8,/r/CovidVaccinatedUncut/comments/n8of1o/heart_palpitationssuspected_svt_after_second/,t5_49w1ox
49,My.,10,ntoyny,https://www.reddit.com/r/CovidVaccinatedUncut/comments/ntoyny/my/,34,2021-06-06 12:01:34,"My best friend took the jab(Pfizer 1st dose) without even asking me or telling me anything about it.

People think that it's a game or sth like this??

I'm gonna lose my mind, the brainwashing is real.
A friend of my family took the Moderna and she is suffering from fever and every part of her body hurts.

I have a question for all the persons here.

Will I get some side effects from getting near to my best friend? (Spike protein hypothesis)",Ayahuasca__,0.82,/r/CovidVaccinatedUncut/comments/ntoyny/my/,t5_49w1ox
50,Can’t stop my acne breakouts after my Pfizer vaccine.,9,n9ykk2,/r/CovidVaccinated/comments/n9x0sj/cant_stop_my_acne_breakouts_after_my_pfizer/,4,2021-05-11 10:42:12,,EarDentist21,0.86,/r/CovidVaccinatedUncut/comments/n9ykk2/cant_stop_my_acne_breakouts_after_my_pfizer/,t5_49w1ox
51,"Post Pfizer 2nd dose Pinkeye, period, coughing, fever",10,nazh7v,/r/CovidVaccinated/comments/natbou/post_pfizer_2nd_dose_pinkeye_period_coughing/,2,2021-05-12 17:08:55,,EarDentist21,1.0,/r/CovidVaccinatedUncut/comments/nazh7v/post_pfizer_2nd_dose_pinkeye_period_coughing_fever/,t5_49w1ox
52,Severe heart palpitations after 2nd Pfizer 😩,9,os7xnw,/r/CovidVaccinated/comments/orqlsx/severe_heart_palpitations_after_2nd_pfizer/,2,2021-07-26 16:58:17,,EarDentist21,0.92,/r/CovidVaccinatedUncut/comments/os7xnw/severe_heart_palpitations_after_2nd_pfizer/,t5_49w1ox
53,Ongoing Chest Pain Side Effects after 2nd Pfizer shot,10,n4kr0v,/r/CovidVaccinated/comments/n443a6/ongoing_chest_pain_side_effects_after_2nd_pfizer/,1,2021-05-04 06:09:35,,EarDentist21,1.0,/r/CovidVaccinatedUncut/comments/n4kr0v/ongoing_chest_pain_side_effects_after_2nd_pfizer/,t5_49w1ox
54,Pfizer vaccine adverse side effects— looking for some hope,7,ooo8yb,/r/CovidVaccinated/comments/oo5isa/pfizer_vaccine_adverse_side_effects_looking_for/,2,2021-07-21 07:47:30,,EarDentist21,0.9,/r/CovidVaccinatedUncut/comments/ooo8yb/pfizer_vaccine_adverse_side_effects_looking_for/,t5_49w1ox
55,Anyone else getting pretty bad joint pain after the pfizer vaccine?,8,mtdt8x,/r/CovidVaccinated/comments/mmh87i/anyone_else_getting_pretty_bad_joint_pain_after/,0,2021-04-18 10:27:16,,EarDentist21,1.0,/r/CovidVaccinatedUncut/comments/mtdt8x/anyone_else_getting_pretty_bad_joint_pain_after/,t5_49w1ox
56,Vomiting and nauseous 8 days after Pfizer 2?,8,oxwixi,/r/CovidVaccinated/comments/oxp1w2/vomiting_and_nauseous_8_days_after_pfizer_2/,5,2021-08-04 12:35:14,,EarDentist21,1.0,/r/CovidVaccinatedUncut/comments/oxwixi/vomiting_and_nauseous_8_days_after_pfizer_2/,t5_49w1ox
57,Peter Doshi: Pfizer and Moderna’s “95% effective” vaccines—we need more details and the raw data - The BMJ,7,o47ge6,https://blogs.bmj.com/bmj/2021/01/04/peter-doshi-pfizer-and-modernas-95-effective-vaccines-we-need-more-details-and-the-raw-data/?utm_campaign=shareaholic&utm_medium=twitter&utm_source=socialnetwork,9,2021-06-20 10:56:07,,SNM_2_0,0.77,/r/CovidVaccinatedUncut/comments/o47ge6/peter_doshi_pfizer_and_modernas_95_effective/,t5_49w1ox
58,Second Pfizer shot random HR spikes,8,n38oem,/r/CovidVaccinated/comments/n3760r/second_pfizer_shot_random_hr_spikes/,0,2021-05-02 11:27:18,,EarDentist21,0.85,/r/CovidVaccinatedUncut/comments/n38oem/second_pfizer_shot_random_hr_spikes/,t5_49w1ox
59,Pfizer Vaccine Updates - side effects won’t go away,9,nktm2e,/r/CovidVaccinated/comments/nkc7q3/pfizer_vaccine_updates_side_effects_wont_go_away/,1,2021-05-25 12:19:58,,EarDentist21,1.0,/r/CovidVaccinatedUncut/comments/nktm2e/pfizer_vaccine_updates_side_effects_wont_go_away/,t5_49w1ox
60,A rather negative experience with Pfizer,9,nehu7n,/r/CovidVaccinated/comments/ndt5h9/a_rather_negative_experience_with_pfizer/,6,2021-05-17 10:32:55,,EarDentist21,1.0,/r/CovidVaccinatedUncut/comments/nehu7n/a_rather_negative_experience_with_pfizer/,t5_49w1ox
61,Myocarditis after first Pfizer vaccine.,7,nlk3h0,/r/CovidVaccinated/comments/nlhbwe/myocarditis_after_first_pfizer_vaccine/,1,2021-05-26 11:44:11,,Simon_the_Neckbeard,0.78,/r/CovidVaccinatedUncut/comments/nlk3h0/myocarditis_after_first_pfizer_vaccine/,t5_49w1ox
62,Irregular heartbeat after Pfizer vaccine,6,nfzys4,/r/VaccineDiscussion/comments/nfrkqx/irregular_heartbeat_after_pfizer_vaccine/,2,2021-05-19 04:17:37,,EarDentist21,0.88,/r/CovidVaccinatedUncut/comments/nfzys4/irregular_heartbeat_after_pfizer_vaccine/,t5_49w1ox
63,Got my Pfizer second dose yesterday,7,n5tqzb,https://www.reddit.com/r/CovidVaccinatedUncut/comments/n5tqzb/got_my_pfizer_second_dose_yesterday/,16,2021-05-05 19:30:36,"Prior to receiving my (20/F) first dose, I had seen reports that people who were infected/sick with COVID tend to have a harder time their first go a round. I have COVID the end of September-early October. I was exhausted constantly (for example if I showered, I napped for two hours after), lost my sense of smell and taste, and was very congestion. Little bit of a cough but not bad. I just recently (last month) have started to feel less tired all the time. 

First shot, sore injection site and body aches. Maybe a headache? It wasn’t great but I was under the impression this was going to be the worst go around.

Woke up this morning, sore all over. Probably worse than the first time but once I was up and moving around for work, I felt loads better.

7:00am ish rolls around and I start to feel like I’m gonna have diarrhea(I wake up at 3am for work so a little over four hours I felt fine). This isn’t super uncommon for me, I sometimes just get it, especially after my quad shot frapp at 4:40n in the morning. 

I keep having to return to the bathroom maybe every 20 minutes for a bit.

Then I begin to feel feverish, nauseous and more sore again probably around 8:00am. This is when I text my boss and manager that I am going to leave early after I finish baking off the croissants I had started already (we are a micro bakery/drive thru so there’s just 2 baristas and one baker (me). 

I believe I finally left around 9:40am, having sat in the dark little bathroom in between checking the croissants. I start getting chills and begin shivering a bit.

I puked right when I got home and then took a hot bath for maybe an hour before I begin to feel sick again but more so from having an empty stomach. I ate a little bit of last nights stir fry noodles and take a nap.

It’s 5:24pm now and I still feel pretty shitty. Very sore, headache, hot/cold (not nearly as bad though), and fatigued. Not nauseous anymore but I do have stomach cramping.

I wanted to know if anyone else who had been infected with COVID is having/had such a shitty time as myself. I rarely am sick personally so when I do get sick, either I am dramatic over the symptom intensity or I just tend to get them worse when I finally am sick.

TL;DR: Had COVID Sep 2020, just got second dose of Pzifer and I have never felt so miserable from these sort of sick symptoms.

EDIT: Feeling much better today. I thought this thread was for discussing side effects, not anti vax LOL. I would get it again and again if it means we can get back to normal and I won’t get COVID again.",SpongebobLoserPants,0.74,/r/CovidVaccinatedUncut/comments/n5tqzb/got_my_pfizer_second_dose_yesterday/,t5_49w1ox
64,"First dose of Pfizer yesterday, heart racing ever since.",6,n5iqbb,/r/CovidVaccinated/comments/n5f2fz/first_dose_of_pfizer_yesterday_heart_racing_ever/,2,2021-05-05 11:34:21,,EarDentist21,0.76,/r/CovidVaccinatedUncut/comments/n5iqbb/first_dose_of_pfizer_yesterday_heart_racing_ever/,t5_49w1ox
65,Sick after 1st Pfizer shot or coincidence?,8,n7kxye,/r/CovidVaccinated/comments/n7j06m/sick_after_1st_pfizer_shot_or_coincidence/,1,2021-05-08 04:45:19,,EarDentist21,0.91,/r/CovidVaccinatedUncut/comments/n7kxye/sick_after_1st_pfizer_shot_or_coincidence/,t5_49w1ox
66,6 month update on Pfizer reaction,7,opc6hg,/r/CovidVaccinated/comments/oot930/almost_6_month_update_on_pfizer_reaction/,3,2021-07-22 07:46:21,,EarDentist21,0.82,/r/CovidVaccinatedUncut/comments/opc6hg/6_month_update_on_pfizer_reaction/,t5_49w1ox
67,"22M, Got the Pfizer vax and started to have odd symptoms",5,nzhxp4,/r/CovidVaccinated/comments/nzc8ma/22m_got_the_pfizer_vax_and_started_to_have_odd/,1,2021-06-14 04:17:49,,EarDentist21,0.79,/r/CovidVaccinatedUncut/comments/nzhxp4/22m_got_the_pfizer_vax_and_started_to_have_odd/,t5_49w1ox
68,Pfizer heart palpitations,9,n9dt7l,/r/CovidVaccinated/comments/n987wf/pfizer_heart_palpitations/,1,2021-05-10 15:30:17,,EarDentist21,1.0,/r/CovidVaccinatedUncut/comments/n9dt7l/pfizer_heart_palpitations/,t5_49w1ox
69,Heart pain/aching after first Pfizer vaccine,7,opc671,/r/CovidVaccinated/comments/op3vjr/heart_painaching_after_first_pfizer_vaccine/,4,2021-07-22 07:45:47,,EarDentist21,0.89,/r/CovidVaccinatedUncut/comments/opc671/heart_painaching_after_first_pfizer_vaccine/,t5_49w1ox
70,"Weird ""zapping"" chest pains that last for few seconds after second Pfizer dose",7,p2bmzx,/r/CovidVaccinated/comments/p1xelg/weird_zapping_chest_pains_that_last_for_few/,3,2021-08-11 07:59:48,,EarDentist21,0.82,/r/CovidVaccinatedUncut/comments/p2bmzx/weird_zapping_chest_pains_that_last_for_few/,t5_49w1ox
71,"Period side effects, with each dose of Pfizer",7,n9dt3g,/r/CovidVaccinated/comments/n8xn2n/period_side_effects_with_each_dose_of_pfizer/,1,2021-05-10 15:30:11,,EarDentist21,1.0,/r/CovidVaccinatedUncut/comments/n9dt3g/period_side_effects_with_each_dose_of_pfizer/,t5_49w1ox
72,Need advice to help my friend feel better,5,o6u1ul,https://www.reddit.com/r/CovidVaccinatedUncut/comments/o6u1ul/need_advice_to_help_my_friend_feel_better/,12,2021-06-24 01:03:51,"One of my really close friend - 40F - got her first Pfizer shot over 2 months ago. She was fine immediately after and for a while, she only had a sore arm and felt slightly tired. 

It’s only recently that she’s started to get some nasty annoying side effects. 
Out of nowhere a month or so ago she had a really bad case of shingles - including close to her eyes- and now her menstrual cycle is all over the place, she has cold sores, overall feels exhausted and more moody and depressed than usual.

I was on Clubhouse today and heard a few doctors opposed to the vax talking about some potential remedies that can help alleviate the side effects of this experimental therapy namely NAC (spelling) and white pine bark powder?

Anyone would know more or have any advice on how my friend could get better and clear her system of those spike proteins which have put her immune system in overdrive?",anewhope7,1.0,/r/CovidVaccinatedUncut/comments/o6u1ul/need_advice_to_help_my_friend_feel_better/,t5_49w1ox
73,Anyone else get really sick from Pfizer dose 2??,7,mznrwn,/r/CovidVaccinated/comments/mzn0m2/anyone_else_get_really_sick_from_pfizer_dose_2/,1,2021-04-27 08:52:52,,EarDentist21,0.89,/r/CovidVaccinatedUncut/comments/mznrwn/anyone_else_get_really_sick_from_pfizer_dose_2/,t5_49w1ox
74,"Got 2nd Pfizer shot, side effects hit me hard",4,mw10bk,/r/CovidVaccinated/comments/mvsqaf/got_2nd_pfizer_shot_side_effects_hit_me_hard/,0,2021-04-22 05:30:35,,EarDentist21,0.76,/r/CovidVaccinatedUncut/comments/mw10bk/got_2nd_pfizer_shot_side_effects_hit_me_hard/,t5_49w1ox
75,2nd Dose Pfizer,5,ol0xiy,https://www.reddit.com/r/CovidVaccinatedUncut/comments/ol0xiy/2nd_dose_pfizer/,8,2021-07-15 16:14:15,"1st day : Fever, Massive headache, Joint Pains, Arm (with shot) not mobile - unable to lift, Unable to eat food.

2nd Day: Joint pains, Arm barely mobile.

3rd Day: Arm painful but movable.

4th Day: Minor Arm pain. Now able to drive.

5th Day: Slight pain raising arm above head.

**6th Day: No further symptoms. Post editing ends.**",sparky_903,0.73,/r/CovidVaccinatedUncut/comments/ol0xiy/2nd_dose_pfizer/,t5_49w1ox
76,An few days earlier clip of someone for whom I posted he got the pfizer vaccine. I put the reference in the post - notice he thinks that covid is worse than an unknow drug directly injected into his bloodstream,5,olfbgi,https://v.redd.it/tn7tcue5ckb71,0,2021-07-16 07:51:02,,whosthetard,1.0,/r/CovidVaccinatedUncut/comments/olfbgi/an_few_days_earlier_clip_of_someone_for_whom_i/,t5_49w1ox
77,I took the Pfizer vaccine and in the video I talk about how I feel 1hour after to 36 hours after!,5,ncnjhi,https://youtu.be/Gn8FYLkMNv8,1,2021-05-14 21:05:08,,starchy530,1.0,/r/CovidVaccinatedUncut/comments/ncnjhi/i_took_the_pfizer_vaccine_and_in_the_video_i_talk/,t5_49w1ox
78,Second Pfizer dose mildly kicking my ass.,6,mw10gq,/r/CovidVaccinated/comments/mvu6bz/second_pfizer_dose_mildly_kicking_my_ass/,0,2021-04-22 05:30:56,,EarDentist21,0.88,/r/CovidVaccinatedUncut/comments/mw10gq/second_pfizer_dose_mildly_kicking_my_ass/,t5_49w1ox
79,Still nauseas and feeling “off” 3 weeks after 2nd Pfizer Vaccine,5,myujxv,/r/CovidVaccinated/comments/mygtlk/still_nauseas_and_feeling_off_3_weeks_after_2nd/,0,2021-04-26 06:25:07,,EarDentist21,1.0,/r/CovidVaccinatedUncut/comments/myujxv/still_nauseas_and_feeling_off_3_weeks_after_2nd/,t5_49w1ox
80,Pfizer (19F) Joint Pain,4,mtdsi2,/r/CovidVaccinated/comments/mrup4z/pfizer_19f_joint_pain/,0,2021-04-18 10:26:06,,EarDentist21,1.0,/r/CovidVaccinatedUncut/comments/mtdsi2/pfizer_19f_joint_pain/,t5_49w1ox
81,Second Dose of Pfizer was AWFUL,4,mtvlz5,/r/CovidVaccinated/comments/mtqn1h/second_dose_of_pfizer_was_awful/,0,2021-04-19 03:43:09,,EarDentist21,1.0,/r/CovidVaccinatedUncut/comments/mtvlz5/second_dose_of_pfizer_was_awful/,t5_49w1ox
82,"2nd dose Pfizer 7 days ago... Insomnia, sweats, heart palpitations?",5,mulq4h,/r/CovidVaccinated/comments/muk678/2nd_dose_pfizer_7_days_ago_insomnia_sweats_heart/,1,2021-04-20 04:19:29,,EarDentist21,0.86,/r/CovidVaccinatedUncut/comments/mulq4h/2nd_dose_pfizer_7_days_ago_insomnia_sweats_heart/,t5_49w1ox
83,"I wish I never got the Moderna vaccine, should’ve waited on Pfizer.",4,n6i7gf,/r/modernavaccine/comments/n67879/i_wish_i_never_got_the_moderna_vaccine_shouldve/,1,2021-05-06 17:28:22,,EarDentist21,1.0,/r/CovidVaccinatedUncut/comments/n6i7gf/i_wish_i_never_got_the_moderna_vaccine_shouldve/,t5_49w1ox
84,Severe joint pain after Pfizer vaccine,3,mtdsff,/r/CovidVaccinated/comments/mnwczk/severe_joint_pain_after_pfizer_vaccine/,0,2021-04-18 10:25:58,,EarDentist21,0.81,/r/CovidVaccinatedUncut/comments/mtdsff/severe_joint_pain_after_pfizer_vaccine/,t5_49w1ox
85,Not had a period since Pfizer,2,mtlbrh,/r/CovidVaccinated/comments/mt9kby/not_had_a_period_since_pfizer/,0,2021-04-18 16:57:44,,EarDentist21,0.67,/r/CovidVaccinatedUncut/comments/mtlbrh/not_had_a_period_since_pfizer/,t5_49w1ox
86,Not had a period since Pfizer,4,mtdnmc,/r/CovidVaccinated/comments/mt9kby/not_had_a_period_since_pfizer/,0,2021-04-18 10:18:34,,EarDentist21,1.0,/r/CovidVaccinatedUncut/comments/mtdnmc/not_had_a_period_since_pfizer/,t5_49w1ox
87,"Side effects after first Pfizer shot, concerned about getting the next shot...",3,mvbqc1,/r/CovidVaccinated/comments/mv4zgc/side_effects_after_first_pfizer_shot_concerned/,0,2021-04-21 05:11:14,,EarDentist21,0.81,/r/CovidVaccinatedUncut/comments/mvbqc1/side_effects_after_first_pfizer_shot_concerned/,t5_49w1ox
88,Stomach pain and burping for 2 weeks after Pfizer 1st dose. Help!,3,mtdscj,/r/CovidVaccinated/comments/msupr2/stomach_pain_and_burping_for_2_weeks_after_pfizer/,0,2021-04-18 10:25:51,,EarDentist21,0.81,/r/CovidVaccinatedUncut/comments/mtdscj/stomach_pain_and_burping_for_2_weeks_after_pfizer/,t5_49w1ox
89,Pain in the eye after Pfizer 1st dose,3,mtlb3f,/r/CovidVaccinated/comments/mn701m/pain_in_the_eye_after_pfizer_1st_dose/,0,2021-04-18 16:56:41,,EarDentist21,0.81,/r/CovidVaccinatedUncut/comments/mtlb3f/pain_in_the_eye_after_pfizer_1st_dose/,t5_49w1ox
90,I have felt terrible since I got my first Pfizer vaccine,3,n1qr8j,/r/CovidVaccinated/comments/n1jyak/i_have_felt_terrible_since_i_got_my_first_pfizer/,1,2021-04-30 06:08:26,,EarDentist21,0.72,/r/CovidVaccinatedUncut/comments/n1qr8j/i_have_felt_terrible_since_i_got_my_first_pfizer/,t5_49w1ox
91,"2nd Pfizer shot: physically only a sore arm, but down the drain mentally",4,mwdf2t,/r/CovidVaccinated/comments/mw0gvx/2nd_pfizer_shot_physically_only_a_sore_arm_but/,0,2021-04-22 16:03:37,,EarDentist21,1.0,/r/CovidVaccinatedUncut/comments/mwdf2t/2nd_pfizer_shot_physically_only_a_sore_arm_but/,t5_49w1ox
92,Second Pfizer Dose Wrecked Me,5,mxloab,/r/CovidVaccinated/comments/mxcntp/second_pfizer_dose_wrecked_me/,0,2021-04-24 11:01:54,,EarDentist21,1.0,/r/CovidVaccinatedUncut/comments/mxloab/second_pfizer_dose_wrecked_me/,t5_49w1ox
93,Pfizer 2nd Dose Experience - Not Great,3,mulpfh,/r/CovidVaccinated/comments/mulliq/pfizer_2nd_dose_experience_not_great/,0,2021-04-20 04:17:45,,EarDentist21,0.81,/r/CovidVaccinatedUncut/comments/mulpfh/pfizer_2nd_dose_experience_not_great/,t5_49w1ox
94,"Painful Armpit/Lymph Nodes - Pfizer Vaccine, 2nd Dose",4,mtlbf7,/r/CovidVaccinated/comments/mmtumt/painful_armpitlymph_nodes_pfizer_vaccine_2nd_dose/,1,2021-04-18 16:57:09,,EarDentist21,0.84,/r/CovidVaccinatedUncut/comments/mtlbf7/painful_armpitlymph_nodes_pfizer_vaccine_2nd_dose/,t5_49w1ox
95,Anyone's asthma gotten worse after the Pfizer vaccine?,5,myuizn,/r/CovidVaccinated/comments/mytn3d/anyones_asthma_gotten_worse_after_the_pfizer/,0,2021-04-26 06:23:25,,EarDentist21,1.0,/r/CovidVaccinatedUncut/comments/myuizn/anyones_asthma_gotten_worse_after_the_pfizer/,t5_49w1ox
96,Nosebleeds after Pfizer?,4,nc5wca,/r/CovidVaccinated/comments/nbx7bf/nosebleeds_after_pfizer/,1,2021-05-14 06:59:58,,EarDentist21,1.0,/r/CovidVaccinatedUncut/comments/nc5wca/nosebleeds_after_pfizer/,t5_49w1ox
97,Headache type pain above eye after first dose (Pfizer),5,mtlbdz,/r/CovidVaccinated/comments/mfeuk7/headache_type_pain_above_eye_after_first_dose/,0,2021-04-18 16:57:05,,EarDentist21,0.86,/r/CovidVaccinatedUncut/comments/mtlbdz/headache_type_pain_above_eye_after_first_dose/,t5_49w1ox
98,Significant back pain with Pfizer 1st dose?,4,mtds6a,/r/CovidVaccinated/comments/mlm9g2/significant_back_pain_with_pfizer_1st_dose/,0,2021-04-18 10:25:35,,EarDentist21,1.0,/r/CovidVaccinatedUncut/comments/mtds6a/significant_back_pain_with_pfizer_1st_dose/,t5_49w1ox
99,Upper chest tightness/pain after second Pfizer dose?,3,mtdsyl,/r/CovidVaccinated/comments/mrvqqr/upper_chest_tightnesspain_after_second_pfizer_dose/,0,2021-04-18 10:26:50,,EarDentist21,0.81,/r/CovidVaccinatedUncut/comments/mtdsyl/upper_chest_tightnesspain_after_second_pfizer_dose/,t5_49w1ox
100,Brain fog / dizziness after first Pfizer shot?,5,n6i5ju,/r/CovidVaccinated/comments/n6dcpy/brain_fog_dizziness_after_first_pfizer_shot/,1,2021-05-06 17:25:55,,EarDentist21,0.86,/r/CovidVaccinatedUncut/comments/n6i5ju/brain_fog_dizziness_after_first_pfizer_shot/,t5_49w1ox
101,Fast heartbeat and chest pain after 1st Pfizer shot,3,oinarl,/r/CovidVaccinated/comments/oi6l94/fast_heartbeat_and_chest_pain_after_1st_pfizer/,1,2021-07-12 04:42:49,,EarDentist21,0.8,/r/CovidVaccinatedUncut/comments/oinarl/fast_heartbeat_and_chest_pain_after_1st_pfizer/,t5_49w1ox
102,Pfizer — 4 days after the first shot and i’m waking up after 4 hours of sleep,3,mxlnor,/r/CovidVaccinated/comments/mxhngj/pfizer_4_days_after_the_first_shot_and_im_waking/,0,2021-04-24 11:01:02,,EarDentist21,0.81,/r/CovidVaccinatedUncut/comments/mxlnor/pfizer_4_days_after_the_first_shot_and_im_waking/,t5_49w1ox
103,High heart rate after first dose of Pfizer?,3,mu6pc1,/r/CovidVaccinated/comments/mu6bqd/high_heart_rate_after_first_dose_of_pfizer/,1,2021-04-19 14:11:14,,EarDentist21,0.81,/r/CovidVaccinatedUncut/comments/mu6pc1/high_heart_rate_after_first_dose_of_pfizer/,t5_49w1ox
104,I experienced extreme symptoms the day after my second dose of Pfizer- how concerned should I be? (TW: vomit),3,nmobuu,/r/CovidVaccinated/comments/nmnc40/i_experienced_extreme_symptoms_the_day_after_my/,1,2021-05-27 23:05:17,,Bior38,0.81,/r/CovidVaccinatedUncut/comments/nmobuu/i_experienced_extreme_symptoms_the_day_after_my/,t5_49w1ox
105,"Spouse got 1st Pfizer shot, has SEVER back pain",3,mw10y9,/r/CovidVaccinated/comments/mvviqs/spouse_got_1st_pfizer_shot_has_sever_back_pain/,0,2021-04-22 05:32:00,,EarDentist21,0.81,/r/CovidVaccinatedUncut/comments/mw10y9/spouse_got_1st_pfizer_shot_has_sever_back_pain/,t5_49w1ox
106,Excruciating pain after second Pfizer vaccine.,2,mt8p63,/r/CovidVaccinated/comments/msvqhu/excruciating_pain_after_second_pfizer_vaccine/,0,2021-04-18 04:08:09,,EarDentist21,0.76,/r/CovidVaccinatedUncut/comments/mt8p63/excruciating_pain_after_second_pfizer_vaccine/,t5_49w1ox
107,Not had a period since Pfizer,2,mtvvj5,/r/CovidVaccinated/comments/mt9kby/not_had_a_period_since_pfizer/,0,2021-04-19 04:06:08,,EarDentist21,1.0,/r/CovidVaccinatedUncut/comments/mtvvj5/not_had_a_period_since_pfizer/,t5_49w1ox
108,Weird Skin Reaction to Pfizer Vaccine,2,mt8ob1,https://www.reddit.com/gallery/mt0fo7,0,2021-04-18 04:05:57,,EarDentist21,0.76,/r/CovidVaccinatedUncut/comments/mt8ob1/weird_skin_reaction_to_pfizer_vaccine/,t5_49w1ox
109,Pfizer: Ear side effect? Tips?,2,mxlnyn,/r/CovidVaccinated/comments/mxev7l/pfizer_ear_side_effect_tips/,0,2021-04-24 11:01:27,,EarDentist21,0.76,/r/CovidVaccinatedUncut/comments/mxlnyn/pfizer_ear_side_effect_tips/,t5_49w1ox
110,Hives 36 hours after 2nd Pfizer?,2,mtvvpi,/r/CovidVaccinated/comments/mthp7d/hives_36_hours_after_2nd_pfizer/,0,2021-04-19 04:06:35,,EarDentist21,1.0,/r/CovidVaccinatedUncut/comments/mtvvpi/hives_36_hours_after_2nd_pfizer/,t5_49w1ox
111,Arm pain 5 days after first shot? Pfizer.,2,mw10ek,/r/CovidVaccinated/comments/mvuk5r/arm_pain_5_days_after_first_shot_pfizer/,0,2021-04-22 05:30:47,,EarDentist21,0.76,/r/CovidVaccinatedUncut/comments/mw10ek/arm_pain_5_days_after_first_shot_pfizer/,t5_49w1ox
112,Hospitalized 24hrs after 1st Pfizer vaccination,2,mt8qel,/r/CovidVaccinated/comments/mt3y5n/hospitalized_24hrs_after_1st_pfizer_vaccination/,0,2021-04-18 04:11:05,,EarDentist21,0.76,/r/CovidVaccinatedUncut/comments/mt8qel/hospitalized_24hrs_after_1st_pfizer_vaccination/,t5_49w1ox
113,Finger locking after first Pfizer shot,2,mxlnqc,/r/CovidVaccinated/comments/mxhiy4/finger_locking_after_first_pfizer_shot/,0,2021-04-24 11:01:07,,EarDentist21,0.76,/r/CovidVaccinatedUncut/comments/mxlnqc/finger_locking_after_first_pfizer_shot/,t5_49w1ox
114,Anaphylaxis to 2nd Pfizer shot / Any ideas on what in the shot I reacted to?,2,mxlobm,/r/CovidVaccinated/comments/mxcqf9/anaphylaxis_to_2nd_pfizer_shot_any_ideas_on_what/,0,2021-04-24 11:01:57,,EarDentist21,0.76,/r/CovidVaccinatedUncut/comments/mxlobm/anaphylaxis_to_2nd_pfizer_shot_any_ideas_on_what/,t5_49w1ox
115,1st Pfizer shot adverse reaction,1,nvr834,/r/VaccineDiscussion/comments/nv4bou/1st_pfizer_shot_adverse_reaction/,2,2021-06-09 05:00:52,,EarDentist21,1.0,/r/CovidVaccinatedUncut/comments/nvr834/1st_pfizer_shot_adverse_reaction/,t5_49w1ox
116,Strong reaction to Pfizer 2nd dose? (vomiting),1,mt8spf,/r/CovidVaccinated/comments/msorji/strong_reaction_to_pfizer_2nd_dose_vomiting/,0,2021-04-18 04:16:42,,EarDentist21,0.67,/r/CovidVaccinatedUncut/comments/mt8spf/strong_reaction_to_pfizer_2nd_dose_vomiting/,t5_49w1ox
117,"My Story [M21, Pfizer 2, USA] - Myocarditis",1,nmaabv,/r/CovidVaccinated/comments/nm6p6l/my_story_m21_pfizer_2_usa_myocarditis/,1,2021-05-27 11:43:01,,Bior38,1.0,/r/CovidVaccinatedUncut/comments/nmaabv/my_story_m21_pfizer_2_usa_myocarditis/,t5_49w1ox
118,"Got first Pfizer on 4/8 and still not feeling good, anyone else?",1,mt8pde,/r/CovidVaccinated/comments/msvr4o/got_first_pfizer_on_48_and_still_not_feeling_good/,0,2021-04-18 04:08:40,,EarDentist21,0.67,/r/CovidVaccinatedUncut/comments/mt8pde/got_first_pfizer_on_48_and_still_not_feeling_good/,t5_49w1ox
119,Feel awful 4 days after Pfizer first shot,1,mt8qx1,/r/CovidVaccinated/comments/mt0vxy/feel_awful_4_days_after_pfizer_first_shot/,0,2021-04-18 04:12:26,,EarDentist21,0.67,/r/CovidVaccinatedUncut/comments/mt8qx1/feel_awful_4_days_after_pfizer_first_shot/,t5_49w1ox
