,title,score,id,url,comms_num,created,body,author,upvote_ratio,permalink,subreddit_id
0,How the Covid mRNA vaccines work - a Santa Claus analogy,45,kjn0vv,https://www.reddit.com/r/CovidVaccine/comments/kjn0vv/how_the_covid_mrna_vaccines_work_a_santa_claus/,23,2020-12-24 16:17:27,"There has been a lot of misinformation going around about the Covid vaccines currently being deployed, and a lot more good-intentioned skepticism.  Will the vaccine give you covid?  Will it make me sick?  Will it alter my DNA?  Most of this skepticism and fear is due to not simply not understanding how these vaccines actually work.  I thought I’d take a few paragraphs to try to put it into seasonally appropriate terms, using everyone’s favorite metaphor - Santa Claus.

Imagine your cells are Santa’s workshop.

Santa is your DNA, and he works in his office in the middle of the workshop. The nucleus.

Outside of his office, the workshop is full of tiny little elves, also known as your ribosomes.

Santa has a big book of toy schematics, and as Christmas approaches he makes copies of designs from this book, or mRNA, and sends them out of his office to his elves.

His elves use these designs to make toys.  The toys then get sent out of the workshop to be distributed among the children of the world.

The children are your immune system.

Children, of course, know a good toy when they see one.  They watch commercials, they see ads, they have the YouTube.  So when they see a Barbie, or a GI joe, or a baby yoda doll, or a PS5 they recognize it and greedily welcome it into their home.

But one day someone sneaks a design for brussel sprouts into Santa’s workshop. The mRNA vaccine.

It stays out of his office, so it never makes it into Santa’s book, and the old man is none the wiser.

But outside on the factory floor, the elves get a hold of it, and since it looks like any other toy design, they start churning brussel sprouts out by the thousands.  They then place them onto Santa’s sleigh, where he deposits them into stockings all over the world.

But when the kids of the world upend their stockings and a few brussel sprouts roll out, they sense something is wrong.

They reject the brussel sprouts.  They attack the brussel sprouts.  They stomp on them, they crush them in their creepy little fists, they throw them at the cats. (The cats are representative of nothing in my analogy, they just had it coming)

Most importantly, since the kids like to use the TikTok, they record video snippets of this travesty which disseminate around the world.   It takes a while for the word to spread, but eventually it does, and next time the kids of the world see a brussel sprout, they will be ready.

TikTok is your T-Cells.

Now, since the children of the world have been made wise, the next time mom and dad try to serve up brussel sprouts, their kids will recognize the devil’s cabbage, cleverly hidden between the meatloaf and the potatoes, and promptly throw the whole plate across the room at the cat.

That’s basically - no, that’s EXACTLY how these mRNA vaccines work.  They introduce small pieces of RNA into the cell, and the cell uses that to churn out copies of the “spike protein” which stud the envelope of the coronavirus.  The vaccine RNA is then broken down by the cell and goes away.  It never enters the nucleus, and never even sees your DNA let alone alters it, and though it makes a piece of a protein on the coronavirus, it neither uses a virus to enter your cells, nor makes any intact virus which could make you sick.  But since it does make that protein, and alerts your immune system to its presence, the next time your body sees it on the outer envelope of a coronavirus, it throws the whole virus at the cat.

We are not going to see the end of this pandemic until roughly 70% of us are immune to covid.  If that immunity is obtained through infection, it will likely be short-lived, and gained at the expense of millions of lives.  Not an option.  The only option is vaccination.  For vaccination to work, at least about 70% of us need to take the vaccine.  That means, technically, 30% of us can skip it and ride along on the coattails of those who were vaccinated.  But if 50% of us decide to be the 30%, we all lose.  That’s why, even though you might not want to take the vaccine, you should take the vaccine.  You may not like it, but sometimes you just have to eat your brussel sprouts.",mortois1,1.0,/r/CovidVaccine/comments/kjn0vv/how_the_covid_mrna_vaccines_work_a_santa_claus/,t5_2ls1x1
1,Covid vaccines for the non-vulnerable make no sense due to it being an evolving disease like the cold,20,nffgn7,https://www.reddit.com/r/CovidVaccine/comments/nffgn7/covid_vaccines_for_the_nonvulnerable_make_no/,32,2021-05-18 12:41:00,"Covid differs from Smallpox, measles, polio and other diseases for which we have vaccines in that it rapidly evolves and develops new strains. Covid can now be regarded as endemic in the world. It makes sense for vulnerable people to get vaccinated if they don't yet have some immunity to Covid, but there is some indication that vaccinating non-vulnerable people may be unnecessary and actually add to the health burden of nations:

(i) Over-vaccination of the population could lead to new Covid strains evolving to find ways around the effectiveness of current vaccines.

(ii) There are unknown long-term effects. These vaccines are still experimental.

(iii) Short term adverse reactions to the vaccine are putting additional   strain on health services, e.g. many people in the UK are attending hospital with severe headaches or other concerning symptoms following vaccination. Side effects leading to death or serious illness are rare, but the need to be cautious in response to adverse reactions is putting pressure on doctors and hospitals.

(iv) T-cell long term immunity, as with SARS from 2002, is likely contributing to herd immunity in addition to the vaccination program, mitigating the need for the non-vulnerable to be vaccinated.

(v) Given that the vulnerable are currently suffering from Covid in e.g. India, and doctors in developing countries are dying, should we not be redirecting all vaccines through the COVAX program before vaccinating the non-vulnerable in richer nations, e.g. the UK and US, where the   vulnerable populations have already largely been vaccinated?

(vi) There is not yet sufficient evidence that the vaccines reduce transmission, or understanding of the mechanism by which they would do so. They don't produce the same kind of immune response in the lungs that natural immunity produces to reduce transmission. If however, as some studies show, they reduce transmission via another mechanism (e.g. less viral load being detected in the nostrils), then that would indicate that Covid cannot be transmitted by asymptomatic cases which also have very low viral load (the majority of the cases diagnosed in   young people). Therefore, if the vaccines reduce transmission as a result of reducing viral load, then asymptomatic transmission was never a thing in the first place, and vaccines for children and young adults are therefore unnecessary. If the vaccine does not reduce transmission, then vaccines for the non-vulnerable are also unnecessary due to non-vulnerable people having such a low probability of developing illness due to Covid.

With static diseases, it is important for non-vulnerable to get vaccinated to protect the more vulnerable who can't be vaccinated, but that is not the case for coronaviruses which evolve more rapidly. Future strains of Covid will naturally become as harmless as a cold within the near term,   but could this be compromised by over-vaccination of the population?

I'd be interested to know your thoughts on the above, and please let me know if there is a better placed forum to raise these points/ask these questions. Thanks.",Honest_Owl22,0.7,/r/CovidVaccine/comments/nffgn7/covid_vaccines_for_the_nonvulnerable_make_no/,t5_2ls1x1
2,South Africa suspends Oxford-AstraZeneca vaccine rollout after researchers report ‘minimal’ protection against coronavirus variant,11,lf6rd5,https://www.washingtonpost.com/world/europe/astrazeneca-oxford-vaccine-south-african-variant/2021/02/07/e82127f8-6948-11eb-a66e-e27046e9e898_story.html,1,2021-02-08 02:33:41,,-memeking-,1.0,/r/CovidVaccine/comments/lf6rd5/south_africa_suspends_oxfordastrazeneca_vaccine/,t5_2ls1x1
3,Charged for COVID vaccine,10,nn0es3,https://www.reddit.com/r/CovidVaccine/comments/nn0es3/charged_for_covid_vaccine/,9,2021-05-28 11:32:55,"My fiance was charged $100 for the COVID vaccine administration. He called his insurance (Premera) and they said he was charged because he got it at an out of network pharmacy. He's filling a claim and we're attaching CDC and State of WA (where we live) websites that say he shouldn't be charged but can't find anything specifically about out of network. Wondering if anyone else has run into this issue?

EDIT: I found documentation here for those who are interested: 

﻿https://www.verywellhealth.com/how-will-my-health-insurance-cover-a-covid-19-vaccine-5090168
The interim final rule also specifies that private insurance plans must waive all cost-sharing even if a provider bills separately for the cost of the vaccine and the cost of administration. This applies even if the member receives the vaccine from an out-of-network provider.

https://www.federalregister.gov/documents/2020/11/06/2020-24332/additional-policy-and-regulatory-revisions-in-response-to-the-covid-19-public-health-emergency
...this IFC also provides that during the PHE for COVID-19, plans and issuers must cover, without cost sharing, qualifying coronavirus preventive services, regardless of whether such services are delivered by an in-network or out-of-network provider.",caitiewompus,0.92,/r/CovidVaccine/comments/nn0es3/charged_for_covid_vaccine/,t5_2ls1x1
4,First 6.4 million doses of Pfizer’s coronavirus vaccine could go out in mid-December,7,k0m67h,https://www.washingtonpost.com/health/2020/11/24/vaccine-plan-first-doses/,0,2020-11-25 00:40:35,,abarrien00,1.0,/r/CovidVaccine/comments/k0m67h/first_64_million_doses_of_pfizers_coronavirus/,t5_2ls1x1
5,Health Inequity - Texas Blocks Efforts to Vaccinate Communities of Color,6,l6gc8h,https://www.reddit.com/r/CovidVaccine/comments/l6gc8h/health_inequity_texas_blocks_efforts_to_vaccinate/,0,2021-01-27 17:32:51,"This is a great read on one of the many challenges with the current vaccine distribution efforts and how it highlights health inequity. 

[https://coronavirus.medium.com/texas-blocks-efforts-to-vaccinate-communities-of-color-a2b9026d56f2](https://coronavirus.medium.com/texas-blocks-efforts-to-vaccinate-communities-of-color-a2b9026d56f2)",James-Goydos,1.0,/r/CovidVaccine/comments/l6gc8h/health_inequity_texas_blocks_efforts_to_vaccinate/,t5_2ls1x1
6,"Cold water poured on any enthusiasm about vaccine bringing ""normal life"" back",4,lj9iay,https://www.reddit.com/r/CovidVaccine/comments/lj9iay/cold_water_poured_on_any_enthusiasm_about_vaccine/,15,2021-02-13 16:17:36,"Last night, on the Coronavirus Daily podcast, [which can be played here,](https://podcasts.google.com/feed/aHR0cDovL2ZlZWRwcm94eS5nb29nbGUuY29tL0Nvcm9uYXZpcnVzRGFpbHk/episode/MjAwYmIzOTItM2EzZi0xMWViLTk1M2MtNjMyZjE4YzNiZjc5?ep=14) there was an interview with Dr. Paul Duprex, the director at the Center for Vaccine Research at the University of Pittsburgh.

He informed everyone of their recent studies, explaining they show how COVID is perpetually spreadable and always mutates to shed part of its DNA, etc. His argument is that we'll need to keep making new vaccines and taking protective measures perpetually--to sum it up: this life of masks, distancing, closed venues and isolation will continue for many years.

From his attitude, it sounded like this is a big joke to him. So nice that he got so much entertainment out of assuring everyone their lives are truly canceled. **But of course he left out a few pieces of data, so I'm still unclear on why he knows something nobody else does. For example:**

\- Pfizer and Moderna, if I understand, are continually stating that the vaccines (as of now) are designed to act against most micro-mutations/variants of the virus, and would still be moderately effective against other major strains. **But this Doctor set them straight, by saying that his recent experiment means COVID will always escape the vaccines.**

\- For as long as I remember, 60-70% was the goal for vaccine effectiveness--and also the estimate for how many people should be immune for ""herd immunity."" **This guy said that, if only 70% of people take the vaccine (even this is more than I thought agreed to it), that this wouldn't lead to herd-immunity, and therefore herd-immunity will never happen.** I'm no mathematician, but if the vaccines are supposedly 94% effective, and 70% take it, that ""protects"" 65% right there. So is there a reason why everything we've been told is wrong, and this dude knows the true numbers but doesn't bother to explain himself?

How can there be such discrepancy here? And why is the media (as well as the most prolific doctors and companies) still portraying ""cautious optimism"" instead of being honest and freaking out over this?  Any theories?",SicilianDragon86,1.0,/r/CovidVaccine/comments/lj9iay/cold_water_poured_on_any_enthusiasm_about_vaccine/,t5_2ls1x1
7,Moderna Coronavirus Vaccine Could be Ready by December,4,jfwwan,https://www.nbcboston.com/news/coronavirus/moderna-coronavirus-vaccine-could-be-ready-by-december/2214923/,0,2020-10-22 06:09:37,,_miles854_,0.84,/r/CovidVaccine/comments/jfwwan/moderna_coronavirus_vaccine_could_be_ready_by/,t5_2ls1x1
8,Johnson & Johnson COVID-19 Vaccine,4,ng21bb,https://www.reddit.com/r/CovidVaccine/comments/ng21bb/johnson_johnson_covid19_vaccine/,2,2021-05-19 06:22:32, The Johnson & Johnson vaccine uses the inactive cold virus to carry genetic materials. It prompts your cells to create a harmless piece of the “spike protein” found on the surface of coronavirus. [J & J vaccine is](https://www.wiserxcard.com/johnson-johnson-covid-19-vaccine-is-back-what-experts-want-you-to-know/) helpful for the body to build an immune response against the virus that causes COVID-19.,rxdiscountcard,0.75,/r/CovidVaccine/comments/ng21bb/johnson_johnson_covid19_vaccine/,t5_2ls1x1
9,"NHS to enlist 'sensible' celebrities to persuade people to take coronavirus vaccine.... Roll up roll up, can we make an orderly que on the right hand side please.!!!",3,k5z7w4,https://www.theguardian.com/society/2020/nov/29/nhs-enlist-sensible-celebrities-coronavirus-vaccine-take-up?fbclid=IwAR2WlYwrYo3XcgX-XV_WiSPmGkdlmP-buwdWOMFHhDhrH4p8t8raYAYogs4,5,2020-12-03 10:25:55,,Jezza75,0.8,/r/CovidVaccine/comments/k5z7w4/nhs_to_enlist_sensible_celebrities_to_persuade/,t5_2ls1x1
10,How does the vaccine work ?,3,kp2ibq,https://www.reddit.com/r/CovidVaccine/comments/kp2ibq/how_does_the_vaccine_work/,3,2021-01-02 13:20:04,"I am trying to understand how the vaccine is prepared and how it works. So far I understand that based on this article, https://www.nationalgeographic.com/science/2020/12/these-scientists-spent-twelve-years-solving-puzzle-yielded-coronavirus-vaccines/
that perfusion state of coronavirus protein is unstable and it can be stabilised using 2P mutation (we use two prolines to avoid shape change). The protein is modified.

Article mentions that the vaccines contains these modified proteins of coronavirus. Is that correct ? That means, the modified/stabilised protein on coronavirus is injected and that our body immunises accordingly ? 

Or 

Does the vaccine contain those prolines that can stabilise the coronavirus protein inside our body. ?",KengeriThumbaGaliju,1.0,/r/CovidVaccine/comments/kp2ibq/how_does_the_vaccine_work/,t5_2ls1x1
11,Coronavirus vaccine for people who have a streptomycin allergy history,2,opb7d0,https://www.reddit.com/r/CovidVaccine/comments/opb7d0/coronavirus_vaccine_for_people_who_have_a/,14,2021-07-22 06:33:53,"Hello, 

I have yet to be vaccinated against the coronavirus because I have a history of an intermediate allergy of streptomycin (happened when I was little). I want to be vaccinated with the Moderna or the Astra-Zeneca vaccine (both options are available here in my country). Should I get the vaccine?

Thanks in advance.",Myself090,1.0,/r/CovidVaccine/comments/opb7d0/coronavirus_vaccine_for_people_who_have_a/,t5_2ls1x1
12,Newsom: California to review any FDA-approved coronavirus vaccine before distributing,2,jfwul6,https://www.sfchronicle.com/politics/article/California-will-review-any-FDA-approved-15658951.php,1,2020-10-22 06:05:20,,_miles854_,1.0,/r/CovidVaccine/comments/jfwul6/newsom_california_to_review_any_fdaapproved/,t5_2ls1x1
13,Who Will Get the Coronavirus Vaccine First?,2,k4uy5j,https://www.nytimes.com/2020/12/01/health/covid-vaccine-distribution-first.html?referringSource=articleShare,0,2020-12-01 16:47:03,,abarrien00,0.75,/r/CovidVaccine/comments/k4uy5j/who_will_get_the_coronavirus_vaccine_first/,t5_2ls1x1
14,"OC Supervisors Cancel Digital Coronavirus Vaccine Records, Hundreds of People Rail Against Vaccine Passports",2,naijjb,https://voiceofoc.org/2021/05/oc-supervisors-debate-cancelling-digital-coronavirus-vaccine-records-hundreds-of-people-rail-against-vaccine-passports/,1,2021-05-12 02:56:22,,NurseSafetyLink1,0.75,/r/CovidVaccine/comments/naijjb/oc_supervisors_cancel_digital_coronavirus_vaccine/,t5_2ls1x1
15,How many people need to get a COVID-19 vaccine in order to stop the coronavirus?,1,kz2q7j,https://citi.io/2021/01/17/how-many-people-need-to-get-a-covid-19-vaccine-in-order-to-stop-the-coronavirus/,1,2021-01-17 03:28:15,,citidotio,0.67,/r/CovidVaccine/comments/kz2q7j/how_many_people_need_to_get_a_covid19_vaccine_in/,t5_2ls1x1
16,Wisconsin Covid Vaccine Signup News,1,lcx0os,https://www.reddit.com/r/CovidVaccine/comments/lcx0os/wisconsin_covid_vaccine_signup_news/,0,2021-02-04 21:20:11,Found on WDJT website (Channel 58 ota)  Wisconsinites will be able to sign up online to get their coronavirus vaccinations later this month.  The state is working with Microsoft to set up an online signup system. Wisconsin Public Radio reports the system will launch in 10 communities on Feb. 15.,Doleewi,1.0,/r/CovidVaccine/comments/lcx0os/wisconsin_covid_vaccine_signup_news/,t5_2ls1x1
17,obesity (BMI over 30) and covid vaccine,1,knub2n,https://www.reddit.com/r/CovidVaccine/comments/knub2n/obesity_bmi_over_30_and_covid_vaccine/,11,2020-12-31 12:36:46,"i am wondering if anyone knows how the phase 1.B rollout is happening in regards to obesity (BMI greater than or equal to 30)

according to CDC and my state (texas) i would qualify for this part of the rollout, but i dont have a doctor. Do they require proof of BMI or can places simply measure and weigh me to determine BMI so i can get a vaccination. 

i work with a lot of people and am in shit hole
dallas so im trying (like most) to get vaccinated ASAP. 

has anyone here got a vaccine based solely on their BMI? 

thank you


(also- if there is a better sub to post this to, please share with me. i looked at the coronavirus sub but that doesnt seem to be the place.)",poptartheart,1.0,/r/CovidVaccine/comments/knub2n/obesity_bmi_over_30_and_covid_vaccine/,t5_2ls1x1
18,How to design a new coronavirus vaccine to avoid the ADE effect?,1,kivf2f,https://www.medcj.com/2020/12/design-new-coronavirus-vaccine-to-avoid-ADE-effect.html,0,2020-12-23 10:48:47,,medcjcom,1.0,/r/CovidVaccine/comments/kivf2f/how_to_design_a_new_coronavirus_vaccine_to_avoid/,t5_2ls1x1
19,Coronavirus COVID 19 Oxford AstraZeneca Vaccine Information - Evidence based Information,0,lffhv4,https://youtube.com/watch?v=wLLCpn2xaq8&feature=share,0,2021-02-08 11:29:13,,AbrahamThePharmacist,0.5,/r/CovidVaccine/comments/lffhv4/coronavirus_covid_19_oxford_astrazeneca_vaccine/,t5_2ls1x1
