,title,score,id,url,comms_num,created,body,author,upvote_ratio,permalink,subreddit_id
0,"YouTube pranksters dupe anti-vaxxer Piers Corbyn into appearing to accept fake £10,000 bundle of cash to focus his criticism on AstraZeneca's competitors",36,ovrxx8,https://www.youtube.com/watch?v=u34rnwBnll4,3,2021-08-01 09:17:04,,TheFergPunk,0.97,/r/CovIdiots/comments/ovrxx8/youtube_pranksters_dupe_antivaxxer_piers_corbyn/,t5_2hzjsw
1,UK begins injecting AstraZeneca and Oxford vaccine,11,kqbdr0,https://www.flashnewspk.com/2021/01/uk-begins-injecting-astrazeneca-and.html,0,2021-01-04 10:53:54,,RajpootRao,0.78,/r/CovIdiots/comments/kqbdr0/uk_begins_injecting_astrazeneca_and_oxford_vaccine/,t5_2hzjsw
2,"People in France, Germany, and the UK are turning down the AstraZeneca vaccine because they want the Pfizer one instead, reports say",6,lqvtkj,https://www.yahoo.com/news/people-france-germany-uk-turning-124613248.html,2,2021-02-23 18:05:50,,Havvocck2,0.75,/r/CovIdiots/comments/lqvtkj/people_in_france_germany_and_the_uk_are_turning/,t5_2hzjsw
3,Germany to give AstraZeneca jab to civil servants in bid to win over public,5,lrfefs,https://www.yahoo.com/news/germany-astrazeneca-jab-civil-servants-161141783.html,1,2021-02-24 10:24:52,,Havvocck2,0.85,/r/CovIdiots/comments/lrfefs/germany_to_give_astrazeneca_jab_to_civil_servants/,t5_2hzjsw
4,Macron questions vaccine credibility as EU approves AstraZeneca Jab,3,la6upk,https://dateway.net/macron-questions-vaccine-credibility-as-eu-approves-astrazeneca-jab-dateway/,1,2021-02-01 11:15:48,,datewaynet,0.81,/r/CovIdiots/comments/la6upk/macron_questions_vaccine_credibility_as_eu/,t5_2hzjsw
5,Germans are turning down Oxford-AstraZeneca Covid vaccine,4,lqi91h,https://www.thetimes.co.uk/article/germans-are-turning-down-oxford-astrazeneca-covid-vaccine-hpvh6rh6r,3,2021-02-23 08:19:53,,only777,0.7,/r/CovIdiots/comments/lqi91h/germans_are_turning_down_oxfordastrazeneca_covid/,t5_2hzjsw
6,AstraZeneca puts COVID-19 vaccine trial on hold over safety concern: Stat News,2,ip3ljt,https://finance.yahoo.com/news/astrazeneca-puts-covid-19-vaccine-215143688.html,0,2020-09-08 18:23:36,,ifelseandor,0.75,/r/CovIdiots/comments/ip3ljt/astrazeneca_puts_covid19_vaccine_trial_on_hold/,t5_2hzjsw
7,How many vaccines are there and how many more need to be approved?,1,kkph8b,https://www.reddit.com/r/CovIdiots/comments/kkph8b/how_many_vaccines_are_there_and_how_many_more/,1,2020-12-26 15:39:08,"Are AstraZeneca, Oxford  and J&J the vaccines awaiting approval? 

If they get accepted how much will that speed things up? Could life be back to normal by summer?",Any-Entertainer1416,0.6,/r/CovIdiots/comments/kkph8b/how_many_vaccines_are_there_and_how_many_more/,t5_2hzjsw
8,Oxford and AstraZeneca resume coronavirus vaccine trial,0,irncv7,https://news.yahoo.com/oxford-astrazeneca-resume-coronavirus-vaccine-143411733.html,1,2020-09-12 19:37:50,,Havvocck2,0.5,/r/CovIdiots/comments/irncv7/oxford_and_astrazeneca_resume_coronavirus_vaccine/,t5_2hzjsw
