,title,score,id,url,comms_num,created,body,author,upvote_ratio,permalink,subreddit_id
0,"I got vaccinated today (Pfizer vaccine) 3 months post covid, with symptoms",199,ko06a0,https://www.reddit.com/r/covidlonghaulers/comments/ko06a0/i_got_vaccinated_today_pfizer_vaccine_3_months/,26,2020-12-31 18:08:23,"I serve in the army and our entire base got vaccinated today. Multiple people who got vaccinated got the virus in September like me, some earlier and some later.
I’ve noticed that people who had covid, no matter the severity of it or if they had post corona symptoms, felt substantially worst the first day. While everyone was a bit tired after (normal side effect) and sore arms,
The post covid people were abnormally tired to the point we were unable to function, with headaches, body aches etc. overall not extremely bad though, and I expect it to pass within the next couple of days. 
Will keep updating on this post with the side effects!

01/01 update - good news, everyone who felt bad yesterday is completely fine now! Everyone’s arms are sore but that’s completely normal and is happening to the people who never had covid too. I’m feeling ok too, so I’m hopeful yesterday was the most of it!

02/01 update - hey all, still good news! Everyone is feeling great and we’re back to normal. I’ve had a bit of a rough day physically but I stayed up all night working so I doubt it has anything to do with the vaccine. Feels like a distant memory now, I can barely feel the arm pain! I will keep updating if there’s anything out of the ordinary, but if so far everyone is fine I’m assuming we’re all gonna be ok. Will post again on the second shot!",oops_boops,0.99,/r/covidlonghaulers/comments/ko06a0/i_got_vaccinated_today_pfizer_vaccine_3_months/,t5_2wizt3
1,Dutch researchers experimenting with two medicines to battle long covid symptoms,90,k9p80m,https://www.reddit.com/r/covidlonghaulers/comments/k9p80m/dutch_researchers_experimenting_with_two/,8,2020-12-09 05:00:21,"Researchers are experimenting with two drugs that may be able to alleviate persistent complaints in covid patients. UM has now patented one drug.

The drugs calm the immune system, which is urgently needed because immune cells turn out to be running wild in some corona patients, shows a study by researchers from Maastricht and Amsterdam. It may also be one of the reasons why quite a few patients don't recover, why they suffer from fatigue, ""brain fog"" and memory loss.

The immune cells (neutrophils) literally throw a net to catch the virus, says internist immunologist Pieter van Paassen. “That's normal, but in severe covid patients it happens in a rather uncontrolled way. And that then leads to a cascade of harmful reactions. ”

First, blood clotting is activated, creating the characteristic blood clots found in severe corona patients. In addition, the ""nets"" tear when the virus is caught, releasing highly toxic protein spheres. These cause inflammation in the lungs, but also in other organs, including the liver, kidneys, heart and brain.

Van Paassen and colleagues have tested a (not yet registered) drug, initially intended for vasculitis (blood vessel inflammation), on fifteen corona patients. And it seems to work: the immune system calms down.

In addition, a drug has been developed within the CARIM research institute that neutralizes the toxic protein globules. It has already been tested on animals and will be provided to patients for the first time in the coming months. ""But in all fairness,"" says Van Paassen, ""the idea is valid, but whether it works in practice really remains to be seen.""

https://www.observantonline.nl/Home/Artikelen/articleType/ArticleView/articleId/19124/Maastrichtse-medicijnen-in-de-maak-tegen-langdurige-covid-klachten",farmercheese,0.99,/r/covidlonghaulers/comments/k9p80m/dutch_researchers_experimenting_with_two/,t5_2wizt3
2,"Really worried a second wave, mutated covid virus in my country.",59,kgqegi,https://www.reddit.com/r/covidlonghaulers/comments/kgqegi/really_worried_a_second_wave_mutated_covid_virus/,38,2020-12-20 03:10:05,"Hello Guys, I'm from South-Africa recently our government has reported that there is a second wave of corona & that the virus has mutated. I'm really anxious, I'm not someone that goes outside I'm unemployed, don't have friends I'm always just in the house,but i caught covid cz i live with my family, my mom caught covid at work back in July & we all had it in the house. I'm so scared i mean i don't even go out but the possibility of being infected again with this new mutated covid is driving me crazy. Also I have very ignorant family members, when i told my Uncle & his wife they can't come for Christmas due to this new covid, i was told ""This thing doesn't exist, where is your faith in God"" honestly I'm so stressed i wish i lived on my own 😭",KaramelKoekie,0.99,/r/covidlonghaulers/comments/kgqegi/really_worried_a_second_wave_mutated_covid_virus/,t5_2wizt3
3,My story with a possible partial solution: the MMR vaccine.,23,nn2ihn,https://www.reddit.com/r/covidlonghaulers/comments/nn2ihn/my_story_with_a_possible_partial_solution_the_mmr/,11,2021-05-28 13:09:01,"TL;DR: I took the MMR vaccine and the Long Covid effects drastically reduced for now (4 weeks). It may help IF you don’t have access to the Covid vaccine.

DISCLAIMER: I’m not a doctor. This is not a medical advice. You’ll put yourself in danger if you don’t consult a medical professional. This is just MY personal experience with a very limited timeframe (four weeks). Some people, like women trying to get pregnant, can’t take the MMR vaccine.

I had Long Covid for about 11 months and was almost 99% fine. Then I got Covid again, despite best protections. This second time I only got minor gastrointestinal issues, but the effects of Long Covid came back, as if I had returned many months of progress. Brain fog, weak muscles, nausea, headaches and head pressure, all came back. The worst was this constant feeling of being ill that makes it hard to focus on any task.

Then I read about an on going scientific paper made by an university nearby. The study claims the Measles-Mumps-Rubella vaccine can reduce Covid-19 symptoms in about 54% and intubations in about 74%. The speculated reason had to do with the Measles virus. Both SARS-CoV-2 and the Measles virus share a similar structure with spike proteins as a corona. Thus, the vaccine could generate antibodies that partially capture Covid-19 virus.

We all probably took the vaccine as an infant in the 80s. Some adults take the vaccine again as a booster shot. In my country, the Covid vaccine is very delayed on porpoise because of political reasons. We are nowhere near the numbers of USA or UK vaccinations.

Since it will take many months before the Covid vaccine reaches my age (40) and the deaths are still skyrocketing, I’ve decided to take the measles-mumps-rubella shot as a temporary protection against Covid.

I was aware it could make my Long Covid effects even worse, but I had to decide between the dangers of Covid hospitalization vs the Long Covid effects.

So I took one single shot of the MMR vaccine. It is free of charge where I live. Regular people should only take one shot, health care workers should take two (about a few weeks apart).

The day of the shot I felt nothing. The next day all the Long Covid effects came out stronger, as bad as they where in 2020. Weak muscles, brain fog (enough to feel everything distant), nausea, tiredness, insomnia, head pressure all over, pain behind the eyes, sensation of fever without temperature increase, sensation of constant illness, etc. I though I was set for another year of Long Covid.

That persisted for four days. Then... nothing. I woke up with no brain fog at all. No ill feeling. No weak muscles, nausea or fever. I felt as I was before Covid. I felt energetic again.

I don’t know the reasons why I feel great again. Maybe there was a system reset (remember, the vaccine makes you produce antibody for 3 different viruses). Or maybe the new antibodies can now capture remaining dead SARS-CoV-2 without triggering a sick response. Maybe this is all just a coincidence and I was bound to get healed anyway.

There are many reports of people getting rid of Long Covid after taking any of the Covid vaccine.

I can’t claim this is a full solution. I still feel ocasional Long Covid effects. About every 7 days I feel “tired with no reason” and some head pressure. That lasts about 12 hours, then all goes back to feeling good. I still have red spots appearing on my skin. But I don’t feel ill.

It’s easy to keep going like this. I can go with any pain as long as I don’t feel ill or brain fogged.

But this is a report for 4 weeks after the MMR vaccination. I’ll only truly believe the problem is gone IF three months passes without Long Covid issues. The longer I’ve stayed without symptoms (before the MMR vaccine) was 40 days.

I’ve never had breathing issues, so I don’t know if the vaccine can solve that part of Long Covid.

The paper is still being built. The declaration of the trial can be found here https://ensaiosclinicos.gov.br/trial/10651

News about the efficacy can be found here (Portuguese) https://www.sc.gov.br/noticias/temas/ciencia-e-tecnologia/estudo-preliminar-indica-que-vacina-triplice-viral-diminui-pela-metade-o-risco-de-ter-covid-19-sintomatica

Foreign news about this (unrelated to the study): https://www.hcplive.com/view/mmr-vaccine-covid-19-protection

If you google “MMR vaccine Covid” you’ll find many different studies from different countries that are also investigating this partial protection.

Other personal info:

- I have taken the Flu vaccine about one year ago and will soon take my yearly Flu vaccine again. This flu vaccine had zero effect on my Long Covid issue;
- I have taken Vitamin D for about a year with no influence on my Long Covid issue;
- I have taken thyroid pills (Euthyrox) for about a year with no influence on the Long Covid issue;
- I have not tried any other supplement, nor vitamins, nor the NAD+, nor Niacin, Zinc, etc;
I have not changed my food intake since the MMR vaccine, nor have I changed exercise or workload;


Again, I remember: this could all be just a coincidence. Anecdotes are not statistical data.",jom_tobim,0.93,/r/covidlonghaulers/comments/nn2ihn/my_story_with_a_possible_partial_solution_the_mmr/,t5_2wizt3
4,Smell and taste MAY be returning!,8,mulabp,https://www.reddit.com/r/covidlonghaulers/comments/mulabp/smell_and_taste_may_be_returning/,10,2021-04-20 03:41:38,"tldr; Smell taste never really came back, but might finally be. Don't give up.

It might be premature, but I had to convey my excitement! Losing my senses in November really did a lot to my mental state. I still wasn't worried when after two weeks, they didn't come back; it was reported that it could take several. Okay, so not an uncommon occurrence. Some people get it back in a couple of days, others maybe a month or so? And it actually did come back a little. It wasn't 0%. It was now 5-10%.

Of course, I start looking into it and the more I see the word ""permanent"" as a possibility, the more panicked I get. Anyone here who has lost their senses knows just how much it affects your day to day life: no more smelling the air, clean sheets, flowers. No more enjoying food or drink. I had lost a lot of weight, so I told myself I'd force myself to eat. But, it was a real challenge. It's like stuffing a bunch of packing peanuts down your throat.

Well, after 5 months and seeing little to no improvement, I tried coffee again (I try it once a month in hopes of seeing progress) and it is not completely repulsive! Granted the coffee I used to love now tastes pretty bad, I can actually drink it. I just consider it to be cheap, shitty coffee now.

Now, as I see the glass half empty, I'm not keeping my hopes up for a full recovery. I've had a plethora of COVID relapse issues where I think I've been re-infected on a weekly basis. But, at least I got to enjoy this moment and I will still try my best to think positively (even though it's quite difficult).

In my opinion, the recovery is based on the individual with many outside factors not playing a huge role. It depends how you were affected by corona. I was completely healthy before I had the virus, but it changed everything. I used to lift and I dropped that whole regime because I just can't do it anymore without huge repercussions.

That being said, these methods I did (maybe they actually did help in some way) might be useful:

1. Olfactory training (smelling 4 essential oil scents for 20s each, morning and night) -- Switch out the scents every 3 months.
2. Iron+B12+herbal supplements (prescribed by ENT)
3. Nasal drops (prescribed by ENT)
4. Lead a healthy lifestyle

Have a nice day.",Most_Butterscotch491,1.0,/r/covidlonghaulers/comments/mulabp/smell_and_taste_may_be_returning/,t5_2wizt3
5,Weight issue,2,l61ffe,https://www.reddit.com/r/covidlonghaulers/comments/l61ffe/weight_issue/,3,2021-01-27 05:08:36,"Hello there :),  


I have been cursed with this virus since September, and I am slowly rebuilding everything up.  
To this day, I still have a lot of problems, such as tiredness, foggy brain and hormonal problems.   


To get better, I walk 10k steps everyday and I have physical therapy twice a week to strengthen my body again.   


Lately, my weight has been bothering me. My pants are getting really tight and according to the scale, I keep gaining and gaining weight. I am at a healthy weight and only a size 2, but I am almost 10 kg bigger that I used to be and that just doesn't feel too good.  


I eat  around 1.200 to 1.600 kcal a day including two protein shakes (ca. 200 kcal each, low carb and low sugar). And according to my Fitbit, I burn around 2.100kcal a day.  


With these numbers, I should be losing weight relatively fast, but instead I am gaining. What am I doing wrong? Is this even corona or am I doing something wrong?",ultragravity01,1.0,/r/covidlonghaulers/comments/l61ffe/weight_issue/,t5_2wizt3
6,Partial fix for the long diarrhea: conifer extract,2,nzk2z3,https://www.reddit.com/r/covidlonghaulers/comments/nzk2z3/partial_fix_for_the_long_diarrhea_conifer_extract/,8,2021-06-14 06:51:11,"tl;dr conifer extract forced the virus out of the gut, caused two
weeks of fever, and significantly improved digestion. Not back to full health though.

Background: 3 months of covid diarrhea. This is the second time I've had
corona. First round last fall took 5 weeks, of which 3 were diarrhea.

Other symptoms: occasional low fever, occasional inflamed nubs on tongue.
Nothing else. On round 1, when the diarrhea ended, it progressed to fever,
cough, and breathlessness. This time the diarrhea had not ended.

Secondary symptoms: the worsened nutrient absorption was visible in
leg cramps and sensitive teeth.

Other stuff tried: AB yoghurt, various vitamins, zinc. Nothing worked, at
best I was running to the toilet twice as often. I did not want to treat
symptoms by taking diarrhea medicine. I am not vaccinated, they're not
offering those to young people yet here.

What surprised me was how fast it acted. The first time I took it, only
a few hours later I already had a fever, couldn't sleep, had to run to
shit in the middle of the night. The shit however was the firmest in weeks,
and even the color was a more healthy dark brown instead of yellow. And
after it I was hungry! At times food had disgusted me during these months.

It does say not to take it in the evening, since it might hinder sleep.
So after that I moved the second dose to the afternoon.

The fever took two weeks to subside. The diarrhea on the intervening days
was quite variable, but at least something was obviously happening.
It's now day 16 and I'm still taking it. No fever, my morning shit is
80% solid, I have almost no farts/feeling bloated. On the downside, I still
have water diarrhea 1-2 times a day, though the amount is much less than
before.

I believe my long covid is not an immune case, but clearly the virus living
in my gut and my body being unable to kick it out of there. The inflamed
tongue nubs are obvious vascular damage from the spike proteins. The
occasional fevers support this, apparently my body can fight it elsewhere.

Why conifer extract works I have no idea. I guess the mechanism is that
it prevents the virus from hiding in the gut any longer, forcing it out
to other places in the body.

Warning: if corona previously put you to oxygen machines when fighting it,
that will probably happen again, and with more force, if you release the
large amounts of virus hiding in your gut. My round 1 was mild, and the
experience this time was comparable. The fever didn't go very high, but
for the first week I was still unable to do much.

Conifer tree bark extract (""havupuu-uute"") may not be easily available
outside Scandinavia, but at least here it's cheap and widely available.
The exact brand I used was Luontaistukku's 50ml dropper bottle. It appears
at least some web shops sell Puhdistamo's alternative internationally.

It's a natural supplement, and hasn't caused any side effects that I could
tell.",usp609,0.75,/r/covidlonghaulers/comments/nzk2z3/partial_fix_for_the_long_diarrhea_conifer_extract/,t5_2wizt3
