,title,score,id,url,comms_num,created,body,author,upvote_ratio,permalink,subreddit_id
0,Vaccinated 4/2/21 & 5/6/21,19,ntxrb4,https://www.reddit.com/r/CovidVaccine/comments/ntxrb4/vaccinated_4221_5621/,22,2021-06-06 18:45:53,"Hello Reddit community that has come here for vaccine news. I would first like to start this post by saying that I am pro-vax. But I am going to express some worries and concerns. It is important that you understand I am not posting this to scare you, I am only posting my experience and wonder if I can connect with people in my situation. I wasn't having any health complications prior to the vaccine and I am a 23 year old relatively health male.

&#x200B;

I was vaccinated 4/2/21 with Pfizer. No immediate side effects besides a really sore arm. About 2 weeks later, I started experiencing random bruising on my arms. I was really worried because I had read that these were common side effects for the AstraZeneca and Johnson&Johnson vaccines. I spoke with my doctor but by the time I could be seen two weeks out, my bruises started to fade away. The following weeks I experienced symptoms of tight throat, hard to swallow, and deep pain in my left arm that received the shot. The only way I could describe it was as if my veins were hardening and were really stiff. Of course, seeing my doctor took another 2 weeks where I hadn't experience the symptoms since and so my doctor shrugged it off.. (thanks America for creating a capitalist health care system where doctors don't care unless they can make a pretty dollar off of you)

&#x200B;

The days leading up to my second shot I was experiencing chest pains, so my doc ran an EKG on me and said everything was normal besides a fast heart rate. Now my car wouldn't start the morning of my second vax and well I wondered if it was the universe telling me something. Going against my gut feeling, made another apt and got my second shot just to get it all over with. Immediate side effects I felt a bit feverish the day after and that was all. However, the week following I started experiencing facial numbness... 

&#x200B;

So at this point I am not going to lie. I am extremely scared and worried about my health. My better judgement is saying not to post this because it could be a totally separate disease at work that is unrelated to the vaccine. However, because I was healthy and fine before I am worried that maybe the vaccine might've triggered something in my body. Anyways back to my experience, along with this numbness, I experienced this tingling in my back and other parts of my body. My digestive system also suddenly has been in a funk, I've been constipated and going diarrhea like I have never before. 

&#x200B;

I went to my doctor expressed my concerns. I requested an MRI because I have been feeling aches and pains like I never have before. My doctor said my insurance wouldn't approve it unless I am practically dead (and he would bet his salary on that). He did end up putting a referral in for me for a cardiologist (for the chest pains), neurologist (for the facial numbness), and finally a hematologist/oncologist to address some discrepancies in my blood work. 

&#x200B;

I am honestly prepared for the worst at this point. My doctor has no idea whats going on with me but cant order an MRI for me which would probably be very telling if he could. I am not sure if any of this is linked to the covid vaccine or if m very rare instance it is. But I felt it necessary to share my experience because it has been one that has been causing me to lose sleep. My health anxiety is at an all time high, which has just been exaggerating my symptoms very much. Cognitive distortion has really been taking over my thoughts. I want to pay out of pocket for an MRI, but that could cost anywhere between 2k-5k which I don't have but at this point I feel like I have no choice.

&#x200B;

If any of all had a similar experience or know of anyone who has DM me! If any one has any information on how I could possibly get a cheap MRI somewhere DM me! Lastly, kind words only I cant take any more stress or negativity. I promise I am not trying to spread fear, this just has been my experience.",vaccinecovid284,0.83,/r/CovidVaccine/comments/ntxrb4/vaccinated_4221_5621/,t5_2ls1x1
1,Muscle Twitching after AstraZeneca vaccine,11,o4shk5,https://www.reddit.com/r/CovidVaccine/comments/o4shk5/muscle_twitching_after_astrazeneca_vaccine/,10,2021-06-21 06:56:42,"Hi, 36 hours after I took the AstraZeneca covid vaccine I developed faciculations, mainly in my calf muscles but also feet and a little bit in my shoulders. Sometimes I have 2 or 3 twitches a minute and sometimes 20 or 30... I can't work out any correlation that effects it. I had an EMG and all good...

I'm thinking the viral load in the vaccine maybe triggered it... been going almost 7 weeks... anyone else had the same?",Delicious-Pea-349,0.92,/r/CovidVaccine/comments/o4shk5/muscle_twitching_after_astrazeneca_vaccine/,t5_2ls1x1
2,South Africa suspends Oxford-AstraZeneca vaccine rollout after researchers report ‘minimal’ protection against coronavirus variant,12,lf6rd5,https://www.washingtonpost.com/world/europe/astrazeneca-oxford-vaccine-south-african-variant/2021/02/07/e82127f8-6948-11eb-a66e-e27046e9e898_story.html,1,2021-02-08 02:33:41,,-memeking-,1.0,/r/CovidVaccine/comments/lf6rd5/south_africa_suspends_oxfordastrazeneca_vaccine/,t5_2ls1x1
3,Astrazeneca effects (help),7,nqqgqh,https://www.reddit.com/r/CovidVaccine/comments/nqqgqh/astrazeneca_effects_help/,39,2021-06-02 12:55:32,"Hi, I'm 18 and did my first AstraZeneca shot about 2 weeks ago and I still have swollen axillary lymph nodes.

Is this normal? How long should I wait for this to back as normal?",Skeid9,1.0,/r/CovidVaccine/comments/nqqgqh/astrazeneca_effects_help/,t5_2ls1x1
4,AstraZeneca: fever 9 hours later?,7,nd8vz4,https://www.reddit.com/r/CovidVaccine/comments/nd8vz4/astrazeneca_fever_9_hours_later/,11,2021-05-15 17:25:12,"Got a 100.5 fever 9 hours after receiving the Astrazeneca vaccine. Im 29, male. Is this normal and how long will this last? Also have headache and body weakness.",galarianzapdos,0.89,/r/CovidVaccine/comments/nd8vz4/astrazeneca_fever_9_hours_later/,t5_2ls1x1
5,I was asked to participate for the AstraZeneca Covid Vaccine specifically because I’m A Minority. It Was Quite An Experience. The Full Video Is On My Channel here’s the Link : https://youtu.be/QU4S8zpYVYc,6,kq21q0,https://v.redd.it/k8k3fl3j29961,4,2021-01-04 00:21:54,,Jahhhflowthesavage,0.88,/r/CovidVaccine/comments/kq21q0/i_was_asked_to_participate_for_the_astrazeneca/,t5_2ls1x1
6,Second Astra Zeneca shot,4,n7qbkp,https://www.reddit.com/r/CovidVaccine/comments/n7qbkp/second_astra_zeneca_shot/,4,2021-05-08 10:25:29,"I got my second Astra Zeneca shot on Wednesday. Felt a bit fluey the day after but nothing major. However now 3 days post shot and my legs are so achy. Just my legs, feel like I’ve been at the gym but they ache  all the time, other than when I’m moving. Anyone experience this? It’s both legs and no swelling or heat etc so wouldn’t have thought it was a clot or anything. Just wanting to know if anyone experienced this and how long it might last?",jjcffish,1.0,/r/CovidVaccine/comments/n7qbkp/second_astra_zeneca_shot/,t5_2ls1x1
7,Data on Distribution of Pfizer / AstraZeneca Covid-19 Vaccines by Country,2,o63mhs,https://www.reddit.com/r/CovidVaccine/comments/o63mhs/data_on_distribution_of_pfizer_astrazeneca/,0,2021-06-22 22:31:17,"Are you aware if Pfizer and AstraZeneca (or other sources) publish their brand specific shipment of covid-19 vaccines by country?

If so can you please share a link.

Thanks!",HelixScrooge,1.0,/r/CovidVaccine/comments/o63mhs/data_on_distribution_of_pfizer_astrazeneca/,t5_2ls1x1
8,Coronavirus vaccine for people who have a streptomycin allergy history,2,opb7d0,https://www.reddit.com/r/CovidVaccine/comments/opb7d0/coronavirus_vaccine_for_people_who_have_a/,14,2021-07-22 06:33:53,"Hello, 

I have yet to be vaccinated against the coronavirus because I have a history of an intermediate allergy of streptomycin (happened when I was little). I want to be vaccinated with the Moderna or the Astra-Zeneca vaccine (both options are available here in my country). Should I get the vaccine?

Thanks in advance.",Myself090,1.0,/r/CovidVaccine/comments/opb7d0/coronavirus_vaccine_for_people_who_have_a/,t5_2ls1x1
9,Should I get an astrazeneca shot after a 1st dose of Pfizer??,2,ov00dr,https://www.reddit.com/r/CovidVaccine/comments/ov00dr/should_i_get_an_astrazeneca_shot_after_a_1st_dose/,7,2021-07-30 23:34:29,"I've seen over and over and over (and over) the same article everywhere that having a shot of pfizer  after your first dose of astrazeneca is fine. My question is: is it still ok if I get astrazeneca for my 2nd shot since I already got my first dose of pfizer? 

 My government decided to no longer buy more shots from pfizer, and I only got one, there's astrazeneca available but I'm not sure if it's ok to get it. And I can't find any information if ""pfizer then astrazeneca is ok"". Any Doctors and experts, please help :(",magic_sashimi,1.0,/r/CovidVaccine/comments/ov00dr/should_i_get_an_astrazeneca_shot_after_a_1st_dose/,t5_2ls1x1
10,Pharmaceutical giant AstraZeneca faces twin challenge in Europe over the efficacy and delivery,1,l5s3ns,https://youtu.be/H43SZHPBIyw,0,2021-01-26 19:38:33,,Kindy0,1.0,/r/CovidVaccine/comments/l5s3ns/pharmaceutical_giant_astrazeneca_faces_twin/,t5_2ls1x1
11,Vaccine supply and appointments,1,oh5ad0,https://www.reddit.com/r/CovidVaccine/comments/oh5ad0/vaccine_supply_and_appointments/,8,2021-07-09 17:36:31,"Hello! I have a question about the vaccines supply in EU...

I live in Spain, and it's very difficult to get an appointment for your vaccine shot. Basically, they offer appointments acording to the supply of vaccines that they have. You have to be very fast to get yours! Because they only open the call for applications when there is new supply.
I have a general feeling that they have a shortage of shots, because of the few appointments and how fast they end.

Spain uses the ones that are allowed in EU: Pfizer/BioNTech, Moderna/Lonza Oxford/AstraZeneca, Johnson&Johnson/Janssen.
I woud like to know if there is any problem or delay in the manufacturing and production chain of the vaccines? On the factories or labs?
THe production of all of the is going smoothly or is there any kind of problem?

Thank you  :)",sibilina8,0.67,/r/CovidVaccine/comments/oh5ad0/vaccine_supply_and_appointments/,t5_2ls1x1
12,Covid vaccine: Oxford AstraZeneca professors stand to make MILLIONS - RokzFast,0,kn5ps5,https://rokzfast.com/covid-vaccine-oxford-astrazeneca-professors-stand-to-make-millions-264001/,3,2020-12-30 11:48:06,,Big_Sin,0.5,/r/CovidVaccine/comments/kn5ps5/covid_vaccine_oxford_astrazeneca_professors_stand/,t5_2ls1x1
13,Coronavirus COVID 19 Oxford AstraZeneca Vaccine Information - Evidence based Information,0,lffhv4,https://youtube.com/watch?v=wLLCpn2xaq8&feature=share,0,2021-02-08 11:29:13,,AbrahamThePharmacist,0.5,/r/CovidVaccine/comments/lffhv4/coronavirus_covid_19_oxford_astrazeneca_vaccine/,t5_2ls1x1
