,title,score,id,url,comms_num,created,body,author,upvote_ratio,permalink,subreddit_id
0,"Heather's story - 5 days after 2nd moderna vaccines she started having seizures, not responding to anticonvulsion meds. In ER they said it is ""stress related"" and impossible to be linked to covid vaccine - [don't you people think these doctors who see her might outright lying?]",24,nrhw1o,https://i.redd.it/zubewpjrw2371.jpg,16,2021-06-03 12:43:00,,whosthetard,0.85,/r/DebateVaccine/comments/nrhw1o/heathers_story_5_days_after_2nd_moderna_vaccines/,t5_3lhjc
1,"The reason why hospitalizations are ""99% unvaccinated"" is incredibly simple: Hospitals are not required to report Covid-19 hospitalizations among vaccinated",23,p7khuy,https://www.texastribune.org/2021/07/21/coronavirus-texas-vaccinated-deaths/,5,2021-08-19 14:22:03,,ScreenExtension,0.8,/r/DebateVaccine/comments/p7khuy/the_reason_why_hospitalizations_are_99/,t5_3lhjc
2,"COVID hits all-vaccinated Carnival Vista cruise-ship staff, passengers - Somewhere near Cozumel in the Caribbean Sea, there’s a cruise ship that had zero unvaccinated people aboard but that still suffered an outbreak of Covid-19",20,p0ca85,https://archive.is/8fSZd,3,2021-08-08 06:25:39,,whosthetard,0.92,/r/DebateVaccine/comments/p0ca85/covid_hits_allvaccinated_carnival_vista/,t5_3lhjc
3,"Pfizer contract requires that, even if a drug is found to treat COVID-19 effectively, the contract to continue buying products from Pfizer cannot be voided. The contract requires governments to commit to paying for the products even if they are not shipped on time, and no products may be returned.",15,p0od3c,https://archive.ph/0USy1,4,2021-08-08 18:21:38,,whosthetard,0.94,/r/DebateVaccine/comments/p0od3c/pfizer_contract_requires_that_even_if_a_drug_is/,t5_3lhjc
4,A woman had to get the pfizer covid-19 vaccine to work. She had a massive stroke and now she's unable to walk. At the top of everything else she started having high fever and got diagnosed with covid.,14,p9ctop,https://www.reddit.com/gallery/p9ctop,2,2021-08-22 09:51:50,,whosthetard,0.77,/r/DebateVaccine/comments/p9ctop/a_woman_had_to_get_the_pfizer_covid19_vaccine_to/,t5_3lhjc
5,The CDC recently said only 5.5% of covid deaths were due to covid alone. For those under 24 that's 68 deaths from covid alone. So far there have been 60 deaths in people under 24 from the vaccine and we have just started vaccinating young people. More kids will die from the vaccine than from Covid.,13,orzvml,https://www.reddit.com/gallery/orzvml,17,2021-07-26 10:30:50,,Jenicanoelle,0.88,/r/DebateVaccine/comments/orzvml/the_cdc_recently_said_only_55_of_covid_deaths/,t5_3lhjc
6,How well do the covid-19 vaccines actually work - Thorsteinn Siglaugsson on Iceland vaccinations,12,oz4cui,https://i.redd.it/ol2jszx0ypf71.jpg,1,2021-08-06 06:59:03,,whosthetard,0.94,/r/DebateVaccine/comments/oz4cui/how_well_do_the_covid19_vaccines_actually_work/,t5_3lhjc
7,"Police patrols coffee shops in Paris, checking customers for documents whether they are drugged with covid-19 vaccine shots",13,p17upr,https://v.redd.it/dllot59todg71,1,2021-08-09 14:53:47,,whosthetard,1.0,/r/DebateVaccine/comments/p17upr/police_patrols_coffee_shops_in_paris_checking/,t5_3lhjc
8,Mother in distress - Worst nightmare of parents is to lose their child - Her daughter dies 5 hours later after getting a pfizer covid-19 shot.,12,p73fa2,https://v.redd.it/b9weaxmhf7i71,2,2021-08-18 19:57:08,,whosthetard,0.93,/r/DebateVaccine/comments/p73fa2/mother_in_distress_worst_nightmare_of_parents_is/,t5_3lhjc
9,"If you're under the age of 55, you're twice as likely to die from a traffic accident than COVID. Under the age of 45, the difference is 5 times higher for traffic accidents",10,p47eyq,https://i.imgur.com/MKQAtO1.jpg,6,2021-08-14 08:48:36,,ScreenExtension,0.78,/r/DebateVaccine/comments/p47eyq/if_youre_under_the_age_of_55_youre_twice_as/,t5_3lhjc
10,"Although Lindsey was vaccinated, the vaccine was not effective. She got covid with terrible symptoms at the top of other health problems. It is said she will be unable to work indefinitely.",9,p3xhma,https://i.redd.it/q9jqw959t7h71.jpg,0,2021-08-13 20:09:27,,whosthetard,0.77,/r/DebateVaccine/comments/p3xhma/although_lindsey_was_vaccinated_the_vaccine_was/,t5_3lhjc
11,"Those who take the Covid-19 “vaccines” are MORE susceptible to the Delta Variant and have a HIGHER risk of severe disease or even death. This information comes from Dr. Robert Malone, the inventor of the very mRNA technology used to transmit both the Pfizer and Moderna injections.",10,p87aq0,https://thelibertydaily.com/mrna-tech-inventor-dr-robert-malone-easier-for-delta-to-kill-vaccinated-than-jab-free-people/,3,2021-08-20 11:17:58,,ScreenExtension,0.67,/r/DebateVaccine/comments/p87aq0/those_who_take_the_covid19_vaccines_are_more/,t5_3lhjc
12,"After having the second covid-19 shot 38-year old Joanne's life changed. Had some form of a stroke, ended up in the hospital unable to properly walk",13,p5fboa,https://v.redd.it/jbcnmcp5sph71,0,2021-08-16 08:44:34,,whosthetard,0.92,/r/DebateVaccine/comments/p5fboa/after_having_the_second_covid19_shot_38year_old/,t5_3lhjc
13,For you who want all vaccines gone: do you see what’s happening in a world without one?,10,fst9ob,https://www.reddit.com/r/DebateVaccine/comments/fst9ob/for_you_who_want_all_vaccines_gone_do_you_see/,69,2020-04-01 01:13:39,"for you guys who think vaccines are bad, you need to realize that the COVID-19 pandemic is without a *vaccine* and spreading *rapidly* yet somehow there are very little cases/deaths of those with vaccines. Really makes you wonder, huh?",MagicMeatbal1,0.86,/r/DebateVaccine/comments/fst9ob/for_you_who_want_all_vaccines_gone_do_you_see/,t5_3lhjc
14,"Drug companies developing new vaccine to treat sickness caused by Covid vaccines and boosters (Relax, FDA will check it first)",10,paxt3f,https://www.biorxiv.org/content/10.1101/2021.07.13.452194v2,0,2021-08-24 18:23:38,,whosthetard,1.0,/r/DebateVaccine/comments/paxt3f/drug_companies_developing_new_vaccine_to_treat/,t5_3lhjc
15,Athletes are becoming sickness models after getting covid-19 vaccine drugs,10,pa8okr,https://i.redd.it/wxxs98zg86j71.jpg,0,2021-08-23 16:57:31,,whosthetard,0.92,/r/DebateVaccine/comments/pa8okr/athletes_are_becoming_sickness_models_after/,t5_3lhjc
16,"She was hopeful a vaccine would help her. After getting the 2nd pfizer covid-19 drug dose, she developed polyneuropathy and became crippled with various problems. News media refuses to publish take her story, so here it is.",10,p31g1p,https://v.redd.it/nc93qzjcwxg71,0,2021-08-12 10:53:19,,whosthetard,0.86,/r/DebateVaccine/comments/p31g1p/she_was_hopeful_a_vaccine_would_help_her_after/,t5_3lhjc
17,"Air Force officer goes brain dead after taking 2nd dose of Covid vaccine, then dies",8,nslf33,http://www.koreaherald.com/view.php?ud=20210605000033,1,2021-06-04 22:17:47,,geneticshill,0.79,/r/DebateVaccine/comments/nslf33/air_force_officer_goes_brain_dead_after_taking/,t5_3lhjc
18,"The chicken and egg game - was there a vaccine that caused the covid-19 which then justified production of another vaccine, which then caused a disease ""variant"" which then requires a booster vaccine, which will make.....",8,owiztn,https://archive.today/DG68R,1,2021-08-02 13:10:31,,whosthetard,0.85,/r/DebateVaccine/comments/owiztn/the_chicken_and_egg_game_was_there_a_vaccine_that/,t5_3lhjc
19,Ivermectin for Prevention and Treatment of Covid-19 Infection,9,o3lsu2,https://journals.lww.com/americantherapeutics/Abstract/9000/Ivermectin_for_Prevention_and_Treatment_of.98040.aspx,0,2021-06-19 13:54:36,,gokuswag2,0.91,/r/DebateVaccine/comments/o3lsu2/ivermectin_for_prevention_and_treatment_of/,t5_3lhjc
20,"India destroyed covid with Ivermectin in a few months with only a 2% vaccination rate back in May. In those two months they brought cases and deaths down 97% wherever it was used and gained herd natural immunity, which prevents spread. The vaccines can't do that because they don't prevent spread",9,p34qrp,https://i.redd.it/iqdes13dnwg71.jpg,0,2021-08-12 13:36:36,,ScreenExtension,0.84,/r/DebateVaccine/comments/p34qrp/india_destroyed_covid_with_ivermectin_in_a_few/,t5_3lhjc
21,Proof that Ivermectin is extremely effective for COVID-19: A real-time meta-analysis of 63 studies,8,p6z82u,https://ivmmeta.com/,1,2021-08-18 16:14:00,,ScreenExtension,0.74,/r/DebateVaccine/comments/p6z82u/proof_that_ivermectin_is_extremely_effective_for/,t5_3lhjc
22,"Tony had to take a job to save his house, took the vaccine after his employer required it, died after getting the 2nd covid-19 dose",7,p2a80n,https://i.redd.it/asrr566efpg71.jpg,0,2021-08-11 06:17:45,,whosthetard,1.0,/r/DebateVaccine/comments/p2a80n/tony_had_to_take_a_job_to_save_his_house_took_the/,t5_3lhjc
23,Covid-19 breakthrough infections are rising,7,owfehz,https://i.redd.it/6aea4yhr9ye71.jpg,0,2021-08-02 10:15:26,,whosthetard,0.89,/r/DebateVaccine/comments/owfehz/covid19_breakthrough_infections_are_rising/,t5_3lhjc
24,"24-year old man was trained to become a fighter pilot, had heart attack just few days after getting the pfizer covid-19 vaccine and he's now unfit to pilot",7,palgsb,https://i.redd.it/enq6tp6dkaj71.jpg,0,2021-08-24 07:31:11,,whosthetard,1.0,/r/DebateVaccine/comments/palgsb/24year_old_man_was_trained_to_become_a_fighter/,t5_3lhjc
25,Mother describes the events following covid-19 vaccination of her daughter - paralyzed after getting the shot.,6,p2bwok,https://v.redd.it/mutv39dm0qg71,0,2021-08-11 08:17:37,,whosthetard,0.88,/r/DebateVaccine/comments/p2bwok/mother_describes_the_events_following_covid19/,t5_3lhjc
26,Mans shows the endless lists of topics in social media around injured people after getting drugged with covid-19 vaccines,6,p9jd5a,https://v.redd.it/tqgivxrycyi71,0,2021-08-22 15:42:18,,whosthetard,0.8,/r/DebateVaccine/comments/p9jd5a/mans_shows_the_endless_lists_of_topics_in_social/,t5_3lhjc
27,It gets better and better - Letter received by a woman who took the Moderna covid-19 vaccine. She was asked to go screen herself after 1500+ vaccine recipients developed cervical cancer.,6,ox1gik,https://v.redd.it/9rkl20rkn4f71,0,2021-08-03 07:27:11,,whosthetard,1.0,/r/DebateVaccine/comments/ox1gik/it_gets_better_and_better_letter_received_by_a/,t5_3lhjc
28,"Foo Fighters concert that banned the unvaccinated from attending, is canceled because one of their vaccinated own comes down with covid-19",6,onk344,https://v.redd.it/8hsi0m6op7c71,0,2021-07-19 14:30:01,,whosthetard,1.0,/r/DebateVaccine/comments/onk344/foo_fighters_concert_that_banned_the_unvaccinated/,t5_3lhjc
29,Let the unvaccinated die - Washington state school teacher says of the unvaccinated - Same state where they are promoting smoking and narcotics as a reward to get drugged with a covid-19 vaccine,6,p73uvu,https://archive.vn/q76As,20,2021-08-18 20:22:47,,whosthetard,1.0,/r/DebateVaccine/comments/p73uvu/let_the_unvaccinated_die_washington_state_school/,t5_3lhjc
30,Young woman deals with tremors and difficulty walking in less than a week after taking a first dose of a covid-19 vaccine,6,p7fe8p,https://v.redd.it/wmwhpg7nlbi71,0,2021-08-19 10:00:07,,whosthetard,0.81,/r/DebateVaccine/comments/p7fe8p/young_woman_deals_with_tremors_and_difficulty/,t5_3lhjc
31,CDC adds Israel to highest-risk countries for catching Covid-19 - [High drugging rates show high disease rates and it's logical],6,p1ll3i,https://archive.vn/64nW3,0,2021-08-10 05:11:31,,whosthetard,0.88,/r/DebateVaccine/comments/p1ll3i/cdc_adds_israel_to_highestrisk_countries_for/,t5_3lhjc
32,The covid vaccine plan explained - Del Bigtree,6,n5e6xt,https://v.redd.it/ixa54jbsjax61,16,2021-05-05 07:58:15,,whosthetard,0.63,/r/DebateVaccine/comments/n5e6xt/the_covid_vaccine_plan_explained_del_bigtree/,t5_3lhjc
33,"65-year old scottish actor Mike Mitchell, who participated in the Gladiator and Braveheart movies, dies suddenly of a heart attack. He was covid-19 vaccinated and advertised it.",5,ougwhm,https://www.reddit.com/gallery/ougw1l,0,2021-07-30 04:48:29,,whosthetard,0.78,/r/DebateVaccine/comments/ougwhm/65year_old_scottish_actor_mike_mitchell_who/,t5_3lhjc
34,"60 year old woman dies after suffering a massive nose bleed and a brain aneurism. Couple weeks before dying she had the 2nd dose of an astrazeneca covid-19 vaccine - family members believe the shot she had, is linked to her death",6,p0c469,https://v.redd.it/5swudklqy3g71,1,2021-08-08 06:10:59,,whosthetard,1.0,/r/DebateVaccine/comments/p0c469/60_year_old_woman_dies_after_suffering_a_massive/,t5_3lhjc
35,"Indefinitely taking booster covid-19 shots (aka constant drugging) is coming up - Fully-Vaccinated ""breakthrough infections"" could still cause long COVID - [Not only you must be fully vaccinated but fully boosted too]",6,p65iad,https://i.redd.it/nkdg5ottmxh71.jpg,1,2021-08-17 11:00:46,,whosthetard,0.88,/r/DebateVaccine/comments/p65iad/indefinitely_taking_booster_covid19_shots_aka/,t5_3lhjc
36,"The first-ever postmortem study of a patient vaccinated against COVID-19 has revealed that viral RNA was found in every organ of the patient’s body, meaning that the vaccine is either ineffective or the coronavirus actually spreads faster in vaccinated individuals.",6,ot8dse,https://archive.today/7Mzpm,0,2021-07-28 07:55:06,,whosthetard,0.8,/r/DebateVaccine/comments/ot8dse/the_firstever_postmortem_study_of_a_patient/,t5_3lhjc
37,Another neurologic coincidence after taking a covid-19 vaccine shot,6,p9xlwz,https://v.redd.it/06q1m9c0b3j71,0,2021-08-23 07:10:17,,whosthetard,1.0,/r/DebateVaccine/comments/p9xlwz/another_neurologic_coincidence_after_taking_a/,t5_3lhjc
38,"/r/Wisconsin will ban you for questioning COVID-19, the deaths alleged to be caused by COVID-19, the wearing of masks to ostensibly stop the spread of COVID-19, or any COVID-19 vaccine mandate, because ""decades"" of (conflicting, shoddy) research that is rooted in (pseudo) science",4,hlv66x,https://i.redd.it/1aj3gr7x14951.png,1,2020-07-05 18:01:59,,EnoughNoLibsSpam,0.7,/r/DebateVaccine/comments/hlv66x/rwisconsin_will_ban_you_for_questioning_covid19/,t5_3lhjc
39,"Watch the side effects of the covid-19 vaccines as reported by mainstream media, now that you've seen many pictures from personal accounts reporting similar reactions - and which paid pharma trolls try to convince you it is all made up.",5,ovqoe0,https://v.redd.it/3bmyg0omhqe71,0,2021-08-01 07:45:23,,whosthetard,0.78,/r/DebateVaccine/comments/ovqoe0/watch_the_side_effects_of_the_covid19_vaccines_as/,t5_3lhjc
40,Not all Doomers are asleep - Chet Hanks on the experimental covid-19 bull-aid.,4,p3trih,https://v.redd.it/5o12a3yts6h71,0,2021-08-13 16:45:02,,whosthetard,0.76,/r/DebateVaccine/comments/p3trih/not_all_doomers_are_asleep_chet_hanks_on_the/,t5_3lhjc
41,Data started coming in on 3rd covid vaccination shot and as expected they can't fix lifestyle. They still got sick. And it's unknown if the drug actually made them sick.,4,p0y47j,https://i.redd.it/huiz1beaxag71.jpg,0,2021-08-09 05:34:19,,whosthetard,0.84,/r/DebateVaccine/comments/p0y47j/data_started_coming_in_on_3rd_covid_vaccination/,t5_3lhjc
42,20 year old woman develops blood clots and dies after having a covishield covid-19 shot,6,p8aidy,https://v.redd.it/pls08f18yji71,0,2021-08-20 14:02:43,,whosthetard,1.0,/r/DebateVaccine/comments/p8aidy/20_year_old_woman_develops_blood_clots_and_dies/,t5_3lhjc
43,"Federal Lawsuit Seeks Immediate Halt of COVID Vaccines, Cites CDC Is Under-Counting Vaccine Deaths",5,oqonxm,https://childrenshealthdefense.org/defender/americas-frontline-doctors-federal-lawsuit-halt-covid-vaccines-cdc-vaccine-deaths/,0,2021-07-24 08:01:39,,whosthetard,0.86,/r/DebateVaccine/comments/oqonxm/federal_lawsuit_seeks_immediate_halt_of_covid/,t5_3lhjc
44,"John's story after covid-19 astrazeneca jab, had various side effects, ended up in a coma and he is now in recovery but his life has dramatically changed.",5,oryw9w,https://i.redd.it/1dfjzjb48kd71.jpg,0,2021-07-26 09:38:36,,whosthetard,0.78,/r/DebateVaccine/comments/oryw9w/johns_story_after_covid19_astrazeneca_jab_had/,t5_3lhjc
45,"44 year old Crystal had to chose between getting a covid-19 vaccine or look for another job. She decided to ""stay"". 10 minutes after taking the jab had vision problems which later worsen - [An eye specialist said, her vision will go bad anyways eventually]",4,p5zh47,https://i.redd.it/x1bpksnylvh71.jpg,0,2021-08-17 04:09:45,,whosthetard,0.84,/r/DebateVaccine/comments/p5zh47/44_year_old_crystal_had_to_chose_between_getting/,t5_3lhjc
46,Doctors advise against intensive sport after Covid vaccination - Indirectly medical doctors say the covid-19 vaccine is a health hazard since physical activity can cause heart problems after vaccination,5,p81zu3,https://archive.ph/IJtaS,0,2021-08-20 05:45:59,,whosthetard,1.0,/r/DebateVaccine/comments/p81zu3/doctors_advise_against_intensive_sport_after/,t5_3lhjc
47,"Another teen 19-year old, got neurological problems after got covid vaccinated - She was treated by medical doctors (MD) like a person with mental problems - Why the MD comes up with cheap excuses, instead of fixing the problems? If he can't solve the problems he should go do something else.",4,ojc66q,https://i.redd.it/2269099p9ya71.jpg,1,2021-07-13 05:39:50,,whosthetard,0.7,/r/DebateVaccine/comments/ojc66q/another_teen_19year_old_got_neurological_problems/,t5_3lhjc
48,Nurse claims her mother died after taking an J&J covid-19 jab - Tests showed brain bleeding,4,p8q6f6,https://i.redd.it/beyvfte0api71.jpg,8,2021-08-21 07:57:59,,whosthetard,0.84,/r/DebateVaccine/comments/p8q6f6/nurse_claims_her_mother_died_after_taking_an_jj/,t5_3lhjc
49,23-year old mother dies after she developed a blood clot after taking a covid-19 shot,4,p0bhbp,https://i.redd.it/uoc88n6ro3g71.jpg,0,2021-08-08 05:12:49,,whosthetard,0.84,/r/DebateVaccine/comments/p0bhbp/23year_old_mother_dies_after_she_developed_a/,t5_3lhjc
50,"Alex had the covid-19 jab and got various problems a week later, including fatigue, difficulty to stand and blackouts. This is a quick recap of her story",5,p39o9g,https://v.redd.it/ohqm3zu7yzg71,0,2021-08-12 17:46:02,,whosthetard,1.0,/r/DebateVaccine/comments/p39o9g/alex_had_the_covid19_jab_and_got_various_problems/,t5_3lhjc
51,Mystery death of a 19-year woman just five days after getting a covid-19 vaccine,4,p7172l,https://i.redd.it/yz7nhtyeu6i71.jpg,0,2021-08-18 17:56:29,,whosthetard,0.84,/r/DebateVaccine/comments/p7172l/mystery_death_of_a_19year_woman_just_five_days/,t5_3lhjc
52,Update of the 30-year-old NC woman who developed multiple mobility problems after getting the covid-19 pfizer shot - [Included is a moderation clip of previous posts made around it due to a bombardment of fake comments trying to create controversy - link to previous posts included],3,p8x3e8,https://v.redd.it/7gjcv1gwari71,0,2021-08-21 14:55:50,,whosthetard,0.67,/r/DebateVaccine/comments/p8x3e8/update_of_the_30yearold_nc_woman_who_developed/,t5_3lhjc
53,"Nurse speaks out: ""Our residents are dying after they've taken this COVID-19 vaccine"", ""We had people who were once walking who can no longer walk, people who were once talking who can no longer talk, people who were once able to think, could no longer think properly, they are dropping like flies""",6,l7csg1,https://streamable.com/63m25v,0,2021-01-28 18:44:16,,EnoughNoLibsSpam,0.8,/r/DebateVaccine/comments/l7csg1/nurse_speaks_out_our_residents_are_dying_after/,t5_3lhjc
54,20 year old woman describes her experience after getting a covid-19 vaccine - (TIA/Moderna),6,oz4l6v,https://v.redd.it/5ymvaktv0qf71,0,2021-08-06 07:16:55,,whosthetard,1.0,/r/DebateVaccine/comments/oz4l6v/20_year_old_woman_describes_her_experience_after/,t5_3lhjc
55,"VAERS reports - Nearly 11,000 Deaths After COVID Vaccines Reported to CDC, as FDA Adds New Warning to J&J Vaccine - And keep in mind CDC and FDA manage the VAERS database.",3,onceec,https://archive.today/rT1Vq,3,2021-07-19 07:44:16,,whosthetard,0.72,/r/DebateVaccine/comments/onceec/vaers_reports_nearly_11000_deaths_after_covid/,t5_3lhjc
56,"In US, over 300 deaths of CHILDREN since March, aged between 12 and 18, reported after having the covid-19 shot",5,p0pdu0,https://v.redd.it/roranok7w7g71,0,2021-08-08 19:21:56,,whosthetard,1.0,/r/DebateVaccine/comments/p0pdu0/in_us_over_300_deaths_of_children_since_march/,t5_3lhjc
57,"If a covid vaccinated person becomes covid positive, why don't they take away their passport? - this needs to be addressed...",3,oxz2pz,https://i.redd.it/v0t4wau1xdf71.jpg,0,2021-08-04 14:31:14,,whosthetard,0.81,/r/DebateVaccine/comments/oxz2pz/if_a_covid_vaccinated_person_becomes_covid/,t5_3lhjc
58,Jimmy Dore describes his experience after getting the covid-19 shot (Moderna),4,oxoloc,https://v.redd.it/6lep4by72bf71,0,2021-08-04 04:58:27,,whosthetard,1.0,/r/DebateVaccine/comments/oxoloc/jimmy_dore_describes_his_experience_after_getting/,t5_3lhjc
59,A man had an appointment to get covid vaccinated but the experiences he got from other family members made him to change his mind - [mind changer],3,otngsd,https://v.redd.it/eq1gzjndy1e71,0,2021-07-28 21:14:57,,whosthetard,0.62,/r/DebateVaccine/comments/otngsd/a_man_had_an_appointment_to_get_covid_vaccinated/,t5_3lhjc
60,"Criminal Fauci: ""inevitably"" we will begin pushing COVID boosters on the masses",4,p3amdz,https://www.mediaite.com/tv/dr-fauci-inevitably-well-have-to-give-booster-shots/,0,2021-08-12 18:35:31,,Flmanandwoman,1.0,/r/DebateVaccine/comments/p3amdz/criminal_fauci_inevitably_we_will_begin_pushing/,t5_3lhjc
61,Fully Vaccinated Actress Blames Unmasked Children For Her ‘Breakthrough’ Covid Diagnosis in Deranged Rant,5,pa93s9,https://archive.ph/635iA,0,2021-08-23 17:19:18,,whosthetard,0.78,/r/DebateVaccine/comments/pa93s9/fully_vaccinated_actress_blames_unmasked_children/,t5_3lhjc
62,"After getting covid-19 vaccinated, a young woman shows what she experiences, having blood clots, swelling on her face and tremors.",4,p514rc,https://v.redd.it/zfg3xp3fzkh71,0,2021-08-15 16:30:40,,whosthetard,0.75,/r/DebateVaccine/comments/p514rc/after_getting_covid19_vaccinated_a_young_woman/,t5_3lhjc
63,"26 year old woman was happy to be covid-19 vaccinated and she joked about it - hoped to gain supernatural powers and growing nuts - making fun of ""conspiracy theorists"" - She's now dead.",4,oz96a8,https://www.reddit.com/gallery/oz95p2,0,2021-08-06 11:40:37,,whosthetard,1.0,/r/DebateVaccine/comments/oz96a8/26_year_old_woman_was_happy_to_be_covid19/,t5_3lhjc
64,"The vaccine drugs cartel, makes a killing by selling drugs for conditions listed as SIDE EFFECTS of their covid vaccines —""It's the perfect business model. They make us all sick and create lifetime customers."" Robert F. Kennedy Jr",4,okwynt,https://i.redd.it/huy946b6qeb71.jpg,0,2021-07-15 12:57:53,,whosthetard,0.75,/r/DebateVaccine/comments/okwynt/the_vaccine_drugs_cartel_makes_a_killing_by/,t5_3lhjc
65,"Woman says with 2 months post pfizer covid-19 vaccine had 4 ER visits, one hospitalization and no relief either way.",3,ov8rhe,https://i.redd.it/7rp3dozhcke71.jpg,0,2021-07-31 11:05:53,,whosthetard,0.81,/r/DebateVaccine/comments/ov8rhe/woman_says_with_2_months_post_pfizer_covid19/,t5_3lhjc
66,GRAPHENE OXIDE DETECTION IN AQUEOUS SUSPENSION (COMIRNATY TM (RD1) - AKA PFIZER COVID-19 VACCINE,4,oos90x,/r/TrueAntiVaccination/comments/oos6mu/graphene_oxide_detection_in_aqueous_suspension/,0,2021-07-21 11:30:25,,whosthetard,1.0,/r/DebateVaccine/comments/oos90x/graphene_oxide_detection_in_aqueous_suspension/,t5_3lhjc
67,"South Korea, latest graph shows mask mandates and cases. They also have a high covid-19 vaccination rate with ~30m doses administered. So now, everything is on a ""positive"" note. More drugs, more facemasking and more covid.",4,p1w755,https://i.redd.it/zorg1ehuykg71.jpg,0,2021-08-10 15:18:14,,whosthetard,0.84,/r/DebateVaccine/comments/p1w755/south_korea_latest_graph_shows_mask_mandates_and/,t5_3lhjc
68,"A British nurse talks about her experiences after receiving the covid-19 vaccine. Fatigue, dizziness, uncontrolled tremors",5,p4tscj,https://v.redd.it/85sxds6q0jh71,0,2021-08-15 09:52:48,,whosthetard,0.86,/r/DebateVaccine/comments/p4tscj/a_british_nurse_talks_about_her_experiences_after/,t5_3lhjc
69,"Claim that unvaccinated people put vaccinated at risk, once again proves these covid-19 vaccines are useless - [My drug doesn't work unless you are drugged too]",4,owd22u,https://archive.today/w3XBf,0,2021-08-02 08:02:17,,whosthetard,0.99,/r/DebateVaccine/comments/owd22u/claim_that_unvaccinated_people_put_vaccinated_at/,t5_3lhjc
70,"New York City will soon require proof of COVID-19 vaccinations for anyone who wants to dine indoors at a restaurant, see a performance or go to the gym - [wonder why someone needs to go to the gym if he's on drugs]",3,oxs9aa,https://archive.today/yQsEP,0,2021-08-04 09:04:38,,whosthetard,0.81,/r/DebateVaccine/comments/oxs9aa/new_york_city_will_soon_require_proof_of_covid19/,t5_3lhjc
71,"Before and after pfizer covid shot - as reported by Ninski - Sudden facial swelling on one side, 12 days after the jab. Not first s/e. Rapid resting pulse 105 for six days after jab. Video taken 7 hrs after a/e discharged her with a steroid shot",5,omagti,https://v.redd.it/kynuf5ojltb71,1,2021-07-17 15:02:48,,whosthetard,0.86,/r/DebateVaccine/comments/omagti/before_and_after_pfizer_covid_shot_as_reported_by/,t5_3lhjc
72,"Acute pain in temples, trigeminal nerve affected after astrazeneca covid shot - [she's looking for an ""expert"" to fix the damage]",4,oz5xwq,https://i.redd.it/486k1178hqf71.jpg,0,2021-08-06 08:47:26,,whosthetard,0.84,/r/DebateVaccine/comments/oz5xwq/acute_pain_in_temples_trigeminal_nerve_affected/,t5_3lhjc
73,With the second covid-19 vaccine injection the spikes are produced and protrude into the bloodstream that is already swarming with both reactive lymphocytes and antibodies. The antibodies will cause the complement system and also neutrophil granulocytes to attack the spike protein-bearing cells,5,one4se,https://i.redd.it/letux3jy86c71.png,0,2021-07-19 09:33:00,,whosthetard,1.0,/r/DebateVaccine/comments/one4se/with_the_second_covid19_vaccine_injection_the/,t5_3lhjc
74,Government mandatory drugging continues - Covid booster shots will 'be obligatory for trips abroad and care home staff' - as millions are set to offered a third jab from September,2,p5g0ce,https://archive.is/wPFS7,1,2021-08-16 09:25:15,,whosthetard,0.63,/r/DebateVaccine/comments/p5g0ce/government_mandatory_drugging_continues_covid/,t5_3lhjc
75,NIH clinical trial of Remdesivir to treat COVID-19 begins in Nebraska,6,f9mtzo,/r/COVID19/comments/f9ezau/nih_clinical_trial_of_remdesivir_to_treat_covid19/,0,2020-02-25 22:26:29,,EnoughNoLibsSpam,0.99,/r/DebateVaccine/comments/f9mtzo/nih_clinical_trial_of_remdesivir_to_treat_covid19/,t5_3lhjc
76,"Jon Rahm, received the vaccine 7+ weeks ago yet has tested positive for Covid-19 two separate times since - pulled out from the Olympics - [shouldn't they give covid medals to leavers or what?]",4,os35nh,https://i.redd.it/415q3npa9ld71.jpg,0,2021-07-26 13:07:26,,whosthetard,0.84,/r/DebateVaccine/comments/os35nh/jon_rahm_received_the_vaccine_7_weeks_ago_yet_has/,t5_3lhjc
77,COVID-19 mortality in England and Wales weekly from 2020 by age group,4,ggdzjv,/r/VaccineDebate/comments/ggdgfu/covid19_mortality_in_england_and_wales_weekly/,0,2020-05-09 07:37:46,,quinn2k19,0.84,/r/DebateVaccine/comments/ggdzjv/covid19_mortality_in_england_and_wales_weekly/,t5_3lhjc
78,"Is this an anecdote or what? ""Elderly deaths increased 3 times the normal rate after rollout of covid vaccines""",4,oyglbq,https://i.redd.it/zd3y4qd3ajf71.png,0,2021-08-05 08:34:10,,whosthetard,1.0,/r/DebateVaccine/comments/oyglbq/is_this_an_anecdote_or_what_elderly_deaths/,t5_3lhjc
79,"Shari's husband was fully vaccinated for over 3 months, yet he got covid and now he is with a ventilator and can no longer work",4,p3xmy8,https://i.redd.it/hkj0cyz1v7h71.jpg,0,2021-08-13 20:18:29,,whosthetard,1.0,/r/DebateVaccine/comments/p3xmy8/sharis_husband_was_fully_vaccinated_for_over_3/,t5_3lhjc
80,"In the US, infant vaccinations were reduced by 30% because of covid lockdown and sudden infant death syndrome (SIDS) has also fallen by 30%",5,k62akw,https://www.investmentwatchblog.com/in-the-us-infant-vaccinations-were-reduced-by-30-because-of-covid-lockdown-and-sudden-infant-death-syndrome-sids-has-also-fallen-by-30/,0,2020-12-03 12:55:49,,EnoughNoLibsSpam,1.0,/r/DebateVaccine/comments/k62akw/in_the_us_infant_vaccinations_were_reduced_by_30/,t5_3lhjc
81,Swiss scientist is now concerned with Covid ‘super strains’ - prepare for several vaccinations over the next few years to battle a super variant - Switzerland has a very high vaccination rate with nearly 10mil doses administered. At least 50% are drugged twice (fully-vaxxed as they call them),4,pb8twu,https://archive.is/rhAjI,0,2021-08-25 06:55:10,,whosthetard,0.84,/r/DebateVaccine/comments/pb8twu/swiss_scientist_is_now_concerned_with_covid_super/,t5_3lhjc
82,About the claim of a vaccine damage payment - been told they’re not even researching and links between Covid vax and adverse effects so no pay out,4,osuu9t,https://i.redd.it/raizsw6mgtd71.jpg,0,2021-07-27 16:45:47,,whosthetard,0.75,/r/DebateVaccine/comments/osuu9t/about_the_claim_of_a_vaccine_damage_payment_been/,t5_3lhjc
83,MAN DIES SHORTLY AFTER GETTING HIS SECOND COVID-19 VACCINE SHOT,3,owqrwb,https://www.reddit.com/r/DebateVaccine/comments/owqrwb/man_dies_shortly_after_getting_his_second_covid19/,0,2021-08-02 19:33:58,[https://www.reddit.com/r/NoNewNormal/comments/owqo8j/man\_dies\_shortly\_after\_getting\_his\_second\_covid19/](https://www.reddit.com/r/NoNewNormal/comments/owqo8j/man_dies_shortly_after_getting_his_second_covid19/),whosthetard,1.0,/r/DebateVaccine/comments/owqrwb/man_dies_shortly_after_getting_his_second_covid19/,t5_3lhjc
84,American Academy of Pediatrics on covid guidance for children - keep them masked till vaccinated - sponsored by big pharma,3,ori1n8,https://archive.today/7u8wi,0,2021-07-25 15:24:23,,whosthetard,0.81,/r/DebateVaccine/comments/ori1n8/american_academy_of_pediatrics_on_covid_guidance/,t5_3lhjc
85,A 42 year old soccer coach left with significant heart problems after receiving his Covid-19 vaccine - his heart now operates at just 20% of normal function,2,osofzb,https://archive.today/dwElF,0,2021-07-27 10:57:16,,whosthetard,0.67,/r/DebateVaccine/comments/osofzb/a_42_year_old_soccer_coach_left_with_significant/,t5_3lhjc
86,"In the US we have been classifying all coronavirus patient deaths as ‘COVID-19’ deaths, regardless of cause",3,p01kr4,https://nypost.com/2020/04/07/feds-classify-all-coronavirus-patient-deaths-as-covid-19-deaths/?utm_source=share&utm_medium=ios_app,0,2021-08-07 17:16:57,,ScreenExtension,0.63,/r/DebateVaccine/comments/p01kr4/in_the_us_we_have_been_classifying_all/,t5_3lhjc
87,Single mother 45 years old suddenly dies just weeks after getting a J&J covid shot,3,ozz2rp,https://i.redd.it/nju61vk5gzf71.jpg,0,2021-08-07 14:55:38,,whosthetard,1.0,/r/DebateVaccine/comments/ozz2rp/single_mother_45_years_old_suddenly_dies_just/,t5_3lhjc
88,Ken a personal trainer is having breathing problems after getting his first covid shot and unable to work.,3,ot7x5h,https://i.redd.it/on5mm4w8uxd71.jpg,0,2021-07-28 07:23:05,,whosthetard,0.81,/r/DebateVaccine/comments/ot7x5h/ken_a_personal_trainer_is_having_breathing/,t5_3lhjc
89,Kelly Higgins is a nurse who held off getting drugged as long as possible. She got her 1st dose of Moderna on 8/10/21 and was hospitalized with thrombocytopenia 8/17/21. She tested negative for COVID. Kelly is calling for the end of shaming people who are protecting their right to choose.,3,pakt7q,https://www.reddit.com/gallery/paksug,0,2021-08-24 06:42:52,,whosthetard,0.8,/r/DebateVaccine/comments/pakt7q/kelly_higgins_is_a_nurse_who_held_off_getting/,t5_3lhjc
90,A 60-year old man was unable to walk just 2 weeks after getting the covid-19 pfizer shot - A month after his vaccination he was diagnosed with adenocarcinoma - cancer spread fast and he died few days ago,3,pakwsw,https://i.redd.it/n4plgut9caj71.jpg,0,2021-08-24 06:50:16,,whosthetard,0.8,/r/DebateVaccine/comments/pakwsw/a_60year_old_man_was_unable_to_walk_just_2_weeks/,t5_3lhjc
91,Bell’s Palsy - A Calgary mother has still not fully recovered from an adverse reaction she received from the Pfizer COVID-19 jab two months ago.,3,ox27wu,https://archive.today/iANbM,0,2021-08-03 08:15:12,,whosthetard,1.0,/r/DebateVaccine/comments/ox27wu/bells_palsy_a_calgary_mother_has_still_not_fully/,t5_3lhjc
92,Provax agents/media started questioning CDC's covid tracking decisions that may indicate vaccine failures - officials now believe it more readily causes symptomatic — and contagious — illness in vaccinated people,3,ov9nfc,https://archive.today/0v0wQ,0,2021-07-31 11:57:20,,whosthetard,1.0,/r/DebateVaccine/comments/ov9nfc/provax_agentsmedia_started_questioning_cdcs_covid/,t5_3lhjc
93,"Two days after an astrazeneca covid-19 shot, area around the injection site became severely inflamed. The woman, presented to ER with other symptoms including seizures.",4,otv8ig,https://www.reddit.com/gallery/otv7w7,0,2021-07-29 06:58:08,,whosthetard,0.75,/r/DebateVaccine/comments/otv8ig/two_days_after_an_astrazeneca_covid19_shot_area/,t5_3lhjc
94,A woman from Brussels-Belgium got both covid-19 moderna shots past two months and since then developed neurological problems,3,or8s74,https://i.redd.it/q6fi53z3ybd71.jpg,1,2021-07-25 05:52:14,,whosthetard,0.8,/r/DebateVaccine/comments/or8s74/a_woman_from_brusselsbelgium_got_both_covid19/,t5_3lhjc
95,"Doctor finds 62% of his tested patients have elevated D-dimer within 7 days of Covid vaccination, indicating recent blood clots otherwise unnoticed. This suggests the vax may cause microvascular clots that could impair brain, lung, and heart function.",3,ojqlbx,https://www.reddit.com/r/NoNewNormal/comments/ojqhx3/doctor_finds_62_of_his_tested_patients_have/,0,2021-07-13 18:27:01,,whosthetard,0.8,/r/DebateVaccine/comments/ojqlbx/doctor_finds_62_of_his_tested_patients_have/,t5_3lhjc
96,16-year old girl showing tremors after the 2nd pfizer covid-19 vaccine shot - she can't do even the simplest things like touching her chest with her chin.,3,pak260,https://v.redd.it/y1o59un01aj71,0,2021-08-24 05:44:54,,whosthetard,1.0,/r/DebateVaccine/comments/pak260/16year_old_girl_showing_tremors_after_the_2nd/,t5_3lhjc
97,COVID-19 vaccine could meet resistance in Oklahoma,3,hj1g11,https://journalrecord.com/2020/05/18/covid-19-vaccine-could-meet-resistance-in-oklahoma/,0,2020-06-30 22:15:39,,EnoughNoLibsSpam,1.0,/r/DebateVaccine/comments/hj1g11/covid19_vaccine_could_meet_resistance_in_oklahoma/,t5_3lhjc
98,Another man with states Bell's Palsy happened shortly after getting a pfizer covid-19 vaccine,3,p7fagn,https://v.redd.it/cgudrspxkbi71,0,2021-08-19 09:54:15,,whosthetard,0.72,/r/DebateVaccine/comments/p7fagn/another_man_with_states_bells_palsy_happened/,t5_3lhjc
99,UpVote if ... the COVID 19 vaccine debate is the most interesting subject ever,3,gkkys9,https://www.reddit.com/r/DebateVaccine/comments/gkkys9/upvote_if_the_covid_19_vaccine_debate_is_the_most/,1,2020-05-15 20:26:23,"i have dabbled in many debates on many subjects, but the vaccine debate to me is by far the most interesting, 

and the most consequential, of all debates. 

i firmly believe that the course of western civilization is heading on a trajectory toward idiocracy.

we vaccinate a baby for Hep B on the day the baby is born. WHY ?

we, as a society gone mad, act like if a baby doesn't get 50 jabs by the time they are kindergarten, that they will surely die of a mild childhood illness. 

school portrait photographers say that 40 years ago, every kid had bright eyes, and rarely had dull-eyed child.

today, every kid has dull-eyes, and it's rare for there to be a bright-eyed child. 

the vaccine debate gets into all kinds of interesting areas of debate, 

especially as we are going thru COVID 19 and just today Trump was on NPR promoting a COVID 19 vaccine program. 

the vaccine debate gets into the (pseudo) science of vaccines, and the real science of vaccine criticism. 

the vaccine debate gets into the argument about informed-consent, 

and whether ""my body, my choice"" only applies to opting IN to abortions you want, 

or whether ""my body-my choice"" also applies to opting OUT of vaccines you don't want. 

COVID 19 has been a god-send for those of us who want to have the vaccine debate.

the vaccine critics (""anti-vaxxers"") are now able to fully engage in debates with highly-engaged ""pro-vaxxers"" 

and each time one of these debates are had, the lurkers go away with a sense of all sides of the arguments, 

and eventually they start repeating the stuff that makes sense. 

and right now, in 2020, it looks like a whole lot more people got involved with the vaccine debate, 

and while they thought they would slow-walk the public into vaccine compliance 

what they actually did was wake the public up to the vaccine debate,

 just at a time when the vaccine critics have perfected their methods of meme delivery for their vaccine criticisms. 

https://i.redd.it/40dzb95kie511.jpg

https://i.redd.it/ozgtfx8fie511.jpg",EnoughNoLibsSpam,0.6,/r/DebateVaccine/comments/gkkys9/upvote_if_the_covid_19_vaccine_debate_is_the_most/,t5_3lhjc
100,Denmark to end all Covid restrictions by October,3,p73pqf,https://www.themayor.eu/en/a/view/denmark-plans-to-lift-all-anti-epidemic-measures-by-september-8132,1,2021-08-18 20:14:03,,ChroniclesOfMidick,1.0,/r/DebateVaccine/comments/p73pqf/denmark_to_end_all_covid_restrictions_by_october/,t5_3lhjc
101,I see reports of people ending up with shingles after covid vaccination and then their doctor recommends shingles booster vaccination - [A life on drugs],3,oykaii,https://i.redd.it/gx8ttd771kf71.png,0,2021-08-05 11:05:56,,whosthetard,1.0,/r/DebateVaccine/comments/oykaii/i_see_reports_of_people_ending_up_with_shingles/,t5_3lhjc
102,Accused of manipulating data again and producing misleading graphs. So here's a nice simple one. COVID deaths all around the world before and after the safe and effective mass vaccination programs - J.Smalley,3,ovns3a,https://i.redd.it/u2gqldgs6pe71.png,0,2021-08-01 03:22:52,,whosthetard,1.0,/r/DebateVaccine/comments/ovns3a/accused_of_manipulating_data_again_and_producing/,t5_3lhjc
103,covid-19 vaccine reaction reports - how it is going,3,ojcw26,https://i.redd.it/6bmbu4e2kya71.jpg,8,2021-07-13 06:35:18,,whosthetard,1.0,/r/DebateVaccine/comments/ojcw26/covid19_vaccine_reaction_reports_how_it_is_going/,t5_3lhjc
104,Tracy was fully vaccinated. Later shed died from covid-19 - Her family says it's not safe even when you are vaccinated.,3,p3xesr,https://i.redd.it/tfbao0o5s7h71.jpg,0,2021-08-13 20:04:43,,whosthetard,0.72,/r/DebateVaccine/comments/p3xesr/tracy_was_fully_vaccinated_later_shed_died_from/,t5_3lhjc
105,Adam had a blood clot and a heart attack 3 weeks after getting a moderna covid-19 vaccine - Medical Doctors were unable to save him and no support for investigation into the cause whether or not the vaccine played a role.,3,p71le1,https://i.redd.it/db2jn0mtx6i71.jpg,0,2021-08-18 18:16:25,,whosthetard,1.0,/r/DebateVaccine/comments/p71le1/adam_had_a_blood_clot_and_a_heart_attack_3_weeks/,t5_3lhjc
106,29 year old woman shares her experience after getting the pfizer covid-19 vaccine - Sharing Their Stories - Covid Vaccine Victims channel,3,oxpu59,https://v.redd.it/r6ag8na4ibf71,0,2021-08-04 06:31:32,,whosthetard,1.0,/r/DebateVaccine/comments/oxpu59/29_year_old_woman_shares_her_experience_after/,t5_3lhjc
107,Australia - Covid-19 data Jan-July 2021,2,opfmsp,https://i.redd.it/vjl9l3qy3sc71.png,0,2021-07-22 11:04:22,,whosthetard,1.0,/r/DebateVaccine/comments/opfmsp/australia_covid19_data_janjuly_2021/,t5_3lhjc
108,UF Health researchers at work on potential COVID-19 vaccine. 'A team of University of Florida Health researchers is using an established gene therapy technique to quickly develop a COVID-19 vaccine that could be tested in humans later this year.',2,hj1w22,https://www.gainesville.com/news/20200621/achievers-uf-health-researchers-at-work-on-potential-covid-19-vaccine,0,2020-06-30 22:46:27,,EnoughNoLibsSpam,0.75,/r/DebateVaccine/comments/hj1w22/uf_health_researchers_at_work_on_potential/,t5_3lhjc
109,"Remember when Nobel prize winner Luc Montagnier said Covid-19 contained HIV markers and the media said he was crazy? Now we get these headlines ""Australian COVID vaccine terminated due to HIV ‘false positives’""",3,kav4y5,https://www.smh.com.au/politics/federal/australian-covid-vaccine-terminated-due-to-hiv-false-positives-20201210-p56mju.html,1,2020-12-10 22:53:41,,EnoughNoLibsSpam,0.71,/r/DebateVaccine/comments/kav4y5/remember_when_nobel_prize_winner_luc_montagnier/,t5_3lhjc
110,Canada Requiring Vaccination Proof for Traveling between Canadian States - Questioned if they have taken covid-19 drugs in order to travel - Are human rights valid anymore?,2,ox2e9g,https://www.youtube.com/watch?v=_tmbWYSYD-M,0,2021-08-03 08:25:57,,whosthetard,1.0,/r/DebateVaccine/comments/ox2e9g/canada_requiring_vaccination_proof_for_traveling/,t5_3lhjc
111,"AFL-CIO president Richard Trumka dies from ""heart failure"" - he was vaccinated and a strong covid-19 vaccine advocate pushing these drugs",2,oynxaj,https://i.redd.it/8xt7yug8wkf71.jpg,0,2021-08-05 13:59:00,,whosthetard,1.0,/r/DebateVaccine/comments/oynxaj/aflcio_president_richard_trumka_dies_from_heart/,t5_3lhjc
112,A 16-year-old boy in Singapore suffered a heart attack just days after receiving a shot of the Pfizer-BioNTech COVID-19 vaccine,4,p9bnso,https://archive.is/OMzmq,0,2021-08-22 08:33:00,,whosthetard,0.74,/r/DebateVaccine/comments/p9bnso/a_16yearold_boy_in_singapore_suffered_a_heart/,t5_3lhjc
113,41-year old woman says Pfizer covid-19 vaccine made her wheelchair bound,2,p9xfpq,https://i.redd.it/7jdfk10m93j71.jpg,0,2021-08-23 06:59:01,,whosthetard,0.75,/r/DebateVaccine/comments/p9xfpq/41year_old_woman_says_pfizer_covid19_vaccine_made/,t5_3lhjc
114,"Malta: 88% of the total population vaccinated and did not allow unvaccinated to enter the country. Now faces a covid outbreak. Vaccines first received in January, then 40% were fully vaccinated by end of May. Mid July gov abandons plan to bar unvaccinated travelers switched to quarantines.",2,opzrxq,https://i.redd.it/mtsm7kcswxc71.jpg,4,2021-07-23 06:41:12,,whosthetard,0.75,/r/DebateVaccine/comments/opzrxq/malta_88_of_the_total_population_vaccinated_and/,t5_3lhjc
115,"Simone Biles dropped out of two competitions at the Olympics this week, saying she was 'having a little bit of the twisties' - [She was supportive of covid-19 vaccine drugs taken to her followers]",2,p2b6b9,https://archive.vn/noZvP,0,2021-08-11 07:28:03,,whosthetard,1.0,/r/DebateVaccine/comments/p2b6b9/simone_biles_dropped_out_of_two_competitions_at/,t5_3lhjc
116,"Update - Young woman shows how her life has become after taking the covid-19 vaccine shot. She says, the doctors who promised the covid-19 drug are safe, now disregard her physical conditions happened - Dystonia, Difficulty walking, weakness, Dull aching Vertigo Heart palpitations, tremors, etc",3,p3ns5u,https://v.redd.it/rneg3454c5h71,1,2021-08-13 11:52:41,,whosthetard,0.71,/r/DebateVaccine/comments/p3ns5u/update_young_woman_shows_how_her_life_has_become/,t5_3lhjc
117,The Government lies and hype continue. - Johnson says there will be no compulsory COVID vaccination - Two Vaccine doses will be needed from the end of September proof of a negative test will no longer be enough.,2,onir2s,/r/TrueAntiVaccination/comments/oniqej/the_government_lies_and_hype_continue_johnson/,0,2021-07-19 13:25:36,,whosthetard,1.0,/r/DebateVaccine/comments/onir2s/the_government_lies_and_hype_continue_johnson/,t5_3lhjc
118,"Coincidentally with covid-19 vaccines for children, FDA also approves first oral blood thinner for children.",2,pa1hxa,https://i.redd.it/dv9wfh83g4j71.jpg,0,2021-08-23 10:57:16,,whosthetard,0.63,/r/DebateVaccine/comments/pa1hxa/coincidentally_with_covid19_vaccines_for_children/,t5_3lhjc
119,"CDC Update: 1,524 DEAD 31,079 Injured Following Experimental COVID MRNA ‘Vaccines’",0,m4eish,https://humansarefree.com/2021/03/cdc-updated-1524-dead-31079-injured-following-experimental-covid-mrna-vaccines.html,0,2021-03-13 15:22:30,,ScreenExtension,0.5,/r/DebateVaccine/comments/m4eish/cdc_update_1524_dead_31079_injured_following/,t5_3lhjc
120,"Husband states his wife has the Covid-19 2nd shot - later that day his wife rushed to ER with convulsions - medical doctors diagnosed it as ""fainting""",2,om1sev,https://i.redd.it/l6guskol2rb71.jpg,0,2021-07-17 06:32:44,,whosthetard,1.0,/r/DebateVaccine/comments/om1sev/husband_states_his_wife_has_the_covid19_2nd_shot/,t5_3lhjc
121,"Lauren was covid-19 vaccinated. Five days after her 2nd moderna shot, she started having weird pains and femal issues. Diagnosed with Leukemia. She said she had no problems prior to vaccination and that now the doctors she sees do not report her condition as drug related.",2,p4s1ja,https://www.reddit.com/gallery/p4s16c,1,2021-08-15 07:52:22,,whosthetard,0.66,/r/DebateVaccine/comments/p4s1ja/lauren_was_covid19_vaccinated_five_days_after_her/,t5_3lhjc
122,"Abrien a board certified occupational therapist speaks of his experience with covid-19, covid vaccines and patient outcomes in clinics and hospices he worked - Hawaii",2,p1vtac,https://v.redd.it/hhb2g1buukg71,0,2021-08-10 14:59:24,,whosthetard,0.75,/r/DebateVaccine/comments/p1vtac/abrien_a_board_certified_occupational_therapist/,t5_3lhjc
123,Two men developed PUS-FILLED bumps on their faces in rare side effect from Moderna COVID-19 vaccine,2,owz8o6,https://archive.today/tpNLU,0,2021-08-03 04:38:07,,whosthetard,1.0,/r/DebateVaccine/comments/owz8o6/two_men_developed_pusfilled_bumps_on_their_faces/,t5_3lhjc
124,"A 52 Years old man from Argentina - Horacio an actor, musician and photographer took the first dose of the Sputnik vaccine on May 19, 2021 according to his post. Sadly he passed away following that first dose on July 3, 2021 the news claims from ""Covid"".",2,orz6sr,https://www.reddit.com/gallery/orz6ag,0,2021-07-26 09:54:51,,whosthetard,0.76,/r/DebateVaccine/comments/orz6sr/a_52_years_old_man_from_argentina_horacio_an/,t5_3lhjc
125,"Reported October 2020 - 29 court claims (out of how many, one God knows) were part of the early phases of covid-19 vaccine trials (phase-1?) - People Harmed by Coronavirus Vaccines Will Have Little Recourse Any payouts for injuries will come from a less-generous program than in years past",2,okpzqm,https://archive.today/WJ4gK,0,2021-07-15 06:20:20,,whosthetard,1.0,/r/DebateVaccine/comments/okpzqm/reported_october_2020_29_court_claims_out_of_how/,t5_3lhjc
126,"Fatigue, Depression and abnormal menstruation after getting a pfizer covid-19 shot - She wasn't even told there is a report system by medical doctors and of course no clue how to fix the problems she's having now",2,p9yv5j,https://i.redd.it/lu1sm1p6q3j71.jpg,0,2021-08-23 08:31:50,,whosthetard,1.0,/r/DebateVaccine/comments/p9yv5j/fatigue_depression_and_abnormal_menstruation/,t5_3lhjc
127,Virologist warns Covid mass vaccination may create BIOWEAPON out of virus as it mutates and builds resistance,2,mioxys,https://i.redd.it/tpsy6l5j1qq61.jpg,11,2021-04-02 13:21:43,,polymath22,0.6,/r/DebateVaccine/comments/mioxys/virologist_warns_covid_mass_vaccination_may/,t5_3lhjc
128,"Governments are planning shutdowns and forced lock-ins to get rid of COVID-19, but is that the only disease that could disappear as a result? It could see the end of the communicable VPDs too",2,fiq1rd,/r/VaccineDebate/comments/fiq1ca/governments_are_planning_shutdowns_and_forced/,1,2020-03-14 17:38:37,,quinn2k19,1.0,/r/DebateVaccine/comments/fiq1rd/governments_are_planning_shutdowns_and_forced/,t5_3lhjc
129,Presentation summary of covid vaccine reactions by Dr Ryan Cole,2,oyem5t,https://v.redd.it/ni0rcf3alif71,0,2021-08-05 06:16:45,,whosthetard,0.67,/r/DebateVaccine/comments/oyem5t/presentation_summary_of_covid_vaccine_reactions/,t5_3lhjc
130,Francis Mossman dies at age 33 - Approximately couple weeks ago the optimistic-sounding Francis announced he was fully vaccinated against Covid-19 after getting his second Pfizer jab - 'Fully vaccinated and ready to go to Kmart.' he stated in a captioned image.,2,p6rj03,https://archive.vn/wwrdP,0,2021-08-18 09:49:26,,whosthetard,1.0,/r/DebateVaccine/comments/p6rj03/francis_mossman_dies_at_age_33_approximately/,t5_3lhjc
131,"Dominique de Silva: 30-year-old N.Carolina woman who developed multiple mobility problems after getting the covid-19 vaccine shots - She suffered adverse effects from the covid injection within a week - Doctors dismissed it as jet lag. But has Leg pain, Short-Term Memory Loss and Visual Impairment.",2,p46zch,https://archive.is/q7sMW,5,2021-08-14 08:17:53,,whosthetard,1.0,/r/DebateVaccine/comments/p46zch/dominique_de_silva_30yearold_ncarolina_woman_who/,t5_3lhjc
132,"34 year old man dies 10 days after taking a covid-19 vaccine - They gave the reason of a cardiac arrest - [It is true when someone dies there is also ""cardiac arrest""]",2,p8pyst,https://i.redd.it/nxdgxfm47pi71.jpg,0,2021-08-21 07:40:19,,whosthetard,0.76,/r/DebateVaccine/comments/p8pyst/34_year_old_man_dies_10_days_after_taking_a/,t5_3lhjc
133,A 55-year old man died after getting an astrazeneca covid-19 jab - his children said bowel issues developed after vaccination and could been clots causing it,2,oqn8vl,https://i.redd.it/xgy9vhztw4d71.jpg,0,2021-07-24 06:09:55,,whosthetard,0.75,/r/DebateVaccine/comments/oqn8vl/a_55year_old_man_died_after_getting_an/,t5_3lhjc
134,A 16 year old student dies with a heart attack after getting his covid vaccine,2,om1vev,https://i.redd.it/2rem2eyt3rb71.png,0,2021-07-17 06:40:05,,whosthetard,0.67,/r/DebateVaccine/comments/om1vev/a_16_year_old_student_dies_with_a_heart_attack/,t5_3lhjc
135,"David was fully vaccinated, later found to be covid-19 positive, developed multiple organs-failure. After 3 days in hospital he died.",2,p458ev,https://i.redd.it/1ek4cb0xpah71.jpg,0,2021-08-14 05:54:13,,whosthetard,1.0,/r/DebateVaccine/comments/p458ev/david_was_fully_vaccinated_later_found_to_be/,t5_3lhjc
136,"4 volunteers develop FACIAL PARALYSIS after taking Pfizer Covid-19 jab, prompting FDA to recommend 'surveillance for cases'",2,ka47t2,https://www.rt.com/usa/509081-pfizer-vaccine-fda-bells-palsy-covid/,0,2020-12-09 19:15:08,,EnoughNoLibsSpam,0.67,/r/DebateVaccine/comments/ka47t2/4_volunteers_develop_facial_paralysis_after/,t5_3lhjc
137,Israel's covid-19 cases are about 90% from covid vaccinated people.,2,ojcpx0,https://i.redd.it/dwqjnn9lhya71.jpg,0,2021-07-13 06:21:47,,whosthetard,1.0,/r/DebateVaccine/comments/ojcpx0/israels_covid19_cases_are_about_90_from_covid/,t5_3lhjc
138,Unexpectedly died while being covid-19 vaccinated - Cases are piling up,2,pb7zme,https://v.redd.it/s6x26aag6hj71,0,2021-08-25 05:49:46,,whosthetard,0.67,/r/DebateVaccine/comments/pb7zme/unexpectedly_died_while_being_covid19_vaccinated/,t5_3lhjc
139,Another woman shares her experiences after covid-19 vaccinations. She was censored in social media so here is her story.,2,p52b0d,https://v.redd.it/0nnsm4bkblh71,0,2021-08-15 17:35:14,,whosthetard,0.75,/r/DebateVaccine/comments/p52b0d/another_woman_shares_her_experiences_after/,t5_3lhjc
140,"Woman, 34, dies from a blood clot after having the AstraZeneca covid-19 vaccination",2,oz8cud,https://archive.vn/SS5s9,0,2021-08-06 11:00:16,,whosthetard,0.76,/r/DebateVaccine/comments/oz8cud/woman_34_dies_from_a_blood_clot_after_having_the/,t5_3lhjc
141,Woman has had her twitter blocked after proving that the covid-19 vaccine has been created from a computer generated genomic sequence of the virus & not one isolated from an infected person,2,koqezi,https://hive.blog/worldnews/@francesleader/email-exchange-with-uk-mhra-exposing-the-genomic-sequence-of-sarscov2,0,2021-01-01 23:06:52,,EnoughNoLibsSpam,0.58,/r/DebateVaccine/comments/koqezi/woman_has_had_her_twitter_blocked_after_proving/,t5_3lhjc
142,Covid vaccine after history of serious adverse event to another vaccine?,2,kubka3,/r/VACCINES/comments/ku5z56/covid_vaccine_after_history_of_serious_adverse/,1,2021-01-10 04:36:50,,EnoughNoLibsSpam,0.67,/r/DebateVaccine/comments/kubka3/covid_vaccine_after_history_of_serious_adverse/,t5_3lhjc
143,"UK Man Left Paralyzed, Fighting For Life After Getting AstraZeneca COVID-19 Vaccine - ""I'm adamant it was the vaccine, he was fine until he had it. They've found no other trigger,” Nicola said. It’s a nightmare to watch him. I can’t stand seeing my husband in so much pain every day”",2,oljqdu,https://archive.today/Wj4ov,0,2021-07-16 11:58:43,,whosthetard,0.67,/r/DebateVaccine/comments/oljqdu/uk_man_left_paralyzed_fighting_for_life_after/,t5_3lhjc
144,Texas Anti-Vaxxers Fear Mandatory COVID-19 Vaccines More Than the Virus Itself,1,hj1iaa,https://www.texasmonthly.com/news/texas-anti-vaxxers-fear-mandatory-coronavirus-vaccines/,2,2020-06-30 22:20:08,,EnoughNoLibsSpam,0.57,/r/DebateVaccine/comments/hj1iaa/texas_antivaxxers_fear_mandatory_covid19_vaccines/,t5_3lhjc
145,"A young woman can no longer walk, 10 days after taking a J&J covid-19 vaccines she experienced pain in the hips and overall weakness - Medical tests show normal so far and she wonders how can it be, since she feels so bad",2,p5qpsl,https://i.redd.it/a7646c3gpsh71.jpg,0,2021-08-16 18:27:23,,whosthetard,1.0,/r/DebateVaccine/comments/p5qpsl/a_young_woman_can_no_longer_walk_10_days_after/,t5_3lhjc
146,How come the COVID-19 vaccine seems to really wipe people out so bad?,2,noki1p,https://www.reddit.com/r/DebateVaccine/comments/noki1p/how_come_the_covid19_vaccine_seems_to_really_wipe/,1,2021-05-30 17:01:48,"First off I don’t believe any of the more outlandish conspiracies of microchipping, 5g or population control but I reckon 90% of people I know have had some level of discomfort ranging from arm pain to being quite ill. 

I know we’re too young to really know what the polio vaccine did to us and I know a flu jab can make an elderly person feel a bit under the weather but 10 years ago I had to have some shots as I would be working in an unclean environment. 
Hepatitis and Tetanus. I had absolutely no noticeable side effects and neither did other the other workers.

I have no intention of getting the COVID vaccine as I believe the whole thing has been blown massively out of proportion and exploited by governments and big pharma for control and profit.
I wear a mask under duress and with rolling eyes as I simply cannot be bothered to crusade that hard.",Good-Bloke,0.75,/r/DebateVaccine/comments/noki1p/how_come_the_covid19_vaccine_seems_to_really_wipe/,t5_3lhjc
147,For the people in the back: If you have been vaccinated you can still catch Covid. If you have been vaccinated you can still spread Covid. The only people the unvaccinated are putting at risk are themselves. Vaccine mandates are a violation of individual bodily autonomy and explicitly authoritarian.,4,p53lqo,https://www.reddit.com/r/DebateVaccine/comments/p53lqo/for_the_people_in_the_back_if_you_have_been/,0,2021-08-15 18:48:56,"Q: But what about the children?!
A: They can catch C19 from anyone, vaxxed or not.

Q: But what about grandma?!
A: She can catch C19 from anyone, vaxxed or not.

Q: But what about the immune compromised?!
A: They can catch C19 from anyone, vaxxed or not.

Q: But you don't have the right to put me at risk! If everyone just got vaccinated this would be over!",ScreenExtension,0.64,/r/DebateVaccine/comments/p53lqo/for_the_people_in_the_back_if_you_have_been/,t5_3lhjc
148,ER nurse tests positive for COVID-19 eight days after receiving vaccine,2,kmw9l8,https://www.10news.com/news/local-news/er-nurse-tests-positive-for-covid-19-eight-days-after-receiving-vaccine,0,2020-12-30 00:50:27,,EnoughNoLibsSpam,0.75,/r/DebateVaccine/comments/kmw9l8/er_nurse_tests_positive_for_covid19_eight_days/,t5_3lhjc
149,A man gives his perspective on the covid vaccine drugs and how altered dna by a gene therapy could be possibly patented.,2,ok1jxs,https://v.redd.it/mf12tsfxl5b71,0,2021-07-14 06:29:09,,whosthetard,1.0,/r/DebateVaccine/comments/ok1jxs/a_man_gives_his_perspective_on_the_covid_vaccine/,t5_3lhjc
150,"Duane DeHate started a TikTok to ask for prayers. He's struggling to recover from COVID after getting fully vaccinated. His initial reaction to Moderna was blood clots, but now has cysts and lesions on his kidneys and spine. He regrets getting the jab.",2,p60n9e,https://v.redd.it/gv7ijvxw3wh71,0,2021-08-17 05:52:01,,whosthetard,1.0,/r/DebateVaccine/comments/p60n9e/duane_dehate_started_a_tiktok_to_ask_for_prayers/,t5_3lhjc
151,A worker at a mobile COVID testing site in NYC ran inside the van after challenged by vaccine opponents protesting - [Why avoiding them? since he's vaccinated and protected with those drugs he should challenge them back],2,p1ypdk,https://v.redd.it/kbw8jjrxklg71,0,2021-08-10 17:26:13,,whosthetard,0.63,/r/DebateVaccine/comments/p1ypdk/a_worker_at_a_mobile_covid_testing_site_in_nyc/,t5_3lhjc
152,Where are these covid-19 cases coming from these days?,2,oonbqq,https://i.redd.it/mtzxnc6gojc71.jpg,2,2021-07-21 06:41:46,,whosthetard,0.75,/r/DebateVaccine/comments/oonbqq/where_are_these_covid19_cases_coming_from_these/,t5_3lhjc
153,"Pictures and clip is from 3 teens collapse in a vaccination hub in Australia after getting the covid-19 shots- [Person who records it, is told ""it's inappropriate/not-allowed to record""]",2,p64qn9,https://v.redd.it/9iufzlqwfxh71,0,2021-08-17 10:20:22,,whosthetard,1.0,/r/DebateVaccine/comments/p64qn9/pictures_and_clip_is_from_3_teens_collapse_in_a/,t5_3lhjc
154,Samuel had the first covid vaccine shot at the end of July and died afterwards from organ failure. He will now be an organ donor in the hopes of saving others - [the mainstream medical establishment never ceases to amaze me],2,ozy4ll,https://i.redd.it/2i8mjfgt5zf71.jpg,0,2021-08-07 14:02:43,,whosthetard,1.0,/r/DebateVaccine/comments/ozy4ll/samuel_had_the_first_covid_vaccine_shot_at_the/,t5_3lhjc
155,As of July 3rd in in European Union 1.6 million adverse reactions and 17 thousand deaths reported for the covid-19 vaccine drugs,2,om1mbu,https://i.redd.it/tqs219e20rb71.jpg,0,2021-07-17 06:18:01,,whosthetard,0.75,/r/DebateVaccine/comments/om1mbu/as_of_july_3rd_in_in_european_union_16_million/,t5_3lhjc
156,"Man said he has no regrets after taking his covid shot, despite adverse reactions happening. And he would got it again even if he knew those reactions would happen - he's now dead.",1,oomlf5,https://i.redd.it/ptptozbqcjc71.jpg,0,2021-07-21 05:45:33,,whosthetard,0.67,/r/DebateVaccine/comments/oomlf5/man_said_he_has_no_regrets_after_taking_his_covid/,t5_3lhjc
157,Maurice ‘Reggie’ Shepperson was a flight attendant for Southwest Airlines. He was fully vaccinated and two months later passed away of “covid” at the age of 36.,1,p5d9yi,https://i.redd.it/3zqacd4f4ph71.jpg,3,2021-08-16 06:20:15,,whosthetard,0.57,/r/DebateVaccine/comments/p5d9yi/maurice_reggie_shepperson_was_a_flight_attendant/,t5_3lhjc
158,BBC radio host says her daughter has vision problems after getting covid vaccinated,1,ojch4v,https://i.redd.it/95gn5o3wdya71.png,2,2021-07-13 06:03:13,,whosthetard,0.67,/r/DebateVaccine/comments/ojch4v/bbc_radio_host_says_her_daughter_has_vision/,t5_3lhjc
159,Twitter has just censored a tweet by Iran's supreme leader expressing distrust toward COVID vaccines,1,ku6kp1,/r/conspiracy/comments/ku0856/twitter_has_just_censored_a_tweet_by_irans/,0,2021-01-09 22:39:00,,EnoughNoLibsSpam,0.67,/r/DebateVaccine/comments/ku6kp1/twitter_has_just_censored_a_tweet_by_irans/,t5_3lhjc
160,"What is the true number of COVID vaccine-related deaths? Is the CDC altering the figures? - CDC has been “reclassifying” vaccine-related deaths? - [That was back on June listing 25,000 before the recent 45,000 figure that recently came up]",1,opj3o4,https://archive.today/LNBby,0,2021-07-22 13:49:56,,whosthetard,0.67,/r/DebateVaccine/comments/opj3o4/what_is_the_true_number_of_covid_vaccinerelated/,t5_3lhjc
161,An few days earlier clip of someone for whom I posted he got the pfizer vaccine. I put the reference in the post - notice he thinks that covid is worse than an unknown drug directly injected into his bloodstream,1,olfc7j,https://v.redd.it/tn7tcue5ckb71,0,2021-07-16 07:52:28,,whosthetard,1.0,/r/DebateVaccine/comments/olfc7j/an_few_days_earlier_clip_of_someone_for_whom_i/,t5_3lhjc
162,Danny had the pfizer covid-19 shot and developed severe neurological problems - started after his 2nd shot at the end of last February,1,ok88on,https://v.redd.it/g142cp7ch7b71,0,2021-07-14 12:41:44,,whosthetard,1.0,/r/DebateVaccine/comments/ok88on/danny_had_the_pfizer_covid19_shot_and_developed/,t5_3lhjc
163,"15 year old boy hospitalized with myocarditis 3 days after getting a 2nd dose of a covid-19 vaccine (pfizer) - [Parents say they tried to do the right thing protecting him by putting him on drugs, go figure]",1,pb8b9h,https://i.redd.it/v48rlwxfbhj71.jpg,0,2021-08-25 06:15:55,,whosthetard,0.6,/r/DebateVaccine/comments/pb8b9h/15_year_old_boy_hospitalized_with_myocarditis_3/,t5_3lhjc
164,"Looking for data on transmission of covid and vaccination, help !",1,oterwe,https://www.reddit.com/r/DebateVaccine/comments/oterwe/looking_for_data_on_transmission_of_covid_and/,8,2021-07-28 13:34:24,"Hi, I am looking for any data showing any correlation between covid vaccination and reduced transmission. I skimmed already ncbi, I find only the ones linking covid vaccination to lower infection and symptoms. It may seem a common sense  that lower symptoms cause lower transmission, that asymptomatic people (vaccinated or not) transmit less, but I did not see any hard data on that, and I am looking for awhile.Maybe I missed something. So if you are aware of any study please let me know",Koro9,1.0,/r/DebateVaccine/comments/oterwe/looking_for_data_on_transmission_of_covid_and/,t5_3lhjc
165,Lurkers: here is your opportunity to convert a COVID vaccine skeptic,1,nnpww5,/r/NoNewNormal/comments/njb2o7/lurkers_here_is_your_opportunity_to_convert_a/,0,2021-05-29 11:34:51,,polymath22,1.0,/r/DebateVaccine/comments/nnpww5/lurkers_here_is_your_opportunity_to_convert_a/,t5_3lhjc
166,"Nearly 90 per cent of adults in England have Covid antibodies, either through vaccination or previous infection - [To me, this also means 90% of the public in UK, have health problems as their primary immune didn't protect them in the first place]",1,ozqsxv,https://archive.vn/oCvhD,2,2021-08-07 06:21:33,,whosthetard,0.57,/r/DebateVaccine/comments/ozqsxv/nearly_90_per_cent_of_adults_in_england_have/,t5_3lhjc
167,Immune tests following covid-19 vaccinations show reduction of the innate immune response. Something like a CD8+ T-Cell Deficiency.,1,p4reqc,https://v.redd.it/lehfuanj5ih71,0,2021-08-15 07:01:16,,whosthetard,0.6,/r/DebateVaccine/comments/p4reqc/immune_tests_following_covid19_vaccinations_show/,t5_3lhjc
168,"UW Medicine organization, pulls heart transplant patient from list after refusing COVID vaccine drug - [Are you still paying for medicare?]",1,p7g9pp,https://i.redd.it/sgplc56qubi71.png,0,2021-08-19 10:47:35,,whosthetard,0.67,/r/DebateVaccine/comments/p7g9pp/uw_medicine_organization_pulls_heart_transplant/,t5_3lhjc
169,"It’s very strange that Covid -19 is reported now as almost every respiratory death right now. No reports of daily deaths from any other causes from pneumonia , asthma ,COPD , bronchitis , pleurisy etc ? Have all these illnesses have been eliminated in 2020/21?",1,kxeesz,https://www.reddit.com/r/DebateVaccine/comments/kxeesz/its_very_strange_that_covid_19_is_reported_now_as/,1,2021-01-14 15:47:56,,Philosophyoffreehood,0.6,/r/DebateVaccine/comments/kxeesz/its_very_strange_that_covid_19_is_reported_now_as/,t5_3lhjc
170,Covid-19 Vaccine Side Effects Compilation Thread,1,kxf37s,/r/conspiracyundone/comments/kx5gus/covid19_vaccine_side_effects_compilation_thread/,0,2021-01-14 16:21:12,,EnoughNoLibsSpam,0.6,/r/DebateVaccine/comments/kxf37s/covid19_vaccine_side_effects_compilation_thread/,t5_3lhjc
171,"18 year girl, who underwent THREE brain surgeries for blood clots after getting J&J COVID vaccine finally returns home after three months in the hospital - she still can't walk or use the left side of her body, obviously medical doctors can't reverse the damage caused - Las Vegas",1,oome8m,https://archive.today/HozJB,0,2021-07-21 05:29:33,,whosthetard,0.6,/r/DebateVaccine/comments/oome8m/18_year_girl_who_underwent_three_brain_surgeries/,t5_3lhjc
172,China - QR code is extensively used to prove covid-19 vaccination status - without it life is very hard and people try to escape,1,pbf9le,https://v.redd.it/aezjfla79jj71,0,2021-08-25 12:52:58,,whosthetard,1.0,/r/DebateVaccine/comments/pbf9le/china_qr_code_is_extensively_used_to_prove/,t5_3lhjc
173,Large Numbers Of Health Care And Frontline Workers Are Refusing Covid-19 Vaccine,1,kq25kf,https://www.forbes.com/sites/tommybeer/2021/01/02/large-numbers-of-health-care-and-frontline-workers-are-refusing-covid-19-vaccine/?utm_campaign=forbes&utm_source=facebook&utm_medium=social&utm_term=Gordie&fbclid=IwAR0E8jW_xtPyq-XANXq1CmyM033OT8opk-oP-o02UpOSehXZca2gCRCQgQU,0,2021-01-04 00:28:55,,EnoughNoLibsSpam,0.67,/r/DebateVaccine/comments/kq25kf/large_numbers_of_health_care_and_frontline/,t5_3lhjc
174,"The Official Proof Those Vaccinated are Labrats - On 22nd July 2021, Moderna will launch a clinical trial testing whether its COVID-19 vaccine leads to miscarriages or stillbirths in pregnant women or birth defects in newborns despite thousands of mothers-to-be receiving the shot",1,okptqr,https://archive.today/vEaRU,0,2021-07-15 06:07:15,,whosthetard,1.0,/r/DebateVaccine/comments/okptqr/the_official_proof_those_vaccinated_are_labrats/,t5_3lhjc
175,Israel - covid cases for vaccinated/partial/unvaccinated. Seems you are protected by not having the vaccine,1,onj0je,https://i.redd.it/txiz2u2wg7c71.jpg,0,2021-07-19 13:38:36,,whosthetard,0.67,/r/DebateVaccine/comments/onj0je/israel_covid_cases_for/,t5_3lhjc
176,Get Covid-19 Vaccines to prepare for Hurricanes - Official Guidelines by CDC,1,p45rec,https://i.redd.it/6tfs1c1yxah71.jpg,0,2021-08-14 06:40:48,,whosthetard,1.0,/r/DebateVaccine/comments/p45rec/get_covid19_vaccines_to_prepare_for_hurricanes/,t5_3lhjc
177,"Toxic Epidermal Necrolysis Post COVID-19 Vaccination - Stevens-Johnson syndrome/toxic epidermal necrolysis (SJS/TEN) - Case presentation - [As commonly reported another ""rare"" case, because every case is unique]",1,p8gj9k,https://archive.ph/bnGZ6,0,2021-08-20 19:32:06,,whosthetard,1.0,/r/DebateVaccine/comments/p8gj9k/toxic_epidermal_necrolysis_post_covid19/,t5_3lhjc
178,Statement by Angelia Gipson Desselle at the Capital in Louisiana following the adverse reactions from the covid-19 vaccines she had.,1,p4skov,https://v.redd.it/5os1nb2imih71,0,2021-08-15 08:31:49,,whosthetard,0.66,/r/DebateVaccine/comments/p4skov/statement_by_angelia_gipson_desselle_at_the/,t5_3lhjc
179,"Boston - Eighty fully vaccinated Massachusetts residents have died from COVID-19 and the number of breakthrough cases reported across the state has surpassed 5,000, new public health data shows - A total of 272 fully vaccinated people have been hospitalized after becoming infected.",1,oplkua,https://archive.today/k9Xm1,0,2021-07-22 15:49:53,,whosthetard,1.0,/r/DebateVaccine/comments/oplkua/boston_eighty_fully_vaccinated_massachusetts/,t5_3lhjc
180,Why is the CDC cooking the books? As of May 1st it changed the way that they test for and report Covid 19 cases depending on if you are previously vaccinated or not.,1,p2d7kg,https://rightsfreedoms.wordpress.com/2021/05/24/caught-red-handed-cdc-changes-test-thresholds-to-virtually-eliminate-new-covid-cases-among-vaxxd/,0,2021-08-11 09:36:42,,ScreenExtension,0.54,/r/DebateVaccine/comments/p2d7kg/why_is_the_cdc_cooking_the_books_as_of_may_1st_it/,t5_3lhjc
181,"2,431 women have reported the loss of their unborn baby due to having a Covid-19 vaccine their Doctor advised them to have",1,onwqo9,/r/conspiracy/comments/onq7wm/2431_women_have_reported_the_loss_of_their_unborn/,0,2021-07-20 02:45:42,,whosthetard,1.0,/r/DebateVaccine/comments/onwqo9/2431_women_have_reported_the_loss_of_their_unborn/,t5_3lhjc
182,"Confused over their own observations, but proud of the past. From 91.4% to 90% to 88% to 41% to 39%....covid vaccine effectiveness. - [using a powerball machine is less confusing]",1,oqnzgy,https://i.redd.it/snt72g6q75d71.png,0,2021-07-24 07:10:17,,whosthetard,0.67,/r/DebateVaccine/comments/oqnzgy/confused_over_their_own_observations_but_proud_of/,t5_3lhjc
183,"Shown in the german newspaper ""Welt"" few months ago - [Covid-21 coming for vaccine passports. How these guys know so much about the future?]",1,oz9trm,https://i.redd.it/0plrlj4phrf71.jpg,0,2021-08-06 12:12:32,,whosthetard,1.0,/r/DebateVaccine/comments/oz9trm/shown_in_the_german_newspaper_welt_few_months_ago/,t5_3lhjc
184,Nurse Collapses on Live Television shortly after receiving COVID-19 VACCINE,1,kflyfe,https://www.youtube.com/watch?v=Wrp4w0OQmAQ,0,2020-12-18 09:20:46,,EnoughNoLibsSpam,1.0,/r/DebateVaccine/comments/kflyfe/nurse_collapses_on_live_television_shortly_after/,t5_3lhjc
185,Atlanta Falcons become first NFL team to be 100 percent vaccinated against Covid,1,p61noa,https://www.nbcnews.com/news/sports/atlanta-falcons-become-first-nfl-team-be-100-percent-vaccinated-n1276938,0,2021-08-17 07:12:08,,4ever_royal,0.67,/r/DebateVaccine/comments/p61noa/atlanta_falcons_become_first_nfl_team_to_be_100/,t5_3lhjc
186,Provaxer Jesse Jackson Sr. and his wife hospitalized after testing positive for COVID-19 - got his first dose of the vaccine in January during a publicized event at a South Side hospital promoting these drugs,1,p9b5qe,https://archive.vn/JSkVa,0,2021-08-22 07:55:17,,whosthetard,0.67,/r/DebateVaccine/comments/p9b5qe/provaxer_jesse_jackson_sr_and_his_wife/,t5_3lhjc
187,"It is said that 5 pilots and a crew member? were covid vaccinated and then they died - [I found the info along with an article online, giving out their names along some other things]",1,opiruo,https://www.reddit.com/gallery/opir7f,0,2021-07-22 13:33:51,,whosthetard,0.67,/r/DebateVaccine/comments/opiruo/it_is_said_that_5_pilots_and_a_crew_member_were/,t5_3lhjc
188,NHS worker left with disabilities after she got a covid-19 vaccine dose,1,paltsh,https://v.redd.it/sz8jo3dhoaj71,0,2021-08-24 07:55:36,,whosthetard,0.66,/r/DebateVaccine/comments/paltsh/nhs_worker_left_with_disabilities_after_she_got_a/,t5_3lhjc
189,Ireland: 23 year old man dies just few days after coerced into drugging with a covid-19 vaccine in order to travel - [commentary following his funeral],1,p8u866,https://v.redd.it/2ml5gfyciqi71,0,2021-08-21 12:13:37,,whosthetard,0.6,/r/DebateVaccine/comments/p8u866/ireland_23_year_old_man_dies_just_few_days_after/,t5_3lhjc
190,I am pro vaccine but I have friends that are anti. Today they posted about the covid-19 vaccine killing lots of people. I did my own research and have questions about the vaers reports on cdc's site,1,l42ycd,/r/VACCINES/comments/l40rml/i_am_pro_vaccine_but_i_have_friends_that_are_anti/,4,2021-01-24 11:49:00,,EnoughNoLibsSpam,0.67,/r/DebateVaccine/comments/l42ycd/i_am_pro_vaccine_but_i_have_friends_that_are_anti/,t5_3lhjc
191,I don't think i know anyone who died from covid,1,my5wx3,/r/conspiracy/comments/my2ukl/i_dont_think_i_know_anyone_who_died_from_covid/,0,2021-04-25 06:52:15,,whosthetard,1.0,/r/DebateVaccine/comments/my5wx3/i_dont_think_i_know_anyone_who_died_from_covid/,t5_3lhjc
192,"Article from UK activist/researcher foreshadowed covid pandemic, his research had made him realize something big was in the works.",1,mf68lz,https://www.ageofautism.com/2019/10/the-id2020-alliance-the-global-totalitarian-project-hiding-behind-the-vaccine-drive.html,0,2021-03-28 14:05:28,,polymath22,0.6,/r/DebateVaccine/comments/mf68lz/article_from_uk_activistresearcher_foreshadowed/,t5_3lhjc
193,"As reported: ""not trying to say the covid-19 shot turned me into a zombie"" - well you get the picture. Appropriate labels placed to distinguish the body parts shown in photos.",1,om8rq3,https://www.reddit.com/gallery/om8r5j,0,2021-07-17 13:34:17,,whosthetard,1.0,/r/DebateVaccine/comments/om8rq3/as_reported_not_trying_to_say_the_covid19_shot/,t5_3lhjc
194,Incrementalism - current situation with vaccine passports and COVID status apps - Ada Lovelace Institute (updated 6/27/2021),1,otgmiv,https://archive.today/tGW94,0,2021-07-28 15:05:20,,whosthetard,0.6,/r/DebateVaccine/comments/otgmiv/incrementalism_current_situation_with_vaccine/,t5_3lhjc
195,"Forecast for covid-19, variants, vaccines and upcoming plans - all in one and a spectacular $MRNA stock to watch",1,oqgm9y,https://v.redd.it/dlo2ixaxg2d71,0,2021-07-23 21:56:37,,whosthetard,0.67,/r/DebateVaccine/comments/oqgm9y/forecast_for_covid19_variants_vaccines_and/,t5_3lhjc
196,Actors as covid-19 patients in vaccine propaganda pieces - Alex Jones,1,p469an,https://www.reddit.com/r/DebateVaccine/comments/p469an/actors_as_covid19_patients_in_vaccine_propaganda/,0,2021-08-14 07:22:43, [https://www.reddit.com/r/VaccineConspiracy/comments/p4689k/actors\_as\_covid19\_patients\_in\_vaccine\_propaganda/](https://www.reddit.com/r/VaccineConspiracy/comments/p4689k/actors_as_covid19_patients_in_vaccine_propaganda/),whosthetard,1.0,/r/DebateVaccine/comments/p469an/actors_as_covid19_patients_in_vaccine_propaganda/,t5_3lhjc
197,34 year old journalist got vaccinated then got covid-19 and then got 2 strokes - ADE signs?,0,oomzv1,https://archive.today/hsaH2,0,2021-07-21 06:16:55,,whosthetard,0.5,/r/DebateVaccine/comments/oomzv1/34_year_old_journalist_got_vaccinated_then_got/,t5_3lhjc
198,Covid-19 vaccine - The day she made a decision that flipped her entire world upside down,0,omowvz,https://v.redd.it/i14tpf0gjyb71,0,2021-07-18 07:37:39,,whosthetard,0.5,/r/DebateVaccine/comments/omowvz/covid19_vaccine_the_day_she_made_a_decision_that/,t5_3lhjc
199,"Fully-vaccinated Hollywood celebrities wondering why they are suddenly getting COVID-19, cancer and worse",0,p455tw,https://thecovidblog.com/2021/08/12/fully-vaccinated-hollywood-celebrities-wondering-why-they-are-suddenly-getting-covid-19-cancer-and-worse/,0,2021-08-14 05:47:30,,whosthetard,0.5,/r/DebateVaccine/comments/p455tw/fullyvaccinated_hollywood_celebrities_wondering/,t5_3lhjc
200,"Journalist Jovita Moore get sudden illness 10 days after 2nd pfizer covid-19 shot back in April and got brain surgery - Now it is said, she has glioblastoma, the most aggressive form of brain cancer - [An older image shows how she looked before getting drugged]",0,oygcbj,https://www.reddit.com/gallery/oygbkn,0,2021-08-05 08:18:42,,whosthetard,0.5,/r/DebateVaccine/comments/oygcbj/journalist_jovita_moore_get_sudden_illness_10/,t5_3lhjc
201,Patient claims the J&J covid-19 shot left him paralyzed. Gives blame to government and J&J,0,oqvile,https://v.redd.it/xu6289ope7d71,0,2021-07-24 14:32:21,,whosthetard,0.5,/r/DebateVaccine/comments/oqvile/patient_claims_the_jj_covid19_shot_left_him/,t5_3lhjc
202,Antivaccine activist Del Bigtree Blames Covid Victims For Their Own Deaths,0,hikwiq,https://www.youtube.com/watch?v=Q8bRfoIOgeg&feature=youtu.be&t=206,1,2020-06-30 06:37:48,,EnoughNoLibsSpam,0.5,/r/DebateVaccine/comments/hikwiq/antivaccine_activist_del_bigtree_blames_covid/,t5_3lhjc
203,Covid-19 citizen style,0,i1j2tu,https://youtu.be/FbBBv2IO8WI,0,2020-07-31 20:39:24,,Philosophyoffreehood,0.5,/r/DebateVaccine/comments/i1j2tu/covid19_citizen_style/,t5_3lhjc
204,Here are the Results of Some COVID-19 Vaccines After Human Clinical Trials,0,hv7ow9,https://www.latinpost.com/articles/146513/20200721/results-covid-19-vaccines-human-clinical-trials.htm,14,2020-07-21 09:52:10,,EnoughNoLibsSpam,0.44,/r/DebateVaccine/comments/hv7ow9/here_are_the_results_of_some_covid19_vaccines/,t5_3lhjc
205,34-year old man dies with heart failure after getting a covid-19 vaccine - His sister was trying to get funds for an autopsy report,0,pak4wy,https://www.reddit.com/gallery/pak4p0,0,2021-08-24 05:51:09,,whosthetard,0.5,/r/DebateVaccine/comments/pak4wy/34year_old_man_dies_with_heart_failure_after/,t5_3lhjc
206,(MSNBC:) GOP Covid Deniers Who Refused to Wear Masks Jump the Vaccine Line,0,kkve6n,https://www.msnbc.com/opinion/gop-covid-deniers-who-refused-wear-mask-jump-vaccine-line-n1252196?icid=msd_topgrid,1,2020-12-26 21:31:47,,EnoughNoLibsSpam,0.5,/r/DebateVaccine/comments/kkve6n/msnbc_gop_covid_deniers_who_refused_to_wear_masks/,t5_3lhjc
207,Vermont is 68% vaccinated and has a 425% increase in Covid-19 hospitalizations past couple weeks - [A positive outlook],0,pa9gnr,https://i.redd.it/q7resksof6j71.jpg,0,2021-08-23 17:38:37,,whosthetard,0.5,/r/DebateVaccine/comments/pa9gnr/vermont_is_68_vaccinated_and_has_a_425_increase/,t5_3lhjc
208,A woman shows her arm with an abnormal inflammation and skin rash. Reaction started right after her second covid-19 vaccine shot.,0,p7ismn,https://v.redd.it/ybghxnxghci71,0,2021-08-19 12:56:03,,whosthetard,0.5,/r/DebateVaccine/comments/p7ismn/a_woman_shows_her_arm_with_an_abnormal/,t5_3lhjc
209,"Dear Vaccine Cult Victims, theres STILL isn't a vaccine for COVID - 19, which is the coronavirus, which is the common cold. Who/what are you going to pray to now?",0,fvyhk7,/r/TrueAntiVaccination/comments/fugpng/dear_vaccine_cult_victims_theres_still_isnt_a/,9,2020-04-06 09:11:52,,EnoughNoLibsSpam,0.5,/r/DebateVaccine/comments/fvyhk7/dear_vaccine_cult_victims_theres_still_isnt_a/,t5_3lhjc
210,Fauci admits changing herd immunity ratio in attempt to increase support for COVID vaccines,0,kkqs08,https://youtu.be/my9OjkSrfxM,7,2020-12-26 16:54:16,,EnoughNoLibsSpam,0.5,/r/DebateVaccine/comments/kkqs08/fauci_admits_changing_herd_immunity_ratio_in/,t5_3lhjc
211,Solution to stop provaxxers crying about people not wanting to take multiple medications on behalf of others,0,gkjvzs,https://www.reddit.com/r/DebateVaccine/comments/gkjvzs/solution_to_stop_provaxxers_crying_about_people/,16,2020-05-15 19:21:27,"Often, people come to my posts or comments and respond with the most retarded reasons for taking vaccines. More often than not it's idiot children trying to act like they possess some knowledge. They'll use the same tired ol' arguments over and over. It always goes the same way - first they ask to show them how vaccines are dangerous. When I tell them that isn't the issue and the issue is that they're not necessary, they'll tell me they are necessary to protect myself and others. When I tell them they're not designed to protect most of the population, they'll move onto the argument of having to take them because there are some people who can't.

It always goes the same way and, thanks to the current COVID BS, I've finally thought of the solution.

All those who have immune deficiencies, those vaccines don't work for and the vaccinated who are still paranoid they may catch something have had an option available to them for a very long time. If they're so worried about their health, if they're so worried they may catch something that could kill them, if they're that worried they truly believe we should be taking medication on behalf of them, then they can wear one of these

&#x200B;

[Provaxxer of the future](https://preview.redd.it/y42hhoxnh0z41.jpg?width=1100&format=pjpg&auto=webp&s=4a8b64d26495feeb15076b664a4ae7888c444cdb)

They come in a range of sizes from extra small child to extra large adult and are readily available online. I found one place shifting them at $120 a piece. As for babies with issues, they can be kept in a protective bubble until they're large enough for a suit of armour all of their own. There'll be no need to keep anybody's kids away from school and provaxxers can start to live again.",quinn2k19,0.47,/r/DebateVaccine/comments/gkjvzs/solution_to_stop_provaxxers_crying_about_people/,t5_3lhjc
212,Trump administration had the official overseeing COVID-19 vaccine development demoted for blowing the whistle on Trump's promotion of an untested COVID treatment,0,gnx5g1,/r/VaccineDiscussion/comments/gns1fm/trump_administration_had_the_official_overseeing/,7,2020-05-21 09:47:28,,EnoughNoLibsSpam,0.25,/r/DebateVaccine/comments/gnx5g1/trump_administration_had_the_official_overseeing/,t5_3lhjc
213,Dr. Fear-Porn Fauci just admitted to Lying about Covid's Herd Immunity all to dupe you into the taking the experimental & rushed Covid vaxxx,0,kkqshr,https://i.redd.it/n0vxc7zyrj761.jpg,0,2020-12-26 16:55:02,,EnoughNoLibsSpam,0.29,/r/DebateVaccine/comments/kkqshr/dr_fearporn_fauci_just_admitted_to_lying_about/,t5_3lhjc
