,title,score,id,url,comms_num,created,body,author,upvote_ratio,permalink,subreddit_id
0,Denmark Passes Law Enabling Forced Coronavirus Vaccinations,8,fjl9xe,/r/VaccineDebate/comments/fjl9mn/denmark_passes_law_enabling_forced_coronavirus/,7,2020-03-16 09:52:16,,quinn2k19,1.0,/r/DebateVaccine/comments/fjl9xe/denmark_passes_law_enabling_forced_coronavirus/,t5_3lhjc
1,"The first-ever postmortem study of a patient vaccinated against COVID-19 has revealed that viral RNA was found in every organ of the patient’s body, meaning that the vaccine is either ineffective or the coronavirus actually spreads faster in vaccinated individuals.",6,ot8dse,https://archive.today/7Mzpm,0,2021-07-28 07:55:06,,whosthetard,0.8,/r/DebateVaccine/comments/ot8dse/the_firstever_postmortem_study_of_a_patient/,t5_3lhjc
2,"Heavily vaccinated Israel has 280% more cases compared with zero vaccines this time last year. ""The government is forecasting that the number of patients hospitalized with the coronavirus will double every 10 days, reaching 4,800 people – half of them with serious cases – by September 10.""",6,p4zgp7,https://i.redd.it/0gthw8w9wjh71.jpg,0,2021-08-15 14:58:54,,ScreenExtension,0.68,/r/DebateVaccine/comments/p4zgp7/heavily_vaccinated_israel_has_280_more_cases/,t5_3lhjc
3,"A vaccinated man becomes angry with mainstream news, calling him now a coronavirus super-spreader",3,owq2o2,https://v.redd.it/mba7lodgu0f71,0,2021-08-02 18:57:24,,whosthetard,0.81,/r/DebateVaccine/comments/owq2o2/a_vaccinated_man_becomes_angry_with_mainstream/,t5_3lhjc
4,Vaccine for new Chinese coronavirus in the works,4,esdhsh,/r/VaccineDiscussion/comments/es6qh7/vaccine_for_new_chinese_coronavirus_in_the_works/,0,2020-01-22 10:24:44,,EnoughNoLibsSpam,1.0,/r/DebateVaccine/comments/esdhsh/vaccine_for_new_chinese_coronavirus_in_the_works/,t5_3lhjc
5,"In the US we have been classifying all coronavirus patient deaths as ‘COVID-19’ deaths, regardless of cause",3,p01kr4,https://nypost.com/2020/04/07/feds-classify-all-coronavirus-patient-deaths-as-covid-19-deaths/?utm_source=share&utm_medium=ios_app,0,2021-08-07 17:16:57,,ScreenExtension,0.63,/r/DebateVaccine/comments/p01kr4/in_the_us_we_have_been_classifying_all/,t5_3lhjc
6,"Your child's chance of getting autism: 2.7% Your child's chance of getting coronavirus: 1.7% Why is one a pandemic, but not the other?",5,hoxkui,https://www.reddit.com/r/DebateVaccine/comments/hoxkui/your_childs_chance_of_getting_autism_27_your/,81,2020-07-10 17:27:04,,Philosophyoffreehood,0.69,/r/DebateVaccine/comments/hoxkui/your_childs_chance_of_getting_autism_27_your/,t5_3lhjc
7,"Reported October 2020 - 29 court claims (out of how many, one God knows) were part of the early phases of covid-19 vaccine trials (phase-1?) - People Harmed by Coronavirus Vaccines Will Have Little Recourse Any payouts for injuries will come from a less-generous program than in years past",2,okpzqm,https://archive.today/WJ4gK,0,2021-07-15 06:20:20,,whosthetard,1.0,/r/DebateVaccine/comments/okpzqm/reported_october_2020_29_court_claims_out_of_how/,t5_3lhjc
8,Now they are throwing coronavirus vaccines away. Why don't they sell them in the open market so we can see what's going on and they prefer to waste them? - Shows how useless these drugs are. That's evidence for anyone who tries to claim they have some use. They treat it as garbage.,2,os9ngr,https://archive.today/luUNt,0,2021-07-26 18:22:18,,whosthetard,0.67,/r/DebateVaccine/comments/os9ngr/now_they_are_throwing_coronavirus_vaccines_away/,t5_3lhjc
9,Coronavirus: Massachusetts Exempts Abortion from Elective Surgery Ban,1,fmvv87,https://www.breitbart.com/politics/2020/03/20/coronavirus-massachusetts-exempts-abortion-from-nonessential-elective-surgery-ban/?utm_medium=social&utm_source=facebook,1,2020-03-22 03:10:10,,EnoughNoLibsSpam,0.6,/r/DebateVaccine/comments/fmvv87/coronavirus_massachusetts_exempts_abortion_from/,t5_3lhjc
10,Coronavirus - Suddenly correlation is starting to equal causation,1,fj5r26,/r/VaccineDebate/comments/fj5qo0/coronavirus_suddenly_correlation_is_starting_to/,8,2020-03-15 14:19:08,,quinn2k19,0.67,/r/DebateVaccine/comments/fj5r26/coronavirus_suddenly_correlation_is_starting_to/,t5_3lhjc
11,"Massachusetts breakthrough coronavirus cases: 71 fully vaccinated people have died, 268 hospitalizations",1,ok1dwp,https://archive.today/DpTU7,0,2021-07-14 06:16:04,,whosthetard,1.0,/r/DebateVaccine/comments/ok1dwp/massachusetts_breakthrough_coronavirus_cases_71/,t5_3lhjc
12,The SARS-CoV-2 and other human coronavirus spike proteins are fine-tuned towards temperature and proteases of the human airways,1,mzvvnl,https://journals.plos.org/plospathogens/article?id=10.1371/journal.ppat.1009500,0,2021-04-27 15:02:00,,polymath22,1.0,/r/DebateVaccine/comments/mzvvnl/the_sarscov2_and_other_human_coronavirus_spike/,t5_3lhjc
13,"As coronavirus is going around killing off the chronically ill, it becomes apparent that taking vaccines on behalf of these people has led to everything that is happening today. The benefits didn't take into account these risks",1,fpa2y6,/r/VaccineDebate/comments/fpa2bk/as_coronavirus_is_going_around_killing_off_the/,64,2020-03-26 07:41:47,,quinn2k19,0.54,/r/DebateVaccine/comments/fpa2y6/as_coronavirus_is_going_around_killing_off_the/,t5_3lhjc
14,New Study Discovers That Flu Vaccines Leave You More Likely To Catch Coronavirus,0,feifz4,https://www.ncbi.nlm.nih.gov/m/pubmed/31607599/,5,2020-03-06 14:11:12,,EnoughNoLibsSpam,0.44,/r/DebateVaccine/comments/feifz4/new_study_discovers_that_flu_vaccines_leave_you/,t5_3lhjc
15,Why are the world’s top vaccine promoters frantically warning us about the unique and frightening dangers inherent in developing a coronavirus vaccine?,0,g2fnzu,/r/VaccineMyths/comments/g1zp4n/why_are_the_worlds_top_vaccine_promoters/,0,2020-04-16 10:13:59,,EnoughNoLibsSpam,0.5,/r/DebateVaccine/comments/g2fnzu/why_are_the_worlds_top_vaccine_promoters/,t5_3lhjc
16,"Dear Vaccine Cult Victims, theres STILL isn't a vaccine for COVID - 19, which is the coronavirus, which is the common cold. Who/what are you going to pray to now?",0,fvyhk7,/r/TrueAntiVaccination/comments/fugpng/dear_vaccine_cult_victims_theres_still_isnt_a/,9,2020-04-06 09:11:52,,EnoughNoLibsSpam,0.5,/r/DebateVaccine/comments/fvyhk7/dear_vaccine_cult_victims_theres_still_isnt_a/,t5_3lhjc
17,"The UAE has implemented the first Polio vaccination campaign in light of the spread of Coronavirus that targeted 766 thousand Pakistani children, within the Sheikh Mohammed bin Zayed initiative to eradicate polio and with the participation of 3465 vaccination teams.",0,i5zyjn,https://i.redd.it/j6pgduirekf51.jpg,1,2020-08-08 10:24:37,,EnoughNoLibsSpam,0.33,/r/DebateVaccine/comments/i5zyjn/the_uae_has_implemented_the_first_polio/,t5_3lhjc
18,"Your flu shot fucked up your immune system, making you specifically more prone to coronaviruses",0,fm35y3,/r/conspiracy/comments/flo51x/your_flu_shot_fucked_up_your_immune_system_making/,8,2020-03-20 17:30:10,,EnoughNoLibsSpam,0.38,/r/DebateVaccine/comments/fm35y3/your_flu_shot_fucked_up_your_immune_system_making/,t5_3lhjc
