,title,score,id,url,comms_num,created,body,author,upvote_ratio,permalink,subreddit_id
0,"Heather's story - 5 days after 2nd moderna vaccines she started having seizures, not responding to anticonvulsion meds. In ER they said it is ""stress related"" and impossible to be linked to covid vaccine - [don't you people think these doctors who see her might outright lying?]",25,nrhw1o,https://i.redd.it/zubewpjrw2371.jpg,16,2021-06-03 12:43:00,,whosthetard,0.86,/r/DebateVaccine/comments/nrhw1o/heathers_story_5_days_after_2nd_moderna_vaccines/,t5_3lhjc
1,"Those who take the Covid-19 “vaccines” are MORE susceptible to the Delta Variant and have a HIGHER risk of severe disease or even death. This information comes from Dr. Robert Malone, the inventor of the very mRNA technology used to transmit both the Pfizer and Moderna injections.",11,p87aq0,https://thelibertydaily.com/mrna-tech-inventor-dr-robert-malone-easier-for-delta-to-kill-vaccinated-than-jab-free-people/,3,2021-08-20 11:17:58,,ScreenExtension,0.67,/r/DebateVaccine/comments/p87aq0/those_who_take_the_covid19_vaccines_are_more/,t5_3lhjc
2,It gets better and better - Letter received by a woman who took the Moderna covid-19 vaccine. She was asked to go screen herself after 1500+ vaccine recipients developed cervical cancer.,7,ox1gik,https://v.redd.it/9rkl20rkn4f71,0,2021-08-03 07:27:11,,whosthetard,1.0,/r/DebateVaccine/comments/ox1gik/it_gets_better_and_better_letter_received_by_a/,t5_3lhjc
3,20 year old woman describes her experience after getting a covid-19 vaccine - (TIA/Moderna),5,oz4l6v,https://v.redd.it/5ymvaktv0qf71,0,2021-08-06 07:16:55,,whosthetard,1.0,/r/DebateVaccine/comments/oz4l6v/20_year_old_woman_describes_her_experience_after/,t5_3lhjc
4,Barbara says she was healthy. She then got the Moderna vaccine and got sick couple of days after her 2nd dose. Diagnosed with Leukemia. She blames her condition on the vaccine.,3,p4s7sa,https://i.redd.it/yq9jxx1eiih71.jpg,0,2021-08-15 08:05:15,,whosthetard,0.6,/r/DebateVaccine/comments/p4s7sa/barbara_says_she_was_healthy_she_then_got_the/,t5_3lhjc
5,"Super Bowl Champ Tells RFK, Jr.: 6 Months After Moderna Vaccine, Wife’s Injury ‘Progressively Worse’",3,orydrf,https://childrenshealthdefense.org/defender/ken-ruettgers-rfk-jr-the-defender-podcast-wife-moderna-vaccine-injury/,0,2021-07-26 09:09:58,,whosthetard,0.81,/r/DebateVaccine/comments/orydrf/super_bowl_champ_tells_rfk_jr_6_months_after/,t5_3lhjc
6,"[Shawn Vidiella Skelton] - Story update, Moderna contacted vaccine victim, six and a half months later asking for update - They run trials in 3 months but takes them twice as long, to get updates from patients, what's in their published results?",1,ot8651,https://v.redd.it/xx49o7uywxd71,0,2021-07-28 07:39:55,,whosthetard,0.57,/r/DebateVaccine/comments/ot8651/shawn_vidiella_skelton_story_update_moderna/,t5_3lhjc
7,Adam had a blood clot and a heart attack 3 weeks after getting a moderna covid-19 vaccine - Medical Doctors were unable to save him and no support for investigation into the cause whether or not the vaccine played a role.,3,p71le1,https://i.redd.it/db2jn0mtx6i71.jpg,0,2021-08-18 18:16:25,,whosthetard,1.0,/r/DebateVaccine/comments/p71le1/adam_had_a_blood_clot_and_a_heart_attack_3_weeks/,t5_3lhjc
8,Two men developed PUS-FILLED bumps on their faces in rare side effect from Moderna COVID-19 vaccine,2,owz8o6,https://archive.today/tpNLU,0,2021-08-03 04:38:07,,whosthetard,1.0,/r/DebateVaccine/comments/owz8o6/two_men_developed_pusfilled_bumps_on_their_faces/,t5_3lhjc
9,"Lauren was covid-19 vaccinated. Five days after her 2nd moderna shot, she started having weird pains and femal issues. Diagnosed with Leukemia. She said she had no problems prior to vaccination and that now the doctors she sees do not report her condition as drug related.",2,p4s1ja,https://www.reddit.com/gallery/p4s16c,1,2021-08-15 07:52:22,,whosthetard,0.66,/r/DebateVaccine/comments/p4s1ja/lauren_was_covid19_vaccinated_five_days_after_her/,t5_3lhjc
10,"Duane DeHate started a TikTok to ask for prayers. He's struggling to recover from COVID after getting fully vaccinated. His initial reaction to Moderna was blood clots, but now has cysts and lesions on his kidneys and spine. He regrets getting the jab.",2,p60n9e,https://v.redd.it/gv7ijvxw3wh71,0,2021-08-17 05:52:01,,whosthetard,1.0,/r/DebateVaccine/comments/p60n9e/duane_dehate_started_a_tiktok_to_ask_for_prayers/,t5_3lhjc
11,"24 Years old man dies few weeks after receiving moderna 2nd covid19 dose - After vaccination he was started suffering with various neurological issues among them vision issues, for a month before passing away.",2,osnexx,https://www.reddit.com/gallery/osndup,0,2021-07-27 10:01:28,,whosthetard,1.0,/r/DebateVaccine/comments/osnexx/24_years_old_man_dies_few_weeks_after_receiving/,t5_3lhjc
12,Any ETA on any non EUA vaccines?,1,o3inck,https://www.reddit.com/r/DebateVaccine/comments/o3inck/any_eta_on_any_non_eua_vaccines/,6,2021-06-19 11:33:21,"For the record my decision to not get EUA vaccination is not politically motivated at all. I work from home, order groceries online and go nowhere. If I had a public job, I would have gotten the EUA vaccine. My wife works with kids and is fully vaccinated. Hopefully these disclaimers will stop the thread from going off the rails.

&#x200B;

The Emergency Use Authorization process scares me because it allows companies to begin mass production during testing and before submitting results to the FDA for approval. 

&#x200B;

This means that if a company ends up not being approved, they lose all the money they put into mass production. This seems like a huge incentive for companies to report false or misrepresented information to make sure it's approved. 

&#x200B;

The normal approval process does not allow mass production before testing is finished, submitted and approved. 

&#x200B;

EUA also scares me because trump constituents were able to get Emergency Use Authorization for the UV light treatment that ended up being  a complete failure.  Luckily this approval was removed fairly quickly after third party studies. While researching Emergency Use Authorization in history, I've only found it used 3 times (the 1st time being the swine flue)  


I'm planning to get the first non EUA vaccine; but it doesnt seem like anyone is actually trying the normal process? I thought Moderna was but I just read they applied for EUA.  


Any information or ETA about non EUA vaccines would be greatly appreciated.",Khivall,1.0,/r/DebateVaccine/comments/o3inck/any_eta_on_any_non_eua_vaccines/,t5_3lhjc
13,"The Official Proof Those Vaccinated are Labrats - On 22nd July 2021, Moderna will launch a clinical trial testing whether its COVID-19 vaccine leads to miscarriages or stillbirths in pregnant women or birth defects in newborns despite thousands of mothers-to-be receiving the shot",1,okptqr,https://archive.today/vEaRU,0,2021-07-15 06:07:15,,whosthetard,1.0,/r/DebateVaccine/comments/okptqr/the_official_proof_those_vaccinated_are_labrats/,t5_3lhjc
14,"Moderna vaccine patient here! (23 F, living in U.S.)",0,kujmha,/r/VACCINES/comments/kuf0hs/moderna_vaccine_patient_here_23_f_living_in_us/,6,2021-01-10 13:16:29,,EnoughNoLibsSpam,0.5,/r/DebateVaccine/comments/kujmha/moderna_vaccine_patient_here_23_f_living_in_us/,t5_3lhjc
