,title,score,id,url,comms_num,created,body,author,upvote_ratio,permalink,subreddit_id
0,Amazon offers help to Joe Biden to vaccinate 100 million Americans,251,l1yl5k,https://www.flashnewspk.com/2021/01/amazon-offers-help-to-joe-biden-to.html,91,2021-01-21 08:37:26,,RajpootRao,0.98,/r/epidemic/comments/l1yl5k/amazon_offers_help_to_joe_biden_to_vaccinate_100/,t5_2s14l
1,Spain to keep record of people refusing to be vaccinated,168,kmc75f,https://www.flashnewspk.com/2020/12/spain-to-keep-record-of-people-refusing.html,48,2020-12-29 05:51:30,,RajpootRao,0.99,/r/epidemic/comments/kmc75f/spain_to_keep_record_of_people_refusing_to_be/,t5_2s14l
2,Scientists say the coronavirus is not mutating quickly and might respond to a single vaccine,111,foeovh,https://thehill.com/policy/healthcare/489323-scientists-say-the-coronavirus-is-not-mutating-and-might-respond-to-a,6,2020-03-24 18:30:11,,joyfulliving,0.99,/r/epidemic/comments/foeovh/scientists_say_the_coronavirus_is_not_mutating/,t5_2s14l
3,Google Maps will show the location of vaccination centers,104,l6nmtq,https://www.flashnewspk.com/2021/01/google-maps-will-show-location-of.html,0,2021-01-27 23:11:20,,RajpootRao,0.97,/r/epidemic/comments/l6nmtq/google_maps_will_show_the_location_of_vaccination/,t5_2s14l
4,UN says new polio outbreak in Sudan caused by oral vaccine,91,iogx3u,https://apnews.com/619efb65b9eeec5650f011b960a152e9,16,2020-09-07 17:47:03,,avivi_,0.94,/r/epidemic/comments/iogx3u/un_says_new_polio_outbreak_in_sudan_caused_by/,t5_2s14l
5,Pfizer and BioNTech Achieve First Authorization in the World for a Vaccine to Combat COVID-19,96,k54lik,http://crweworld.com/article/news-provided-by-business-wire/1797818/pfizer-and-biontech-achieve-first-authorization-in-the-world-for-a-vaccine-to-combat-covid-19,0,2020-12-02 02:14:26,,HotMomentumStocks,0.98,/r/epidemic/comments/k54lik/pfizer_and_biontech_achieve_first_authorization/,t5_2s14l
6,Future U.S. Vice President Kamala Harris vaccinated in public,79,kmrsoe,https://www.flashnewspk.com/2020/12/future-us-vice-president-kamala-harris.html,1,2020-12-29 20:21:38,,RajpootRao,0.89,/r/epidemic/comments/kmrsoe/future_us_vice_president_kamala_harris_vaccinated/,t5_2s14l
7,"Measles Deaths Soared Worldwide Last Year, as Vaccine Rates Stalled",87,jszvwy,https://www.nytimes.com/2020/11/12/health/measles-deaths-soared-worldwide-last-year-as-vaccine-rates-stalled.html,1,2020-11-12 13:20:28,,pipsdontsqueak,1.0,/r/epidemic/comments/jszvwy/measles_deaths_soared_worldwide_last_year_as/,t5_2s14l
8,The unit prices of the various Covid-19 vaccines mistakenly published on Twitter,79,kgxq9b,https://www.flashnewspk.com/2020/12/the-unit-prices-of-various-covid-19.html,5,2020-12-20 12:09:35,,RajpootRao,0.99,/r/epidemic/comments/kgxq9b/the_unit_prices_of_the_various_covid19_vaccines/,t5_2s14l
9,[Vaccine Research] Pfizer succeeds COVID-19 vaccine safety milestone.,76,k2tnjr,https://www.delveinsight.com/blog/recent-pharma-happenings-for-pfizer-sanofi-elevation-oncology/,8,2020-11-28 14:14:40,,anuj_rawat,0.98,/r/epidemic/comments/k2tnjr/vaccine_research_pfizer_succeeds_covid19_vaccine/,t5_2s14l
10,FRIKKIN' FINALLY! united states moves towards lifting patent restrictions on vaccines,77,n7469n,https://www.democracynow.org/2021/5/6/biden_intellectual_property_rights_waiver_vaccines?utm_source=Democracy+Now%21&utm_campaign=509b96c686-Daily_Digest_COPY_01&utm_medium=email&utm_term=0_fa2346a853-509b96c686-192601302,3,2021-05-07 13:37:44,,RickFishman,0.92,/r/epidemic/comments/n7469n/frikkin_finally_united_states_moves_towards/,t5_2s14l
11,"Big Pharma Must Share Their Vaccine Knowledge and Technology With the World—Now - Common Dreams - Feb 15, 2021",74,lllyrg,https://www.commondreams.org/views/2021/02/15/big-pharma-must-share-their-vaccine-knowledge-and-technology-world-now,10,2021-02-16 23:23:51,,shane_4_us,0.96,/r/epidemic/comments/lllyrg/big_pharma_must_share_their_vaccine_knowledge_and/,t5_2s14l
12,Pfizer’s coronavirus vaccine is more than 90 percent effective | Flash News PK,71,jr1zw9,https://www.flashnewspk.com/2020/11/pfizers-coronavirus-vaccine-is-more.html,0,2020-11-09 12:30:14,,RajpootRao,0.96,/r/epidemic/comments/jr1zw9/pfizers_coronavirus_vaccine_is_more_than_90/,t5_2s14l
13,History of immunization: How vaccines saved the world,63,lx80i3,https://www.needforscience.com/biology/history-of-immunization-how-vaccines-saved-the-world/,7,2021-03-03 19:05:51,,berlioz1982,0.99,/r/epidemic/comments/lx80i3/history_of_immunization_how_vaccines_saved_the/,t5_2s14l
14,"If it's going to take about 12-18 months at best for a COVID-19 vaccine, does that mean we are going to have to be on lockdown for that long?",64,fysacm,https://www.reddit.com/r/epidemic/comments/fysacm/if_its_going_to_take_about_1218_months_at_best/,28,2020-04-10 20:07:16,"They said that it's going to take a while for a COVID-19 vaccine to be available to the general public. They say at least 12-18 months. Does that mean we are going to have to continue to social distance for that long? Are businesses, schools, etc. really going to be shut down for that long?",DCT1997,0.95,/r/epidemic/comments/fysacm/if_its_going_to_take_about_1218_months_at_best/,t5_2s14l
15,FDA Takes Additional Action in Fight Against COVID-19 By Issuing Emergency Use Authorization for Second COVID-19 Vaccine,52,kfy9ft,http://crweworld.com/usa/trendingnow/regulatory/1820874/fda-takes-additional-action-in-fight-against-covid-19-by-issuing-emergency-use-authorization-for-second-covid-19-vaccine,1,2020-12-18 20:19:05,,HotMomentumStocks,0.98,/r/epidemic/comments/kfy9ft/fda_takes_additional_action_in_fight_against/,t5_2s14l
16,How many people will be affected before the deniers are without ground?,50,g9qhsp,https://www.reddit.com/r/epidemic/comments/g9qhsp/how_many_people_will_be_affected_before_the/,51,2020-04-28 12:33:50,"This seems like a morbid question and I apologise up front for the apparent lack of sensitivity. If you have suffered a loss recently, please understand this is not designed to troll or provoke. This is a genuine question and I feel it is one that might bring about some interesting medical discussion.

I am not American and have never been to any of the Americas before. When I check the news, I am baffled by the apparent number of anti vaccine and anti COVID protests. To me, the death toll in the U.S. seems really high for a first world country. My question is: 

How long will it be before everybody, including the protestors know somebody personally, who has been directly affected by this pandemic, either through death or serious illness?

Another way to think about this question is; what is the death toll before it is undeniable, even to the deniers?",DadJokesAndMore,0.92,/r/epidemic/comments/g9qhsp/how_many_people_will_be_affected_before_the/,t5_2s14l
17,Electronic vaccination certificates: avoiding a repeat of the contact-tracing ‘format wars’,45,lzpa4o,https://www.nature.com/articles/s41591-021-01286-w,2,2021-03-07 06:58:45,,fhorst79,0.92,/r/epidemic/comments/lzpa4o/electronic_vaccination_certificates_avoiding_a/,t5_2s14l
18,Could Vaccinating Young People Before Old People Save More Lives?,47,ork5pv,https://www.aidancooper.co.uk/could-vaccinating-young-people-before-old-people-save-more-lives/,2,2021-07-25 17:14:28,,aidantcooper,0.95,/r/epidemic/comments/ork5pv/could_vaccinating_young_people_before_old_people/,t5_2s14l
19,These 12 Strategies May Be the Key to Overcoming Resistance to COVID-19 Vaccination,39,l8dh58,https://medium.com/beingwell/these-12-strategies-may-be-the-key-to-overcoming-resistance-to-covid-19-vaccination-65d21f37baa8,12,2021-01-29 23:12:20,,BipolarNeurosci,0.9,/r/epidemic/comments/l8dh58/these_12_strategies_may_be_the_key_to_overcoming/,t5_2s14l
20,"Let’s say vaccine efforts are fruitless and COVID keeps spreading; How long will it take for society to adapt, return to work, and just make it commonplace to wear masks and gloves and keep older folks at home? and how much would that impact the infection rate?",44,fmgnm9,https://www.reddit.com/r/epidemic/comments/fmgnm9/lets_say_vaccine_efforts_are_fruitless_and_covid/,10,2020-03-21 11:28:17,,Kimmm223,0.96,/r/epidemic/comments/fmgnm9/lets_say_vaccine_efforts_are_fruitless_and_covid/,t5_2s14l
21,Facial Masking for Covid-19 — Potential for “Variolation” as We Await a Vaccine | NEJM,35,iwj64s,https://www.nejm.org/doi/full/10.1056/NEJMp2026913,6,2020-09-20 14:24:24,,avivi_,0.88,/r/epidemic/comments/iwj64s/facial_masking_for_covid19_potential_for/,t5_2s14l
22,Here’s How Much It’ll Cost to Vaccinate Us From COVID,36,igr59p,https://youtu.be/R-GynfaJ5oE,2,2020-08-25 23:09:44,,sci_lover101,0.94,/r/epidemic/comments/igr59p/heres_how_much_itll_cost_to_vaccinate_us_from/,t5_2s14l
23,"The US FDA issued an Emergency Use Authorization (EUA) to the COVID-19 mRNA, BNT162b2, vaccine candidate for COVID-19 of Pfizer-BioNTech.",41,kdlowq,https://www.delveinsight.com/blog/pharma-happenings-for-gannex-incyte-pfizer-az-innoskel/,0,2020-12-15 08:26:23,,anuj_rawat,0.92,/r/epidemic/comments/kdlowq/the_us_fda_issued_an_emergency_use_authorization/,t5_2s14l
24,A single dose of recombinant VSV-∆G-spike vaccine provides protection against SARS-CoV-2 challenge,33,hcsja6,https://www.biorxiv.org/content/10.1101/2020.06.18.160655v1,1,2020-06-20 15:48:22,,avivi_,0.95,/r/epidemic/comments/hcsja6/a_single_dose_of_recombinant_vsvgspike_vaccine/,t5_2s14l
25,FDA Takes Key Action in Fight Against COVID-19 By Issuing Emergency Use Authorization for First COVID-19 Vaccine,35,kbhtn3,http://crweworld.com/usa/trendingnow/regulatory/1811543/fda-takes-key-action-in-fight-against-covid-19-by-issuing-emergency-use-authorization-for-first-covid-19-vaccine,0,2020-12-11 22:28:25,,HotMomentumStocks,0.9,/r/epidemic/comments/kbhtn3/fda_takes_key_action_in_fight_against_covid19_by/,t5_2s14l
26,Russia’s Sputnik-V coronavirus vaccine trial shows encouraging results,34,in2u04,http://timesharenews.online/CORONA-VACCINE,9,2020-09-05 11:17:42,,graspander,0.8,/r/epidemic/comments/in2u04/russias_sputnikv_coronavirus_vaccine_trial_shows/,t5_2s14l
27,COVID STRATEGY GUIDE: Two Races - Vaccines & the Election,32,i2krlx,https://resolutestrategy.com/insights/dfdud76apxnnxa50mz29mqrz6siunk,1,2020-08-02 18:05:13,,tbone_man,0.88,/r/epidemic/comments/i2krlx/covid_strategy_guide_two_races_vaccines_the/,t5_2s14l
28,Controversy between France and Germany over Pfizer/BioNTech vaccine,35,kiseoq,https://www.flashnewspk.com/2020/12/controversy-between-france-and-germany.html,2,2020-12-23 07:43:36,,RajpootRao,0.97,/r/epidemic/comments/kiseoq/controversy_between_france_and_germany_over/,t5_2s14l
29,The BNT162b2 mRNA vaccine against SARS-CoV-2 reprograms both adaptive and innate immune responses,27,oqlz8c,https://www.medrxiv.org/content/10.1101/2021.05.03.21256520v1,7,2021-07-24 04:22:07,,davatosmysl,0.94,/r/epidemic/comments/oqlz8c/the_bnt162b2_mrna_vaccine_against_sarscov2/,t5_2s14l
30,"5,000 Volunteers Sign up for Coronavirus Vaccine Trial in China's Wuhan City",27,fozyuz,https://www.news18.com/news/world/5000-volunteers-sign-up-for-coronavirus-vaccine-trial-in-chinas-wuhan-city-2550905.html,6,2020-03-25 18:45:24,,joyfulliving,1.0,/r/epidemic/comments/fozyuz/5000_volunteers_sign_up_for_coronavirus_vaccine/,t5_2s14l
31,"Nipah 2020: 6 cases, 4 deaths in Bangladesh. (02.04.20)",22,eyror3,https://www.reddit.com/r/epidemic/comments/eyror3/nipah_2020_6_cases_4_deaths_in_bangladesh_020420/,6,2020-02-04 10:30:07,"01.17.20.

Dhaka Tribune: [Fresh Nipah patient infected at KCMH](https://www.dhakatribune.com/bangladesh/nation/2020/01/17/fresh-nipah-infected-patient-at-kmch)

Outbreak News Today: [Nipah virus infection reported in Khulna, Bangladesh](http://outbreaknewstoday.com/nipah-virus-infection-reported-in-khulna-bangladesh-media-reports-51567/)

United News of Bangladesh: [Bangladesh confirms Nipah case in Khulna](http://unb.com.bd/category/Bangladesh/bangladesh-confirms-nipah-case-in-khulna/41547)

""A young girl was diagnosed with Nipah virus at Khulna Medical College Hospital (KMCH) on Thursday – the first reported case at the hospital in three years.

The patient was identified as Rashida, 20, daughter of Md Babul Hossain of Gopalganj district. Babul said his daughter had been suffering from severe fever for the last few days. Sometimes, she used to faint.  

Her family took her to KMCH on January 11, where a medical board formed to treat her confirmed that she had been infected with Nipah, he added.

Dr SM Kamal Hossain, head of KMCH medicine department, said they are treating the young girl separately as the contagious disease poses high risk to its surroundings.    

No vaccine has been discovered for Nipah yet. Bat is the main carrier of the deadly virus. People mainly get infected while drinking raw date sap, he said.

Doctors have suggested people to avoid raw date sap.

Civil Surgeon Dr Sujat Ahmed said no Nipah infection was reported in the district in recent months.

Dr Rashida Khanam, director of the Divisional Health Office, said awareness is the only way to avoid Nipah.  

In 2016, two people were diagnosed with Nipah at KMCH but both died within a few days.

Nipah virus is transmitted from animals to humans and can also be transmitted through contaminated food or directly between people, according to World Health Organisation.

There is no vaccine for the virus, which is spread through body fluids and can cause inflammation of the brain.

In 2001, Nipah virus was identified as the causative agent in an outbreak of human disease occurring in Bangladesh. Genetic sequencing confirmed this virus as Nipah virus, according to the Centre for Disease Control and Prevention.""

01.28.20.

Bengali source, Prothom Alo: [Nipah virus in raw raw dates, both died in the infection](https://www.prothomalo.com/bangladesh/article/1635806/%E0%A6%96%E0%A7%87%E0%A6%9C%E0%A7%81%E0%A6%B0%E0%A7%87%E0%A6%B0-%E0%A6%95%E0%A6%BE%E0%A6%81%E0%A6%9A%E0%A6%BE-%E0%A6%B0%E0%A6%B8%E0%A7%87-%E0%A6%A8%E0%A6%BF%E0%A6%AA%E0%A6%BE%E0%A6%B9-%E0%A6%B8%E0%A6%82%E0%A6%95%E0%A7%8D%E0%A6%B0%E0%A6%AE%E0%A6%A3%E0%A7%87-%E0%A6%A6%E0%A7%81%E0%A6%9C%E0%A6%A8%E0%A7%87%E0%A6%B0-%E0%A6%AE%E0%A6%A4%E0%A7%8D%E0%A6%AF%E0%A7%81?fbclid=IwAR3LWC1gJvhWYOVdP1_nUlwssBoY5sBt1gHPLH8GWfSa-JwgPv80dlhlS_8)  
(Machine translation)

Outbreak News Today: [Bangladesh - Two Nipah virus deaths, according to local media report](http://outbreaknewstoday.com/bangladesh-two-nipah-virus-deaths-according-to-local-media-report-71041/)

""Two Nipah virus death are reported in Bangladesh, according to a Prothom Alo report (computer translated).  No officials statements have been posted by the IEDCR.

Professor Mirzadi Sabrina, director of the Government’s Institute of Pathology, Disease Control and Research (IEDCR), said in the first light on Wednesday that three IEDCRs have been identified as infected with the virus. Two of them died.

The report does not offer specifics as far as location, but states: According to a source, samples of several patients from different districts of the country, including the capital, are suspected to have come to IEDCR. Authorities have arrested a child at the Dhaka Children’s Hospital on suspicion of being infected with the Nipah virus. IEDCR also collected blood samples.

The report says health officials said there is nothing to fear about Nipah. In addition, they have urged the countrymen to refrain from consuming raw date palm sap.""

01.30.20.

""In a follow-up on recent stories on Nipah virus infections in Bangladesh, the Institute of Epidemiology, Disease Control and Research (IEDCR) has reported on their website, six Nipah virus infections, including four deaths in 2020 (see below).

According to the World Health Organization (WHO), in the Bangladesh and India outbreaks, consumption of fruits or fruit products (e.g. raw date palm juice) contaminated with urine or saliva from infected fruitbats was the most likely source of infection. Fruit bats of the family Pteropodidae – particularly species belonging to the Pteropus genus – are the natural hosts for Nipah virus. There is no apparent disease in fruit bats.

In more recent outbreaks of the disease, person-to-person transmission has been seen in Bangladesh and India.

The disease in humans can range from asymptomatic infection to fatal encephalitis. Encephalitis and seizures occur in severe cases, progressing to coma within 24 to 48 hours.

The case fatality rate is estimated at 40% to 75%; however, this rate can vary by outbreak depending on local capabilities for surveillance investigations, according to the WHO.

Those who survive acute encephalitis make a full recovery, but around 20% are left with residual neurological consequences such as persistent convulsions and personality changes.""",SecretAgentIceBat,0.97,/r/epidemic/comments/eyror3/nipah_2020_6_cases_4_deaths_in_bangladesh_020420/,t5_2s14l
32,A Graphical Guide: The Race for Coronavirus Vaccines,24,gavcfc,https://www.nature.com/articles/d41586-020-01221-y,0,2020-04-30 09:08:13,,Real_Carl_Ramirez,0.92,/r/epidemic/comments/gavcfc/a_graphical_guide_the_race_for_coronavirus/,t5_2s14l
33,Facebook to fight harder against disinformation on Coronavirus vaccines | Flash News,21,k6o77a,https://www.flashnewspk.com/2020/12/facebook-to-fight-harder-against.html,1,2020-12-04 11:31:37,,RajpootRao,0.93,/r/epidemic/comments/k6o77a/facebook_to_fight_harder_against_disinformation/,t5_2s14l
34,"City announces new mass vaccination sites at Cubs’ Gallagher Way, Chicago State University",22,mgy2zq,https://wgntv.com/news/coronavirus/city-announces-new-mass-vaccination-sites-at-cubs-gallagher-way-chicago-state-university/,0,2021-03-31 00:26:58,,kactuscrow,0.92,/r/epidemic/comments/mgy2zq/city_announces_new_mass_vaccination_sites_at_cubs/,t5_2s14l
35,My thoughts on why I got the vaccine - listening to both sides of the argument,19,op2omj,https://www.youtube.com/watch?v=p1AQGthVTjY&ab_channel=StefanDjordjevic,2,2021-07-21 20:23:07,,stefan_news,0.77,/r/epidemic/comments/op2omj/my_thoughts_on_why_i_got_the_vaccine_listening_to/,t5_2s14l
36,"@EricTopol ""We sent an open letter to @Pfizer CEO @AlbertBourla and the company BoD about their Phase 3 vaccine trial and how we expect the safety and efficacy to be determined. Rigorously. Requesting no EUA application filed before end November. with 60 signatories""",12,j04tev,https://twitter.com/EricTopol/status/1309661366492356608,1,2020-09-26 08:00:29,,avivi_,0.84,/r/epidemic/comments/j04tev/erictopol_we_sent_an_open_letter_to_pfizer_ceo/,t5_2s14l
37,Ebola in central Africa: Vaccination and violence.,12,ettg9m,https://www.reddit.com/r/epidemic/comments/ettg9m/ebola_in_central_africa_vaccination_and_violence/,0,2020-01-27 12:41:11,"This is my first post covering Ebola so I will include the current state of things with little background and update from there.

In July an ongoing outbreak of Ebola in the Democratic Republic of the Congo was declared a Public Health Emergency of International Concern [by the WHO.](https://www.who.int/news-room/detail/17-07-2019-ebola-outbreak-in-the-democratic-republic-of-the-congo-declared-a-public-health-emergency-of-international-concern) It is currently one of only five outbreaks to reach that designation since the advent of the system post-SARS in 2005.

Comite Multisectoriel de la Riposte a la maladie a virus Ebola (CMRE): [Situation épidémiologique du 13 Janvier 2020](https://mailchi.mp/72e002373a2f/situation-pidmiologique-du-13-janvier-2020?e=6a8e4f1f4d)

""EVOLUTION OF THE EPIDEMIC IN THE PROVINCES OF NORTH KIVU AND ITURI ON JANUARY 12, 2020

Monday, January 13, 2020

Since the start of the epidemic, the cumulative number of cases is 3,398, of which 3,280 are confirmed and 118 probable. In total, there were 2,235 deaths (2,117 confirmed and 118 probable) and 1,123 were recovered;

• 410 suspected cases under investigation;

• 3 new confirmed cases in North Kivu at Mabalako;

• No new deaths among the confirmed cases, of which: o No community death was recorded;

o No death among the confirmed cases;

• 1 healed person leaving the CTE in North Kivu in Butembo;

• No health worker is among the new confirmed cases. The cumulative number of confirmed / probable cases among health workers is 164 (approximately 5% of all confirmed / probable cases), including 41 deaths.

NEWS

Ebola response teams attacked by the community in the Bandibwame health area

• Teams of the response to the #Ebola virus disease were attacked this Monday, January 13, 2020 in the Bandibwame health area in Lolwa in the province of Ituri by the community;

• The incident left 4 people injured, 2 of whom were brought back to Lolwa General Hospital and 2 to Mambasa. Among the victims, there is an APS and a response agent committed to dignified and secure burial;

• In addition, there is community reluctance in the health areas of Biakato Mines and Lwemba in Mandima in Ituri, as well as in those of Aloya, Bingo and Mangina in Mabalako in the province of North Kivu;

• This reluctance leads to a low participation of people in vaccination. Nevertheless, 6 vaccination teams committed to the Aloya and Bingo health areas in North Kivu were able to vaccinate 82 people around the confirmed cases from December 26, 2019 to January 6, 2020 in these two health areas.

VACCINATION

• 5,684 people were vaccinated, until January 10, 2020, with the 2nd vaccine Ad26.ZEBOV / MVA-BN-Filo (Johnson & Johnson) in the two health areas from Karisimbi to Goma;

• Since the start of vaccination on August 8, 2018 with the rVSV-ZEBOV vaccine 265,309 people have been vaccinated;

• Approved on October 22, 2019 by the Ethics Committee of the School of Public Health at the University of Kinshasa and on October 23, 2019 by the National Ethics Committee, the second vaccine, called Ad26.ZEBOV / MVA-BN -Filo, is produced by the firm Janssen Pharmaceuticals for the company Johnson & Johnson;

• This new vaccine complements the first, rVSV-ZEBOV, a vaccine used until then (since August 08, 2018) in this epidemic manufactured by the pharmaceutical group Merck, after approval by the Ethics Committee on May 20, 2018. was recently pre-qualified for certification.

ENTRY POINT SURVEILLANCE

• Since the start of the epidemic, the total number of travelers checked (temperature taken) at health checkpoints is 138,206,316 ;

• To date, a total of 109 entry points (PoE) and health control points (PoC) have been established in the provinces of North Kivu and Ituri in order to protect the country's major cities and avoid the spread of the epidemic in neighboring countries.""

Radio Tamazuj: [Quarantined patient suspected to have Ebola tests negative.](https://radiotamazuj.org/en/news/article/quarantined-patient-suspected-to-have-ebola-tests-negative)

Center for Infectious Disease Research and Policy (CIDRAP): [New Ebola case in DRC lifts outbreak total to 3,393](http://www.cidrap.umn.edu/news-perspective/2020/01/news-scan-jan-10-2020)

EurekAlert (American Association for the Advancement of the Sciences/AAAS): [PREVAC-UP: The Partnership for Research on Ebola Vaccination extends follow-up](https://www.eurekalert.org/pub_releases/2020-01/ind-ptp011320.php)

Africa Newsroom: [Red Cross volunteers attacked during Ebola burial.](https://www.africa-newsroom.com/press/democratic-republic-of-congo-dr-congo-red-cross-volunteers-attacked-during-ebola-burial?lang=en)",SecretAgentIceBat,0.88,/r/epidemic/comments/ettg9m/ebola_in_central_africa_vaccination_and_violence/,t5_2s14l
38,Designer antibodies could battle COVID-19 before vaccines arrive,12,i3xnqj,https://www.sciencemag.org/news/2020/08/designer-antibodies-could-battle-covid-19-vaccines-arrive,1,2020-08-04 23:08:57,,avivi_,0.94,/r/epidemic/comments/i3xnqj/designer_antibodies_could_battle_covid19_before/,t5_2s14l
39,"Dr. Anthony Fauci joins TWiV to discuss SARS-CoV-2 transmission, testing, immunity, pathogenesis, vaccines, and preparedness.",11,htamfa,https://www.youtube.com/watch?v=a_Vy6fgaBPE,0,2020-07-18 00:27:17,,avivi_,0.92,/r/epidemic/comments/htamfa/dr_anthony_fauci_joins_twiv_to_discuss_sarscov2/,t5_2s14l
40,02.20.20 Ebola update: A single new confirmed case this week. New vaccine licenses.,9,f6u3r7,https://www.reddit.com/r/epidemic/comments/f6u3r7/022020_ebola_update_a_single_new_confirmed_case/,0,2020-02-20 09:48:43,"World Health Organization: [Weekly update](https://apps.who.int/iris/bitstream/handle/10665/331023/OEW07-1016022020.pdf)

Comite Multisectoriel de la Riposte a la maladie a virus Ebola : [The epidemiological situation of the Ebola virus disease in the provinces of North Kivu and Ituri dated 16 Feb 2020](https://mailchi.mp/3de2db714731/situation-pidmiologique-du-17-fvrier-2020?e=b8b1e1fcf3)

"" - Since the start of the epidemic, the cumulative number of cases has been 3431, of which 3309 are confirmed and 123 are probable. In total, there were 2253 deaths (2130 confirmed and 123 probable) and 1165 winners (healed persons, or survivors) with 334 suspected cases under investigation;  
\- No new confirmed cases;  
\- No new deaths among the confirmed cases, including no community deaths have been recorded and no deaths among the confirmed cases;  
\- No healed person has left the Ebola treatment centers;  
\- No health worker is among the new confirmed cases. The cumulative number of confirmed/probable cases among health workers is 167 (approximately 5% of all confirmed/probable cases), including 41 deaths.  


Vaccination  
\-----------  
\- 13 358 people were vaccinated, as of 13 Feb 2020, with the 2nd vaccine Ad26.ZEBOV/MVA-BN-Filo (Johnson & Johnson) in the 2 health areas from Karisimbi to Goma;  
\- Since the start of vaccination on 8 Aug 2018 with the rVSV-ZEBOV vaccine, 295 673 people have been vaccinated.  


Surveillance at entry points  
\----------------------------  
Since the start of the epidemic, the cumulative number of travelers checked (temperature taken) at health checkpoints is 152 302 900.""

Center for Infectious Disease Research and Policy: [Ebola case count hits 3,433 in DRC](http://www.cidrap.umn.edu/news-perspective/2020/02/news-scan-feb-18-2020)

"" The World Health Organization's (WHO's) online Ebola dashboard shows a case count of 3433 today \[18 Feb 2020\], with a single newly confirmed case. The death toll is now 2249 in an outbreak that has lasted 18 months in northeastern Democratic Republic of the Congo (DRC).

The WHO said 334 suspected cases are currently under investigation. According to the latest weekly report from the WHO's African regional office, only one case has been reported in the past week, from Beni. In the past 3 weeks, 11 cases have been recorded.

""Beni remains the main hotspot for the continuing EVD outbreak as the number of new cases keep lowering,"" the WHO said. ""While there is room for cautious optimism around the decline in new confirmed cases, continued access and heightened vigilance is required to maintain case investigation and contact tracing activities in all health zones.""

Beni has reported 90% of cases in the past 21 days.""

World Health Organization: [Four countries in the African region license vaccine in milestone for Ebola prevention](https://www.who.int/news-room/detail/14-02-2020-four-countries-in-the-african-region-license-vaccine-in-milestone-for-ebola-prevention)

"" The Democratic Republic of the Congo (DRC), Burundi, Ghana and Zambia have licensed an Ebola vaccine, just 90 days after World Health Organization (WHO) prequalification. Registration of the vaccine is expected in additional countries in the coming weeks.

The licensing of the vaccine means that the manufacturer can stockpile and widely distribute this vaccine to African countries at risk of Ebola virus disease outbreaks. Once licensed doses are available, use of the vaccine will not require clinical trial or other research protocols.

""The approval of the Ebola vaccine by these countries is another milestone in the fight against this unforgiving disease,"" said WHO Director-General Dr Tedros Adhanom Ghebreyesus. “Africa has rallied to cement hard-fought progress to keep its people safe from Ebola.""

WHO accelerated the licensing and roll-out of the Ebola vaccine by certifying that it met the organization’s standards for quality, safety and efficacy in its fastest vaccine prequalification process ever, [announced in November 2019](https://www.who.int/news-room/detail/12-11-2019-who-prequalifies-ebola-vaccine-paving-the-way-for-its-use-in-high-risk-countries).

The speed with which this has been achieved has been made possible by a different approach, where national licensing procedures were done in parallel based on one single scientific review process. Usually, these process are done one by one, which can take years. The process was led by WHO with the participation of the African Vaccine Regulatory Forum (an African network of national regulatory authorities and ethics committees), the European Medicines Agency, and Merck.

“The rapid approval of the Ebola vaccine by countries in the Africa Region helps ensure this critical prevention tool will be available when and where it is needed most,” said Dr Matshidiso Moeti, WHO Regional Director for Africa. “This kind of collaboration and innovation is a model for other health priorities.”

The injectable Ebola vaccine, Ervebo, is manufactured by Merck (known as MSD outside the US and Canada). [Preliminary study results](https://www.who.int/csr/resources/publications/ebola/ebola-ring-vaccination-results-12-april-2019.pdf) have shown a 97.5% vaccine efficacy. Data also suggests that vaccinating people who are already infected reduces their chances of dying.

In response to the ongoing Ebola outbreak in the DRC, over 290 000 people have been vaccinated under compassionate use protocols. Once licensed doses are available, use of the vaccine in DRC will no longer require these protocols.""",SecretAgentIceBat,0.92,/r/epidemic/comments/f6u3r7/022020_ebola_update_a_single_new_confirmed_case/,t5_2s14l
41,German SARS expert helps work on vaccine [4:37],8,ev6227,https://www.youtube.com/watch?v=H3EGLirM0rE,2,2020-01-28 09:10:16,,leaf28,1.0,/r/epidemic/comments/ev6227/german_sars_expert_helps_work_on_vaccine_437/,t5_2s14l
42,AstraZeneca says it has 'winning formula' for vaccine ahead of UK decision,6,kl4ny5,https://www.flashnewspk.com/2020/12/astrazeneca-says-it-has-winning-formula.html,1,2020-12-27 09:37:50,,RajpootRao,0.87,/r/epidemic/comments/kl4ny5/astrazeneca_says_it_has_winning_formula_for/,t5_2s14l
43,A new dengue vaccine shows promise — at least for now,4,du3b2k,https://www.sciencenews.org/article/new-dengue-vaccine-shows-promise-at-least-for-now,0,2019-11-09 18:05:59,,Real_Carl_Ramirez,0.83,/r/epidemic/comments/du3b2k/a_new_dengue_vaccine_shows_promise_at_least_for/,t5_2s14l
44,Are We Testing Coronavirus Vaccines the Right Way?,5,ixs0ru,https://www.nytimes.com/2020/09/22/opinion/covid-vaccine-coronavirus.html,0,2020-09-22 13:29:49,,avivi_,1.0,/r/epidemic/comments/ixs0ru/are_we_testing_coronavirus_vaccines_the_right_way/,t5_2s14l
45,Samoa closes schools and mandates vaccinations amid deadly Measles epidemic,5,dz4c0f,https://www.npr.org/2019/11/18/780576486/samoa-closes-schools-and-mandates-vaccinations-amid-deadly-measles-epidemic,1,2019-11-20 11:24:26,,ShadeusX,1.0,/r/epidemic/comments/dz4c0f/samoa_closes_schools_and_mandates_vaccinations/,t5_2s14l
46,A new coronavirus pandemic - Global action in search of a vaccine,3,hpblfa,https://www.needforscience.com/biology/a-new-coronavirus-pandemic-global-action-in-search-of-a-vaccine/,0,2020-07-11 11:13:12,,berlioz1982,1.0,/r/epidemic/comments/hpblfa/a_new_coronavirus_pandemic_global_action_in/,t5_2s14l
47,Effectiveness of Covid-19 Vaccines against the B.1.617.2 (Delta) Variant,3,opmnwf,https://www.nejm.org/doi/full/10.1056/NEJMoa2108891,0,2021-07-22 16:44:12,,avivi_,1.0,/r/epidemic/comments/opmnwf/effectiveness_of_covid19_vaccines_against_the/,t5_2s14l
48,New NSW anthrax outbreak prompts second vaccination call,3,dqwpxu,https://www.sheepcentral.com/new-nsw-anthrax-outbreak-prompts-second-vaccination-call/,0,2019-11-03 01:16:18,,Real_Carl_Ramirez,1.0,/r/epidemic/comments/dqwpxu/new_nsw_anthrax_outbreak_prompts_second/,t5_2s14l
49,Conspiracy theories and fear of needles contribute to vaccine hesitancy for many parents,2,cm7a67,https://theconversation.com/conspiracy-theories-and-fear-of-needles-contribute-to-vaccine-hesitancy-for-many-parents-120864?utm_source=Global+Health+NOW+Main+List&utm_campaign=7f2e5b8ff4-EMAIL_CAMPAIGN_2019_08_02_03_52&utm_medium=email&utm_term=0_8d0d062dbd-7f2e5b8ff4-2936393,0,2019-08-05 02:15:44,,Real_Carl_Ramirez,1.0,/r/epidemic/comments/cm7a67/conspiracy_theories_and_fear_of_needles/,t5_2s14l
50,"As Ebola outbreak rages, plan to test second vaccine sparks debate | Science",2,c5qzsm,https://www.sciencemag.org/news/2019/06/ebola-outbreak-rages-plan-test-second-vaccine-sparks-debate,0,2019-06-26 11:11:10,,ShadeusX,1.0,/r/epidemic/comments/c5qzsm/as_ebola_outbreak_rages_plan_to_test_second/,t5_2s14l
51,Fosun Pharma follows BioNTech in changing COVID-19 vaccine.,1,jp2rzt,https://www.delveinsight.com/blog/recent-pharma-happenings-for-fosun-biontech-biomarin/,0,2020-11-06 05:24:30,,anuj_rawat,1.0,/r/epidemic/comments/jp2rzt/fosun_pharma_follows_biontech_in_changing_covid19/,t5_2s14l
52,"(COVID-19 vaccine developed by Oxford shows promising results, Phase 3 trials underway) Safety and immunogenicity of the ChAdOx1 nCoV-19 vaccine against SARS-CoV-2: a preliminary report of a phase 1/2, single-blind, randomised controlled trial",1,huojyt,https://www.thelancet.com/lancet/article/s0140-6736(20)31604-4,0,2020-07-20 12:40:26,,avivi_,1.0,/r/epidemic/comments/huojyt/covid19_vaccine_developed_by_oxford_shows/,t5_2s14l
53,"UPDATE: Coronavirus Cures, Vaccines & Treatments",0,flcin1,https://youtu.be/dq-XtMYdgf8,0,2020-03-19 12:07:17,,CautiousProcess,0.5,/r/epidemic/comments/flcin1/update_coronavirus_cures_vaccines_treatments/,t5_2s14l
