,title,score,id,url,comms_num,created,body,author,upvote_ratio,permalink,subreddit_id
0,Pfizer and BioNTech Achieve First Authorization in the World for a Vaccine to Combat COVID-19,94,k54lik,http://crweworld.com/article/news-provided-by-business-wire/1797818/pfizer-and-biontech-achieve-first-authorization-in-the-world-for-a-vaccine-to-combat-covid-19,0,2020-12-02 02:14:26,,HotMomentumStocks,0.98,/r/epidemic/comments/k54lik/pfizer_and_biontech_achieve_first_authorization/,t5_2s14l
1,"The US FDA issued an Emergency Use Authorization (EUA) to the COVID-19 mRNA, BNT162b2, vaccine candidate for COVID-19 of Pfizer-BioNTech.",41,kdlowq,https://www.delveinsight.com/blog/pharma-happenings-for-gannex-incyte-pfizer-az-innoskel/,0,2020-12-15 08:26:23,,anuj_rawat,0.92,/r/epidemic/comments/kdlowq/the_us_fda_issued_an_emergency_use_authorization/,t5_2s14l
2,Controversy between France and Germany over Pfizer/BioNTech vaccine,37,kiseoq,https://www.flashnewspk.com/2020/12/controversy-between-france-and-germany.html,2,2020-12-23 07:43:36,,RajpootRao,0.97,/r/epidemic/comments/kiseoq/controversy_between_france_and_germany_over/,t5_2s14l
3,Fosun Pharma follows BioNTech in changing COVID-19 vaccine.,1,jp2rzt,https://www.delveinsight.com/blog/recent-pharma-happenings-for-fosun-biontech-biomarin/,0,2020-11-06 05:24:30,,anuj_rawat,1.0,/r/epidemic/comments/jp2rzt/fosun_pharma_follows_biontech_in_changing_covid19/,t5_2s14l
