,title,score,id,url,comms_num,created,body,author,upvote_ratio,permalink,subreddit_id
0,CORONA VIRUS LIVE MAP/TRACKING TIMELINE 🦠,84,etbu5g,https://www.reddit.com/r/epidemic/comments/etbu5g/corona_virus_live_maptracking_timeline/,14,2020-01-24 10:26:25,"
You can track the spread of coronavirus through these links:

[Tracking coronavirus: map, data and timeline](https://bnonews.com/index.php/2020/01/the-latest-coronavirus-cases/)

[Wuhan Virus](https://multimedia.scmp.com/widgets/china/wuhanvirus/#)

[Coronavirus 2020](https://gisanddata.maps.arcgis.com/apps/opsdashboard/index.html#/bda7594740fd40299423467b48e9ecf6)

[News of epidemics on live map, nCov Wuhan](https://health.liveuamap.com/)",VisualBen,0.99,/r/epidemic/comments/etbu5g/corona_virus_live_maptracking_timeline/,t5_2s14l
1,First case in germany confirmed,89,euwhh6,https://www.reddit.com/r/epidemic/comments/euwhh6/first_case_in_germany_confirmed/,44,2020-01-27 18:22:50,"A man in Bavaria, South Germany is being isolated and medically supervised. His ""contact"" persons are being tracked down and informed about possible symptoms, hygienic measures and how the virus is being transferred. 

Source: https://www.spiegel.de/wissenschaft/medizin/corona-virus-erster-fall-in-deutschland-bestaetigt-a-19843b8d-8694-451f-baf7-0189d3356f99?d=1580166533&sara_ecid=soci_upd_wbMbjhOSvViISjc8RPU89NcCvtlFcJ",kknut1,0.95,/r/epidemic/comments/euwhh6/first_case_in_germany_confirmed/,t5_2s14l
2,"Doctor Finds Disease Progression Pathway for Early Detection of Novel Corona Virus Covid-19 - MetaArXiv - Apr, 12, 2020",61,g00acr,https://osf.io/preprints/metaarxiv/fu9p8/,0,2020-04-12 12:56:35,,iamjanuth,0.97,/r/epidemic/comments/g00acr/doctor_finds_disease_progression_pathway_for/,t5_2s14l
3,Corona Epidemic and future impact by the New Virus,38,l7ihzo,https://newinventionsnow.com/coronavirus-and-nipah-virus-future-impact-by-this/,5,2021-01-28 22:57:11,,Sijja_,0.97,/r/epidemic/comments/l7ihzo/corona_epidemic_and_future_impact_by_the_new_virus/,t5_2s14l
4,U.S Confirms first corona virus death,35,fbi23g,https://youtu.be/3hH9xmOypdk,14,2020-02-29 14:55:36,,totallynotmusk,0.92,/r/epidemic/comments/fbi23g/us_confirms_first_corona_virus_death/,t5_2s14l
5,"Someone asked Sadhguru, is Corona Virus doing us good ? Look at clean air and the sea lives thriving everywhere in the world. What is the actual problem with us today ?",19,fnl92i,https://www.youtube.com/watch?v=yj-jk7uSGKs,1,2020-03-23 10:54:28,,anmolanjuli,0.76,/r/epidemic/comments/fnl92i/someone_asked_sadhguru_is_corona_virus_doing_us/,t5_2s14l
6,Corona-Virus Prof. Neil Ferguson Estimates up to 50K infections daily,17,ezl60t,/r/China_Flu/comments/ezkr8i/coronavirus_prof_neil_ferguson_estimates_up_to/,1,2020-02-05 21:23:05,,idkanymore1234567890,0.91,/r/epidemic/comments/ezl60t/coronavirus_prof_neil_ferguson_estimates_up_to/,t5_2s14l
7,"Reddit, do you have an app idea that could help people in any way regarding the current situation?",4,fm24jm,https://www.reddit.com/r/epidemic/comments/fm24jm/reddit_do_you_have_an_app_idea_that_could_help/,4,2020-03-20 16:28:56,"Hello /r/epidemic, my apologies if my post is against the rules; I've read them carefully and I suppose I'm not breaking them. If that's the case, please direct me to another sub.

I'm a software developer focused on web applications and just like many of you, I'm stuck in my house and I don't really have anything to do. Learning something new regarding my profession is the first thing that came to my mind, but in times like these I would like to make something that could help anyone, rather than making some todo apps. If it helps 2 people, I'll be happy. Web apps, simple mobile apps, browser extensions. I'll just hope it'll be in my power and knowledge to make that. Everything will be fully open source, free and opened for collaborations.

Thank you and stay safe.

&#x200B;

Edit: I've stumbled upon a github repo with the list of many corona virus projects that are alive and I think there is plenty of space for collaboration, if somebody is interested: [https://github.com/soroushchehresa/awesome-coronavirus](https://github.com/soroushchehresa/awesome-coronavirus)",temperamentni,1.0,/r/epidemic/comments/fm24jm/reddit_do_you_have_an_app_idea_that_could_help/,t5_2s14l
8,How Corona Virus Test Kit Works,3,faoasw,https://youtu.be/tgyzdgf66eM,0,2020-02-27 22:24:16,,lan69,1.0,/r/epidemic/comments/faoasw/how_corona_virus_test_kit_works/,t5_2s14l
9,Corona Virus News New York Times,3,fckd04,/r/China_Flu/comments/fckceo/corona_virus_news_new_york_times/,0,2020-03-02 17:33:13,,thinknewideas,1.0,/r/epidemic/comments/fckd04/corona_virus_news_new_york_times/,t5_2s14l
10,allerta corona virus,1,fj54bv,http://www.viralsita.com/2020/01/26/allerta-corona-virus/,0,2020-03-15 13:41:05,,spia25,1.0,/r/epidemic/comments/fj54bv/allerta_corona_virus/,t5_2s14l
11,"Live Stream - Latest Global Corona Virus update - Over 80,000 people watching",0,fabbvt,https://www.youtube.com/watch?v=i9rVyLr00Ck,0,2020-02-27 07:24:35,,navmed1981,0.5,/r/epidemic/comments/fabbvt/live_stream_latest_global_corona_virus_update/,t5_2s14l
12,What is the source of corona virus?,0,fjrcx9,https://www.reddit.com/r/epidemic/comments/fjrcx9/what_is_the_source_of_corona_virus/,2,2020-03-16 16:02:19,"Many of us have been alarmed by the latest outbreaks and continue to wonder where did this sickness come from. China allegedly is the location, however what exactly caused this specific strain of virus to mutate. I for one believe its the unscrupulous activities being performed in the secret government laboratories. Just awhile ago there was a case of human gene splicing, which got 2 director scientists in serious trouble. Perhaps the U.N needs to investigate China studies on recent human clinical trials. For there to be over one billion people living in china, the odds are greater for the virus to mutate and thus become a problem. Corona Virus can easily be mistaken as chemical warfare if seen under certain pretense. We cannot continue to ignore our scientific communities and how many are researching for the better of human life, while others use science to further the evils of mans desires.",Koolkid718,0.4,/r/epidemic/comments/fjrcx9/what_is_the_source_of_corona_virus/,t5_2s14l
