,title,score,id,url,comms_num,created,body,author,upvote_ratio,permalink,subreddit_id
0,Moderna is working on an HIV vaccine after its Covid-19 success,1643,kw6jgz,https://www.msn.com/en-us/health/medical/moderna-is-working-on-an-hiv-vaccine-after-its-covid-19-success/ar-BB1cFaWK,53,2021-01-12 21:08:42,,shallah,0.99,/r/Health/comments/kw6jgz/moderna_is_working_on_an_hiv_vaccine_after_its/,t5_2qh9z
1,Moderna vaccine appears to work against variants,931,l4pb7s,https://www.bbc.co.uk/news/health-55797312,40,2021-01-25 09:51:01,,boppinmule,0.98,/r/Health/comments/l4pb7s/moderna_vaccine_appears_to_work_against_variants/,t5_2qh9z
2,Moderna COVID-19 vaccine causes swelling and inflammation in patients who have cosmetic facial fillers,851,kk1ep9,https://abc7.com/covid-19-pandemic-vaccine-moderna-side-effects/9012113/,78,2020-12-25 11:12:45,,lurker_bee,0.97,/r/Health/comments/kk1ep9/moderna_covid19_vaccine_causes_swelling_and/,t5_2qh9z
3,New vaccine study shows Moderna outperforming Pfizer in preventing breakthrough cases,800,p5ossy,https://www.tmj4.com/news/coronavirus/new-vaccine-study-shows-moderna-outperforming-pfizer-in-preventing-breakthrough-cases,83,2021-08-16 16:48:53,,whicky1978,0.97,/r/Health/comments/p5ossy/new_vaccine_study_shows_moderna_outperforming/,t5_2qh9z
4,Moderna CEO says COVID-19 vaccine protection may last years,571,ksk27t,https://www.cbsnews.com/news/covid-vaccine-last-years-moderna-ceo/?ftag=CNM-00-10aab7e&linkId=108658841,62,2021-01-07 14:02:17,,lurker_bee,0.96,/r/Health/comments/ksk27t/moderna_ceo_says_covid19_vaccine_protection_may/,t5_2qh9z
5,Biden admin recommends Covid-19 booster shots for all Americans; Officials said that third doses of vaccines from Moderna and Pfizer would be available starting Sept. 20.,506,p6t2zn,https://www.politico.com/news/2021/08/18/biden-recommends-covid-booster-shots-505911,81,2021-08-18 11:09:35,,progress18,0.93,/r/Health/comments/p6t2zn/biden_admin_recommends_covid19_booster_shots_for/,t5_2qh9z
6,"US sets Covid-19 case, hospitalization and death records ahead of key meeting for Moderna's vaccine candidate",365,kf041u,https://www.cnn.com/2020/12/17/health/us-coronavirus-thursday/index.html,24,2020-12-17 11:03:21,,Bonboniru,0.97,/r/Health/comments/kf041u/us_sets_covid19_case_hospitalization_and_death/,t5_2qh9z
7,The Moderna COVID-19 vaccine is safe and efficacious in adolescents. The immune response is similar to that in young adults and no serious adverse events have been recorded.,126,p4akup,https://www.nejm.org/doi/full/10.1056/NEJMoa2109522,12,2021-08-14 11:56:41,,altaccountsixyaboi,0.95,/r/Health/comments/p4akup/the_moderna_covid19_vaccine_is_safe_and/,t5_2qh9z
8,Quarter-dose of Moderna COVID vaccine still rouses a big immune response,70,ohqwjg,https://www.nature.com/articles/d41586-021-01893-0,1,2021-07-10 17:05:38,,TradingAllIn,0.94,/r/Health/comments/ohqwjg/quarterdose_of_moderna_covid_vaccine_still_rouses/,t5_2qh9z
9,Moderna Set to Test Experimental HIV mRNA Vaccine in People,62,p6kf3x,https://www.msn.com/en-us/health/medical/moderna-set-to-test-experimental-hiv-mrna-vaccine-in-people/ar-AANqJBX?ocid=uxbndlbingoff,8,2021-08-18 00:53:35,,shallah,0.98,/r/Health/comments/p6kf3x/moderna_set_to_test_experimental_hiv_mrna_vaccine/,t5_2qh9z
10,Moderna to Trial HIV and Flu Vaccines,57,o7j04l,https://www.verywellhealth.com/moderna-to-trial-hiv-and-flu-vaccines-5189912,0,2021-06-25 03:44:18,,shallah,0.97,/r/Health/comments/o7j04l/moderna_to_trial_hiv_and_flu_vaccines/,t5_2qh9z
11,Peer-reviewed report on Moderna COVID-19 vaccine publishes,29,kngbjk,https://www.nih.gov/news-events/news-releases/peer-reviewed-report-moderna-covid-19-vaccine-publishes,2,2020-12-30 20:59:23,,Express_Hyena,0.94,/r/Health/comments/kngbjk/peerreviewed_report_on_moderna_covid19_vaccine/,t5_2qh9z
12,"Pfizer, Moderna vaccines found to be 94 percent effective in health workers in CDC's largest such study; ""The researchers estimated that those who were fully vaccinated were 94 percent less likely to develop symptomatic COVID-19""",26,ncdrlx,https://thehill.com/policy/healthcare/553572-pfizer-moderna-vaccines-found-to-be-94-percent-effective-in-health-workers,1,2021-05-14 13:15:03,,progress18,0.91,/r/Health/comments/ncdrlx/pfizer_moderna_vaccines_found_to_be_94_percent/,t5_2qh9z
13,"Moderna doesn't expect Covid vaccine data for young children until 2022, CEO says",5,kwf2ri,https://www.cnbc.com/2021/01/11/covid-vaccine-moderna-doesnt-expect-data-for-young-children-this-year.html,0,2021-01-13 07:01:21,,shallah,0.86,/r/Health/comments/kwf2ri/moderna_doesnt_expect_covid_vaccine_data_for/,t5_2qh9z
14,Moderna shares jump on $1.5 billion U.S. contract for COVID-19 vaccine,5,i8xyj1,https://www.reuters.com/article/us-moderna-stocks-idUSKCN2581SW,1,2020-08-13 07:08:47,,milkprogrammer,0.86,/r/Health/comments/i8xyj1/moderna_shares_jump_on_15_billion_us_contract_for/,t5_2qh9z
15,Moderna company says its coronavirus vaccine trial produced ‘robust’ immune response,3,hro4gl,https://www.marketwatch.com/story/moderna-stock-surges-17-on-coronavirus-vaccine-trial-news-2020-07-14,0,2020-07-15 10:03:24,,phishyfingers,1.0,/r/Health/comments/hro4gl/moderna_company_says_its_coronavirus_vaccine/,t5_2qh9z
16,Interim recommendations for use of the Moderna mRNA-1273 vaccine against COVID-19,2,n23btq,https://www.who.int/publications-detail-redirect/interim-recommendations-for-use-of-the-moderna-mrna-1273-vaccine-against-covid-19#.YIxv8zujZe0.reddit,0,2021-04-30 17:01:11,,knitsewcombination,1.0,/r/Health/comments/n23btq/interim_recommendations_for_use_of_the_moderna/,t5_2qh9z
17,Here's Why Johnson & Johnson's Vaccine Could Overtake Both Pfizer and Moderna,3,p7ipj0,https://www.fool.com/investing/2021/08/18/heres-why-johnson-johnsons-vaccine-could-overtake/,1,2021-08-19 12:51:33,,lurker_bee,0.66,/r/Health/comments/p7ipj0/heres_why_johnson_johnsons_vaccine_could_overtake/,t5_2qh9z
18,"Covid-19 vaccine candidate 94.5 percent effective, Moderna says",1,jv5q4x,https://www.nbcnews.com/health/health-news/covid-19-vaccine-candidate-94-5-percent-effective-moderna-says-n1247888,0,2020-11-16 07:10:01,,Imperial_in_NewYork,1.0,/r/Health/comments/jv5q4x/covid19_vaccine_candidate_945_percent_effective/,t5_2qh9z
19,"Look Before you Leap: CoVid-19 Vaccine, you can’t sue Pfizer or Moderna if you have severe Covid vaccine side effects. The government likely won't compensate you for damages either",0,l24t0y,https://www.cnbc.com/2020/12/16/covid-vaccine-side-effects-compensation-lawsuit.html,1,2021-01-21 13:48:33,,jdd7690,0.39,/r/Health/comments/l24t0y/look_before_you_leap_covid19_vaccine_you_cant_sue/,t5_2qh9z
