,title,score,id,url,comms_num,created,body,author,upvote_ratio,permalink,subreddit_id
0,"Corona and mental health. Indiana's 211 hotline went from receiving roughly 1,000 calls a day regarding mental health — including suicidal ideation — to 25,000 calls a day. And calls to Indiana's addiction hotlines went from an average of 20 a week to 20 a day.",658,fvvmyw,https://www.indystar.com/story/news/health/2020/04/03/coronavirus-indiana-how-get-help-mental-health-addiction/5104357002/,47,2020-04-06 05:22:40,,Teuta_Zenobia_Dihya,0.99,/r/Health/comments/fvvmyw/corona_and_mental_health_indianas_211_hotline/,t5_2qh9z
1,Alternative system to limited respiratory machines in hospitals this might save live - Corona Virus,37,fihx5h,https://www.bbc.com/news/business-40498395,1,2020-03-14 08:54:28,,Chaos17,0.89,/r/Health/comments/fihx5h/alternative_system_to_limited_respiratory/,t5_2qh9z
2,Hundreds of Corona Patients Allowed to Try Gilead's Ebola Drug,3,fgkrj0,https://news.bloomberglaw.com/pharma-and-life-sciences/hundreds-of-corona-patients-allowed-to-try-gileads-ebola-drug?utm_source=reddit.com&utm_medium=lawdesk,3,2020-03-10 16:47:09,,bloomberglaw,0.68,/r/Health/comments/fgkrj0/hundreds_of_corona_patients_allowed_to_try/,t5_2qh9z
3,Help fighting against Corona through BOINC,3,f5g3wy,https://boinc.bakerlab.org/rosetta/forum_thread.php?id=13510&postid=91696#91696,2,2020-02-17 16:33:10,,zweitaktfan,0.72,/r/Health/comments/f5g3wy/help_fighting_against_corona_through_boinc/,t5_2qh9z
4,Gluten intolerance or some other digestive issue?,3,1f5csd,https://www.reddit.com/r/Health/comments/1f5csd/gluten_intolerance_or_some_other_digestive_issue/,7,2013-05-27 14:04:56,"*Please suggest alternative subreddit if this is wrong*

Since I was 20 (now 33) Ive always had issues to drinking beer except for Corona (read that its considered gluten free).  Ive also had issues with malted things such as malteasers (tongue starts to go fuzzy when I eat that).  On the weekend my wife made me some sort of meal consisting of mainly barley and I had a severe allergic reaction to it (full body hives, heartburn, swelling in throat, sore stomach) and I'd never experienced that before.

I also am on prilosec for some undiagnosed digestive issue (heartburn after eating random things like roast chicken, sometimes rice, white bread, some types of noodles, indian curries) 

Would I be considered gluten free or something else?

I have never though about gluten issues because I eat whole wheat toast for breakfast every morning and I would think there would be gluten in that, and usually have no issues with cakes and muffins and other things made with white flour.",nzwasp,0.71,/r/Health/comments/1f5csd/gluten_intolerance_or_some_other_digestive_issue/,t5_2qh9z
5,I have penis troubles :(,3,o7zxb,https://www.reddit.com/r/Health/comments/o7zxb/i_have_penis_troubles/,7,2012-01-08 10:30:32,"Ok reddit, please help me out...

When I was quite young I was told about how great it feels to have your penis licked by your dog and I thought I'd give it a try. Since then I have been extremely ashamed and I have never told anyone. The problem is that I now have small yellow/white dots on the underside of my penis and around the tip. The corona is also a purple colour. Because of this I have abstained from sex but am too ashamed to see a doctor. I have decided that this will end and I will see a doctor but does anyone have any idea what I may have?",PenisHelp,0.67,/r/Health/comments/o7zxb/i_have_penis_troubles/,t5_2qh9z
6,Corona virus news aggregator and live updating stats,1,exat5h,https://visualizenow.org/corona-news,0,2020-02-01 13:59:30,,sagunsh,0.57,/r/Health/comments/exat5h/corona_virus_news_aggregator_and_live_updating/,t5_2qh9z
