,title,score,id,url,comms_num,created,body,author,upvote_ratio,permalink,subreddit_id
0,"Pfizer-BioNTech Vaccine Is Highly Effective After One Dose and Can Be Stored in Normal Freezers, Data Shows",601,lnisro,https://www.wsj.com/amp/articles/single-dose-of-pfizer-vaccine-is-85-effective-israeli-study-shows-11613723218,37,2021-02-19 10:40:22,,Bonboniru,0.97,/r/Health/comments/lnisro/pfizerbiontech_vaccine_is_highly_effective_after/,t5_2qh9z
1,The F.D.A. authorizes the Pfizer-BioNTech vaccine for children 12 to 15.,413,n9gjzs,https://www.nytimes.com/2021/05/10/health/pfizer-covid-vaccine-teens.html?referringSource=articleShare,18,2021-05-10 17:26:01,,nin4nin,0.94,/r/Health/comments/n9gjzs/the_fda_authorizes_the_pfizerbiontech_vaccine_for/,t5_2qh9z
2,A guide to who can safely get the Pfizer/BioNTech Covid-19 vaccine,48,kdgvh8,https://www.statnews.com/2020/12/14/a-guide-to-who-can-safely-get-the-pfizer-biontech-covid-19-vaccine/,5,2020-12-15 02:00:55,,swaffle74,0.92,/r/Health/comments/kdgvh8/a_guide_to_who_can_safely_get_the_pfizerbiontech/,t5_2qh9z
3,Pfizer and BioNTech Announce Submission of Initial Data to U.S. FDA to Support Booster Dose of COVID-19 Vaccine,7,p5pfz4,https://www.pfizer.com/news/press-release/press-release-detail/pfizer-and-biontech-announce-submission-initial-data-us-fda,1,2021-08-16 17:20:20,,progress18,0.71,/r/Health/comments/p5pfz4/pfizer_and_biontech_announce_submission_of/,t5_2qh9z
4,Covid Vaccine Maker BioNTech Attempts Shot for Malaria Next,6,os7i1d,https://www.msn.com/en-us/money/other/covid-vaccine-maker-biontech-attempts-shot-for-malaria-next/ar-AAMzySE?ocid=BingNews,3,2021-07-26 16:37:22,,shallah,0.76,/r/Health/comments/os7i1d/covid_vaccine_maker_biontech_attempts_shot_for/,t5_2qh9z
5,Pfizer-BioNTech to seek Covid-19 vaccine approval 'within days' as trial shows 95 percent efficacy,1,jweeu1,https://www.nbcnews.com/health/health-news/pfizer-biontech-seek-covid-19-vaccine-approval-within-days-trial-n1248079,0,2020-11-18 06:50:13,,Imperial_in_NewYork,1.0,/r/Health/comments/jweeu1/pfizerbiontech_to_seek_covid19_vaccine_approval/,t5_2qh9z
