,title,score,id,url,comms_num,created,body,author,upvote_ratio,permalink,subreddit_id
0,Doctors in North Texas considered taking COVID-19 patients’ vaccination status into account when determining who gets ICU beds,1929,p83h0h,https://www.businessinsider.com/texas-doctors-considered-making-icu-decisions-based-on-vaccination-status-2021-8,306,2021-08-20 07:39:28,,progress18,0.95,/r/Health/comments/p83h0h/doctors_in_north_texas_considered_taking_covid19/,t5_2qh9z
1,Moderna is working on an HIV vaccine after its Covid-19 success,1638,kw6jgz,https://www.msn.com/en-us/health/medical/moderna-is-working-on-an-hiv-vaccine-after-its-covid-19-success/ar-BB1cFaWK,53,2021-01-12 21:08:42,,shallah,0.99,/r/Health/comments/kw6jgz/moderna_is_working_on_an_hiv_vaccine_after_its/,t5_2qh9z
2,"If You’re Offered a Vaccine, Take It. Declining a Covid-19 shot because you think it should go to someone else won’t help anyone",1303,l2ygep,https://www.nytimes.com/2021/01/21/opinion/covid-vaccine-ethics.html?smid=re-share,117,2021-01-22 17:14:42,,jms1225,0.94,/r/Health/comments/l2ygep/if_youre_offered_a_vaccine_take_it_declining_a/,t5_2qh9z
3,Scientists say social distancing is working — for a completely different disease than COVID-19 | Early evidence suggests that mask-wearing will save thousands of lives from influenza as well as COVID-19 deaths,1170,j3z9es,https://www.salon.com/2020/09/30/scientists-say-social-distancing-is-working--for-a-completely-different-disease-than-covid-19/,75,2020-10-02 13:47:08,,BlankVerse,0.98,/r/Health/comments/j3z9es/scientists_say_social_distancing_is_working_for_a/,t5_2qh9z
4,"Shut down the country and start over to contain Covid-19, US medical experts urge political leaders",1159,hysi7i,https://www.cnn.com/2020/07/23/health/shutdown-us-contain-coronavirus-wellness/index.html,132,2020-07-27 09:43:34,,progress18,0.94,/r/Health/comments/hysi7i/shut_down_the_country_and_start_over_to_contain/,t5_2qh9z
5,Mask wearers are “dramatically less likely” to get a severe case of Covid-19,1105,ik2spi,https://www.inverse.com/mind-body/masks-breathing-in-less-coronavirus-means-you-get-less-sick,146,2020-08-31 13:49:38,,BlankVerse,0.95,/r/Health/comments/ik2spi/mask_wearers_are_dramatically_less_likely_to_get/,t5_2qh9z
6,Woman who hid COVID-19 condition on flight gets prison with reprieve,1081,l5f9sv,http://www.chinadaily.com.cn/a/202101/26/WS6010099aa31024ad0baa53e5.html,93,2021-01-26 09:39:21,,kongweeneverdie,0.97,/r/Health/comments/l5f9sv/woman_who_hid_covid19_condition_on_flight_gets/,t5_2qh9z
7,"Covid eight times more likely to cause rare brain clot than AstraZeneca vaccine, study finds",1058,mrfqt6,https://www.independent.co.uk/news/science/covid-brain-clot-astrazeneca-vaccine-b1831876.html,56,2021-04-15 10:24:15,,Baron-Munc,0.94,/r/Health/comments/mrfqt6/covid_eight_times_more_likely_to_cause_rare_brain/,t5_2qh9z
8,"University of Alabama reports 1,052 COVID-19 cases since in-person classes began",1007,iirpnw,https://www.axios.com/university-alabama-coronavirus-covid-cases-e647a5f0-6aa1-4474-ae4a-7bfb3cec774c.html,85,2020-08-29 08:39:23,,progress18,0.98,/r/Health/comments/iirpnw/university_of_alabama_reports_1052_covid19_cases/,t5_2qh9z
9,A conservative radio host who downplayed vaccines on his show is on an oxygen machine after a severe COVID-19 infection,983,ovtbc5,https://www.businessinsider.com/conservative-radio-host-downplayed-vaccines-on-oxygen-machine-2021-7,200,2021-08-01 10:41:04,,progress18,0.93,/r/Health/comments/ovtbc5/a_conservative_radio_host_who_downplayed_vaccines/,t5_2qh9z
10,Nurses Suspended for Refusing COVID-19 Care Without N95 Mask | California News,956,g2dwoi,https://www.usnews.com/news/politics/articles/2020-04-16/nurses-suspended-for-refusing-covid-19-care-without-n95-mask,93,2020-04-16 08:23:38,,703184,0.98,/r/Health/comments/g2dwoi/nurses_suspended_for_refusing_covid19_care/,t5_2qh9z
11,5 critically ill COVID patients (on ventilators) received antibody-rich plasma from 5 other patients who had recovered from COVID.,964,ftnd8r,https://jamanetwork.com/journals/jama/fullarticle/2763983?resultClick=1,65,2020-04-02 10:33:46,,vernonjackson311,0.99,/r/Health/comments/ftnd8r/5_critically_ill_covid_patients_on_ventilators/,t5_2qh9z
12,COVID-19's deadliness for men is revealing why researchers should have been studying immune system sex differences years ago,950,h0xdsn,https://theconversation.com/covid-19s-deadliness-for-men-is-revealing-why-researchers-should-have-been-studying-immune-system-sex-differences-years-ago-138767,55,2020-06-11 07:17:32,,shallah,0.97,/r/Health/comments/h0xdsn/covid19s_deadliness_for_men_is_revealing_why/,t5_2qh9z
13,"No, you can’t be ‘so healthy’ that you’re naturally immune to COVID",955,p4vu0z,https://www.oregonlive.com/coronavirus/2021/08/no-you-cant-be-so-healthy-that-youre-naturally-immune-to-covid.html,143,2021-08-15 11:43:31,,progress18,0.92,/r/Health/comments/p4vu0z/no_you_cant_be_so_healthy_that_youre_naturally/,t5_2qh9z
14,Nearly one-third of Florida children tested are positive for COVID-19 : TheGrio,941,hsjud8,https://thegrio.com/2020/07/16/one-third-florida-children-positive-covid-19/,154,2020-07-16 18:27:22,,kugkug,0.97,/r/Health/comments/hsjud8/nearly_onethird_of_florida_children_tested_are/,t5_2qh9z
15,COVID-19 at the Gym: Every Single Participant in This Maskless Cycling Class Got Coronavirus,931,ltrmml,https://www.self.com/story/indoor-fitness-classes-covid-19-outbreaks/amp,99,2021-02-27 11:29:23,,Bonboniru,0.96,/r/Health/comments/ltrmml/covid19_at_the_gym_every_single_participant_in/,t5_2qh9z
16,"Most Coronavirus Tests Cost About $100. Why Did One Cost $2,315? U.S. health care prices are unregulated, opaque and unpredictable. When Congress required insurers to cover Covid-19 testing, a few providers decided to take advantage",893,ha52tr,https://www.nytimes.com/2020/06/16/upshot/coronavirus-test-cost-varies-widely.html?action=click&module=Top%20Stories&pgtype=Homepage,54,2020-06-16 10:29:58,,DoremusJessup,0.98,/r/Health/comments/ha52tr/most_coronavirus_tests_cost_about_100_why_did_one/,t5_2qh9z
17,"CDC: Nearly every adult COVID-19 death is now ""entirely preventable"" thanks to vaccines",898,o5yzt8,https://www.axios.com/cdc-adult-coronavirus-death-delta-variant-vaccines-2c8e4479-e162-4ca9-9fae-7c692d26b95a.html,65,2021-06-22 18:27:11,,BlankVerse,0.95,/r/Health/comments/o5yzt8/cdc_nearly_every_adult_covid19_death_is_now/,t5_2qh9z
18,Covid-19 is now the No. 3 cause of death in the US. And testing to find and isolate cases has dropped off,860,ibisv9,https://www.cnn.com/2020/08/17/health/us-coronavirus-monday/,78,2020-08-17 13:39:33,,kugkug,0.95,/r/Health/comments/ibisv9/covid19_is_now_the_no_3_cause_of_death_in_the_us/,t5_2qh9z
19,New study shows Vitamin D supplementation reduces risk of ICU admission in Covid-19 patients by 97%,852,iojvpj,https://covid.us.org/2020/09/03/new-study-vitamin-d-reduces-risk-of-icu-admission-97/,66,2020-09-07 20:51:01,,charles4995,0.99,/r/Health/comments/iojvpj/new_study_shows_vitamin_d_supplementation_reduces/,t5_2qh9z
20,"COVID-19 patients will be ‘sent home to die’ if deemed too sick, Texas county says",863,hx4c8r,https://www.star-telegram.com/news/coronavirus/article244443257.html,122,2020-07-24 11:59:32,,progress18,0.97,/r/Health/comments/hx4c8r/covid19_patients_will_be_sent_home_to_die_if/,t5_2qh9z
21,Quebec researchers say they have found an effective drug to fight COVID-19,843,l3h773,https://montreal.ctvnews.ca/mobile/quebec-researchers-say-they-have-found-an-effective-drug-to-fight-covid-19-1.5279310,72,2021-01-23 13:16:11,,Kiskadee65,0.99,/r/Health/comments/l3h773/quebec_researchers_say_they_have_found_an/,t5_2qh9z
22,Moderna COVID-19 vaccine causes swelling and inflammation in patients who have cosmetic facial fillers,850,kk1ep9,https://abc7.com/covid-19-pandemic-vaccine-moderna-side-effects/9012113/,78,2020-12-25 11:12:45,,lurker_bee,0.97,/r/Health/comments/kk1ep9/moderna_covid19_vaccine_causes_swelling_and/,t5_2qh9z
23,"7 in 10 people hospitalized for Covid-19 have not fully recovered five months after discharge, study says",836,mggu7z,https://www.cnn.com/2021/03/24/health/long-covid-months-after-discharge-study/index.html,63,2021-03-30 10:06:38,,Baron-Munc,0.96,/r/Health/comments/mggu7z/7_in_10_people_hospitalized_for_covid19_have_not/,t5_2qh9z
24,9-Year-Old Girl Dies in Her Sleep 3 Days After Testing Positive for COVID: ‘Our Family Is Shattered’,828,lfl512,https://people.com/health/girl-9-dies-in-sleep-3-days-after-testing-positive-covid/,113,2021-02-08 15:35:16,,Baron-Munc,0.95,/r/Health/comments/lfl512/9yearold_girl_dies_in_her_sleep_3_days_after/,t5_2qh9z
25,"Anxiety, not vaccine, drove reactions like fainting and dizziness at 5 COVID mass vaccination sites in California, other states: CDC",818,n22y9g,https://ktla.com/news/california/anxiety-not-covid-vaccine-drove-reactions-like-fainting-and-dizziness-at-5-mass-vaccination-sites-in-california-other-states-cdc/,72,2021-04-30 16:42:33,,lurker_bee,0.95,/r/Health/comments/n22y9g/anxiety_not_vaccine_drove_reactions_like_fainting/,t5_2qh9z
26,"Texas now has more COVID deaths than New York — despite once trailing by 29,000",817,owqdef,https://www.salon.com/2021/07/31/texas-now-has-more-covid-deaths-than-new-york----despite-once-trailing-by-29000_partner/,65,2021-08-02 19:13:07,,jms1225,0.92,/r/Health/comments/owqdef/texas_now_has_more_covid_deaths_than_new_york/,t5_2qh9z
27,"1 in 5 New Yorkers May Have Had Covid-19, Antibody Tests Suggest",802,g73cfa,https://www.nytimes.com/2020/04/23/nyregion/coronavirus-antibodies-test-ny.html,90,2020-04-24 02:27:29,,themetricsystem,0.98,/r/Health/comments/g73cfa/1_in_5_new_yorkers_may_have_had_covid19_antibody/,t5_2qh9z
28,"Africa has unusually low fatality rates from COVID-19, and scientists are baffled Experts cite a number of possible factors at play, including the continent's youthful population and lessons learned from previous disease outbreaks",801,j2kfcg,https://nationalpost.com/news/world/brought-the-hammer-down-africas-unusually-low-fatality-rates-from-covid-19-leave-scientists-confused,104,2020-09-30 07:33:27,,phishyfingers,0.99,/r/Health/comments/j2kfcg/africa_has_unusually_low_fatality_rates_from/,t5_2qh9z
29,"COVID-19 Has Killed Close To 300 U.S. Health Care Workers, New Data From CDC Shows",803,gsaku9,https://www.npr.org/sections/health-shots/2020/05/28/863526524/covid-19-has-killed-close-to-300-u-s-health-care-workers-new-data-from-cdc-shows,23,2020-05-28 13:28:13,,BlankVerse,0.96,/r/Health/comments/gsaku9/covid19_has_killed_close_to_300_us_health_care/,t5_2qh9z
30,Israel: Pfizer vaccine prevents 98.9 percent of COVID-19 deaths,785,lp4n0m,https://thehill.com/policy/healthcare/public-global-health/539778-israel-pfizer-vaccine-prevents-989-percent-of-covid-19?amp,29,2021-02-21 14:33:53,,Bonboniru,0.96,/r/Health/comments/lp4n0m/israel_pfizer_vaccine_prevents_989_percent_of/,t5_2qh9z
31,260 employees in Georgia school district have tested positive for Covid-19 or been exposed,788,i2wksc,https://www.cnn.com/2020/08/03/us/gwinnett-schools-covid-employees/index.html,68,2020-08-03 08:58:54,,progress18,0.96,/r/Health/comments/i2wksc/260_employees_in_georgia_school_district_have/,t5_2qh9z
32,"Vitamin D can cut risk of fatal Covid complications, research finds",759,j0moqt,https://www.independent.co.uk/news/health/coronavirus-vitamin-d-reduce-risk-research-b624413.html,58,2020-09-27 03:02:06,,greyuniwave,0.97,/r/Health/comments/j0moqt/vitamin_d_can_cut_risk_of_fatal_covid/,t5_2qh9z
33,"Fauci says he has serious doubts Russia's COVID-19 vaccine is safe, effective",757,i86ahw,https://abcnews.go.com/US/fauci-doubts-russias-covid-19-vaccine-safe-effective/story?id=72309297,99,2020-08-11 23:20:22,,milkprogrammer,0.97,/r/Health/comments/i86ahw/fauci_says_he_has_serious_doubts_russias_covid19/,t5_2qh9z
34,"'All the hospitals are full': In Houston, overwhelmed ICUs leave COVID-19 patients waiting in ER",753,hoxpgx,https://www.nbcnews.com/news/us-news/all-hospitals-are-full-houston-overwhelmed-icus-leave-covid-19-n1233430,95,2020-07-10 17:34:09,,progress18,0.97,/r/Health/comments/hoxpgx/all_the_hospitals_are_full_in_houston_overwhelmed/,t5_2qh9z
35,"A parent sent their child to school after a positive Covid-19 test. More than 80 students may have been exposed, officials say",746,p3f4xk,https://www.cnn.com/2021/08/12/us/reno-nevada-school-covid-exposure/index.html,103,2021-08-12 23:10:36,,progress18,0.96,/r/Health/comments/p3f4xk/a_parent_sent_their_child_to_school_after_a/,t5_2qh9z
36,"Antibody drugs used to treat Trump, others could cut Covid-19 hospitalizations by half, but they're not being used by the general public",734,keiq20,https://www.cnbc.com/2020/12/16/covid-19-antibody-drug-used-to-treat-president-trump-isnt-getting-to-americans.html,55,2020-12-16 16:43:56,,Bonboniru,0.97,/r/Health/comments/keiq20/antibody_drugs_used_to_treat_trump_others_could/,t5_2qh9z
37,University of Alabama reports more than 500 confirmed COVID-19 cases,729,igca8z,https://www.al.com/news/2020/08/university-of-alabama-reports-more-than-500-confirmed-covid-19-cases.html,37,2020-08-25 09:33:48,,progress18,0.98,/r/Health/comments/igca8z/university_of_alabama_reports_more_than_500/,t5_2qh9z
38,"Hospital Bills for Uninsured COVID Patients Are Covered, but No One Tells Them",704,jkp2pm,https://khn.org/news/hospital-bills-for-uninsured-covid-patients-are-covered-but-no-one-tells-them/,20,2020-10-29 23:06:21,,shallah,0.99,/r/Health/comments/jkp2pm/hospital_bills_for_uninsured_covid_patients_are/,t5_2qh9z
39,CDC: 99.5% of COVID-19 deaths are from unvaccinated individuals,700,ogx84y,https://news.yahoo.com/cdc-99-5-covid-19-162125960.html,116,2021-07-09 10:53:58,,progress18,0.93,/r/Health/comments/ogx84y/cdc_995_of_covid19_deaths_are_from_unvaccinated/,t5_2qh9z
40,"A Medical Worker Describes Terrifying Lung Failure From COVID-19 — Even in His Young Patients - “It 1st struck me how different it was when I saw my 1st patient go bad. I was like, Holy shit, this is not the flu.”",688,fmf84l,https://www.propublica.org/article/a-medical-worker-describes--terrifying-lung-failure-from-covid19-even-in-his-young-patients,102,2020-03-21 09:48:46,,anutensil,0.97,/r/Health/comments/fmf84l/a_medical_worker_describes_terrifying_lung/,t5_2qh9z
41,"COVID-19 Is Proof of Just How Socially Determined Health Is: A virus doesn’t care how much money you have or where you live. Yet, the pandemic has shown in the starkest terms that inequality kills—and what to do about it",684,iui27l,https://www.vice.com/en_us/article/3azjzv/covid-19-is-proof-of-just-how-socially-determined-health-is,28,2020-09-17 08:01:52,,mubukugrappa,0.94,/r/Health/comments/iui27l/covid19_is_proof_of_just_how_socially_determined/,t5_2qh9z
42,"Expired Respirators. Reused Masks. Nurses in the Nation’s Original Covid-19 Epicenter Offer Sobering Accounts of What Could Come. When nurses at a Washington State hospital complained about expired respirators, staff were ordered to remove stickers showing the equipment was yrs out of date.",680,fqsm7u,https://www.propublica.org/article/expired-respirators-reused-masks-nurses-in-the-nations-original-covid-19-epicenter-offer-sobering-accounts-of-what-could-come,43,2020-03-28 17:08:58,,anutensil,0.98,/r/Health/comments/fqsm7u/expired_respirators_reused_masks_nurses_in_the/,t5_2qh9z
43,"Nurse union issues grave warning on COVID-19: ""The nation's hospitals are unprepared""",671,feoa05,https://www.salon.com/2020/03/06/nurse-union-issues-grave-warning-on-covid-19-the-nations-hospitals-are-unprepared/,53,2020-03-06 20:56:37,,futuredude,0.96,/r/Health/comments/feoa05/nurse_union_issues_grave_warning_on_covid19_the/,t5_2qh9z
44,US hits 4 million Covid-19 vaccine doses in a day for a new record,673,mjk2tr,https://www.cnn.com/2021/04/03/health/us-coronavirus-saturday/index.html,61,2021-04-03 19:33:43,,progress18,0.98,/r/Health/comments/mjk2tr/us_hits_4_million_covid19_vaccine_doses_in_a_day/,t5_2qh9z
45,3-month-old on ventilator; New Orleans doctor says unvaccinated adults cause COVID spread among kids,680,p2xypm,https://www.wdsu.com/article/new-orleans-louisiana-children-sick-covid-19-unvaccianted-adults-responsible/37259391,55,2021-08-12 07:31:58,,progress18,0.91,/r/Health/comments/p2xypm/3monthold_on_ventilator_new_orleans_doctor_says/,t5_2qh9z
46,"Americans will soon find a new vending machine item in grocery stores, shopping malls, airports and subway stations around the country: at-home test kits for COVID-19",662,lageer,https://www.cbsnews.com/news/covid-19-testing-kits-vending-machines/?ftag=CNM-00-10aac3a,29,2021-02-01 17:39:55,,Imperial_in_NewYork,0.97,/r/Health/comments/lageer/americans_will_soon_find_a_new_vending_machine/,t5_2qh9z
47,"Johnson & Johnson's COVID Vaccine Is Effective Against The Delta Variant, Studies Find",667,ocbmte,https://www.npr.org/sections/coronavirus-live-updates/2021/07/01/1012372893/johnson-johnsons-covid-vaccine-is-effective-against-the-delta-variant-studies-fi,70,2021-07-02 10:48:57,,lurker_bee,0.95,/r/Health/comments/ocbmte/johnson_johnsons_covid_vaccine_is_effective/,t5_2qh9z
48,Mississippi orders everyone who's tested positive for COVID-19 to isolate at home as cases continue to surge,665,p8u3pv,https://www.businessinsider.com/mississippi-orders-home-isolations-covid-19-2021-8,40,2021-08-21 12:06:36,,progress18,0.97,/r/Health/comments/p8u3pv/mississippi_orders_everyone_whos_tested_positive/,t5_2qh9z
49,Good girl: COVID-19-sniffing dog now on staff at Florida hospital,653,n189m7,https://www.tampabay.com/news/health/2021/04/29/covid-19-sniffing-dog-on-staff-at-florida-hospital/,19,2021-04-29 12:32:42,,tommywiseauswife,0.98,/r/Health/comments/n189m7/good_girl_covid19sniffing_dog_now_on_staff_at/,t5_2qh9z
50,Vitamin D Deficiency in COVID-19 Quadrupled Death Rate,651,kq16jm,https://www.medscape.com/viewarticle/942497,94,2021-01-03 23:28:15,,Yogurt789,0.98,/r/Health/comments/kq16jm/vitamin_d_deficiency_in_covid19_quadrupled_death/,t5_2qh9z
51,"‘A national disgrace’: 40,600 COVID-19 deaths tied to US nursing homes",642,hb52xe,https://www.msn.com/en-us/news/us/a-national-disgrace-40600-deaths-tied-to-us-nursing-homes/ar-BB14TyJu,47,2020-06-17 21:40:15,,DoremusJessup,0.97,/r/Health/comments/hb52xe/a_national_disgrace_40600_covid19_deaths_tied_to/,t5_2qh9z
52,US surgeon general warns unvaccinated people are at risk from a potentially more dangerous Covid-19 variant,646,nwk30y,https://www.cnn.com/2021/06/10/health/us-coronavirus-thursday/index.html,211,2021-06-10 06:16:58,,scot816,0.92,/r/Health/comments/nwk30y/us_surgeon_general_warns_unvaccinated_people_are/,t5_2qh9z
53,EPA says Lysol Disinfectant Spray effective in killing COVID-19,635,ho1r01,https://thegrio.com/2020/07/07/epa-says-lysol-disinfectant-spray-effective-in-killing-covid-19/,104,2020-07-09 07:52:51,,bahe1938,0.96,/r/Health/comments/ho1r01/epa_says_lysol_disinfectant_spray_effective_in/,t5_2qh9z
54,"Record low flu cases show how COVID-19 is more contagious and 'less forgiving,' experts say",633,kvdan7,https://www.usatoday.com/story/news/health/2021/01/11/amid-coronavirus-flu-cases-record-low/4127197001/,90,2021-01-11 17:01:52,,BlankVerse,0.94,/r/Health/comments/kvdan7/record_low_flu_cases_show_how_covid19_is_more/,t5_2qh9z
55,"Testing sewage can provide an early warning of COVID-19 outbreaks, detecting community spread 3 to 5 days before hospital admissions rise.",617,jk0uaf,https://insights.som.yale.edu/insights/testing-sewage-can-provide-an-early-warning-of-covid-19-outbreaks,38,2020-10-28 21:21:49,,Express_Hyena,0.99,/r/Health/comments/jk0uaf/testing_sewage_can_provide_an_early_warning_of/,t5_2qh9z
56,How many needless Covid-19 deaths were caused by delays in responding? Most of them,610,hcqcfx,https://www.statnews.com/2020/06/19/faster-response-prevented-most-us-covid-19-deaths/,50,2020-06-20 13:38:17,,jms1225,0.95,/r/Health/comments/hcqcfx/how_many_needless_covid19_deaths_were_caused_by/,t5_2qh9z
57,"Laid Off Without Health Insurance, Miami Hospitality Worker Dies From COVID",606,i6bfrn,https://www.nbcmiami.com/news/local/laid-off-without-health-insurance-miami-hospitality-worker-dies-from-covid/2275069/,70,2020-08-08 22:04:24,,kugkug,0.98,/r/Health/comments/i6bfrn/laid_off_without_health_insurance_miami/,t5_2qh9z
58,Texas surgeon noticing some post-COVID lungs have more scar tissue than smokers’ lungs,602,l061qa,https://www.foxla.com/news/texas-surgeon-noticing-some-post-covid-lungs-have-more-scar-tissue-than-smokers-lungs?taid=60060bfa1a90330001f1bc37&utm_campaign=trueanthem&utm_medium=trueanthem&utm_source=twitter,54,2021-01-18 17:55:59,,lurker_bee,0.95,/r/Health/comments/l061qa/texas_surgeon_noticing_some_postcovid_lungs_have/,t5_2qh9z
59,FDA Approves First COVID-19 Vaccine; Approval Signifies Key Achievement for Public Health,596,pa02q6,https://www.fda.gov/news-events/press-announcements/fda-approves-first-covid-19-vaccine,45,2021-08-23 09:42:14,,progress18,0.94,/r/Health/comments/pa02q6/fda_approves_first_covid19_vaccine_approval/,t5_2qh9z
60,A person who went to work while sick is likely the cause of two separate Covid-19 outbreaks in Oregon,600,kjmk31,https://www.cnn.com/2020/12/23/us/oregon-covid-superspreader-action-trnd/index.html,27,2020-12-24 15:48:39,,Bonboniru,0.98,/r/Health/comments/kjmk31/a_person_who_went_to_work_while_sick_is_likely/,t5_2qh9z
61,"‘I’m sorry, but it’s too late’: Alabama doctor on treating unvaccinated, dying COVID patients",590,oovetn,https://www.al.com/news/2021/07/im-sorry-but-its-too-late-alabama-doctor-on-treating-unvaccinated-dying-covid-patients.html,118,2021-07-21 14:04:31,,BlankVerse,0.92,/r/Health/comments/oovetn/im_sorry_but_its_too_late_alabama_doctor_on/,t5_2qh9z
62,United States Covid-19 death rate is twice that of Canada,585,hk9cdf,https://www.google.ca/amp/s/www.cbc.ca/amp/1.5553168,72,2020-07-02 20:46:50,,HeyKidsItsHudson,0.94,/r/Health/comments/hk9cdf/united_states_covid19_death_rate_is_twice_that_of/,t5_2qh9z
63,COVID-19 is making tinnitus worse: New research also indicates that hearing loss could be ‘long COVID’ symptom,576,jp7dbq,https://aru.ac.uk/news/covid-19-is-making-tinnitus-worse-new-study,35,2020-11-06 10:45:20,,mubukugrappa,0.96,/r/Health/comments/jp7dbq/covid19_is_making_tinnitus_worse_new_research/,t5_2qh9z
64,On bad days I can’t stand up in the shower: I am 31 and have had long Covid since March 2020’,572,m716p4,https://www.independent.co.uk/life-style/health-and-families/long-covid-young-people-symptoms-b1817508.html,76,2021-03-17 10:06:41,,Baron-Munc,0.94,/r/Health/comments/m716p4/on_bad_days_i_cant_stand_up_in_the_shower_i_am_31/,t5_2qh9z
65,"Obesity increases risk of Covid-19 death by 48%, study finds. Comprehensive study suggests vaccine may not work as well for overweight people",578,ih0rfh,https://www.theguardian.com/world/2020/aug/26/obesity-increases-risk-of-covid-19-death-by-48-study-finds?CMP=Share_AndroidApp_Add_to_Firefox,60,2020-08-26 11:20:39,,Bluest_waters,0.98,/r/Health/comments/ih0rfh/obesity_increases_risk_of_covid19_death_by_48/,t5_2qh9z
66,Moderna CEO says COVID-19 vaccine protection may last years,574,ksk27t,https://www.cbsnews.com/news/covid-vaccine-last-years-moderna-ceo/?ftag=CNM-00-10aab7e&linkId=108658841,62,2021-01-07 14:02:17,,lurker_bee,0.96,/r/Health/comments/ksk27t/moderna_ceo_says_covid19_vaccine_protection_may/,t5_2qh9z
67,Dr. Scott Gottlieb says getting vaccinated doesn't mean people can just return to pre-Covid life,574,krqafd,https://www.cnbc.com/2021/01/06/covid-vaccine-dr-scott-gottlieb-says-getting-it-doesnt-mean-return-to-pre-covid-life.html,118,2021-01-06 10:42:34,,Bonboniru,0.94,/r/Health/comments/krqafd/dr_scott_gottlieb_says_getting_vaccinated_doesnt/,t5_2qh9z
68,CDC report on COVID-19 cleaning practices finds some gargling with bleach. That's very dangerous.,566,gxb6y3,https://www.nbcnews.com/health/health-news/cdc-report-covid-19-cleaning-practices-finds-some-gargling-bleach-n1225826,50,2020-06-05 15:25:48,,BlankVerse,0.97,/r/Health/comments/gxb6y3/cdc_report_on_covid19_cleaning_practices_finds/,t5_2qh9z
69,"If Florida Were A Nation, U.S. Would Consider A COVID Travel Ban: Doc",573,p138t6,https://www.huffpost.com/entry/ron-desantis-florida-covid-ban-travel-from_n_61109475e4b06253fa50f70a,52,2021-08-09 11:04:35,,progress18,0.91,/r/Health/comments/p138t6/if_florida_were_a_nation_us_would_consider_a/,t5_2qh9z
70,CDC Confirms Link of Inflammatory Syndrome in Children to COVID-19; 145 Potential Cases in NYC,563,gm3jn3,https://www.nbcnewyork.com/news/local/cdc-confirms-link-of-inflammatory-syndrome-in-children-to-covid-19-145-potential-cases-in-nyc/2421547/,45,2020-05-18 11:27:53,,Gullible_Peach,0.97,/r/Health/comments/gm3jn3/cdc_confirms_link_of_inflammatory_syndrome_in/,t5_2qh9z
71,WHO boss: China owes it to 3.75m dead to reveal Covid-19 origins,567,nzgvkf,https://www.cityam.com/who-boss-china-owes-it-to-3-75m-dead-to-reveal-covid-19-origins/,68,2021-06-14 02:58:35,,Newsjunkeefromlondon,0.96,/r/Health/comments/nzgvkf/who_boss_china_owes_it_to_375m_dead_to_reveal/,t5_2qh9z
72,Hospital worker fired for deliberately leaving hundreds of COVID vaccine doses out of refrigerator,566,knyctn,https://www.cbsnews.com/news/covid-vaccine-aurora-medical-center-grafton-wisconsin-hospital-worker-fired/,52,2020-12-31 16:22:13,,lady_danno,0.99,/r/Health/comments/knyctn/hospital_worker_fired_for_deliberately_leaving/,t5_2qh9z
73,"Face masks could be giving people Covid-19 immunity, researchers suggest",557,itebnn,https://www.telegraph.co.uk/global-health/science-and-disease/face-masks-could-giving-people-covid-19-immunity-researchers/,71,2020-09-15 14:16:43,,idc2011,0.89,/r/Health/comments/itebnn/face_masks_could_be_giving_people_covid19/,t5_2qh9z
74,"Study finds no benefit, higher death rate in patients taking hydroxychloroquine for Covid-19",554,g5vzme,https://edition.cnn.com/2020/04/21/health/hydroxychloroquine-veterans-study/index.html,118,2020-04-22 02:22:16,,dipo4you,0.93,/r/Health/comments/g5vzme/study_finds_no_benefit_higher_death_rate_in/,t5_2qh9z
75,"Higher flu vaccination rates could help expose new viruses like Covid-19 earlier, expert says",559,gawktf,https://www.theguardian.com/world/2020/apr/10/higher-flu-vaccination-rates-could-help-expose-new-viruses-like-covid-19-earlier-expert-says,46,2020-04-30 10:23:03,,shallah,0.92,/r/Health/comments/gawktf/higher_flu_vaccination_rates_could_help_expose/,t5_2qh9z
76,"Full approval for Pfizer Covid vaccine could come from FDA on Monday, report says",563,p9ewh1,https://www.cnbc.com/2021/08/20/full-approval-for-pfizer-covid-vaccine-could-come-from-fda-monday-report-says.html,51,2021-08-22 11:51:33,,progress18,0.94,/r/Health/comments/p9ewh1/full_approval_for_pfizer_covid_vaccine_could_come/,t5_2qh9z
77,Vaccine-resistant lambda COVID-19 variant appears in US,549,p1ns7i,https://english.alarabiya.net/coronavirus/2021/08/09/Vaccine-resistant-lambda-COVID-19-variant-appears-in-US,181,2021-08-10 08:02:25,,NomenAngel,0.89,/r/Health/comments/p1ns7i/vaccineresistant_lambda_covid19_variant_appears/,t5_2qh9z
78,Most Lungs Recover Well After COVID-19 – According to Extensive Health Assessment 3 Months After Recovery.,544,ln70ap,https://scitechdaily.com/most-lungs-recover-well-after-covid-19-according-to-extensive-health-assessment-3-months-after-recovery/,50,2021-02-18 23:45:26,,DomPachino,0.97,/r/Health/comments/ln70ap/most_lungs_recover_well_after_covid19_according/,t5_2qh9z
79,"The next COVID-19 challenge: Convincing people to get flu shots - Coinciding flu and COVID-19 outbreaks could overwhelm hospitals and drain resources, threatening lives and the response to the pandemic.",541,h7prq5,https://www.msn.com/en-us/news/politics/the-next-covid-19-challenge-convincing-people-to-get-flu-shots/ar-BB15l0Vj,71,2020-06-12 14:03:27,,shallah,0.94,/r/Health/comments/h7prq5/the_next_covid19_challenge_convincing_people_to/,t5_2qh9z
80,Nasal vaccine against COVID-19 prevents infection in mice: Nasal delivery produces more widespread immune response than intramuscular injection,542,iegnbo,https://medicine.wustl.edu/news/nasal-vaccine-against-covid-19-prevents-infection-in-mice/,28,2020-08-22 07:10:26,,mubukugrappa,0.99,/r/Health/comments/iegnbo/nasal_vaccine_against_covid19_prevents_infection/,t5_2qh9z
81,The US is diving into a dark Covid hole -- and there's no plan to get out,533,hol9bp,https://edition.cnn.com/2020/07/10/politics/donald-trump-coronavirus-no-plan/index.html,154,2020-07-10 04:26:29,,mostaksaif,0.93,/r/Health/comments/hol9bp/the_us_is_diving_into_a_dark_covid_hole_and/,t5_2qh9z
82,"Lambda COVID variant ""a potential threat to human society,"" researchers say",527,oz8c1g,https://www.newsweek.com/lambda-covid-variant-potential-threat-society-researchers-1616556?amp=1,229,2021-08-06 10:59:17,,lurker_bee,0.87,/r/Health/comments/oz8c1g/lambda_covid_variant_a_potential_threat_to_human/,t5_2qh9z
83,"An Arkansas woman was only expected to live a few hours after being taken off a ventilator. Instead, the Covid-19 patient smiled and tried to wave",528,kghcmg,https://www.cnn.com/2020/12/19/us/arkansas-coronavirus-recovery-trnd/index.html,61,2020-12-19 17:05:05,,Bonboniru,0.93,/r/Health/comments/kghcmg/an_arkansas_woman_was_only_expected_to_live_a_few/,t5_2qh9z
84,President Donald Trump tweets he and first lady Melania Trump test positive for Covid-19,527,j3opyw,https://www.cnn.com/2020/10/01/politics/hope-hicks-positive-coronavirus/index.html,152,2020-10-02 01:17:46,,vauss88,0.96,/r/Health/comments/j3opyw/president_donald_trump_tweets_he_and_first_lady/,t5_2qh9z
85,"Melatonin as Possible COVID-19 Treatment: Results from a new study suggest that melatonin, a hormone that regulates the sleep-wake cycle and is commonly used as an over-the-counter sleep aid, may be a viable treatment option for COVID-19",517,jrr9up,https://www.lerner.ccf.org/news/details/?Cleveland+Clinic+Researchers+Use+%E2%80%9CBig+Data%E2%80%9D+Approach+to+Identify+Melatonin+as+Possible+COVID-19+Treatment&368b40ada56204bc8992942e8032bedb4d865564&390f8e37ac9d0069b5928b94dac2d4a31f491013,52,2020-11-10 14:09:26,,mubukugrappa,0.97,/r/Health/comments/jrr9up/melatonin_as_possible_covid19_treatment_results/,t5_2qh9z
86,"Quebec schools without air purifiers have 3 to 4 times more COVID-19 cases, says dad running citizen count",524,mxld11,https://montreal.ctvnews.ca/quebec-schools-without-air-purifiers-have-3-to-4-times-more-covid-19-cases-says-dad-running-citizen-count-1.5400739,22,2021-04-24 10:45:09,,morenewsat11,0.97,/r/Health/comments/mxld11/quebec_schools_without_air_purifiers_have_3_to_4/,t5_2qh9z
87,"SARS-CoV-2 Spike Proteins Disrupt the Blood-Brain Barrier, Potentially Raising Risk of Neurological Damage in COVID-19 Patients",520,jlhtza,https://www.templehealth.org/about/news/sars-cov-2-spike-proteins-disrupt-the-blood-brain-barrier-potentially-raising-risk-of-neurological-damage-in-covid-19-patients,49,2020-10-31 08:51:08,,mubukugrappa,0.97,/r/Health/comments/jlhtza/sarscov2_spike_proteins_disrupt_the_bloodbrain/,t5_2qh9z
88,Texas Gov. Greg Abbott tests positive for COVID-19,518,p6fb6x,https://www.texastribune.org/2021/08/17/texas-governor-greg-abbott-positive-covid/,29,2021-08-17 19:32:38,,progress18,0.95,/r/Health/comments/p6fb6x/texas_gov_greg_abbott_tests_positive_for_covid19/,t5_2qh9z
89,Breakthrough COVID infections show 'the unvaccinated are now putting the vaccinated at risk',519,ou8mt9,https://www.pbs.org/newshour/health/breakthrough-covid-infections-show-the-unvaccinated-are-now-putting-the-vaccinated-at-risk,202,2021-07-29 19:10:09,,Exastiken,0.88,/r/Health/comments/ou8mt9/breakthrough_covid_infections_show_the/,t5_2qh9z
90,Neanderthal genes linked to severe COVID-19; Mosquitoes cannot transmit the coronavirus,515,j34j5e,https://www.reuters.com/article/us-health-coronavirus-science-idUSKBN26L3HC,35,2020-10-01 04:13:52,,mubukugrappa,0.98,/r/Health/comments/j34j5e/neanderthal_genes_linked_to_severe_covid19/,t5_2qh9z
91,"For many, the belated realization that COVID will be ‘a long war’ sparks anger and denial",513,ox9cub,https://www.pbs.org/newshour/health/for-many-the-belated-realization-that-covid-will-be-a-long-war-sparks-anger-and-denial,113,2021-08-03 14:15:14,,Exastiken,0.95,/r/Health/comments/ox9cub/for_many_the_belated_realization_that_covid_will/,t5_2qh9z
92,"Pharmaceutical companies have raised prices on 245 drugs since the first U.S. coronavirus case was reported on Jan. 20, according to a report released Sunday by an advocacy group. Sixty-one of the drugs that saw price increases are being used to treat COVID-19, and 30 are in clinical trials",514,hiaheg,https://thehill.com/policy/healthcare/505115-companies-hiked-prices-on-245-drugs-during-pandemic-advocacy-group-says,37,2020-06-29 18:32:03,,DoremusJessup,0.98,/r/Health/comments/hiaheg/pharmaceutical_companies_have_raised_prices_on/,t5_2qh9z
93,Biden admin recommends Covid-19 booster shots for all Americans; Officials said that third doses of vaccines from Moderna and Pfizer would be available starting Sept. 20.,507,p6t2zn,https://www.politico.com/news/2021/08/18/biden-recommends-covid-booster-shots-505911,81,2021-08-18 11:09:35,,progress18,0.93,/r/Health/comments/p6t2zn/biden_admin_recommends_covid19_booster_shots_for/,t5_2qh9z
94,"CDC: Depression, anxiety continue rise in U.S. due to COVID-19 pandemic",501,mdrzuo,https://www.upi.com/Health_News/2021/03/26/coronavirus-mental-health-cdc-data/1551616769476/,50,2021-03-26 12:07:09,,gravitron,0.98,/r/Health/comments/mdrzuo/cdc_depression_anxiety_continue_rise_in_us_due_to/,t5_2qh9z
95,Health official: Egypt's actual COVID-19 infection figures are 10 times higher than reported,499,khrdln,https://www.egyptindependent.com/health-official-egypts-actual-covid-19-infection-figures-are-10-times-higher-than-reported/,18,2020-12-21 17:01:46,,boppinmule,0.98,/r/Health/comments/khrdln/health_official_egypts_actual_covid19_infection/,t5_2qh9z
96,Fauci Calls Russia's Claim of Effective COVID-19 Vaccine 'Bogus',499,icuu3c,https://www.newsweek.com/fauci-calls-russias-claim-effective-covid-19-vaccine-bogus-1526239,41,2020-08-19 15:44:29,,mostaksaif,0.98,/r/Health/comments/icuu3c/fauci_calls_russias_claim_of_effective_covid19/,t5_2qh9z
97,NIH study uncovers blood vessel damage and inflammation in COVID-19 patients’ brains but no infection,495,knp7gw,https://www.nih.gov/news-events/news-releases/nih-study-uncovers-blood-vessel-damage-inflammation-covid-19-patients-brains-no-infection,59,2020-12-31 07:31:37,,Express_Hyena,0.98,/r/Health/comments/knp7gw/nih_study_uncovers_blood_vessel_damage_and/,t5_2qh9z
98,1 in 4 construction workers thought about suicide pre covid-19,494,gk9oom,https://www.personneltoday.com/hr/one-in-four-construction-workers-has-thought-about-suicide/,62,2020-05-15 10:03:40,,CerysMai,0.96,/r/Health/comments/gk9oom/1_in_4_construction_workers_thought_about_suicide/,t5_2qh9z
99,"HIV/AIDS vaccine: Why don't we have one after 37 years, when we have several for COVID-19 after a few months?",487,nf2xzp,https://theconversation.com/hiv-aids-vaccine-why-dont-we-have-one-after-37-years-when-we-have-several-for-covid-19-after-a-few-months-160690,86,2021-05-18 02:11:01,,Fuji_Dragon,0.94,/r/Health/comments/nf2xzp/hivaids_vaccine_why_dont_we_have_one_after_37/,t5_2qh9z
100,"Seasonal colds are by all accounts no fun, but new research suggests the colds you’ve had in the past may provide some protection from COVID-19",485,j6ouv2,https://www.urmc.rochester.edu/news/story/can-the-common-cold-help-protect-you-from-covid-19,33,2020-10-07 07:04:36,,mubukugrappa,0.99,/r/Health/comments/j6ouv2/seasonal_colds_are_by_all_accounts_no_fun_but_new/,t5_2qh9z
101,Vaccine Refusal Will Come at a Cost—For All of Us. People who refuse to get the COVID-19 vaccine will have higher health-care costs. The rest of us will foot the bill.,479,mr3q1j,https://www.theatlantic.com/politics/archive/2021/04/vaccine-refusal-hesitancy-economic-costs/618528/,121,2021-04-14 20:25:24,,jms1225,0.86,/r/Health/comments/mr3q1j/vaccine_refusal_will_come_at_a_costfor_all_of_us/,t5_2qh9z
102,Coronavirus live updates: Fauci was not at meeting where CDC guidelines were discussed; woman may have gotten COVID from plane bathroom,483,ihlx45,https://www.usatoday.com/story/news/health/2020/08/27/coronavirus-updates-california-cdc-testing-unemployment/5640833002/,27,2020-08-27 10:23:30,,Fitness_and_Finance,0.94,/r/Health/comments/ihlx45/coronavirus_live_updates_fauci_was_not_at_meeting/,t5_2qh9z
103,"'We are in a very bad place': Alabama COVID-19 hospitalizations breach 2,100 as ICU beds dwindle; ""...if you need an ICU bed you're going to find it increasingly difficult to get one. Whether it's a stroke, a motor vehicle accident, a heart attack, ICU availability is increasingly limited""",478,p2aqzj,https://www.montgomeryadvertiser.com/story/news/local/2021/08/09/alabama-covid-cases-hospitalizations-strain-state-icu-capacity/5538009001/,49,2021-08-11 06:58:05,,progress18,0.95,/r/Health/comments/p2aqzj/we_are_in_a_very_bad_place_alabama_covid19/,t5_2qh9z
104,"Widespread COVID-19 vaccinations not expected until mid-2021, WHO says",489,imi4y3,https://www.reuters.com/article/us-health-coronavirus-who-briefing/widespread-covid-19-vaccinations-not-expected-until-mid-2021-who-says-idUSKBN25V1B0,69,2020-09-04 11:35:26,,progress18,0.97,/r/Health/comments/imi4y3/widespread_covid19_vaccinations_not_expected/,t5_2qh9z
105,"Texas has seen nearly 9,000 COVID-19 deaths since February. All but 43 were unvaccinated people. | Preliminary data shows 99.5% of COVID-related deaths in Texas were among unvaccinated people, according to the Department of State Health Services.",475,opae4u,https://www.texastribune.org/2021/07/21/coronavirus-texas-vaccinated-deaths/,95,2021-07-22 05:27:13,,progress18,0.95,/r/Health/comments/opae4u/texas_has_seen_nearly_9000_covid19_deaths_since/,t5_2qh9z
106,"Boston biotech conference led to 245,000 Covid-19 cases across US, genetic fingerprinting shows",478,kbhkzq,https://www.cnn.com/2020/12/11/health/superspreader-covid-boston-biotech-conference/index.html,29,2020-12-11 22:12:50,,Express_Hyena,0.97,/r/Health/comments/kbhkzq/boston_biotech_conference_led_to_245000_covid19/,t5_2qh9z
107,'All the beds are taken up by Covid victims': Hospitals in the South are running out of space or staff,474,p0rtx5,https://www.cnn.com/2021/08/08/health/us-coronavirus-sunday/index.html,86,2021-08-08 21:52:05,,progress18,0.93,/r/Health/comments/p0rtx5/all_the_beds_are_taken_up_by_covid_victims/,t5_2qh9z
108,"The surge of Covid-19 infections for unvaccinated people is only beginning, experts warn",470,ov9gi3,https://www.cnn.com/2021/07/31/health/us-coronavirus-saturday/index.html,100,2021-07-31 11:46:15,,progress18,0.9,/r/Health/comments/ov9gi3/the_surge_of_covid19_infections_for_unvaccinated/,t5_2qh9z
109,"Only 8 ICU beds available in Arkansas as hospitalizations increase; ""Those eight intensive care unit beds are all that is available for any patient, not just those suffering with covid-19.""",468,p1tygn,https://www.arkansasonline.com/news/2021/aug/09/only-8-icu-beds-available-arkansas-hospitalization/,69,2021-08-10 13:27:37,,progress18,0.96,/r/Health/comments/p1tygn/only_8_icu_beds_available_in_arkansas_as/,t5_2qh9z
110,US panel endorses widespread use of Pfizer COVID-19 vaccine,459,kapilf,https://apnews.com/article/us-experts-convene-pfizer-vaccine-virus-4a798b8073c845e60305479e4d94b786,50,2020-12-10 17:44:43,,progress18,0.98,/r/Health/comments/kapilf/us_panel_endorses_widespread_use_of_pfizer/,t5_2qh9z
111,"WHO warns of global surge in COVID cases, deaths as world approaches 'highest rate of infection'",463,mtcylr,https://abcnews.go.com/International/warns-global-surge-covid-cases-deaths-world-approaches/story?id=77090038,53,2021-04-18 09:37:09,,progress18,0.91,/r/Health/comments/mtcylr/who_warns_of_global_surge_in_covid_cases_deaths/,t5_2qh9z
112,Study: Mothers may pass COVID-19 antibodies to newborns,452,l83690,https://www.upi.com/Health_News/2021/01/29/Study-Mothers-may-pass-COVID-19-antibodies-to-newborns/2621611930176/,16,2021-01-29 15:25:50,,gravitron,0.97,/r/Health/comments/l83690/study_mothers_may_pass_covid19_antibodies_to/,t5_2qh9z
113,"The virus that causes the common cold can effectively boot the Covid virus out of the body's cells, say researchers.",454,mbe3v4,http://bbc.com/news/health-56483445,53,2021-03-23 08:56:18,,discocrisco,0.97,/r/Health/comments/mbe3v4/the_virus_that_causes_the_common_cold_can/,t5_2qh9z
114,"Covid Killed His Father. Then Came $1 Million in Medical Bills: Insurers and Congress wrote rules to protect coronavirus patients, but the bills came anyway, leaving some mired in debt",455,nhzbav,https://www.nytimes.com/2021/05/21/upshot/covid-bills-financial-long-haulers.html?action=click&module=Top%20Stories&pgtype=Homepage,29,2021-05-21 14:25:00,,DoremusJessup,0.94,/r/Health/comments/nhzbav/covid_killed_his_father_then_came_1_million_in/,t5_2qh9z
115,Paris sewage reveals COVID still not flushed away,458,hwf0xh,https://www.reuters.com/article/us-health-coronavirus-france-water-idUSKCN24O1NO,49,2020-07-23 08:47:01,,Fitness_and_Finance,0.97,/r/Health/comments/hwf0xh/paris_sewage_reveals_covid_still_not_flushed_away/,t5_2qh9z
116,"Only half of Americans would get a COVID-19 vaccine, poll shows",452,grqh95,https://www.cbsnews.com/news/coronavirus-vaccine-half-americans-would-get/,260,2020-05-27 15:28:08,,BlankVerse,0.95,/r/Health/comments/grqh95/only_half_of_americans_would_get_a_covid19/,t5_2qh9z
117,"COVID-19 Vaccine Shipped, and Drug Trials Start",448,f9qd66,https://time.com/5790545/first-covid-19-vaccine/,64,2020-02-26 03:46:31,,habichuelacondulce,0.98,/r/Health/comments/f9qd66/covid19_vaccine_shipped_and_drug_trials_start/,t5_2qh9z
118,Florida leads nation in coronavirus infections in 2020-like surge; Nearly one-in-five of the nation’s new COVID-19 infections comes from Florida,456,ond7dg,https://www.tampabay.com/news/health/2021/07/16/florida-leads-nation-in-new-coronavirus-infections-in-2020-like-surge/,59,2021-07-19 08:37:28,,progress18,0.95,/r/Health/comments/ond7dg/florida_leads_nation_in_coronavirus_infections_in/,t5_2qh9z
119,"We Asked An Infectious Disease Doctor About Coronavirus. Here’s What She Said: Getting vaccinated against flu will not prevent infection with COVID-19, but the more people who are flu vaccinated, the fewer who will need to be admitted to the hospital with complications",450,fbb9y9,https://www.msn.com/en-us/health/health-news/we-asked-an-infectious-disease-doctor-about-coronavirus-heres-what-she-said/ar-BB10tBX9,23,2020-02-29 06:28:53,,shallah,0.95,/r/Health/comments/fbb9y9/we_asked_an_infectious_disease_doctor_about/,t5_2qh9z
120,"Covid: Vaccinated people may spread virus, says Van-Tam",439,l3yrtg,https://www.bbc.co.uk/news/uk-55784199,55,2021-01-24 07:44:12,,boppinmule,0.93,/r/Health/comments/l3yrtg/covid_vaccinated_people_may_spread_virus_says/,t5_2qh9z
121,C.D.C. Testing Guidance Was Published Against Scientists’ Objections A controversial guideline saying people without Covid-19 symptoms didn’t need to get tested for the virus came from H.H.S. officials and skipped the C.D.C.’s scientific review process.,443,ivblco,https://www.nytimes.com/2020/09/17/health/coronavirus-testing-cdc.html,12,2020-09-18 14:25:40,,phishyfingers,0.97,/r/Health/comments/ivblco/cdc_testing_guidance_was_published_against/,t5_2qh9z
122,COVID might cause more blood clots than we realized | Popular Science,444,mq27yy,https://www.popsci.com/story/uncategorized/covid-blood-clots/,57,2021-04-13 09:26:35,,Baron-Munc,0.96,/r/Health/comments/mq27yy/covid_might_cause_more_blood_clots_than_we/,t5_2qh9z
123,Some Covid-19 long haulers say vaccines may be relieving their symptoms. Researchers are looking into it,439,mk2x8i,https://wsvn.com/news/us-world/some-covid-19-long-haulers-say-vaccines-may-be-relieving-their-symptoms-researchers-are-looking-into-it/,35,2021-04-04 15:24:18,,shallah,0.96,/r/Health/comments/mk2x8i/some_covid19_long_haulers_say_vaccines_may_be/,t5_2qh9z
124,COVID-19 survivor who had most of his fingers amputated: ‘This can happen to you’,442,hxi393,https://www.abc4.com/coronavirus/covid-19-survivor-who-had-most-of-his-fingers-amputated-this-can-happen-to-you/,73,2020-07-25 02:25:11,,kugkug,0.95,/r/Health/comments/hxi393/covid19_survivor_who_had_most_of_his_fingers/,t5_2qh9z
125,US buys up world stock of key Covid-19 drug remdesivir,434,hj8nny,https://www.google.co.uk/amp/s/amp.theguardian.com/us-news/2020/jun/30/us-buys-up-world-stock-of-key-covid-19-drug,99,2020-07-01 07:45:50,,Azula_SG,0.97,/r/Health/comments/hj8nny/us_buys_up_world_stock_of_key_covid19_drug/,t5_2qh9z
126,Common colds train the immune system to recognize COVID-19,423,i4i41p,https://www.livescience.com/common-cold-coronaviruses-t-cells-covid-19-immunity.html,87,2020-08-05 21:09:58,,BlankVerse,0.97,/r/Health/comments/i4i41p/common_colds_train_the_immune_system_to_recognize/,t5_2qh9z
127,Report: Dogs can detect COVID-19 in human sweat,422,ngfsyi,https://www.audacy.com/knx1070/news/national/report-dogs-can-detect-covid-19-in-humans-sweat,13,2021-05-19 16:13:40,,lurker_bee,0.98,/r/Health/comments/ngfsyi/report_dogs_can_detect_covid19_in_human_sweat/,t5_2qh9z
128,3 Countries Starting Coronavirus Vaccine Trials in Global Race - There is currently no vaccine or treatment for the virus that causes COVID-19.,426,flu6mi,https://www.newsweek.com/countries-coronavirus-vaccine-trials-covid-19-before-end-year-1493362,40,2020-03-20 08:27:06,,anutensil,0.98,/r/Health/comments/flu6mi/3_countries_starting_coronavirus_vaccine_trials/,t5_2qh9z
129,Study finds over 80 percent of COVID-19 patients have vitamin D deficiency - Vitamin D deficiency was more prevalent in men,425,jk5ztz,https://www.endocrine.org/news-and-advocacy/news-room/2020/study-finds-over-80-percent-of-covid19-patients-have-vitamin-d-deficiency,43,2020-10-29 04:00:21,,mubukugrappa,0.99,/r/Health/comments/jk5ztz/study_finds_over_80_percent_of_covid19_patients/,t5_2qh9z
130,Philippines man dies 'after doing 300 squats for breaching Covid curfew',419,mm4t1r,https://www.theguardian.com/world/2021/apr/06/philippines-man-dies-after-doing-300-squats-for-breaching-covid-curfew,50,2021-04-07 11:35:50,,tanginangbuhay0927,0.97,/r/Health/comments/mm4t1r/philippines_man_dies_after_doing_300_squats_for/,t5_2qh9z
131,Study confirms longer-term lung damage after COVID-19 - NIHR Oxford Biomedical Research Centre,418,nkxgd9,https://oxfordbrc.nihr.ac.uk/study-confirms-longer-term-lung-damage-after-covid-19/,37,2021-05-25 15:07:11,,Baron-Munc,0.98,/r/Health/comments/nkxgd9/study_confirms_longerterm_lung_damage_after/,t5_2qh9z
132,‘Pray for a miracle’: Covid long-haulers fight debilitating symptoms a year later,422,lz30wf,https://www.nbcnews.com/video/-pray-for-a-miracle-covid-long-haulers-fight-debilitating-symptoms-a-year-later-102192709794,37,2021-03-06 09:47:36,,Baron-Munc,0.94,/r/Health/comments/lz30wf/pray_for_a_miracle_covid_longhaulers_fight/,t5_2qh9z
133,"COVID long-haulers speak about living with brain fog, rancid smells and crushing fatigue",420,m9nfa4,https://abcnews.go.com/Health/millions-covid-19-long-haulers-stories/story?id=75044159,63,2021-03-20 23:33:28,,Baron-Munc,0.95,/r/Health/comments/m9nfa4/covid_longhaulers_speak_about_living_with_brain/,t5_2qh9z
134,"More than 3,000 Louisiana children test positive for COVID-19 in just four days",423,p1373x,https://www.wdsu.com/article/more-than-3000-louisiana-children-test-positive-for-covid-19-in-just-four-days/37246194,42,2021-08-09 11:02:11,,progress18,0.97,/r/Health/comments/p1373x/more_than_3000_louisiana_children_test_positive/,t5_2qh9z
135,US health agencies will decide if COVID-19 booster shots are needed – not vaccine companies,416,nlugjr,https://abcnews.go.com/Health/us-health-agencies-decide-covid-19-booster-shots/story?id=77761587,38,2021-05-26 19:30:31,,shallah,0.98,/r/Health/comments/nlugjr/us_health_agencies_will_decide_if_covid19_booster/,t5_2qh9z
136,Covid put a 21-year-old in a coma. Then she gave birth. Her story underscores covid risk for pregnant women.,411,m5kzis,https://www.tampabay.com/news/health/2021/03/15/covid-19-put-a-21-year-old-on-a-respirator-then-she-gave-birth/,28,2021-03-15 09:43:43,,tommywiseauswife,0.92,/r/Health/comments/m5kzis/covid_put_a_21yearold_in_a_coma_then_she_gave/,t5_2qh9z
137,Biden to direct states to make all adults eligible for Covid vaccines by May 1,410,m34drm,https://www.nbcnews.com/politics/white-house/biden-use-covid-shutdown-anniversary-speech-preview-post-pandemic-future-n1260706,27,2021-03-11 18:58:50,,Imperial_in_NewYork,0.95,/r/Health/comments/m34drm/biden_to_direct_states_to_make_all_adults/,t5_2qh9z
138,"AstraZeneca vaccine can slow the spread of Covid, and delayed second dose works, Oxford data shows",406,lbqiis,https://www.cnbc.com/2021/02/03/delaying-second-astrazeneca-vaccine-dose-does-work-study-shows.html,18,2021-02-03 10:50:59,,Fitness_and_Finance,0.98,/r/Health/comments/lbqiis/astrazeneca_vaccine_can_slow_the_spread_of_covid/,t5_2qh9z
139,Almost third of UK Covid hospital patients readmitted within four months,405,mhv7ni,https://www.theguardian.com/world/2021/apr/01/almost-third-of-uk-covid-hospital-patients-readmitted-within-four-months,30,2021-04-01 09:23:21,,Baron-Munc,0.96,/r/Health/comments/mhv7ni/almost_third_of_uk_covid_hospital_patients/,t5_2qh9z
140,Fully vaccinated people protected from Covid-19 but can pass disease to others,402,o9c43z,https://www.straitstimes.com/singapore/health/fully-vaccinated-people-protected-from-covid-19-but-can-pass-disease-to-others,80,2021-06-27 23:34:49,,Baron-Munc,0.89,/r/Health/comments/o9c43z/fully_vaccinated_people_protected_from_covid19/,t5_2qh9z
141,Vocal anti-vaccine broadcaster dies from COVID-19 complications; Friends say Dick Farrel encouraged them to get the vaccine after he was infected,405,p03r50,https://www.wptv.com/lifestyle/taste-and-see/vocal-anti-vaccine-broadcaster-dies-from-covid-19-complications,36,2021-08-07 19:25:41,,progress18,0.9,/r/Health/comments/p03r50/vocal_antivaccine_broadcaster_dies_from_covid19/,t5_2qh9z
142,B.C. confirms 1st case of childhood inflammatory syndrome linked to COVID-19,397,jcg7wt,https://www.cbc.ca/news/canada/british-columbia/bc-covid-19-update-thursday-1.5763799,5,2020-10-16 15:13:24,,phishyfingers,0.95,/r/Health/comments/jcg7wt/bc_confirms_1st_case_of_childhood_inflammatory/,t5_2qh9z
143,"Deadly Third COVID-19 Wave Grips Europe, Forcing Mass Lockdowns",391,m522ew,https://www.thedailybeast.com/deadly-third-covid-19-wave-grips-europe-forces-mass-lockdowns,56,2021-03-14 15:25:08,,Baron-Munc,0.94,/r/Health/comments/m522ew/deadly_third_covid19_wave_grips_europe_forcing/,t5_2qh9z
144,"Smell and taste changes provide early indication of COVID-19 community spread: Self-reports of smell and taste changes provide earlier markers of the spread of infection of SARS-CoV-2 than current governmental indicators, according to an international team of researchers",393,jsq0gp,https://news.psu.edu/story/638634/2020/11/11/research/smell-and-taste-changes-provide-early-indication-covid-19-community,28,2020-11-12 01:49:08,,mubukugrappa,0.98,/r/Health/comments/jsq0gp/smell_and_taste_changes_provide_early_indication/,t5_2qh9z
145,Artificial intelligence model detects asymptomatic Covid-19 infections through cellphone-recorded coughs,387,jl0zqc,https://news.mit.edu/2020/covid-19-cough-cellphone-detection-1029,24,2020-10-30 13:19:16,,idc2011,0.96,/r/Health/comments/jl0zqc/artificial_intelligence_model_detects/,t5_2qh9z
146,Voices of long Covid: ‘We are the people that never recovered’ – video,388,lv8rr4,https://www.theguardian.com/society/video/2021/mar/01/voices-of-long-covid-we-are-the-people-that-never-recovered-video,47,2021-03-01 08:07:20,,Baron-Munc,0.92,/r/Health/comments/lv8rr4/voices_of_long_covid_we_are_the_people_that_never/,t5_2qh9z
147,"Covid has made it harder to be a health-care worker. Now, many are thinking of quitting",385,noy6dp,https://www.msn.com/en-us/money/markets/covid-has-made-it-harder-to-be-a-health-care-worker-now-many-are-thinking-of-quitting/ar-AAKxWfK?ocid=BingNewsSearch,116,2021-05-31 04:09:50,,shallah,0.96,/r/Health/comments/noy6dp/covid_has_made_it_harder_to_be_a_healthcare/,t5_2qh9z
148,Perspective | Researchers warn covid-19 could cause debilitating long-term illness in some patients,380,gtl25y,https://www.washingtonpost.com/health/could-covid-19-cause-long-term-chronic-fatigue-and-illness-in-some-patients/2020/05/29/bcd5edb2-a02c-11ea-b5c9-570a91917d8d_story.html?fbclid=IwAR3ptoPxQIlLE77_YUj7elIutF1ejgmX8xHHykDEi7tPUCHjS1kO40A68CQ#comments-wrapper,31,2020-05-30 16:21:57,,SirMarglar,0.95,/r/Health/comments/gtl25y/perspective_researchers_warn_covid19_could_cause/,t5_2qh9z
149,"US sets Covid-19 case, hospitalization and death records ahead of key meeting for Moderna's vaccine candidate",371,kf041u,https://www.cnn.com/2020/12/17/health/us-coronavirus-thursday/index.html,24,2020-12-17 11:03:21,,Bonboniru,0.97,/r/Health/comments/kf041u/us_sets_covid19_case_hospitalization_and_death/,t5_2qh9z
150,"How obesity could create problems for a COVID vaccine: Researchers fear that vaccines might not be as effective in people who are obese, a population already highly vulnerable to COVID-19",360,jf9207,https://www.nature.com/articles/d41586-020-02946-6,111,2020-10-21 04:31:59,,mubukugrappa,0.98,/r/Health/comments/jf9207/how_obesity_could_create_problems_for_a_covid/,t5_2qh9z
151,"Lung damage found in COVID dead may shed light on 'long COVID': A study of the lungs of people who have died from COVID-19 has found persistent and extensive lung damage in most cases and may help doctors understand what is behind ‘long COVID’, in which patients suffer ongoing symptoms for months",354,jnplh1,https://www.reuters.com/article/health-coronavirus-lungs-int-idUSKBN27K00X,20,2020-11-03 22:49:25,,mubukugrappa,0.96,/r/Health/comments/jnplh1/lung_damage_found_in_covid_dead_may_shed_light_on/,t5_2qh9z
152,New Pfizer data suggests 3rd COVID vaccine dose 'strongly' boosts protection against delta variant,358,otbjke,https://abc7.com/health/new-pfizer-data-suggests-3rd-vaccine-dose-strongly-boosts-protection/10914062/,106,2021-07-28 10:55:06,,lurker_bee,0.9,/r/Health/comments/otbjke/new_pfizer_data_suggests_3rd_covid_vaccine_dose/,t5_2qh9z
153,"When Covid hit, I started walking 20,000 steps a day. It's changed my life | Life and style",363,k9vyft,https://www.theguardian.com/lifeandstyle/2020/nov/06/covid-walking-20000-steps-a-day-changed-my-life,50,2020-12-09 12:16:08,,VegetableOk4039,0.96,/r/Health/comments/k9vyft/when_covid_hit_i_started_walking_20000_steps_a/,t5_2qh9z
154,"New Jersey hospital faced superbug outbreak amid Covid surge: Carbapenem-resistant Acinetobacter baumanii, or CRAB, is a drug-resistant bacterium known to spread in hospitals, particularly in intensive care units.",353,k5fejv,https://www.nbcnews.com/health/health-news/new-jersey-hospital-faced-superbug-outbreak-amid-covid-surge-n1249559,11,2020-12-02 13:44:14,,shallah,0.99,/r/Health/comments/k5fejv/new_jersey_hospital_faced_superbug_outbreak_amid/,t5_2qh9z
155,"CDC survey finds 39% of respondents report unsafe cleaning practices with intention of preventing COVID-19, including drinking, gargling or washing skin with household cleaners like bleach. Public messaging should emphasize safe, evidence-based cleaning practices.",342,hd5cya,https://www.cdc.gov/mmwr/volumes/69/wr/mm6923e2.htm?s_cid=mm6923e2_e&deliveryName=USCDC_921-DM30015,28,2020-06-21 07:20:57,,Express_Hyena,0.97,/r/Health/comments/hd5cya/cdc_survey_finds_39_of_respondents_report_unsafe/,t5_2qh9z
156,"Local governments ‘overwhelmed’ in race to trace U.S. COVID contacts; ""With the pandemic claiming hundreds of American lives daily, many city and county health departments say they lack the money and staff to warn people who have been exposed, a Reuters survey finds.""",345,i3kepe,https://www.reuters.com/investigates/special-report/health-coronavirus-tracing/,34,2020-08-04 10:35:26,,progress18,0.97,/r/Health/comments/i3kepe/local_governments_overwhelmed_in_race_to_trace_us/,t5_2qh9z
157,He Was Hospitalized for Covid-19. Then Hospitalized Again. And Again.,344,kn8m8s,https://www.nytimes.com/2020/12/30/health/covid-hospital-readmissions.html?action=click&module=Top%20Stories&pgtype=Homepage,47,2020-12-30 14:14:32,,Bonboniru,0.93,/r/Health/comments/kn8m8s/he_was_hospitalized_for_covid19_then_hospitalized/,t5_2qh9z
158,Scientists call for new probe into COVID-19 origins - with or without China,341,mmtnau,https://www.reuters.com/article/us-health-coronavirus-who-china-idUSKBN2BU2J2,18,2021-04-08 10:59:16,,lotsofsweat,0.97,/r/Health/comments/mmtnau/scientists_call_for_new_probe_into_covid19/,t5_2qh9z
159,CDC warns COVID-19 vaccines might not protect people who are immunocompromised,346,om1xn3,https://www.wcvb.com/article/cdc-warns-covid-19-vaccines-might-not-protect-immunocompromised/37053660,28,2021-07-17 06:45:35,,shallah,0.97,/r/Health/comments/om1xn3/cdc_warns_covid19_vaccines_might_not_protect/,t5_2qh9z
160,False-negative COVID-19 test results may lead to false sense of security,341,fym4xf,https://newsnetwork.mayoclinic.org/discussion/false-negative-covid-19-test-results-may-lead-to-false-sense-of-security/,18,2020-04-10 14:55:46,,konorM,0.95,/r/Health/comments/fym4xf/falsenegative_covid19_test_results_may_lead_to/,t5_2qh9z
161,Long-Haul Covid Cases Cast New Light on Chronic Fatigue Sufferers,334,lc09hd,https://khn.org/news/article/long-haul-covid-cases-cast-new-light-on-chronic-fatigue-sufferers/,11,2021-02-03 17:31:31,,shallah,0.97,/r/Health/comments/lc09hd/longhaul_covid_cases_cast_new_light_on_chronic/,t5_2qh9z
162,"In latest reversal, FDA says women can get abortion pill via mail during COVID-19 pandemic",333,mq68ho,https://ktla.com/news/nationworld/in-latest-reversal-fda-says-women-can-get-abortion-pill-via-mail-during-covid-19-pandemic/,6,2021-04-13 12:47:12,,lurker_bee,0.98,/r/Health/comments/mq68ho/in_latest_reversal_fda_says_women_can_get/,t5_2qh9z
163,"""In many ways it's been disastrous"": COVID pandemic provides perfect storm for Americans with eating disorders",330,lydhtw,https://www.cbsnews.com/news/covid-19-pandemic-eating-disorders/,18,2021-03-05 09:52:26,,GalileoGurdjieff,0.99,/r/Health/comments/lydhtw/in_many_ways_its_been_disastrous_covid_pandemic/,t5_2qh9z
164,Longest Covid case as man tests positive for 305 days,338,o6o2zo,https://www.standard.co.uk/news/health/longest-covid-case-positive-tests-305-days-b942334.html,11,2021-06-23 18:55:05,,Baron-Munc,0.97,/r/Health/comments/o6o2zo/longest_covid_case_as_man_tests_positive_for_305/,t5_2qh9z
165,"With no one to turn to, COVID positive man isolates himself in his own vehicle, later dies",329,mmevyv,https://mb.com.ph/2021/04/06/with-no-one-to-turn-to-covid-positive-man-isolates-himself-in-his-own-vehicle-later-dies/,14,2021-04-07 19:32:42,,tanginangbuhay0927,0.97,/r/Health/comments/mmevyv/with_no_one_to_turn_to_covid_positive_man/,t5_2qh9z
166,Unvaccinated Belgian woman contracted two COVID variants simultaneously,320,oi9qr7,https://www.reuters.com/world/europe/unvaccinated-belgian-woman-contracted-two-covid-variants-simultaneously-2021-07-11/,43,2021-07-11 14:24:25,,TradingAllIn,0.93,/r/Health/comments/oi9qr7/unvaccinated_belgian_woman_contracted_two_covid/,t5_2qh9z
167,'This is such a serious disease': Inside an ICU patient transfer as COVID-19 cases rise,323,mo96na,https://www.ctvnews.ca/health/coronavirus/this-is-such-a-serious-disease-inside-an-icu-patient-transfer-as-covid-19-cases-rise-1.5381715,69,2021-04-10 13:35:33,,Baron-Munc,0.92,/r/Health/comments/mo96na/this_is_such_a_serious_disease_inside_an_icu/,t5_2qh9z
168,Israel study on Pfizer vaccine indicates 94% drop in symptomatic COVID-19 cases: report,324,lkhkqd,https://www.foxnews.com/health/israel-study-on-pfizer-vaccine-finds-94-drop-in-symptomatic-covid-19-cases-report,4,2021-02-15 11:50:56,,Fitness_and_Finance,0.95,/r/Health/comments/lkhkqd/israel_study_on_pfizer_vaccine_indicates_94_drop/,t5_2qh9z
169,Significant Amount of ‘Long-Haul’ COVID Sufferers Had Mild Symptoms During Initial Infection,312,m22ba0,https://people.com/health/long-haul-covid-sufferers-had-mild-symptoms-during-initial-infection/,9,2021-03-10 12:02:26,,Baron-Munc,0.93,/r/Health/comments/m22ba0/significant_amount_of_longhaul_covid_sufferers/,t5_2qh9z
170,"Virus that causes COVID-19 survives up to 28 days on surfaces, Australian scientists find...The coronavirus that causes COVID-19 can live for up to 28 days on surfaces such as mobile phone screens and ATMs — much longer than previously thought — new Australian research has found.",310,j9poto,https://www.abc.net.au/news/2020-10-12/coronavirus-can-live-on-surfaces-28-days-australian-scientists/12752108,48,2020-10-12 08:07:30,,phishyfingers,0.87,/r/Health/comments/j9poto/virus_that_causes_covid19_survives_up_to_28_days/,t5_2qh9z
171,"Antibody Test Developed for COVID-19 That is Sensitive, Specific and Scalable: A new antibody test for the virus that causes COVID-19 is more accurate and can handle a much larger number of donor samples at lower overall cost than the current standard antibody tests",315,irw59g,https://news.utexas.edu/2020/09/11/antibody-test-developed-for-covid-19-that-is-sensitive-specific-and-scalable/,2,2020-09-13 06:47:52,,mubukugrappa,0.96,/r/Health/comments/irw59g/antibody_test_developed_for_covid19_that_is/,t5_2qh9z
172,"Distorted, Bizarre Food Smells Haunt Covid Survivors",311,o2xq7c,https://www.nytimes.com/2021/06/15/health/covid-smells-food.html,52,2021-06-18 15:08:50,,DNXGcontent,0.93,/r/Health/comments/o2xq7c/distorted_bizarre_food_smells_haunt_covid/,t5_2qh9z
173,'50 states and 50 different approaches:' States scramble to hire COVID-19 contact tracers,296,gj2y9d,https://www.usatoday.com/story/news/health/2020/05/13/coronavirus-states-scramble-hire-covid-19-contact-tracers/3088014001/,15,2020-05-13 13:00:03,,BlankVerse,0.98,/r/Health/comments/gj2y9d/50_states_and_50_different_approaches_states/,t5_2qh9z
174,France clamps down on hydroxychloroquine use for Covid-19,295,gqwnmj,https://www.politico.com/news/2020/05/26/france-hydroxychloroquine-coronavirs-281740,39,2020-05-26 09:04:21,,progress18,0.96,/r/Health/comments/gqwnmj/france_clamps_down_on_hydroxychloroquine_use_for/,t5_2qh9z
175,New studies show how Apple Watch can help detect COVID-19 prior to symptoms and testing,293,kzj0i0,https://9to5mac.com/2021/01/16/apple-watch-covid-studies-detection/,18,2021-01-17 19:36:15,,Bemuzed,0.92,/r/Health/comments/kzj0i0/new_studies_show_how_apple_watch_can_help_detect/,t5_2qh9z
176,COVID may cause brain damage even in people that never had covid symptoms,288,hoc1hn,https://www.cnn.com/2020/07/08/health/coronavirus-brain-damage-study-intl-hnk-scli-scn/index.html,33,2020-07-09 17:43:57,,kugkug,0.92,/r/Health/comments/hoc1hn/covid_may_cause_brain_damage_even_in_people_that/,t5_2qh9z
177,New CDC data: COVID-19 vaccination safe for pregnant people,281,p2imnt,https://www.cdc.gov/media/releases/2021/s0811-vaccine-safe-pregnant.html,35,2021-08-11 14:10:14,,Express_Hyena,0.91,/r/Health/comments/p2imnt/new_cdc_data_covid19_vaccination_safe_for/,t5_2qh9z
178,COVID's collateral damage: Germicidal lamps may damage corneas,282,k0q73y,https://medicalxpress.com/news/2020-11-covid-collateral-germicidal-lamps-corneas.html,27,2020-11-25 06:02:29,,shallah,0.95,/r/Health/comments/k0q73y/covids_collateral_damage_germicidal_lamps_may/,t5_2qh9z
179,Pentagon to require mandatory COVID vaccines for all US Military by mid-September: Source,276,p16jh8,https://abcnews.go.com/Politics/pentagon-require-mandatory-covid-vaccines-mid-september-source/story?id=79314193,26,2021-08-09 13:49:13,,amandaRVA,0.95,/r/Health/comments/p16jh8/pentagon_to_require_mandatory_covid_vaccines_for/,t5_2qh9z
180,Pregnancy increases risk of COVID-19 complications for women and their babies,276,mwbuei,https://www.latimes.com/science/story/2021-04-22/pregnancy-increases-risk-of-covid-complications,12,2021-04-22 14:52:52,,BlankVerse,0.93,/r/Health/comments/mwbuei/pregnancy_increases_risk_of_covid19_complications/,t5_2qh9z
181,Researchers Investigate the Striking Absence of Flu and Other “Usual Suspects” During COVID-19 Pandemic,271,ohxu64,https://scitechdaily.com/researchers-investigate-the-striking-absence-of-flu-and-other-usual-suspects-during-covid-19-pandemic/,35,2021-07-11 00:32:25,,shallah,0.97,/r/Health/comments/ohxu64/researchers_investigate_the_striking_absence_of/,t5_2qh9z
182,"Wuhan's Covid-19 infections may have been almost 10 times higher than official figure, study shows",273,kn0ter,https://edition.cnn.com/world/live-news/coronavirus-pandemic-vaccine-updates-12-29-20/h_5f4237a7014547779bf5fb9087baf9f0,31,2020-12-30 06:43:05,,lotsofsweat,0.97,/r/Health/comments/kn0ter/wuhans_covid19_infections_may_have_been_almost_10/,t5_2qh9z
183,'Loss of smell clearer sign of Covid than cough',267,j3k23y,https://www.bbc.co.uk/news/health-54359852,10,2020-10-01 19:48:00,,germano_nh,0.99,/r/Health/comments/j3k23y/loss_of_smell_clearer_sign_of_covid_than_cough/,t5_2qh9z
184,"Large, delayed outbreaks of endemic diseases possible following COVID-19 controls",264,jsbtkf,https://www.princeton.edu/news/2020/11/09/large-delayed-outbreaks-endemic-diseases-possible-following-covid-19-controls,13,2020-11-11 11:58:27,,mubukugrappa,0.94,/r/Health/comments/jsbtkf/large_delayed_outbreaks_of_endemic_diseases/,t5_2qh9z
185,Positive COVID-19 case at Calgary high school puts parents on edge,262,io296y,https://calgary.ctvnews.ca/mobile/positive-covid-19-case-at-calgary-high-school-puts-parents-on-edge-1.5094502,18,2020-09-07 02:15:16,,phishyfingers,0.95,/r/Health/comments/io296y/positive_covid19_case_at_calgary_high_school_puts/,t5_2qh9z
186,Teachers could stay in classroom if exposed to COVID-19,263,id9g3z,https://apnews.com/b5ab43d4b0efc89426c814732c2bb05c,64,2020-08-20 08:35:33,,trot-trot,0.97,/r/Health/comments/id9g3z/teachers_could_stay_in_classroom_if_exposed_to/,t5_2qh9z
187,"Why COVID-19 may now feel like a 'bad cold' — with headache, runny nose among most-reported symptoms",263,o3dyt7,https://www.cbc.ca/news/health/why-covid-19-may-now-feel-like-a-bad-cold-with-headache-runny-nose-among-most-reported-symptoms-1.6069831,41,2021-06-19 07:30:39,,morenewsat11,0.93,/r/Health/comments/o3dyt7/why_covid19_may_now_feel_like_a_bad_cold_with/,t5_2qh9z
188,"‘Agonising milestone’: One million people dead from COVID-19 The US has reported a fifth of all deaths from COVID-19, which first emerged in China late last year.",257,j1yx4p,https://www.aljazeera.com/news/2020/9/29/global-death-toll-from-covid-19-exceeds-one-million-people,28,2020-09-29 09:11:38,,phishyfingers,0.93,/r/Health/comments/j1yx4p/agonising_milestone_one_million_people_dead_from/,t5_2qh9z
189,Biden administration is throwing its support behind efforts to waive intellectual property protections for COVID-19 vaccines,261,n5oz43,https://www.audacy.com/knx1070/news/national/biden-admin-supports-waiving-ip-protections-for-covid-vax,7,2021-05-05 15:56:52,,lurker_bee,0.96,/r/Health/comments/n5oz43/biden_administration_is_throwing_its_support/,t5_2qh9z
190,Louisiana police lieutenant and dad of 3 dies of COVID-19 day before his wedding,259,pb0qoc,https://abcnews.go.com/US/louisiana-police-lieutenant-dad-dies-covid-19-day/story?id=79477590,39,2021-08-24 21:09:33,,Viagra_Was_My_Idea,0.93,/r/Health/comments/pb0qoc/louisiana_police_lieutenant_and_dad_of_3_dies_of/,t5_2qh9z
191,Oakland Zoo begins vaccinating animals against COVID-19,246,odhzqi,https://www.cbsnews.com/news/oakland-zoo-animals-vaccine-covid/,22,2021-07-04 06:44:03,,Maxcactus,0.94,/r/Health/comments/odhzqi/oakland_zoo_begins_vaccinating_animals_against/,t5_2qh9z
192,Decontamination and Reuse of N95 Respirators with Hydrogen Peroxide Vapor 1 to Address Worldwide Personal Protective Equipment Shortages During the 2 SARS‐CoV‐2 (COVID‐19) Pandemic,246,fr9nfc,https://www.safety.duke.edu/sites/default/files/N-95_VHP-Decon-Re-Use.pdf,34,2020-03-29 13:33:17,,vauss88,0.98,/r/Health/comments/fr9nfc/decontamination_and_reuse_of_n95_respirators_with/,t5_2qh9z
193,Should college students be required to get the COVID-19 vaccine? It’s too early for colleges to decide,232,kuoqls,https://www.inquirer.com/education/college-coronavirus-vaccine-requirement-2021-students-20210110.html,81,2021-01-10 17:28:33,,That49er,0.91,/r/Health/comments/kuoqls/should_college_students_be_required_to_get_the/,t5_2qh9z
194,Hospitals open pediatric long-haul COVID units as children grapple with lingering virus effects,238,mphp64,https://www.cbsnews.com/news/covid-long-haul-hospitals-pediatric-units-children/,7,2021-04-12 12:38:38,,Baron-Munc,0.95,/r/Health/comments/mphp64/hospitals_open_pediatric_longhaul_covid_units_as/,t5_2qh9z
195,"Teens Are Rarely Hospitalized With Covid, but Cases Can Be Severe: Adolescents were hospitalized with Covid three times as often as with flu, researchers reported. Nearly one-third wound up in I.C.U.s",226,nt5e0p,https://www.nytimes.com/2021/06/04/health/coronavirus-teenagers-hospitalizations.html,16,2021-06-05 17:06:14,,DoremusJessup,0.92,/r/Health/comments/nt5e0p/teens_are_rarely_hospitalized_with_covid_but/,t5_2qh9z
196,Study discussion: COVID-19 can kill six months after infection,219,mxifbb,https://www.nature.com/articles/s41586-021-03553-9,54,2021-04-24 07:51:08,,Designer_Nectarine_1,0.9,/r/Health/comments/mxifbb/study_discussion_covid19_can_kill_six_months/,t5_2qh9z
197,Arkansas hospitals expect COVID admissions to double by August due to the unvaccinated,222,om8v1v,https://www.pbs.org/newshour/show/arkansas-hospitals-expect-covid-admissions-to-double-by-august-due-to-the-unvaccinated,24,2021-07-17 13:38:42,,progress18,0.92,/r/Health/comments/om8v1v/arkansas_hospitals_expect_covid_admissions_to/,t5_2qh9z
198,The antidepressant fluvoxamine could keep mild COVID-19 from worsening,217,lth5mo,https://www.sciencenews.org/article/covid-19-coronavirus-antidepressant-fluvoxamine-treatment,35,2021-02-27 00:25:45,,cherbug,0.94,/r/Health/comments/lth5mo/the_antidepressant_fluvoxamine_could_keep_mild/,t5_2qh9z
199,"Outbreaks at nursing homes shine light on disparate staff, resident vaccination rates : There are 111 North Carolina nursing homes experiencing COVID-19 outbreaks as of Friday.",213,p45cce,https://www.wral.com/coronavirus/outbreaks-at-nursing-homes-shine-light-on-disparate-staff-resident-vaccination-rates/19825514/,15,2021-08-14 06:03:29,,shallah,0.97,/r/Health/comments/p45cce/outbreaks_at_nursing_homes_shine_light_on/,t5_2qh9z
200,Wealthy Keys enclave received COVID vaccines in January before much of the state,215,m3qbv9,https://www.miamiherald.com/news/local/community/florida-keys/article249666463.html,2,2021-03-12 15:26:45,,jms1225,0.96,/r/Health/comments/m3qbv9/wealthy_keys_enclave_received_covid_vaccines_in/,t5_2qh9z
201,Is it time to ditch disinfecting? CDC updates data surrounding COVID-19 surface transmission,218,mtzvsu,https://globalnews.ca/news/7761171/is-it-time-to-ditch-disinfecting-cdc-updates-data-surrounding-covid-19-surface-transmission/,67,2021-04-19 08:49:48,,morenewsat11,0.96,/r/Health/comments/mtzvsu/is_it_time_to_ditch_disinfecting_cdc_updates_data/,t5_2qh9z
202,The timeline on some of the most promising Covid-19 vaccine and treatments under development,214,gfpdvp,https://www.cnbc.com/amp/2020/05/07/timeline-on-covid-19-vaccine-and-treatments-under-development-now.html,35,2020-05-08 04:39:24,,newsspotter,0.93,/r/Health/comments/gfpdvp/the_timeline_on_some_of_the_most_promising/,t5_2qh9z
203,DeSantis won't move on masks as Florida COVID wards swell,219,ox99c5,https://www.pbs.org/newshour/health/desantis-wont-move-on-masks-as-florida-covid-wards-swell,65,2021-08-03 14:10:31,,Exastiken,0.93,/r/Health/comments/ox99c5/desantis_wont_move_on_masks_as_florida_covid/,t5_2qh9z
204,"COVID Variants Detected in Animals, May Find Hosts in Mice",212,me8bez,https://www.webmd.com/lung/news/20210325/covid-variants-detected-in-animals-may-find-host-in-mice,15,2021-03-27 02:29:18,,DomPachino,0.96,/r/Health/comments/me8bez/covid_variants_detected_in_animals_may_find_hosts/,t5_2qh9z
205,Long-haul covid-19 renews push to expand palliative care,210,naawm8,https://www.washingtonpost.com/health/long-haul-covid-hospice-palliative-care/2021/05/07/8993c534-a20e-11eb-a774-7b47ceb36ee8_story.html,4,2021-05-11 19:30:54,,shallah,0.94,/r/Health/comments/naawm8/longhaul_covid19_renews_push_to_expand_palliative/,t5_2qh9z
206,"Less than 0.001% of fully vaccinated Americans died after a Covid-19 breakthrough case, CDC data shows",199,ovi1x1,https://www.cnn.com/2021/07/31/health/fully-vaccinated-people-breakthrough-hospitalization-death/index.html,20,2021-07-31 20:11:50,,progress18,0.94,/r/Health/comments/ovi1x1/less_than_0001_of_fully_vaccinated_americans_died/,t5_2qh9z
207,"New Covid vaccines needed globally within a year, say scientists",194,mg6lt9,https://www.theguardian.com/world/2021/mar/30/new-covid-vaccines-needed-within-year-say-scientists,55,2021-03-29 23:13:16,,Baron-Munc,0.94,/r/Health/comments/mg6lt9/new_covid_vaccines_needed_globally_within_a_year/,t5_2qh9z
208,More people in the US are hospitalized with Covid-19 than ever before,189,hwoolr,https://www.vox.com/2020/7/23/21335549/covid-19-coronavirus-us-hospitalizations-record-florida-texas-california,16,2020-07-23 17:39:04,,BobbingForSmegma,0.93,/r/Health/comments/hwoolr/more_people_in_the_us_are_hospitalized_with/,t5_2qh9z
209,Covid-19 hospitalizations this past week were higher than ever. Now doctors predict another onslaught of patients,190,km03gc,https://www.cnn.com/2020/12/28/health/us-coronavirus-monday/index.html,3,2020-12-28 17:01:10,,Bonboniru,0.95,/r/Health/comments/km03gc/covid19_hospitalizations_this_past_week_were/,t5_2qh9z
210,"Loss of smell a ‘highly reliable’ indicator of Covid-19 infection: Four out of five people with sudden loss of smell or taste tested positive for Covid-19 antibodies, finds a new study",186,j4jrde,https://www.ucl.ac.uk/news/2020/oct/loss-smell-highly-reliable-indicator-covid-19-infection,13,2020-10-03 14:07:05,,mubukugrappa,0.98,/r/Health/comments/j4jrde/loss_of_smell_a_highly_reliable_indicator_of/,t5_2qh9z
211,US surgeons successfully perform double lung transplant on Covid-19 patient for first time,186,h83d54,https://edition.cnn.com/2020/06/11/health/lung-transplant-covid-19-northwestern/index.html,3,2020-06-13 04:07:35,,bahe1938,0.98,/r/Health/comments/h83d54/us_surgeons_successfully_perform_double_lung/,t5_2qh9z
212,"Even after being fully vaccinated, many still wrestle with a fear of catching Covid",182,myy29g,https://www.nbcnews.com/news/us-news/even-after-being-fully-vaccinated-many-still-wrestle-fear-catching-n1265086?cid=sm_npd_nn_tw_ma,73,2021-04-26 09:47:52,,lurker_bee,0.92,/r/Health/comments/myy29g/even_after_being_fully_vaccinated_many_still/,t5_2qh9z
213,Experts say contact lens wearers should switch to glasses to help slow COVID-19 spread,180,fs4knf,https://www.msn.com/en-us/health/wellness/experts-say-contact-lens-wearers-should-switch-to-glasses-to-help-slow-covid-19-spread/ar-BB11VVFG,21,2020-03-30 22:22:50,,shallah,0.95,/r/Health/comments/fs4knf/experts_say_contact_lens_wearers_should_switch_to/,t5_2qh9z
214,COVID-19 Is Causing Touch Deprivation — and That’s Making Loneliness and Depression Worse,184,laveo9,https://www.nbcsandiego.com/lx/covid-19-is-causing-touch-deprivation-and-thats-making-loneliness-and-depression-worse/2509021/,8,2021-02-02 08:26:26,,discocrisco,0.97,/r/Health/comments/laveo9/covid19_is_causing_touch_deprivation_and_thats/,t5_2qh9z
215,Covid: Millions in tougher tiers amid fears rising cases linked to new variant,176,kg3tct,https://www.itv.com/news/2020-12-19/covid-millions-under-tougher-restrictions-amid-fears-rising-cases-linked-to-new-variant,20,2020-12-19 02:56:22,,boppinmule,0.89,/r/Health/comments/kg3tct/covid_millions_in_tougher_tiers_amid_fears_rising/,t5_2qh9z
216,Los Angeles Experiencing Alarming Increase In Covid Hospitalizations With 8% Of Everyone Infected Now Requiring Admission,181,p3s2he,https://deadline.com/2021/08/los-angeles-covid-increase-hospitalizations-eight-percent-1234814104/,28,2021-08-13 15:19:15,,lurker_bee,0.98,/r/Health/comments/p3s2he/los_angeles_experiencing_alarming_increase_in/,t5_2qh9z
217,Dying of loneliness: What COVID-19 has taught us about the opioid epidemic,173,m9wybu,https://abcnews.go.com/Health/dying-loneliness-covid-19-taught-us-opioid-epidemic/story?id=76328499,2,2021-03-21 09:41:57,,discocrisco,0.96,/r/Health/comments/m9wybu/dying_of_loneliness_what_covid19_has_taught_us/,t5_2qh9z
218,Tulsa Health Department director 'wishes' Trump rally would be postponed as local COVID cases surge,177,h8uos4,https://www.tulsaworld.com/news/local/tulsa-health-department-director-wishes-trump-rally-would-be-postponed-as-local-covid-cases-surge/article_bac51435-a5d0-5b5c-ba74-182047453d53.html,19,2020-06-14 10:22:27,,r4816,0.92,/r/Health/comments/h8uos4/tulsa_health_department_director_wishes_trump/,t5_2qh9z
219,Long-lasting Covid-19 symptoms rare in children,175,oxwr03,https://www.bbc.com/news/health-58071898,53,2021-08-04 12:45:11,,ConfidentFlorida,0.93,/r/Health/comments/oxwr03/longlasting_covid19_symptoms_rare_in_children/,t5_2qh9z
220,"Doctors in the United States are focusing their energy on social media to ensure that timely, accurate, and authoritative information about the COVID-19 virus reaches their required audiences.",175,fu3o3o,https://micky.com.au/us-doctors-front-liners-use-social-media-to-combat-coronavirus-disinformation/,8,2020-04-03 03:04:20,,himadri-saha,0.99,/r/Health/comments/fu3o3o/doctors_in_the_united_states_are_focusing_their/,t5_2qh9z
221,Autopsies May Explain 'Brain Fog' From COVID,166,lp2cpl,https://www.webmd.com/lung/news/20210217/autopsies_may_explain_brain_fog_from_covid,13,2021-02-21 12:47:58,,Baron-Munc,0.9,/r/Health/comments/lp2cpl/autopsies_may_explain_brain_fog_from_covid/,t5_2qh9z
222,Hong Kong COVID-19 patient who fled hospital jailed for 4 months,163,ldtpla,https://news.cgtn.com/news/2021-02-06/HK-COVID-19-patient-who-fled-hospital-jailed-for-4-months-XEEYCbFj4k/index.html,3,2021-02-06 04:12:23,,kongweeneverdie,0.96,/r/Health/comments/ldtpla/hong_kong_covid19_patient_who_fled_hospital/,t5_2qh9z
223,Epsilon variant mutations contribute to COVID immune evasion – Studies reveal unprecedented mechanism behind loss of antibody neutralization against this pandemic coronavirus variant of concern.,168,od08jb,https://newsroom.uw.edu/news/epsilon-variant-mutations-contribute-covid-immune-evasion,72,2021-07-03 11:31:01,,Exastiken,0.88,/r/Health/comments/od08jb/epsilon_variant_mutations_contribute_to_covid/,t5_2qh9z
224,Covid vaccine: Eight-week gap seen as sweet spot for Pfizer jab antibodies,164,opzovm,https://www.bbc.com/news/health-57929953,6,2021-07-23 06:34:53,,morenewsat11,0.97,/r/Health/comments/opzovm/covid_vaccine_eightweek_gap_seen_as_sweet_spot/,t5_2qh9z
225,CDC study finds nursing home residents that appear to have recovered from Covid were reinfected with an even worse infection,159,lsdjpm,https://www.cnbc.com/2021/02/25/cdc-study-finds-nursing-home-residents-were-reinfected-with-worse-case-of-covid.html,6,2021-02-25 13:40:54,,Imperial_in_NewYork,0.98,/r/Health/comments/lsdjpm/cdc_study_finds_nursing_home_residents_that/,t5_2qh9z
226,"A third of Covid-19 survivors suffer 'brain disease,' study shows",151,mlr5jh,https://www.cnn.com/2021/04/06/health/covid-neurological-psychological-lancet-wellness/index.html,30,2021-04-06 21:33:24,,Baron-Munc,0.81,/r/Health/comments/mlr5jh/a_third_of_covid19_survivors_suffer_brain_disease/,t5_2qh9z
227,"India hits new record with COVID-19 infections, US vows aid",150,mysvi0,https://www.foxnews.com/world/india-hits-new-record-with-covid-19-infections-us-vows-aid,10,2021-04-26 04:24:12,,easywaycentre,0.92,/r/Health/comments/mysvi0/india_hits_new_record_with_covid19_infections_us/,t5_2qh9z
228,NHS feels strain as tens of thousands of staff suffer long Covid,157,mj89ed,https://www.theguardian.com/society/2021/apr/03/nhs-feels-strain-tens-thousands-staff-long-covid,54,2021-04-03 09:13:26,,Baron-Munc,0.93,/r/Health/comments/mj89ed/nhs_feels_strain_as_tens_of_thousands_of_staff/,t5_2qh9z
229,"Plexiglass Is Everywhere, With No Proof It Keeps Covid at Bay",146,o11z2x,https://www.bloomberg.com/news/articles/2021-06-08/fortunes-spent-on-plastic-shields-with-no-proof-they-stop-covid,42,2021-06-16 06:45:31,,Maxcactus,0.93,/r/Health/comments/o11z2x/plexiglass_is_everywhere_with_no_proof_it_keeps/,t5_2qh9z
230,CDC Data: Significant Numbers Of Young People Are Being Hospitalized For COVID-19,145,fn0r1o,https://www.kpbs.org/news/2020/mar/20/why-younger-people-make-significant-portion-us-cov/,17,2020-03-22 10:31:27,,jayfreeze7,0.97,/r/Health/comments/fn0r1o/cdc_data_significant_numbers_of_young_people_are/,t5_2qh9z
231,POTS Diagnosis Offers Hope And Treatment For People With Long-Haul COVID-19,144,nj4wxj,https://www.npr.org/sections/health-shots/2021/05/22/996533041/after-months-of-a-racing-heart-and-burning-feet-a-covid-long-hauler-gets-a-diagn,14,2021-05-23 06:17:53,,Maxcactus,0.94,/r/Health/comments/nj4wxj/pots_diagnosis_offers_hope_and_treatment_for/,t5_2qh9z
232,VERIFY: You can donate plasma after getting COVID-19 vaccine,149,n2k53z,http://www.khou.com/article/news/verify/verify-donate-plasma-after-receiving-covid-19-vaccine/285-5827f3cd-7753-446d-8e75-29eb9597fd8f,4,2021-05-01 11:06:19,,shallah,0.94,/r/Health/comments/n2k53z/verify_you_can_donate_plasma_after_getting/,t5_2qh9z
233,"Yes, COVID-19 Can Cause Erectile Dysfunction",138,mukks3,https://health.clevelandclinic.org/yes-covid-19-can-cause-erectile-dysfunction/,19,2021-04-20 02:46:39,,shallah,0.93,/r/Health/comments/mukks3/yes_covid19_can_cause_erectile_dysfunction/,t5_2qh9z
234,Super Gonorrhea May Be Spreading From Antibiotic Overuse For Covid-19 Coronavirus,145,klfm6u,https://www.forbes.com/sites/brucelee/2021/12/27/super-gonorrhea-may-be-spreading-from-antibiotic-overuse-for-covid-19-coronavirus/,24,2020-12-27 19:54:30,,shallah,0.96,/r/Health/comments/klfm6u/super_gonorrhea_may_be_spreading_from_antibiotic/,t5_2qh9z
235,Receive a free COVID-19 antibody test by donating blood at any Red Cross,139,jgqqbk,https://www.redcrossblood.org/donate-blood/dlp/covid-19-antibody-testing.html,16,2020-10-23 12:43:06,,cryptos3c,0.96,/r/Health/comments/jgqqbk/receive_a_free_covid19_antibody_test_by_donating/,t5_2qh9z
236,Fauci hopeful COVID vaccines get full OK by FDA within weeks,138,p0lczu,https://www.pbs.org/newshour/health/fauci-hopeful-covid-vaccines-get-full-ok-by-fda-within-weeks,43,2021-08-08 15:39:19,,Exastiken,0.9,/r/Health/comments/p0lczu/fauci_hopeful_covid_vaccines_get_full_ok_by_fda/,t5_2qh9z
237,"85% of Filipino Americans reported Covid mental health issues, more than any Asian group",148,o2zwbu,https://www.nbcnews.com/news/amp/ncna1271214?__twitter_impression=true,8,2021-06-18 16:48:56,,lurker_bee,0.95,/r/Health/comments/o2zwbu/85_of_filipino_americans_reported_covid_mental/,t5_2qh9z
238,"95% of Alabama’s COVID deaths, 90% of cases among unvaccinated: ADPH",140,pax333,https://www.al.com/news/2021/08/95-of-alabamas-covid-deaths-90-of-cases-among-unvaccinated-adph.html,18,2021-08-24 17:45:31,,progress18,0.93,/r/Health/comments/pax333/95_of_alabamas_covid_deaths_90_of_cases_among/,t5_2qh9z
239,Profits Amid COVID Are Vastly Different For Safety-Net Vs. Wealthy Hospitals,138,ng0exs,https://www.npr.org/2021/05/18/996207511/hospitals-serving-the-poor-struggled-during-covid-wealthy-hospitals-made-million,3,2021-05-19 04:45:47,,Maxcactus,0.95,/r/Health/comments/ng0exs/profits_amid_covid_are_vastly_different_for/,t5_2qh9z
240,"A doomsday COVID variant worse than Delta and Lambda may be coming, scientists say",134,oxtl25,https://www.newsweek.com/2021/08/13/doomsday-covid-variant-worse-delta-lambda-may-coming-scientists-say-1615874.html?amp=1,86,2021-08-04 10:14:54,,lurker_bee,0.73,/r/Health/comments/oxtl25/a_doomsday_covid_variant_worse_than_delta_and/,t5_2qh9z
241,COVID Vaccines From Novavax And Medicago Could Debut Soon,132,nu77gd,https://www.npr.org/sections/health-shots/2021/06/06/1003328413/new-type-of-covid-vaccine-could-debut-soon,8,2021-06-07 04:10:41,,Maxcactus,0.95,/r/Health/comments/nu77gd/covid_vaccines_from_novavax_and_medicago_could/,t5_2qh9z
242,FDA blocks at-home COVID-19 test kits because it thinks people won't use them correctly,126,fru2x7,https://www.houstonchronicle.com/business/article/home-test-coronavirus-kits-FDA-company-hold-up-15148120.php,19,2020-03-30 12:34:43,,anutensil,0.95,/r/Health/comments/fru2x7/fda_blocks_athome_covid19_test_kits_because_it/,t5_2qh9z
243,Covid: Post-exposure antibody protection trialled,128,kkgtw4,https://www.bbc.com/news/health-55438758,5,2020-12-26 05:57:28,,feralraindrop,0.98,/r/Health/comments/kkgtw4/covid_postexposure_antibody_protection_trialled/,t5_2qh9z
244,Venezuela fears malaria more than COVID,128,mxhkox,https://medicalxpress.com/news/2021-04-venezuela-malaria-covid.html,17,2021-04-24 06:49:53,,shallah,0.96,/r/Health/comments/mxhkox/venezuela_fears_malaria_more_than_covid/,t5_2qh9z
245,"At least 1,000 Edmonton students and school staff now in isolation due to COVID-19",128,iwcwgj,https://www.cbc.ca/news/canada/edmonton/covid-coronavirus-edmonton-school-isolation-1.5730436,4,2020-09-20 08:22:41,,phishyfingers,0.98,/r/Health/comments/iwcwgj/at_least_1000_edmonton_students_and_school_staff/,t5_2qh9z
246,The Moderna COVID-19 vaccine is safe and efficacious in adolescents. The immune response is similar to that in young adults and no serious adverse events have been recorded.,125,p4akup,https://www.nejm.org/doi/full/10.1056/NEJMoa2109522,12,2021-08-14 11:56:41,,altaccountsixyaboi,0.95,/r/Health/comments/p4akup/the_moderna_covid19_vaccine_is_safe_and/,t5_2qh9z
247,Mom urges vaccination after loss of ‘healthy’ 28-year-old son to COVID-19,133,ou0gln,https://www.foxla.com/news/mom-urges-vaccination-after-loss-of-healthy-28-year-old-son-to-covid-19?taid=6102d089964cb9000114a1a8&utm_campaign=trueanthem&utm_medium=trueanthem&utm_source=twitter,27,2021-07-29 12:08:19,,lurker_bee,0.87,/r/Health/comments/ou0gln/mom_urges_vaccination_after_loss_of_healthy/,t5_2qh9z
