,title,score,id,url,comms_num,created,body,author,upvote_ratio,permalink,subreddit_id
0,Congresswoman forces CDC to agree to offer free coronavirus testing - Katie Porter drilled CDC Director Dr. Robert Redfield to use the authority granted to him by law to cover the cost of testing for any American who needs it.,1746,fhszdr,https://losangeles.cbslocal.com/2020/03/12/oc-rep-katie-porter-free-coronavirus-testing-cdc-director/,49,2020-03-12 23:03:40,,anutensil,0.99,/r/Health/comments/fhszdr/congresswoman_forces_cdc_to_agree_to_offer_free/,t5_2qh9z
1,"'I had all symptoms of Coronavirus. I could have spread it to anyone but couldn't get tested': Americans panic as US suffers kit shortage. US tested 1,707 people in week after declaring its first case, while South Korea, which announced on the same day, managed to test 189,000",1655,fijk9f,https://www.telegraph.co.uk/news/2020/03/14/had-symptoms-coronavirus-could-have-spread-anyone-couldnt-get/,159,2020-03-14 10:55:24,,Bluest_waters,0.97,/r/Health/comments/fijk9f/i_had_all_symptoms_of_coronavirus_i_could_have/,t5_2qh9z
2,"The first coronavirus case in the U.S. and South Korea was detected on the same day. By late January, Seoul had medical companies starting to work on a diagnostic test — one was approved a week later. Today, the U.S. isn’t even close to meeting test demand.",1613,fl9r23,https://www.reuters.com/article/us-health-coronavirus-testing-specialrep/special-report-how-korea-trounced-u-s-in-race-to-test-people-for-coronavirus-idUSKBN2153BW,98,2020-03-19 09:08:51,,progress18,0.97,/r/Health/comments/fl9r23/the_first_coronavirus_case_in_the_us_and_south/,t5_2qh9z
3,"CDC says U.S. could control coronavirus in 12 weeks if most Americans wear masks, social distance",1527,ie14sh,https://www.cnbc.com/2020/08/21/cdc-says-us-could-control-coronavirus-in-12-weeks-if-most-americans-wear-masks-social-distance.html,196,2020-08-21 13:27:02,,mostaksaif,0.97,/r/Health/comments/ie14sh/cdc_says_us_could_control_coronavirus_in_12_weeks/,t5_2qh9z
4,The US has 4% of the world's population but 25% of its coronavirus cases,1506,hilmvz,http://rss.cnn.com/~r/rss/cnn_topstories/~3/Lb-aDpMvlng/index.html,199,2020-06-30 07:32:59,,germano_nh,0.96,/r/Health/comments/hilmvz/the_us_has_4_of_the_worlds_population_but_25_of/,t5_2qh9z
5,"As coronavirus spreads, the people who prepare your food probably don’t have paid sick leave",1419,fdwr56,https://www.washingtonpost.com/national/as-coronavirus-spreads-the-people-who-prepare-your-food-probably-dont-have-paid-sick-leave/2020/03/04/7b35965a-5d51-11ea-9055-5fa12981bbbf_story.html,128,2020-03-05 10:22:47,,zsreport,0.97,/r/Health/comments/fdwr56/as_coronavirus_spreads_the_people_who_prepare/,t5_2qh9z
6,Dr. Anthony Fauci says U.S. coronavirus cases are surging because nation didn't totally shut down,1287,hqraii,https://www.cnbc.com/2020/07/13/fauci-says-us-coronavirus-cases-are-surging-because-nation-didnt-shut-down.html,125,2020-07-13 20:26:07,,kugkug,0.95,/r/Health/comments/hqraii/dr_anthony_fauci_says_us_coronavirus_cases_are/,t5_2qh9z
7,Those who intentionally spread coronavirus could be charged as terrorists; The Justice Department offers guidance on how to deal with “purposeful exposure and infection of others.”,1276,for03u,https://www.politico.com/news/2020/03/24/coronavirus-terrorism-justice-department-147821,84,2020-03-25 10:15:42,,progress18,0.99,/r/Health/comments/for03u/those_who_intentionally_spread_coronavirus_could/,t5_2qh9z
8,Bill Gates says it's 'outrageous' that Americans still can't get coronavirus test results in 24 hours,1216,iwlzp4,https://www.cnbc.com/2020/09/20/bill-gates-its-outrageous-americans-cant-get-coronavirus-test-results-in-24-hours.html,102,2020-09-20 16:51:46,,BlankVerse,0.96,/r/Health/comments/iwlzp4/bill_gates_says_its_outrageous_that_americans/,t5_2qh9z
9,Calls To Poison Centers Spike After The President’s Comments About Using Disinfectants To Treat Coronavirus,1162,g82z8d,https://www.forbes.com/sites/robertglatter/2020/04/25/calls-to-poison-centers-spike--after-the-presidents-comments-about-using-disinfectants-to-treat-coronavirus/,145,2020-04-25 18:43:39,,BlankVerse,0.9,/r/Health/comments/g82z8d/calls_to_poison_centers_spike_after_the/,t5_2qh9z
10,"97,000 children reportedly test positive for coronavirus in two weeks as schools gear up for instruction",1139,i74tqk,https://www.cbsnews.com/news/covid-19-kids-school-children-positive-tests-coronavirus-reopening/,108,2020-08-10 09:28:47,,progress18,0.96,/r/Health/comments/i74tqk/97000_children_reportedly_test_positive_for/,t5_2qh9z
11,55% of coronavirus patients still have neurological problems three months later: study,1090,i5yxx9,https://www.marketwatch.com/story/55-of-coronavirus-patients-still-have-neurological-problems-three-months-later-study-2020-08-07,113,2020-08-08 09:15:44,,firig1965,0.97,/r/Health/comments/i5yxx9/55_of_coronavirus_patients_still_have/,t5_2qh9z
12,An Alabama doctor watched patients reject the coronavirus vaccine. Now he’s refusing to treat them.,1077,p7dt67,https://www.washingtonpost.com/health/2021/08/18/alabama-doctor-unvaccinated-patients-valentine/,208,2021-08-19 08:25:47,,Maxcactus,0.93,/r/Health/comments/p7dt67/an_alabama_doctor_watched_patients_reject_the/,t5_2qh9z
13,"'This is real': Doctors, nurses who helped New York with coronavirus surge warn their home states; ""It's really disheartening to see so many people just not wearing a mask, not even caring,"" said a Houston nurse who worked in New York City. ""I don't understand.""",1065,hstpqx,https://www.nbcnews.com/news/us-news/real-doctors-nurses-who-helped-new-york-coronavirus-surge-warn-n1234060,76,2020-07-17 07:02:08,,progress18,0.98,/r/Health/comments/hstpqx/this_is_real_doctors_nurses_who_helped_new_york/,t5_2qh9z
14,Drive-thru coronavirus testing site in Denver closes early as Colorado tops 100 cases; 24 cases were confirmed positive overnight,1053,fj1leg,https://www.denverpost.com/2020/03/14/colorado-coronavirus-new-cases-drive-thru-high-volume/,89,2020-03-15 09:51:18,,progress18,0.98,/r/Health/comments/fj1leg/drivethru_coronavirus_testing_site_in_denver/,t5_2qh9z
15,A Seattle lab uncovered Washington's coronavirus outbreak only after defying federal regulators,1036,fi47nl,https://theweek.com/speedreads/901405/seattle-lab-uncovered-washingtons-coronavirus-outbreak-only-after-defying-federal-regulators,39,2020-03-13 14:23:46,,BlankVerse,0.98,/r/Health/comments/fi47nl/a_seattle_lab_uncovered_washingtons_coronavirus/,t5_2qh9z
16,"Cool: Health Officials, Scientists Banned From Speaking About Coronavirus Without Mike Pence’s Approval",1035,fal0n3,https://www.vanityfair.com/news/2020/02/mike-pence-coronavirus-gag-rule,113,2020-02-27 18:22:28,,habichuelacondulce,0.94,/r/Health/comments/fal0n3/cool_health_officials_scientists_banned_from/,t5_2qh9z
17,"Coronavirus can live on surfaces for up to 3 days, in air for 3 hours: Study",995,fh5t03,https://ktla.com/news/coronavirus/coronavirus-can-live-on-surfaces-for-up-to-3-days-in-air-for-3-hours-study/?taid=5e69670400e12800010241a2&utm_campaign=trueAnthem%3A+Trending+Content&utm_medium=trueAnthem&utm_source=twitter,80,2020-03-11 18:35:23,,lurker_bee,0.98,/r/Health/comments/fh5t03/coronavirus_can_live_on_surfaces_for_up_to_3_days/,t5_2qh9z
18,Hospitals say feds are seizing masks and other coronavirus supplies without a word,965,fwvq7e,https://www.latimes.com/politics/story/2020-04-07/hospitals-washington-seize-coronavirus-supplies,86,2020-04-07 19:59:20,,Kalifornier,0.97,/r/Health/comments/fwvq7e/hospitals_say_feds_are_seizing_masks_and_other/,t5_2qh9z
19,Dr. Anthony Fauci warns US is 'knee-deep' in first wave of coronavirus cases and prognosis is 'really not good',947,hmn4zy,https://www.usatoday.com/story/news/politics/2020/07/06/anthony-fauci-us-coronavirus-surge-really-not-good/5388472002/,148,2020-07-06 23:46:58,,mostaksaif,0.96,/r/Health/comments/hmn4zy/dr_anthony_fauci_warns_us_is_kneedeep_in_first/,t5_2qh9z
20,Alibaba's Jack Ma Sends Boxes of Coronavirus Test Kits & Masks to U.S. From China,944,fjkouq,https://time.com/5803791/jack-ma-alibaba-coronavirus/,41,2020-03-16 09:09:15,,anutensil,0.96,/r/Health/comments/fjkouq/alibabas_jack_ma_sends_boxes_of_coronavirus_test/,t5_2qh9z
21,COVID-19 at the Gym: Every Single Participant in This Maskless Cycling Class Got Coronavirus,928,ltrmml,https://www.self.com/story/indoor-fitness-classes-covid-19-outbreaks/amp,99,2021-02-27 11:29:23,,Bonboniru,0.96,/r/Health/comments/ltrmml/covid19_at_the_gym_every_single_participant_in/,t5_2qh9z
22,"As Texas morgues fill up, refrigerator trucks are on the way in several counties; More than 3,000 Texans have died from the coronavirus and counties are preparing for even more deaths by expanding their capacities to store bodies.",933,hptm10,https://www.texastribune.org/2020/07/10/texas-coronavirus-deaths-morgues-capacity/,93,2020-07-12 08:26:34,,progress18,0.97,/r/Health/comments/hptm10/as_texas_morgues_fill_up_refrigerator_trucks_are/,t5_2qh9z
23,"Massachusetts Governor Says He's Being Outbid by Federal Govt For Coronavirus Supplies, Despite White House Telling Govs to Get Their Own",924,fmqre7,https://www.newsweek.com/massachusetts-governor-says-hes-being-outbid-federal-government-coronavirus-supplies-despite-1493332,43,2020-03-21 20:50:34,,anutensil,0.97,/r/Health/comments/fmqre7/massachusetts_governor_says_hes_being_outbid_by/,t5_2qh9z
24,"Experts say Wuhan coronavirus is causing unnecessary panic - The Wuhan coronavirus seems to have a low fatality rate, & most patients make full recoveries.",921,ex3tjd,https://www.businessinsider.com/wuhan-coronavirus-unnecessary-panic-experts-say-2020-1,106,2020-02-01 04:40:55,,anutensil,0.97,/r/Health/comments/ex3tjd/experts_say_wuhan_coronavirus_is_causing/,t5_2qh9z
25,"Bill Gates: Coronavirus treatments should go to those who need them, not 'highest bidder'",913,hpdpgj,https://thehill.com/policy/healthcare/public-global-health/506892-bill-gates-coronavirus-treatments-should-go-to-those,48,2020-07-11 13:15:06,,mostaksaif,0.96,/r/Health/comments/hpdpgj/bill_gates_coronavirus_treatments_should_go_to/,t5_2qh9z
26,"Most Coronavirus Tests Cost About $100. Why Did One Cost $2,315? U.S. health care prices are unregulated, opaque and unpredictable. When Congress required insurers to cover Covid-19 testing, a few providers decided to take advantage",891,ha52tr,https://www.nytimes.com/2020/06/16/upshot/coronavirus-test-cost-varies-widely.html?action=click&module=Top%20Stories&pgtype=Homepage,54,2020-06-16 10:29:58,,DoremusJessup,0.98,/r/Health/comments/ha52tr/most_coronavirus_tests_cost_about_100_why_did_one/,t5_2qh9z
27,Vitamin D can help reduce coronavirus risk by 54%: Boston University doctor,867,iupk9x,https://www.bostonherald.com/2020/09/17/vitamin-d-can-help-reduce-coronavirus-risk-by-54-boston-university-doctor/,116,2020-09-17 14:39:41,,mostaksaif,0.99,/r/Health/comments/iupk9x/vitamin_d_can_help_reduce_coronavirus_risk_by_54/,t5_2qh9z
28,More than 80 advocacy groups demand insurance companies make coronavirus testing and treatment free,848,ft9os9,https://www.newsweek.com/more-80-advocacy-groups-demand-insurance-companies-make-coronavirus-testing-treatment-free-1495618,29,2020-04-01 18:02:22,,DoremusJessup,0.98,/r/Health/comments/ft9os9/more_than_80_advocacy_groups_demand_insurance/,t5_2qh9z
29,Three U.S. states account for about one-fifth of the world's new coronavirus cases,835,hr7j7j,https://www.nbcnews.com/news/us-news/florida-texas-california-account-about-one-fifth-world-s-new-n1233793,82,2020-07-14 14:58:16,,mostaksaif,0.98,/r/Health/comments/hr7j7j/three_us_states_account_for_about_onefifth_of_the/,t5_2qh9z
30,"Seattle coronavirus survivor gets a $1.1 million, 181-page hospital bill",827,h8a9nn,https://www.seattletimes.com/seattle-news/inspiring-story-of-seattle-mans-coronavirus-survival-comes-with-a-1-1-million-dollar-hospital-bill/,87,2020-06-13 12:07:23,,habichuelacondulce,0.95,/r/Health/comments/h8a9nn/seattle_coronavirus_survivor_gets_a_11_million/,t5_2qh9z
31,"U.S. could become next coronavirus epicenter, WHO says",807,fo6oef,https://www.reuters.com/article/us-health-coronavirus/u-s-could-become-next-coronavirus-epicenter-who-says-idUSKBN21B1RJ,158,2020-03-24 11:10:51,,progress18,0.96,/r/Health/comments/fo6oef/us_could_become_next_coronavirus_epicenter_who/,t5_2qh9z
32,"U.S. reports 55,000 coronavirus cases in single day, hits new global record",822,hkhtgi,https://www.reuters.com/article/us-health-coronavirus-usa/u-s-reports-55000-covid-19-cases-in-single-day-hits-new-global-record-idUSKBN2432JV,115,2020-07-03 08:00:20,,progress18,0.98,/r/Health/comments/hkhtgi/us_reports_55000_coronavirus_cases_in_single_day/,t5_2qh9z
33,"US will 'probably have the most problems' with coronavirus, partly due to obesity",799,fylr1t,https://www.foxnews.com/health/france-chief-epidemiologist-us-most-problems-coronavirus-obesity,92,2020-04-10 14:38:06,,mbolaris,0.94,/r/Health/comments/fylr1t/us_will_probably_have_the_most_problems_with/,t5_2qh9z
34,85 infants under age 1 tested positive for coronavirus in one Texas county,802,htdmdl,https://www.cnn.com/2020/07/18/health/texas-infants-coronavirus-trnd/,206,2020-07-18 05:02:20,,kugkug,0.98,/r/Health/comments/htdmdl/85_infants_under_age_1_tested_positive_for/,t5_2qh9z
35,"Coronavirus can live in air for 3 hours, on surfaces for 2-3 days",792,fkon43,https://www.accuweather.com/en/health-wellness/coronavirus-can-live-in-air-for-3-hours-on-surfaces-for-2-3-days/702209,61,2020-03-18 08:21:00,,rytis,0.91,/r/Health/comments/fkon43/coronavirus_can_live_in_air_for_3_hours_on/,t5_2qh9z
36,Coronavirus could expose the worst parts of the U.S. health system,780,fffs3g,https://www.axios.com/coronavirus-health-care-costs-medical-bills-9ee15bd0-ed92-449c-8c17-f7d13a9a6aea.html,83,2020-03-08 13:29:28,,MayonaiseRemover,0.96,/r/Health/comments/fffs3g/coronavirus_could_expose_the_worst_parts_of_the/,t5_2qh9z
37,"11 chains including Walmart, Kroger, and Kohl's are now requiring customers to wear masks. Here's the full list; Evidence is mounting that shows masks are effective at slowing the spread of the coronavirus, and research shows that the majority of Americans is in favor of mask policies.",771,hrvm1v,https://www.businessinsider.com/list-of-chains-requiring-customers-wear-masks-walmart-starbucks-2020-7,78,2020-07-15 16:39:31,,progress18,0.98,/r/Health/comments/hrvm1v/11_chains_including_walmart_kroger_and_kohls_are/,t5_2qh9z
38,"Risk of never fully recovering after coronavirus ‘very real,’ scientists say",762,hh9d1d,https://globalnews.ca/news/7111094/coronavirus-scientists-health-problems/,54,2020-06-28 01:56:48,,phishyfingers,0.97,/r/Health/comments/hh9d1d/risk_of_never_fully_recovering_after_coronavirus/,t5_2qh9z
39,"Coronavirus tests are hard to get — unless you have money, fame and the right doctor",760,fnv9dj,https://www.latimes.com/california/story/2020-03-23/coronavirus-test-rich-poor-doctor,71,2020-03-23 20:20:23,,TobySomething,0.97,/r/Health/comments/fnv9dj/coronavirus_tests_are_hard_to_get_unless_you_have/,t5_2qh9z
40,"US State Dept flew Americans infected with Coronavirus home against CDC instructions - A health official calls it their ""worst nightmare""",759,f7bn2q,https://www.independent.co.uk/news/world/americas/coronavirus-news-us-cdc-plane-flight-diamond-princess-cruise-ship-quarantine-a9350291.html,85,2020-02-21 09:13:25,,anutensil,0.98,/r/Health/comments/f7bn2q/us_state_dept_flew_americans_infected_with/,t5_2qh9z
41,"Column: If coronavirus sweeps America, blame our brutal work and healthcare culture",742,fblqf7,https://www.latimes.com/business/story/2020-02-29/coronavirus-sick-days-health-insurance,71,2020-02-29 19:17:06,,BlankVerse,0.93,/r/Health/comments/fblqf7/column_if_coronavirus_sweeps_america_blame_our/,t5_2qh9z
42,Confirmed Coronavirus may force Americans to avoid crowds and cancel cruises; U.S. cases near 550,737,ffsetg,https://www.reuters.com/article/us-health-coronavirus-usa/confirmed-coronavirus-may-force-americans-to-avoid-crowds-and-cancel-cruises-us-cases-near-550-idUSKBN20V0MK,122,2020-03-09 06:02:48,,progress18,0.98,/r/Health/comments/ffsetg/confirmed_coronavirus_may_force_americans_to/,t5_2qh9z
43,Second grader tests positive for coronavirus after attending the first day of school in Georgia,732,i439fk,https://www.cnn.com/2020/08/05/us/second-grader-coronavirus-first-day-of-school/,113,2020-08-05 07:01:44,,kugkug,0.96,/r/Health/comments/i439fk/second_grader_tests_positive_for_coronavirus/,t5_2qh9z
44,Coronavirus: 'Dr Johnny Bananas' and 'Dr Person Fakename' among medical signatories on herd immunity open letter,722,jb59wk,https://news.sky.com/story/coronavirus-dr-johnny-bananas-and-dr-person-fakename-among-medical-signatories-on-herd-immunity-open-letter-12099947,55,2020-10-14 13:31:10,,r4816,0.96,/r/Health/comments/jb59wk/coronavirus_dr_johnny_bananas_and_dr_person/,t5_2qh9z
45,CDC Coronavirus Testing Decision Likely To Haunt Nation For Months To Come,711,fniycp,https://khn.org/news/cdc-coronavirus-testing-decision-likely-to-haunt-nation-for-months-to-come/,63,2020-03-23 08:14:04,,anutensil,0.97,/r/Health/comments/fniycp/cdc_coronavirus_testing_decision_likely_to_haunt/,t5_2qh9z
46,Fauci: U.S. 'looking very closely at' severe coronavirus symptoms in younger Americans,714,fn2jzg,https://www.nbcnews.com/politics/politics-news/fauci-u-s-looking-very-closely-severe-coronavirus-symptoms-younger-n1166026,99,2020-03-22 12:40:57,,progress18,0.98,/r/Health/comments/fn2jzg/fauci_us_looking_very_closely_at_severe/,t5_2qh9z
47,A mysterious blood-clotting complication is killing coronavirus patients,686,g6c8q5,https://www.washingtonpost.com/health/2020/04/22/coronavirus-blood-clots/,155,2020-04-22 19:48:48,,rrb,0.97,/r/Health/comments/g6c8q5/a_mysterious_bloodclotting_complication_is/,t5_2qh9z
48,"Millions of people may have had coronavirus in the past without knowing it, CDC says",692,hg5ze1,https://www.cnn.com/2020/06/26/health/us-coronavirus-friday/index.html,88,2020-06-26 07:44:09,,progress18,0.97,/r/Health/comments/hg5ze1/millions_of_people_may_have_had_coronavirus_in/,t5_2qh9z
49,"Employer-Based Health Care, Meet Massive Unemployment: The coronavirus pandemic is exposing a central flaw in America’s health care system",679,hlpk2s,https://www.nytimes.com/2020/06/29/opinion/sunday/coronavirus-medicare-for-all.html?action=click&module=Opinion&pgtype=Homepage,19,2020-07-05 12:37:19,,DoremusJessup,0.98,/r/Health/comments/hlpk2s/employerbased_health_care_meet_massive/,t5_2qh9z
50,"Live updates: Coronavirus was probably spreading for six weeks in Washington state, study says; first deaths confirmed in U.S., Australia and Thailand",663,fbwi1z,https://www.washingtonpost.com/world/2020/03/01/coronavirus-live-updates/,95,2020-03-01 11:35:05,,progress18,0.98,/r/Health/comments/fbwi1z/live_updates_coronavirus_was_probably_spreading/,t5_2qh9z
51,Coronavirus: most infections spread by people yet to show symptoms – scientists,662,fhi0c1,https://www.theguardian.com/science/2020/mar/12/coronavirus-most-infections-spread-by-people-yet-to-show-symptoms-scientists,113,2020-03-12 11:24:42,,DreamingDemon,0.99,/r/Health/comments/fhi0c1/coronavirus_most_infections_spread_by_people_yet/,t5_2qh9z
52,200 at Children's Hospital tested for coronavirus after doctor tests positive,653,fkz8ja,https://www.jsonline.com/story/news/2020/03/18/milwaukee-childrens-hospital-doctor-tests-positive-200-more-tested/2865851001/,38,2020-03-18 19:07:38,,progress18,0.99,/r/Health/comments/fkz8ja/200_at_childrens_hospital_tested_for_coronavirus/,t5_2qh9z
53,"Abbott's rapid coronavirus test misses nearly half of positive cases, study finds",654,gjadfz,https://thehill.com/policy/healthcare/497661-abbotts-rapid-coronavirus-test-misses-nearly-half-of-positive-cases-study,60,2020-05-13 19:22:44,,BlankVerse,0.98,/r/Health/comments/gjadfz/abbotts_rapid_coronavirus_test_misses_nearly_half/,t5_2qh9z
54,CDC confirms first US case of coronavirus that has killed 6 in China,649,erz3jc,https://www.cnbc.com/2020/01/21/cdc-to-announce-first-us-case-of-china-coronavirus-that-has-killed-6-cnn-reports.html,137,2020-01-21 13:53:03,,ginger_bredman,0.98,/r/Health/comments/erz3jc/cdc_confirms_first_us_case_of_coronavirus_that/,t5_2qh9z
55,False Hope about Coronavirus Treatments - The president misspoke in a recent press conference: there are no approved treatments,643,fme3tx,https://blogs.scientificamerican.com/observations/false-hope-about-coronavirus-treatments/,127,2020-03-21 08:17:15,,anutensil,0.92,/r/Health/comments/fme3tx/false_hope_about_coronavirus_treatments_the/,t5_2qh9z
56,Another wave of coronavirus will likely hit the US in the fall. Here's why and what we can do to stop it,627,gc66ig,https://www.cnn.com/2020/05/02/health/coronavirus-second-wave-fall-season/index.html,223,2020-05-02 09:08:11,,progress18,0.95,/r/Health/comments/gc66ig/another_wave_of_coronavirus_will_likely_hit_the/,t5_2qh9z
57,"The 3 most populous states are breaking coronavirus records, leading to fears of 'apocalyptic' surges",610,hfjxeg,https://www.cnn.com/2020/06/25/health/us-coronavirus-thursday/index.html,156,2020-06-25 06:41:23,,progress18,0.93,/r/Health/comments/hfjxeg/the_3_most_populous_states_are_breaking/,t5_2qh9z
58,Italy wakes up to deserted streets in unprecedented coronavirus lockdown,613,fgbkfz,https://www.reuters.com/article/us-health-coronavirus-italy/italy-wakes-up-to-deserted-streets-in-unprecedented-coronavirus-lockdown-idUSKBN20X11D,29,2020-03-10 06:13:19,,progress18,0.99,/r/Health/comments/fgbkfz/italy_wakes_up_to_deserted_streets_in/,t5_2qh9z
59,"Official U.S. coronavirus death toll is ‘a substantial undercount’ of actual tally, Yale study finds",594,hjhjmy,https://www.cnbc.com/2020/07/01/official-us-coronavirus-death-toll-is-a-substantial-undercount-of-actual-tally-new-yale-study-finds.html,33,2020-07-01 15:46:16,,FriesWithThat,0.94,/r/Health/comments/hjhjmy/official_us_coronavirus_death_toll_is_a/,t5_2qh9z
60,"CDC is preparing for the 'likely' spread of coronavirus in the US, officials say",578,f7ruyz,https://www.usatoday.com/story/news/world/2020/02/21/coronavirus-who-contain-outbreak-iran-deaths-south-korea-cases/4829278002/,129,2020-02-22 07:21:23,,zsreport,0.98,/r/Health/comments/f7ruyz/cdc_is_preparing_for_the_likely_spread_of/,t5_2qh9z
61,"Coronavirus May ‘Reactivate’ in Cured Patients, Korean CDC Says - Bloomberg",568,g5e35i,https://www.bloomberg.com/news/articles/2020-04-09/coronavirus-may-reactivate-in-cured-patients-korean-cdc-says,83,2020-04-21 08:12:06,,ThaBlackLoki,0.91,/r/Health/comments/g5e35i/coronavirus_may_reactivate_in_cured_patients/,t5_2qh9z
62,Ferocious US surge adds 1 million new coronavirus cases in 28 days to hit 3 million,551,hnmdas,https://www.cnn.com/2020/07/08/health/us-coronavirus-wednesday/index.html,83,2020-07-08 14:22:43,,progress18,0.96,/r/Health/comments/hnmdas/ferocious_us_surge_adds_1_million_new_coronavirus/,t5_2qh9z
63,The coronavirus appears to be sparing one group of people: Kids,557,f2hprz,https://www.cnbc.com/2020/02/11/the-coronavirus-appears-to-be-sparing-one-group-of-people-kids.html,58,2020-02-11 18:59:29,,DNXGcontent,0.98,/r/Health/comments/f2hprz/the_coronavirus_appears_to_be_sparing_one_group/,t5_2qh9z
64,WHO raises risk assessment of coronavirus to ‘very high’ at global level,548,fawgf3,https://www.cnbc.com/2020/02/28/who-raises-risk-assessment-of-coronavirus-to-very-high-at-global-level.html,45,2020-02-28 10:35:51,,habichuelacondulce,0.99,/r/Health/comments/fawgf3/who_raises_risk_assessment_of_coronavirus_to_very/,t5_2qh9z
65,Miami mayor tests positive for coronavirus after event with Brazil President Bolsonaro,549,fi1rbh,https://www.miamiherald.com/news/local/community/miami-dade/article241163311.html,23,2020-03-13 11:52:20,,progress18,0.98,/r/Health/comments/fi1rbh/miami_mayor_tests_positive_for_coronavirus_after/,t5_2qh9z
66,No live coronavirus found in mothers' milk; breastfeeding still best in time of pandemic,536,h9a7bs,https://news.abs-cbn.com/news/06/15/20/breastfeeding-no-coronavirus-in-mothers-milk-says-world-health-organization,50,2020-06-15 02:01:26,,dipo4you,0.97,/r/Health/comments/h9a7bs/no_live_coronavirus_found_in_mothers_milk/,t5_2qh9z
67,"Infected after 5 minutes, from 20 feet away: South Korea study shows coronavirus' spread indoors",543,ka61sl,https://www.latimes.com/world-nation/story/2020-12-09/five-minutes-from-20-feet-away-south-korean-study-shows-perils-of-indoor-dining-for-covid-19,67,2020-12-09 21:00:07,,Scuba_BK,0.95,/r/Health/comments/ka61sl/infected_after_5_minutes_from_20_feet_away_south/,t5_2qh9z
68,"Scientists were close to a coronavirus vaccine years ago. Then the money dried up. - ""... need to be more agile in recognizing that new diseases do occur, and once they’ve cropped up, they very well may come again, maybe not the same but very similar""",537,fecan9,https://www.cnbc.com/2020/03/05/scientists-were-close-to-a-sars-coronavirus-vaccine-years-ago.html,23,2020-03-06 06:41:37,,shallah,0.96,/r/Health/comments/fecan9/scientists_were_close_to_a_coronavirus_vaccine/,t5_2qh9z
69,"New coronavirus strain found in swine could jump to humans, says US study",533,jcpt9r,https://www.scmp.com/news/asia/article/3105918/new-coronavirus-fear-new-strain-seen-swine-has-potential-jump-humans-us,87,2020-10-17 01:48:42,,boppinmule,0.94,/r/Health/comments/jcpt9r/new_coronavirus_strain_found_in_swine_could_jump/,t5_2qh9z
70,"Coronavirus pandemic to cost Americans $16 trillion, study finds",534,ja0h2w,https://www.cbsnews.com/news/coronavirus-pandemic-cost-16-trillion/,63,2020-10-12 17:54:04,,swaffle74,0.98,/r/Health/comments/ja0h2w/coronavirus_pandemic_to_cost_americans_16/,t5_2qh9z
71,Coronavirus transmission: Flush with lid down to prevent toilet plumes,531,gmz1bx,https://www.jsonline.com/story/news/health/2020/05/15/coronavirus-transmission-flush-lid-down-prevent-toilet-plumes/5198015002/,69,2020-05-19 18:39:35,,shallah,0.96,/r/Health/comments/gmz1bx/coronavirus_transmission_flush_with_lid_down_to/,t5_2qh9z
72,Coronavirus draws attention to FDA oversight of Chinese drugs: About 60 percent of factories manufacturing drug ingredients and finished medicines for U.S. patients are located overseas with China and India accounting for 40 percent of them.,530,f17n59,https://www.politico.com/newsletters/prescription-pulse/2020/02/07/coronavirus-draws-attention-to-fda-oversight-of-chinese-drugs-488269,19,2020-02-09 06:47:20,,shallah,0.98,/r/Health/comments/f17n59/coronavirus_draws_attention_to_fda_oversight_of/,t5_2qh9z
73,CDC says U.S. should have enough coronavirus vaccine to return to 'regular life' by third quarter of 2021,528,itzuzm,https://www.cnbc.com/2020/09/16/coronavirus-cdc-says-us-should-have-enough-vaccine-to-return-to-regular-life-by-third-quarter-of-2021.html,132,2020-09-16 13:13:07,,Fitness_and_Finance,0.95,/r/Health/comments/itzuzm/cdc_says_us_should_have_enough_coronavirus/,t5_2qh9z
74,A Wuhan evacuee was released from quarantine in Texas and later tested positive for the coronavirus - The person was released after meeting the CDC's criteria which includes resolution of any symptoms & 2 consecutive sets of negative tests collected more than 24 hrs apart.,526,fcbh1o,https://www.cnn.com/2020/03/02/health/wuhan-evacuee-san-antonio/index.html,35,2020-03-02 07:40:52,,anutensil,0.99,/r/Health/comments/fcbh1o/a_wuhan_evacuee_was_released_from_quarantine_in/,t5_2qh9z
75,Neanderthal genes linked to severe COVID-19; Mosquitoes cannot transmit the coronavirus,514,j34j5e,https://www.reuters.com/article/us-health-coronavirus-science-idUSKBN26L3HC,35,2020-10-01 04:13:52,,mubukugrappa,0.98,/r/Health/comments/j34j5e/neanderthal_genes_linked_to_severe_covid19/,t5_2qh9z
76,Poll: Gen Z says it's taking the coronavirus pandemic seriously,516,isj119,https://www.axios.com/gen-z-colleges-coronavirus-poll-b67f2748-f4dd-41b8-bde1-fb094ad5afd5.html,58,2020-09-14 07:23:54,,justanotherlidian,0.95,/r/Health/comments/isj119/poll_gen_z_says_its_taking_the_coronavirus/,t5_2qh9z
77,"Pharmaceutical companies have raised prices on 245 drugs since the first U.S. coronavirus case was reported on Jan. 20, according to a report released Sunday by an advocacy group. Sixty-one of the drugs that saw price increases are being used to treat COVID-19, and 30 are in clinical trials",516,hiaheg,https://thehill.com/policy/healthcare/505115-companies-hiked-prices-on-245-drugs-during-pandemic-advocacy-group-says,37,2020-06-29 18:32:03,,DoremusJessup,0.98,/r/Health/comments/hiaheg/pharmaceutical_companies_have_raised_prices_on/,t5_2qh9z
78,WHO sounds warning on coronavirus 'second peak': Live updates,505,gqp9ez,https://www.aljazeera.com/news/2020/05/sounds-warning-coronavirus-peak-live-updates-200526002031517.html,77,2020-05-25 23:18:25,,themetricsystem,0.94,/r/Health/comments/gqp9ez/who_sounds_warning_on_coronavirus_second_peak/,t5_2qh9z
79,"Hundreds of scientists say coronavirus is airborne, ask WHO to revise recommendations",498,hm0ohm,https://www.reuters.com/article/us-health-coronavirus-airborne/hundreds-of-scientists-say-coronavirus-is-airborne-ask-who-to-revise-recommendations-nyt-idUSKBN2460O7?fbclid=IwAR2F5c5b88llU6WPjdlA1ZA1JqADJLQo0CK6VVakYU7rJo3r5ZhmfdPvSfY,80,2020-07-06 00:07:40,,Fitness_and_Finance,0.97,/r/Health/comments/hm0ohm/hundreds_of_scientists_say_coronavirus_is/,t5_2qh9z
80,Coronavirus live updates: Fauci was not at meeting where CDC guidelines were discussed; woman may have gotten COVID from plane bathroom,487,ihlx45,https://www.usatoday.com/story/news/health/2020/08/27/coronavirus-updates-california-cdc-testing-unemployment/5640833002/,27,2020-08-27 10:23:30,,Fitness_and_Finance,0.94,/r/Health/comments/ihlx45/coronavirus_live_updates_fauci_was_not_at_meeting/,t5_2qh9z
81,"Amid coronavirus pandemic, millions of older Americans live in counties with no ICU beds: Even counties that rank in the top 10% for ICU bed count still have as many as 450 older people potentially competing for each bed.",484,fm412i,https://www.usatoday.com/story/news/health/2020/03/20/coronavirus-millions-americans-live-counties-no-icu-beds/2881407001/https://www.usatoday.com/story/news/health/2020/03/20/coronavirus-millions-americans-live-counties-no-icu-beds/2881407001/,25,2020-03-20 18:22:53,,shallah,0.97,/r/Health/comments/fm412i/amid_coronavirus_pandemic_millions_of_older/,t5_2qh9z
82,"Muscle aches, extreme fatigue: Coronavirus symptoms go beyond fever and cough",482,fv44p8,https://www.nbcnews.com/health/health-news/muscle-aches-extreme-fatigue-coronavirus-symptoms-go-beyond-fever-cough-n1173876,56,2020-04-04 20:00:32,,yam12,0.97,/r/Health/comments/fv44p8/muscle_aches_extreme_fatigue_coronavirus_symptoms/,t5_2qh9z
83,How one woman fought to get her husband tested while West Virginia was applauded for having no coronavirus,474,fmn1dt,https://www.cnn.com/2020/03/21/us/west-virginia-coronavirus-patient-one-test/index.html,18,2020-03-21 17:26:53,,progress18,0.97,/r/Health/comments/fmn1dt/how_one_woman_fought_to_get_her_husband_tested/,t5_2qh9z
84,"1st case of coronavirus confirmed in Chicago, CDC says",476,etbw6r,https://wgntv.com/2020/01/24/1st-case-of-coronavirus-confirmed-in-chicago-cdc-says/,59,2020-01-24 10:30:42,,pantangeli,0.99,/r/Health/comments/etbw6r/1st_case_of_coronavirus_confirmed_in_chicago_cdc/,t5_2qh9z
85,Country's leader calls coronavirus a hoax,474,fbbq8f,https://www.nbcnews.com/politics/donald-trump/trump-calls-coronavirus-democrats-new-hoax-n1145721,185,2020-02-29 07:15:59,,anutensil,0.84,/r/Health/comments/fbbq8f/countrys_leader_calls_coronavirus_a_hoax/,t5_2qh9z
86,US officials promised 20 million vaccinated against coronavirus by the end of the year. It's going slower than that,463,klvjd3,https://www.cnn.com/2020/12/23/health/vaccine-rollout-slow-data-lags/index.html,56,2020-12-28 13:08:45,,Bonboniru,0.95,/r/Health/comments/klvjd3/us_officials_promised_20_million_vaccinated/,t5_2qh9z
87,"Scientists Explore Coronavirus Plasma Therapy With Promising Results: In the past, this has been used for diseases like diphtheria, polio, measles and mumps",459,g9ltn3,https://www.wgbh.org/news/science-and-technology/2020/04/28/scientists-explore-coronavirus-plasma-therapy-with-promising-results,14,2020-04-28 07:53:24,,shallah,0.99,/r/Health/comments/g9ltn3/scientists_explore_coronavirus_plasma_therapy/,t5_2qh9z
88,Fauci: why the public wasn't told to wear masks when the coronavirus pandemic began,466,has1y0,https://thehill.com/changing-america/well-being/prevention-cures/502890-fauci-why-the-public-wasnt-told-to-wear-masks,89,2020-06-17 10:21:00,,Fitness_and_Finance,0.96,/r/Health/comments/has1y0/fauci_why_the_public_wasnt_told_to_wear_masks/,t5_2qh9z
89,"Antiviral drug used to treat coronavirus infection in cats may be effective against SARS-CoV-2, says study",459,iibvm2,https://www.firstpost.com/health/antiviral-drug-used-to-treat-coronavirus-infection-in-cats-may-be-effective-against-sars-cov-2-says-study-8764831.html,22,2020-08-28 13:52:23,,mubukugrappa,0.99,/r/Health/comments/iibvm2/antiviral_drug_used_to_treat_coronavirus/,t5_2qh9z
90,Coronavirus declared global health emergency,461,ewb26s,https://www.bbc.co.uk/news/world-51318246,92,2020-01-30 14:46:39,,Consiliarius,0.97,/r/Health/comments/ewb26s/coronavirus_declared_global_health_emergency/,t5_2qh9z
91,"Covid Killed His Father. Then Came $1 Million in Medical Bills: Insurers and Congress wrote rules to protect coronavirus patients, but the bills came anyway, leaving some mired in debt",456,nhzbav,https://www.nytimes.com/2021/05/21/upshot/covid-bills-financial-long-haulers.html?action=click&module=Top%20Stories&pgtype=Homepage,29,2021-05-21 14:25:00,,DoremusJessup,0.94,/r/Health/comments/nhzbav/covid_killed_his_father_then_came_1_million_in/,t5_2qh9z
92,Gottlieb says new coronavirus strain in Europe appears to be more infectious,446,kgyv85,https://www.cbsnews.com/news/gottlieb-coronavirus-news-strain-face-the-nation/,65,2020-12-20 13:09:08,,Bonboniru,0.96,/r/Health/comments/kgyv85/gottlieb_says_new_coronavirus_strain_in_europe/,t5_2qh9z
93,Florida leads nation in coronavirus infections in 2020-like surge; Nearly one-in-five of the nation’s new COVID-19 infections comes from Florida,452,ond7dg,https://www.tampabay.com/news/health/2021/07/16/florida-leads-nation-in-new-coronavirus-infections-in-2020-like-surge/,59,2021-07-19 08:37:28,,progress18,0.95,/r/Health/comments/ond7dg/florida_leads_nation_in_coronavirus_infections_in/,t5_2qh9z
94,Captain Sir Tom Moore dies in hospital with coronavirus,447,lb1xci,https://www.bbc.com/news/uk-england-beds-bucks-herts-55881753,18,2021-02-02 12:57:55,,lurker_bee,0.97,/r/Health/comments/lb1xci/captain_sir_tom_moore_dies_in_hospital_with/,t5_2qh9z
95,"We Asked An Infectious Disease Doctor About Coronavirus. Here’s What She Said: Getting vaccinated against flu will not prevent infection with COVID-19, but the more people who are flu vaccinated, the fewer who will need to be admitted to the hospital with complications",446,fbb9y9,https://www.msn.com/en-us/health/health-news/we-asked-an-infectious-disease-doctor-about-coronavirus-heres-what-she-said/ar-BB10tBX9,23,2020-02-29 06:28:53,,shallah,0.95,/r/Health/comments/fbb9y9/we_asked_an_infectious_disease_doctor_about/,t5_2qh9z
96,"After Discovering a Sailor With Coronavirus, the U.S. Navy Crowded Dozens Into One Room - On the USS Boxer, where the Navy discovered its 1st case on a ship, a sailor says his superiors called a meeting that crammed more than 80 senior enlisted sailors & officers together.",443,fk4cwy,https://www.propublica.org/article/after-discovering-a-sailor-with-coronavirus-the-us-navy-crowded-dozens-into-one-room,30,2020-03-17 08:25:51,,anutensil,0.98,/r/Health/comments/fk4cwy/after_discovering_a_sailor_with_coronavirus_the/,t5_2qh9z
97,"China coronavirus 'spreads before symptoms show'. A new coronavirus that has spread to almost 2,000 people is infectious in its incubation period - before symptoms show - making it harder to contain, Chinese officials say.",430,eu57g6,https://www.bbc.co.uk/news/world-asia-china-51254523,37,2020-01-26 05:39:20,,Suissetralia,0.98,/r/Health/comments/eu57g6/china_coronavirus_spreads_before_symptoms_show_a/,t5_2qh9z
98,New coronavirus variant identified in German hospital,432,l00xov,https://www.politico.eu/article/new-coronavirus-variant-identified-in-german-hospital/,75,2021-01-18 13:50:28,,boppinmule,0.96,/r/Health/comments/l00xov/new_coronavirus_variant_identified_in_german/,t5_2qh9z
99,"CDC's ensemble forecast now projects more than 173,000 US coronavirus deaths by August 22",432,i1ezy9,https://www.cnn.com/world/live-news/coronavirus-pandemic-07-31-20-intl/h_ac767c101a6c140028d42a5245e4c29e,44,2020-07-31 16:32:44,,progress18,0.97,/r/Health/comments/i1ezy9/cdcs_ensemble_forecast_now_projects_more_than/,t5_2qh9z
100,"Opinion | Employer-Based Health Care, Meet Massive Unemployment | The coronavirus pandemic is exposing a central flaw in America’s health care system.",432,hi263f,https://www.nytimes.com/2020/06/29/opinion/coronavirus-medicare-for-all.html,19,2020-06-29 11:41:57,,chillinewman,0.98,/r/Health/comments/hi263f/opinion_employerbased_health_care_meet_massive/,t5_2qh9z
101,3 Countries Starting Coronavirus Vaccine Trials in Global Race - There is currently no vaccine or treatment for the virus that causes COVID-19.,425,flu6mi,https://www.newsweek.com/countries-coronavirus-vaccine-trials-covid-19-before-end-year-1493362,40,2020-03-20 08:27:06,,anutensil,0.98,/r/Health/comments/flu6mi/3_countries_starting_coronavirus_vaccine_trials/,t5_2qh9z
102,The gender gap in coronavirus survival has scientists contemplating treating men with female sex hormones,421,g94lig,https://theweek.com/speedreads/911138/gender-gap-coronavirus-survival-scientists-contemplating-treating-men-female-sex-hormones,111,2020-04-27 12:59:12,,BlankVerse,0.88,/r/Health/comments/g94lig/the_gender_gap_in_coronavirus_survival_has/,t5_2qh9z
103,AstraZeneca is aiming to produce 2 billion doses of a coronavirus vaccine — and it could be ready by September,399,gwu85l,https://www.cnbc.com/2020/06/04/astrazeneca-is-set-to-make-two-billion-doses-of-a-coronavirus-vaccine.html,60,2020-06-04 20:45:15,,Fitness_and_Finance,0.96,/r/Health/comments/gwu85l/astrazeneca_is_aiming_to_produce_2_billion_doses/,t5_2qh9z
104,"5 Americans now confirmed with coronavirus, CDC says",405,eue1cx,https://www.axios.com/americans-confirmed-cases-coronavirus-94d60e83-9fe1-4771-80bf-f3f35d92351c.html,96,2020-01-26 17:20:36,,atomicspace,0.98,/r/Health/comments/eue1cx/5_americans_now_confirmed_with_coronavirus_cdc/,t5_2qh9z
105,Oxford Coronavirus Vaccine ‘Safe’ And Showing ‘Promising Results’,404,humbhr,https://www.huffpost.com/entry/uk-oxford-coronavirus-vaccine-trial_n_5f15a14fc5b619afc4046655,35,2020-07-20 10:35:13,,mostaksaif,0.98,/r/Health/comments/humbhr/oxford_coronavirus_vaccine_safe_and_showing/,t5_2qh9z
106,Florida's coronavirus outbreak is getting worse,402,hrmtna,https://www.axios.com/florida-coronavirus-cases-deaths-2ce489c7-3eb8-4675-8a42-5b2306e7023a.html,113,2020-07-15 08:41:07,,kugkug,0.96,/r/Health/comments/hrmtna/floridas_coronavirus_outbreak_is_getting_worse/,t5_2qh9z
107,Italian coronavirus cases seen 10 times higher than official tally,398,fo6596,https://www.reuters.com/article/us-health-coronavirus-italy/italian-coronavirus-cases-seen-10-times-higher-than-official-tally-idUSKBN21B1CC,35,2020-03-24 10:37:19,,progress18,0.98,/r/Health/comments/fo6596/italian_coronavirus_cases_seen_10_times_higher/,t5_2qh9z
108,Dr. Fauci recommends wearing goggles to prevent catching the coronavirus,384,i0bcij,https://www.marketwatch.com/story/dr-fauci-recommends-wearing-goggles-to-prevent-catching-the-coronavirus-2020-07-29,132,2020-07-29 19:37:24,,kugkug,0.93,/r/Health/comments/i0bcij/dr_fauci_recommends_wearing_goggles_to_prevent/,t5_2qh9z
109,Vaccines against the coronavirus will have side effects – and that’s a good thing,380,m4cwsk,https://www.pbs.org/newshour/amp/health/vaccines-against-sars-cov-2-will-have-side-effects-thats-a-good-thing?__twitter_impression=true,102,2021-03-13 14:06:09,,TheColorOfDeadMen,0.9,/r/Health/comments/m4cwsk/vaccines_against_the_coronavirus_will_have_side/,t5_2qh9z
110,United becomes first US airline to cancel some China flights amid coronavirus travel warnings,371,evcazp,https://www.usatoday.com/story/travel/2020/01/28/coronavirus-united-cancels-china-flights-amid-outbreak-travel-alerts/4598279002/,3,2020-01-28 16:52:07,,progress18,0.99,/r/Health/comments/evcazp/united_becomes_first_us_airline_to_cancel_some/,t5_2qh9z
111,Blood Is the Next Critical Tool In the Coronavirus Fight. Here's Why,373,fxbk0d,https://singularityhub.com/2020/04/07/blood-is-the-next-critical-tool-in-the-coronavirus-fight-heres-why/,26,2020-04-08 14:12:11,,jonfla,0.96,/r/Health/comments/fxbk0d/blood_is_the_next_critical_tool_in_the/,t5_2qh9z
112,"Children face greater risks from coronavirus than previously thought, new study says",374,gim99y,https://www.nj.com/coronavirus/2020/05/children-face-greater-risks-from-coronavirus-than-previously-thought-new-study-says.html,29,2020-05-12 18:44:38,,BlankVerse,0.81,/r/Health/comments/gim99y/children_face_greater_risks_from_coronavirus_than/,t5_2qh9z
113,Coronavirus vaccine technology is paving the way for a whole new approach to flu shots,373,mp9p28,https://www.msn.com/en-us/health/medical/coronavirus-vaccine-technology-is-paving-the-way-for-a-whole-new-approach-to-flu-shots/ar-BB1fwWaC?ocid=uxbndlbing,71,2021-04-12 04:39:31,,shallah,0.95,/r/Health/comments/mp9p28/coronavirus_vaccine_technology_is_paving_the_way/,t5_2qh9z
114,"There Has Been an Increase in Other Causes of Deaths, Not Just Coronavirus",366,guz573,https://www.nytimes.com/interactive/2020/06/01/us/coronavirus-deaths-new-york-new-jersey.html?action=click&module=Top%20Stories&pgtype=Homepage,40,2020-06-01 22:57:06,,DoremusJessup,0.99,/r/Health/comments/guz573/there_has_been_an_increase_in_other_causes_of/,t5_2qh9z
115,Anxiety mounts among U.S. health workers on the front lines of coronavirus outbreak,374,fclgjx,https://www.latimes.com/california/story/2020-03-02/healthcare-workers-anxiety-as-coronavirus-takes-root-in-the-us,29,2020-03-02 18:46:52,,BlankVerse,0.96,/r/Health/comments/fclgjx/anxiety_mounts_among_us_health_workers_on_the/,t5_2qh9z
116,"Congress Passed $8.3 Billion in Emergency Coronavirus Funding, but First Responders Still Can’t Buy Masks - None of Congress’ emergency coronavirus funding goes directly to first responders for the protective gear and supplies that paramedics, firefighters & EMTs need to safely fight the virus.",353,fl89v3,https://www.propublica.org/article/congress-passed-8-3-billion-in-emergency-coronavirus-funding-but-first-responders-still-cant-buy-masks,23,2020-03-19 07:08:15,,anutensil,0.97,/r/Health/comments/fl89v3/congress_passed_83_billion_in_emergency/,t5_2qh9z
117,"How Coronavirus Took Hold in North America and Europe: Early interventions were effective at stamping out coronavirus infections, but subsequent, poorly monitored travel allowed the virus to ignite major outbreaks in Europe and North America, according to a new study",354,iqmwrl,https://news.arizona.edu/story/how-coronavirus-took-hold-north-america-and-europe,36,2020-09-11 04:53:54,,mubukugrappa,0.96,/r/Health/comments/iqmwrl/how_coronavirus_took_hold_in_north_america_and/,t5_2qh9z
118,Coronavirus Live Updates: Iran’s Deputy Health Minister Tests Positive,343,f9balu,http://www.nytimes.com/2020/02/25/world/asia/coronavirus-news.html,30,2020-02-25 09:46:40,,futuredude,0.98,/r/Health/comments/f9balu/coronavirus_live_updates_irans_deputy_health/,t5_2qh9z
119,WSJ: Young Doctors Struggle to Treat Coronavirus Patients: ‘We Are Horrified and Scared’,341,gdagiq,https://www.wsj.com/articles/young-doctors-struggle-to-treat-coronavirus-patients-we-are-horrified-and-scared-11588171553?0,29,2020-05-04 08:11:34,,NoPPENoMe,0.9,/r/Health/comments/gdagiq/wsj_young_doctors_struggle_to_treat_coronavirus/,t5_2qh9z
120,"Wuhan Coronavirus Looks Increasingly Like a Pandemic, Experts Say",347,exuybp,https://www.nytimes.com/2020/02/02/health/coronavirus-pandemic-china.html,36,2020-02-02 15:49:38,,atomicspace,0.95,/r/Health/comments/exuybp/wuhan_coronavirus_looks_increasingly_like_a/,t5_2qh9z
121,The Chinese doctor who tried to warn others about coronavirus,339,eymfvf,https://www.bbc.co.uk/news/world-asia-china-51364382,34,2020-02-04 02:23:34,,zorbix,0.97,/r/Health/comments/eymfvf/the_chinese_doctor_who_tried_to_warn_others_about/,t5_2qh9z
122,"'Too early' to declare coronavirus outbreak a global health emergency, WHO says; ""Make no mistake, this is an emergency in China,"" the director-general of the WHO said.",335,etagbm,https://www.nbcnews.com/health/cold-and-flu/too-early-declare-new-coronavirus-outbreak-global-health-emergency-who-n1121171,19,2020-01-24 08:32:35,,progress18,0.99,/r/Health/comments/etagbm/too_early_to_declare_coronavirus_outbreak_a/,t5_2qh9z
123,"Federal coronavirus ""red zone"" of severe outbreaks expands to 21 total states",327,hzq7dd,https://www.cbsnews.com/news/federal-coronavirus-red-zone-of-severe-outbreaks-expands-to-21-total-states/,39,2020-07-28 20:07:38,,progress18,0.95,/r/Health/comments/hzq7dd/federal_coronavirus_red_zone_of_severe_outbreaks/,t5_2qh9z
124,"Coronavirus update: Birx says U.S. has entered a ‘new phase’ of pandemic as cases, deaths rise",332,i2msac,https://www.washingtonpost.com/nation/2020/08/02/coronavirus-covid-updates/,30,2020-08-02 20:08:54,,phishyfingers,0.94,/r/Health/comments/i2msac/coronavirus_update_birx_says_us_has_entered_a_new/,t5_2qh9z
125,"U.K. coronavirus variant spreading rapidly through United States, study finds",326,lf0f4c,https://www.washingtonpost.com/health/ukvariant-coronavirus-us-spread/2021/02/07/a197dbc2-680a-11eb-8468-21bc48f07fe5_story.html,28,2021-02-07 20:07:46,,resnica,0.96,/r/Health/comments/lf0f4c/uk_coronavirus_variant_spreading_rapidly_through/,t5_2qh9z
126,Increased Testing Will Help Protect the Military From Coronavirus,316,g13q60,https://www.wsj.com/articles/protect-the-military-from-coronavirus-11586717414,9,2020-04-14 07:19:31,,jumpman_33,0.96,/r/Health/comments/g13q60/increased_testing_will_help_protect_the_military/,t5_2qh9z
127,Why the out-of-control STD epidemic will likely get worse after the coronavirus pandemic,317,k8nt8r,https://www.msn.com/en-us/news/us/why-the-out-of-control-std-epidemic-will-likely-get-worse-after-the-coronavirus-pandemic/ar-BB1bF3sk,40,2020-12-07 14:43:02,,shallah,0.96,/r/Health/comments/k8nt8r/why_the_outofcontrol_std_epidemic_will_likely_get/,t5_2qh9z
128,"States Report Coronavirus Cases Linked To Sturgis, S.D., Motorcycle Rally",316,ilu4nz,https://www.npr.org/sections/coronavirus-live-updates/2020/09/02/908874086/states-report-coronavirus-cases-linked-to-sturgis-s-d-motorcycle-rally,88,2020-09-03 10:11:30,,progress18,0.93,/r/Health/comments/ilu4nz/states_report_coronavirus_cases_linked_to_sturgis/,t5_2qh9z
129,How South Korea’s Coronavirus Outbreak Got so Quickly out of Control,322,f8uk23,https://time.com/5789596/south-korea-coronavirus-outbreak/,37,2020-02-24 12:21:43,,anutensil,0.97,/r/Health/comments/f8uk23/how_south_koreas_coronavirus_outbreak_got_so/,t5_2qh9z
130,Germany is at start of coronavirus epidemic: health minister,318,fa2vp5,https://www.reuters.com/article/us-china-health-coronavirus-germany/germany-is-at-start-of-coronavirus-epidemic-health-minister-idUSKCN20K2MG,44,2020-02-26 18:53:01,,progress18,0.97,/r/Health/comments/fa2vp5/germany_is_at_start_of_coronavirus_epidemic/,t5_2qh9z
131,"Virus that causes COVID-19 survives up to 28 days on surfaces, Australian scientists find...The coronavirus that causes COVID-19 can live for up to 28 days on surfaces such as mobile phone screens and ATMs — much longer than previously thought — new Australian research has found.",315,j9poto,https://www.abc.net.au/news/2020-10-12/coronavirus-can-live-on-surfaces-28-days-australian-scientists/12752108,48,2020-10-12 08:07:30,,phishyfingers,0.87,/r/Health/comments/j9poto/virus_that_causes_covid19_survives_up_to_28_days/,t5_2qh9z
132,Eating Disorders Surge Amid Coronavirus Pandemic,312,jtcdic,https://www.necn.com/news/health-news/eating-disorders-surge-amid-coronavirus-pandemic/2347456/,26,2020-11-13 01:43:24,,shallah,0.98,/r/Health/comments/jtcdic/eating_disorders_surge_amid_coronavirus_pandemic/,t5_2qh9z
133,12th coronavirus case confirmed in the US — There's a small window of time to contain the new virus.,312,ezh79v,https://abcnews.go.com/International/10-people-aboard-cruise-ship-japan-test-positive/story?id=68769789,20,2020-02-05 16:52:24,,Molire,0.96,/r/Health/comments/ezh79v/12th_coronavirus_case_confirmed_in_the_us_theres/,t5_2qh9z
134,"Over 1/2 of U.S. counties have no hospital ICU beds, a growing concern as the novel coronavirus spreads throughout the nation - This map shows counties with no hospitals, counties with hospitals but no ICU beds, & counties with ICU beds.",311,flusun,https://khn.org/news/as-coronavirus-spreads-widely-millions-of-older-americans-live-in-counties-with-no-icu-beds/,20,2020-03-20 09:13:10,,anutensil,0.97,/r/Health/comments/flusun/over_12_of_us_counties_have_no_hospital_icu_beds/,t5_2qh9z
135,WSJ: Young Doctors Struggle to Treat Coronavirus Patients: ‘We Are Horrified and Scared’,306,gbgxlk,https://www.wsj.com/articles/young-doctors-struggle-to-treat-coronavirus-patients-we-are-horrified-and-scared-11588171553,14,2020-05-01 08:10:11,,NoPPENoMe,0.94,/r/Health/comments/gbgxlk/wsj_young_doctors_struggle_to_treat_coronavirus/,t5_2qh9z
136,"Coronavirus has now killed more than 2 million people worldwide: ""A heart-wrenching milestone""",295,ky0gtt,https://www.cbsnews.com/news/covid-death-toll-2-million-worldwide/,17,2021-01-15 13:24:19,,boppinmule,0.95,/r/Health/comments/ky0gtt/coronavirus_has_now_killed_more_than_2_million/,t5_2qh9z
137,Doctor discusses study that suggests mouthwash may help inactivate coronavirus,294,l1hlzl,https://abc7.com/health/study-suggests-mouthwash-may-help-inactivate-covid-19/9847399/,27,2021-01-20 15:21:56,,lurker_bee,0.94,/r/Health/comments/l1hlzl/doctor_discusses_study_that_suggests_mouthwash/,t5_2qh9z
138,"Death toll in China’s coronavirus climbs sharply to 80 with 2,744 confirmed cases",290,eul7td,https://www.thehindu.com/news/international/death-toll-in-chinas-coronavirus-climbs-sharply/article30662764.ece,27,2020-01-27 03:31:40,,al3xmorgan111,0.96,/r/Health/comments/eul7td/death_toll_in_chinas_coronavirus_climbs_sharply/,t5_2qh9z
139,"Mail From China Won't Spread Coronavirus, Virus Specialists Assure Public",286,ey8umq,https://www.npr.org/sections/health-shots/2020/02/03/801620037/no-you-wont-catch-the-new-coronavirus-via-packages-or-mail-from-china,23,2020-02-03 10:37:29,,zsreport,0.97,/r/Health/comments/ey8umq/mail_from_china_wont_spread_coronavirus_virus/,t5_2qh9z
140,China coronavirus: Wuhan and Huanggang on lockdown,287,essbhi,https://www.bbc.com/news/world-asia-china-51217455,48,2020-01-23 07:20:36,,progress18,0.98,/r/Health/comments/essbhi/china_coronavirus_wuhan_and_huanggang_on_lockdown/,t5_2qh9z
141,Scores of coronavirus vaccines are in competition — how will scientists choose the best?,285,gbg00e,https://www.nature.com/articles/d41586-020-01247-2,82,2020-05-01 06:57:04,,newsspotter,0.97,/r/Health/comments/gbg00e/scores_of_coronavirus_vaccines_are_in_competition/,t5_2qh9z
142,The coronavirus pandemic is a new kind of crisis - This may be the most sustained period of widespread public pain since WWII.,286,fk485h,https://www.axios.com/coronavirus-pandemic-crisis-world-war-99eb1d46-cd33-4a24-b37a-6245e24a7e50.html,30,2020-03-17 08:15:24,,anutensil,0.97,/r/Health/comments/fk485h/the_coronavirus_pandemic_is_a_new_kind_of_crisis/,t5_2qh9z
143,"Coronavirus Cases Top 40,000, While Deaths Hit 908",280,f25q6k,https://www.usnews.com/news/health-news/articles/2020-02-10/coronavirus-cases-top-40-000-while-deaths-hit-908,23,2020-02-11 03:52:03,,Lindasmith2912,0.95,/r/Health/comments/f25q6k/coronavirus_cases_top_40000_while_deaths_hit_908/,t5_2qh9z
144,New coronavirus cases in California and Oregon are second and third of unknown origin in US,287,fb7lei,https://www.cnn.com/2020/02/28/health/coronavirus-us-updates-california-patient/index.html,44,2020-02-28 23:55:37,,progress18,0.97,/r/Health/comments/fb7lei/new_coronavirus_cases_in_california_and_oregon/,t5_2qh9z
145,This woman thought she had coronavirus. She actually had hantavirus.,278,jo4ahc,https://www.msn.com/en-us/health/medical/this-woman-thought-she-had-coronavirus-she-actually-had-hantavirus/ar-BB1aGRKb?ocid=msedgdhp,21,2020-11-04 15:28:36,,shallah,0.98,/r/Health/comments/jo4ahc/this_woman_thought_she_had_coronavirus_she/,t5_2qh9z
146,"Why have 14,000 people volunteered to be infected with coronavirus?",272,gh5ex1,https://www.nbcnews.com/health/health-news/why-have-14-000-people-volunteered-be-infected-coronavirus-n1203931,40,2020-05-10 13:18:07,,BlankVerse,0.89,/r/Health/comments/gh5ex1/why_have_14000_people_volunteered_to_be_infected/,t5_2qh9z
147,Coronavirus: Largest study suggests elderly and sick are most at risk,273,f5ozk0,https://www.bbc.com/news/world-asia-china-51540981,41,2020-02-18 04:02:09,,DavidHall1,0.97,/r/Health/comments/f5ozk0/coronavirus_largest_study_suggests_elderly_and/,t5_2qh9z
148,"Coronavirus cases top 300,000 worldwide as US becomes one of worst hit countries",273,fn7kvw,https://www.cnbc.com/2020/03/21/coronavirus-cases-top-300000-worldwide-as-us-becomes-one-of-worst-hit.html,51,2020-03-22 17:26:45,,progress18,0.95,/r/Health/comments/fn7kvw/coronavirus_cases_top_300000_worldwide_as_us/,t5_2qh9z
149,"Masks and social distancing may still be needed for people with compromised immunity: New studies are showing some autoimmune diseases and treatments may weaken the effect of the coronavirus vaccines, raising alarms for patients with mask rollbacks.",254,nct42g,https://www.king5.com/article/news/health/coronavirus/masks-and-social-distancing-may-still-be-needed-for-people-with-compromised-immunity/281-b108227e-de31-4e4c-8354-68ee71a1b1bf,45,2021-05-15 03:23:12,,shallah,0.92,/r/Health/comments/nct42g/masks_and_social_distancing_may_still_be_needed/,t5_2qh9z
150,FDA willing to fast track coronavirus vaccine before phase three trials end,258,ijpfor,https://www.cnbc.com/2020/08/30/fda-willing-to-fast-track-coronavirus-vaccine-before-phase-three-trials.html,105,2020-08-30 22:06:23,,Fitness_and_Finance,0.94,/r/Health/comments/ijpfor/fda_willing_to_fast_track_coronavirus_vaccine/,t5_2qh9z
151,Coronavirus: distancing and handwashing could also lower flu rates,249,ga7agr,https://theconversation.com/coronavirus-distancing-and-handwashing-could-also-lower-flu-rates-136753,32,2020-04-29 06:53:34,,shallah,0.96,/r/Health/comments/ga7agr/coronavirus_distancing_and_handwashing_could_also/,t5_2qh9z
152,We've never made a successful vaccine for a coronavirus before. This is why it's so difficult,248,g4vpqv,https://www.abc.net.au/news/health/2020-04-17/coronavirus-vaccine-ian-frazer/12146616,30,2020-04-20 12:15:01,,gamyng,0.98,/r/Health/comments/g4vpqv/weve_never_made_a_successful_vaccine_for_a/,t5_2qh9z
153,Coronavirus vaccine developed in January,236,k97pzg,https://nymag.com/intelligencer/2020/12/moderna-covid-19-vaccine-design.html?utm_source=undefined&utm_medium=undefined&utm_campaign=feed-part,26,2020-12-08 11:47:30,,HoppySailorMon,0.93,/r/Health/comments/k97pzg/coronavirus_vaccine_developed_in_january/,t5_2qh9z
154,Gov. Charlie Baker Declares State of Emergency as Massachusetts Coronavirus Cases Rise to 92,225,fhgbcp,https://www.nbcboston.com/news/local/gov-baker-to-speak-on-states-coronavirus-preparedness/2088681/,17,2020-03-12 09:27:34,,progress18,0.98,/r/Health/comments/fhgbcp/gov_charlie_baker_declares_state_of_emergency_as/,t5_2qh9z
155,"Fauci predicts millions of coronavirus cases in US, and more than 100,000 deaths",234,frgds2,https://www.bostonglobe.com/2020/03/29/nation/fauci-predicts-millions-coronavirus-cases-us-more-than-100000-deaths/,32,2020-03-29 20:08:24,,tactman,0.98,/r/Health/comments/frgds2/fauci_predicts_millions_of_coronavirus_cases_in/,t5_2qh9z
156,"Aircraft carrier USS Theodore Roosevelt has more coronavirus cases, Navy says",220,ll0h4o,https://www.washingtonpost.com/national-security/2021/02/15/uss-theodore-roosevelt-coronavirus/,7,2021-02-16 04:40:00,,kongweeneverdie,0.96,/r/Health/comments/ll0h4o/aircraft_carrier_uss_theodore_roosevelt_has_more/,t5_2qh9z
157,A 36-Year-Old Man Is the Youngest Fatality of the Wuhan Coronavirus Outbreak So Far,222,evtqc8,https://time.com/5770924/wuhan-coronavirus-youngest-death/,17,2020-01-29 16:35:14,,jayfreeze7,0.98,/r/Health/comments/evtqc8/a_36yearold_man_is_the_youngest_fatality_of_the/,t5_2qh9z
158,"U.S. records 2,600 new coronavirus cases every hour as total approaches four million",220,hwfncz,https://www.reuters.com/article/us-health-coronavirus-usa-cases/u-s-records-2600-new-coronavirus-cases-every-hour-as-total-approaches-four-million-idUSKCN24O16J,25,2020-07-23 09:29:02,,progress18,0.96,/r/Health/comments/hwfncz/us_records_2600_new_coronavirus_cases_every_hour/,t5_2qh9z
159,Coronavirus cases surge to 400 in Italy,217,fa9mjm,https://www.bbc.com/news/world-europe-51645902,24,2020-02-27 04:31:18,,progress18,0.97,/r/Health/comments/fa9mjm/coronavirus_cases_surge_to_400_in_italy/,t5_2qh9z
160,How Big Pharma left the world vulnerable to coronavirus,209,hbyibq,https://www.businessinsider.com/how-big-pharma-left-the-world-vulnerable-to-coronavirus-2020-6,48,2020-06-19 06:46:09,,allpenny,0.92,/r/Health/comments/hbyibq/how_big_pharma_left_the_world_vulnerable_to/,t5_2qh9z
161,Former FDA chief Dr. Scott Gottlieb wary of safety of Russia's coronavirus vaccine: 'I wouldn't take it',203,i7vjs2,https://www.cnbc.com/2020/08/11/ex-fda-chief-scott-gottlieb-cautious-on-russias-coronavirus-vaccine.html,16,2020-08-11 13:04:43,,Fitness_and_Finance,0.98,/r/Health/comments/i7vjs2/former_fda_chief_dr_scott_gottlieb_wary_of_safety/,t5_2qh9z
162,When can I get a coronavirus vaccine?,201,k4iwoz,https://www.cnn.com/2020/11/30/health/covid-vaccine-questions-when/index.html,53,2020-12-01 06:08:36,,twintower98,0.89,/r/Health/comments/k4iwoz/when_can_i_get_a_coronavirus_vaccine/,t5_2qh9z
163,Coronavirus Could Hit American Workers Especially Hard,197,fc2xt8,http://www.theatlantic.com/health/archive/2020/02/coronavirus-could-hit-american-workers-especially-hard/607213/,44,2020-03-01 18:43:25,,futuredude,0.95,/r/Health/comments/fc2xt8/coronavirus_could_hit_american_workers_especially/,t5_2qh9z
164,Dr. Anthony Fauci warns the coronavirus won’t ever be eradicated,186,hvwigx,https://www.universalpersonality.com/dr-anthony-fauci-warns-the-coronavirus-wont-ever-be-totally-eradicated/,33,2020-07-22 12:07:51,,phishyfingers,0.95,/r/Health/comments/hvwigx/dr_anthony_fauci_warns_the_coronavirus_wont_ever/,t5_2qh9z
165,"Archivists Made a Directory of 5,000 Coronavirus Studies to Bypass Paywalls - The potentially illegal archive is a 'moral imperative,' said one organizer.",183,eyr5wc,https://www.vice.com/en_us/article/z3b3v5/archivists-are-bypassing-paywalls-to-share-studies-about-coronaviruses,1,2020-02-04 09:54:10,,anutensil,0.99,/r/Health/comments/eyr5wc/archivists_made_a_directory_of_5000_coronavirus/,t5_2qh9z
166,Coronavirus distancing measures sees global flu infections plummet,187,i17xs0,https://www.abc.net.au/news/2020-07-31/global-flu-infections-down-amid-distancing-coronavirus-covid-19/12512742,20,2020-07-31 09:56:58,,shallah,0.97,/r/Health/comments/i17xs0/coronavirus_distancing_measures_sees_global_flu/,t5_2qh9z
167,Rand Paul becomes first known senator to test positive for coronavirus,185,fn4j4n,https://www.nbcnews.com/politics/congress/rand-paul-becomes-first-known-senator-test-positive-coronavirus-n1166111,28,2020-03-22 14:33:34,,progress18,0.96,/r/Health/comments/fn4j4n/rand_paul_becomes_first_known_senator_to_test/,t5_2qh9z
168,"As the world focuses on coronavirus, don’t forget about the deadly flu that’s killed at least 10,000 Americans",184,ezw5xz,https://www.marketwatch.com/story/as-the-world-focuses-on-coronavirus-dont-forget-about-the-deadly-flu-2020-02-06,21,2020-02-06 13:02:57,,BlankVerse,0.91,/r/Health/comments/ezw5xz/as_the_world_focuses_on_coronavirus_dont_forget/,t5_2qh9z
169,Coronavirus Face Masks: Types & When to Use | Johns Hopkins Medicine,179,jttfqy,https://www.hopkinsmedicine.org/health/conditions-and-diseases/coronavirus/coronavirus-face-masks-what-you-need-to-know,23,2020-11-13 20:51:09,,drongo1210,0.94,/r/Health/comments/jttfqy/coronavirus_face_masks_types_when_to_use_johns/,t5_2qh9z
170,U.S. Hospitals Say They're Ready for Coronavirus. Their Infection Control Violations Say Otherwise. - ProPublica,175,fggm8n,https://www.propublica.org/article/us-hospitals-say-theyre-ready-for-coronavirus-their-infection-control-violations-say-otherwise,14,2020-03-10 12:35:18,,shallah,0.95,/r/Health/comments/fggm8n/us_hospitals_say_theyre_ready_for_coronavirus/,t5_2qh9z
171,"State Department says it's retrieved over 18,000 US citizens stranded abroad amid coronavirus pandemic - Some 33,000 Americans are still seeking assistance from the govt to get home",165,frdvgs,https://www.cnn.com/2020/03/29/politics/americans-abroad-state-department-repatriation-coronavirus/index.html,8,2020-03-29 17:38:42,,anutensil,0.97,/r/Health/comments/frdvgs/state_department_says_its_retrieved_over_18000_us/,t5_2qh9z
172,Epsilon variant mutations contribute to COVID immune evasion – Studies reveal unprecedented mechanism behind loss of antibody neutralization against this pandemic coronavirus variant of concern.,166,od08jb,https://newsroom.uw.edu/news/epsilon-variant-mutations-contribute-covid-immune-evasion,72,2021-07-03 11:31:01,,Exastiken,0.88,/r/Health/comments/od08jb/epsilon_variant_mutations_contribute_to_covid/,t5_2qh9z
173,"US may issue coronavirus immunity cards, Fauci says",167,fykmu1,http://www.oleantimesherald.com/coronavirus/us-may-issue-coronavirus-immunity-cards-fauci-says/article_59d83eff-3321-53dc-916d-c6ce4e98462f.html,66,2020-04-10 13:45:25,,paul1032xx,0.94,/r/Health/comments/fykmu1/us_may_issue_coronavirus_immunity_cards_fauci_says/,t5_2qh9z
174,Coronavirus: Italy extends strict quarantine measures nationwide,164,fg21yo,https://www.bbc.com/news/world-europe-51810673,6,2020-03-09 17:17:25,,progress18,0.97,/r/Health/comments/fg21yo/coronavirus_italy_extends_strict_quarantine/,t5_2qh9z
175,Variant of coronavirus found in capital; Hebei cases down,160,l20wis,http://www.chinadaily.com.cn/a/202101/21/WS6008bd04a31024ad0baa402d.html,3,2021-01-21 10:44:31,,kongweeneverdie,0.92,/r/Health/comments/l20wis/variant_of_coronavirus_found_in_capital_hebei/,t5_2qh9z
176,Wild U.S. deer found with coronavirus antibodies,157,oxgz8t,https://www.nationalgeographic.com/animals/article/wild-us-deer-found-with-coronavirus-antibodies,22,2021-08-03 20:36:01,,sankscan,0.95,/r/Health/comments/oxgz8t/wild_us_deer_found_with_coronavirus_antibodies/,t5_2qh9z
177,The U.S. now has the 2nd largest number of coronavirus cases outside China,155,fnjee3,https://www.newsweek.com/coronavirus-update-map-us-cases-china-italy-india-lockdown-covid-19-1493694,16,2020-03-23 08:48:46,,anutensil,0.96,/r/Health/comments/fnjee3/the_us_now_has_the_2nd_largest_number_of/,t5_2qh9z
178,"American Airlines cancels some China service for more than a month as coronavirus spreads; American’s decision follows similar moves by Cathay Pacific, United and Air Canada.",151,evo9fo,https://www.cnbc.com/2020/01/29/coronavirus-american-airlines-reduces-china-service-as-outbreak-grows.html,8,2020-01-29 10:23:21,,progress18,0.98,/r/Health/comments/evo9fo/american_airlines_cancels_some_china_service_for/,t5_2qh9z
179,New York State's coronavirus test approved by FDA,149,fbltte,https://www.wkbw.com/news/state-news/new-york-state-coronavirus-test-approved-by-fda,6,2020-02-29 19:24:09,,habichuelacondulce,0.97,/r/Health/comments/fbltte/new_york_states_coronavirus_test_approved_by_fda/,t5_2qh9z
180,SARS Stung the Global Economy. The Coronavirus Is a Greater Menace.,139,ey5sxg,https://www.nytimes.com/2020/02/03/business/economy/SARS-coronavirus-economic-impact-china.html,6,2020-02-03 06:28:23,,futuredude,0.94,/r/Health/comments/ey5sxg/sars_stung_the_global_economy_the_coronavirus_is/,t5_2qh9z
181,Super Gonorrhea May Be Spreading From Antibiotic Overuse For Covid-19 Coronavirus,142,klfm6u,https://www.forbes.com/sites/brucelee/2021/12/27/super-gonorrhea-may-be-spreading-from-antibiotic-overuse-for-covid-19-coronavirus/,24,2020-12-27 19:54:30,,shallah,0.96,/r/Health/comments/klfm6u/super_gonorrhea_may_be_spreading_from_antibiotic/,t5_2qh9z
182,Coronavirus Vaccine Made In Saskatchewan Is Now In The Testing Stages,141,fhq4n4,https://www.narcity.com/news/ca/sk/coronavirus-vaccine-made-in-saskatchewan-is-now-in-the-testing-stages,14,2020-03-12 19:44:05,,CapitalCourse,0.99,/r/Health/comments/fhq4n4/coronavirus_vaccine_made_in_saskatchewan_is_now/,t5_2qh9z
183,CDC to send University of Pittsburgh coronavirus samples for vaccine research,148,f3c4gw,https://triblive.com/local/pittsburgh-allegheny/cdc-to-send-university-of-pittsburgh-coronavirus-samples-for-vaccine-research/,11,2020-02-13 11:05:20,,MountainsMan55,0.98,/r/Health/comments/f3c4gw/cdc_to_send_university_of_pittsburgh_coronavirus/,t5_2qh9z
184,Health experts urge Americans to wear masks and take other precautions as coronavirus cases continue to climb,132,htn24b,https://edition.cnn.com/2020/07/18/health/us-coronavirus-saturday/index.html,19,2020-07-18 15:59:32,,mostaksaif,0.96,/r/Health/comments/htn24b/health_experts_urge_americans_to_wear_masks_and/,t5_2qh9z
185,Remote Alaska Villages Isolate Themselves Further in Effort to Shield Against Coronavirus - Communities accessible only by plane or snowmobile are cutting off the outside world rather than risk elders’ lives,128,fmz8d3,https://www.propublica.org/article/remote-alaska-villages-isolate-themselves-further-in-effort-to-shield-against-coronavirus,2,2020-03-22 08:32:19,,anutensil,0.99,/r/Health/comments/fmz8d3/remote_alaska_villages_isolate_themselves_further/,t5_2qh9z
186,New York Gov. Cuomo says social distancing efforts are working to slow coronavirus,133,fp0cxn,https://www.cnn.com/2020/03/25/us/new-york-coronavirus/index.html,12,2020-03-25 19:08:01,,speakhyroglyphically,0.97,/r/Health/comments/fp0cxn/new_york_gov_cuomo_says_social_distancing_efforts/,t5_2qh9z
187,Coronavirus: Dozens trapped as China quarantine hotel collapses,122,fey2dl,https://www.bbc.com/news/world-asia-china-51784167,10,2020-03-07 12:13:10,,tycrew,0.99,/r/Health/comments/fey2dl/coronavirus_dozens_trapped_as_china_quarantine/,t5_2qh9z
188,"Coronavirus: Kroger gives $25 to all employees, but not paid sick leave",123,fmhfvx,https://www.businessinsider.com/coronavirus-kroger-25-credit-all-employees-not-paid-sick-leave-2020-3,22,2020-03-21 12:18:02,,jonfla,0.88,/r/Health/comments/fmhfvx/coronavirus_kroger_gives_25_to_all_employees_but/,t5_2qh9z
189,Coronavirus: Yale doctor warns that upcoming Tokyo Olympics ‘looks like a superspreader event',112,nnriti,https://finance.yahoo.com/news/coronavirus-yale-doctor-warns-that-upcoming-tokyo-olympics-looks-like-a-superspreader-event-155114865.html,9,2021-05-29 12:54:56,,ogobeone,0.94,/r/Health/comments/nnriti/coronavirus_yale_doctor_warns_that_upcoming_tokyo/,t5_2qh9z
190,Wall Street Is (Finally) Waking Up to the Damage Coronavirus Could Do,114,f9bcic,http://www.nytimes.com/2020/02/25/upshot/coronavirus-wall-street-analysis.html,28,2020-02-25 09:50:28,,futuredude,0.92,/r/Health/comments/f9bcic/wall_street_is_finally_waking_up_to_the_damage/,t5_2qh9z
191,Number of U.S. coronavirus cases of unknown origin climbs to four,110,fbdu5f,https://www.reuters.com/article/us-china-health-usa/number-of-u-s-coronavirus-cases-of-unknown-origin-climbs-to-four-idUSKCN20M2BI,1,2020-02-29 10:13:23,,progress18,0.98,/r/Health/comments/fbdu5f/number_of_us_coronavirus_cases_of_unknown_origin/,t5_2qh9z
192,China’s Hubei province reports 116 new coronavirus deaths,109,f3lsqs,https://english.alarabiya.net/en/News/world/2020/02/14/China-s-Hubei-province-reports-116-new-coronavirus-deaths-.html#,10,2020-02-13 22:02:05,,futuredude,0.95,/r/Health/comments/f3lsqs/chinas_hubei_province_reports_116_new_coronavirus/,t5_2qh9z
193,"Coronavirus infections dropping where people are vaccinated, rising where they are not, Post analysis finds",105,nzqd59,https://www.washingtonpost.com/health/2021/06/14/covid-cases-vaccination-rates/,13,2021-06-14 12:13:00,,BlankVerse,0.9,/r/Health/comments/nzqd59/coronavirus_infections_dropping_where_people_are/,t5_2qh9z
194,One dangerous coronavirus 'self-check test' is circulating on social media. Here's why you should avoid it. - falsely claims that people can find out whether they have coronavirus simply by holding their breath for more than 10 seconds.,106,fl09jy,https://www.cnn.com/2020/03/16/us/coronavirus-myths-debunking-holding-breath-10-seconds-trnd/index.html,10,2020-03-18 20:14:20,,shallah,0.97,/r/Health/comments/fl09jy/one_dangerous_coronavirus_selfcheck_test_is/,t5_2qh9z
195,"CDC mistakenly released Texas coronavirus patient who later tested positive, San Antonio mayor says",108,fcbrdg,https://www.newsweek.com/cdc-mistakenly-released-texas-coronavirus-patient-who-later-tested-positive-san-antonio-mayor-says-1489939,21,2020-03-02 08:03:34,,progress18,0.94,/r/Health/comments/fcbrdg/cdc_mistakenly_released_texas_coronavirus_patient/,t5_2qh9z
196,"Surgeon General has coronavirus warning: 'This week, it's going to get bad' | The disease is spreading, the surgeon general said, because many people are not following the guidance to stay at home.",105,fnk7fe,https://www.nbcnews.com/politics/white-house/surgeon-general-has-coronavirus-warning-week-it-s-going-get-n1166421,16,2020-03-23 09:45:32,,progress18,0.97,/r/Health/comments/fnk7fe/surgeon_general_has_coronavirus_warning_this_week/,t5_2qh9z
197,Coronavirus Is Bad. Comparing It to the Flu Is Worse,105,f0shy5,https://www.wired.com/story/coronavirus-is-bad-comparing-it-to-the-flu-is-worse/,14,2020-02-08 09:48:10,,jayfreeze7,0.85,/r/Health/comments/f0shy5/coronavirus_is_bad_comparing_it_to_the_flu_is/,t5_2qh9z
198,"The world needs a 'people's vaccine' for coronavirus, not a big-pharma monopoly",101,hwj90r,https://www.theguardian.com/commentisfree/2020/jul/23/world-needs-coronavirus-vaccine-big-pharma-monopoly-astrazeneca-patent-pandemic,8,2020-07-23 12:54:45,,mostaksaif,0.93,/r/Health/comments/hwj90r/the_world_needs_a_peoples_vaccine_for_coronavirus/,t5_2qh9z
199,"Each Colorado coronavirus patient is spreading the disease to as many as 4 people, governor says",104,fqde62,https://coloradosun.com/2020/03/27/colorado-coronavirus-jared-polis-order/,4,2020-03-28 00:34:37,,progress18,0.98,/r/Health/comments/fqde62/each_colorado_coronavirus_patient_is_spreading/,t5_2qh9z
200,Coronavirus kills black people at twice the rate as white people: Here's what we can do about it,100,gxgs9f,https://www.latimes.com/science/story/2020-06-05/coronavirus-kills-black-people-at-twice-the-rate-as-white-people-heres-what-we-can-do-about-it,22,2020-06-05 20:37:08,,BlankVerse,0.88,/r/Health/comments/gxgs9f/coronavirus_kills_black_people_at_twice_the_rate/,t5_2qh9z
201,Live updates: Experts call for states to shut down again as coronavirus deaths trend upward,101,hol6x1,https://www.washingtonpost.com/nation/2020/07/10/coronavirus-live-updates-us,1,2020-07-10 04:20:12,,kugkug,0.93,/r/Health/comments/hol6x1/live_updates_experts_call_for_states_to_shut_down/,t5_2qh9z
202,Global coronavirus death toll exceeds half a million: Live,94,hhpxuy,https://www.aljazeera.com/news/2020/06/global-coronavirus-death-toll-nears-500000-live-updates-200627234018796.html,6,2020-06-28 20:36:55,,phishyfingers,0.92,/r/Health/comments/hhpxuy/global_coronavirus_death_toll_exceeds_half_a/,t5_2qh9z
203,WHO confirms there's 'emerging evidence' of airborne transmission of coronavirus,93,hngdgs,https://www.cnn.com/2020/07/08/health/airborne-transmission-of-coronavirus-who/index.html,11,2020-07-08 08:43:10,,progress18,0.92,/r/Health/comments/hngdgs/who_confirms_theres_emerging_evidence_of_airborne/,t5_2qh9z
204,US admits 'failing' on coronavirus testing,93,fhlnen,https://www.bbc.com/news/world-us-canada-51860529,4,2020-03-12 15:07:38,,DaveyRyechuss,0.92,/r/Health/comments/fhlnen/us_admits_failing_on_coronavirus_testing/,t5_2qh9z
205,UK Prime Minister Boris Johnson tests positive for coronavirus,89,fpvdey,https://www.cnn.com/2020/03/27/uk/uk-boris-johnson-coronavirus-gbr-intl/index.html,4,2020-03-27 07:32:18,,progress18,0.95,/r/Health/comments/fpvdey/uk_prime_minister_boris_johnson_tests_positive/,t5_2qh9z
206,California has one of the lowest coronavirus transmission levels in the U.S.,85,nulrvo,https://www.latimes.com/california/story/2021-06-07/california-among-lowest-covid-19-transmission-rates-us,22,2021-06-07 15:50:46,,jms1225,0.92,/r/Health/comments/nulrvo/california_has_one_of_the_lowest_coronavirus/,t5_2qh9z
207,"India, population 1.3 billion, orders 'complete' coronavirus lockdown; ""The lockdown would start at midnight local time, would last for a minimum of 21 days, and would apply to all of India's 36 states and territories.""",87,fo7d70,https://www.cnn.com/2020/03/24/asia/india-lockdown-coronavirus-intl/index.html,5,2020-03-24 11:51:52,,progress18,0.98,/r/Health/comments/fo7d70/india_population_13_billion_orders_complete/,t5_2qh9z
208,Key Missteps at the CDC Have Set Back Its Ability to Detect the Potential Spread of Coronavirus,82,fb5ubh,https://www.propublica.org/article/cdc-coronavirus-covid-19-test,0,2020-02-28 21:29:11,,BlankVerse,0.93,/r/Health/comments/fb5ubh/key_missteps_at_the_cdc_have_set_back_its_ability/,t5_2qh9z
209,"It's crucial to get a flu shot this year amid the coronavirus pandemic, doctors say: experts recommend older people and those who are immunocompromised wait until mid-fall to get their shots so it lasts throughout the entire flu season.",80,if6wjv,https://www.usatoday.com/story/news/health/2020/08/21/flu-shot-during-covid-what-know-2020-2021-season/3392376001/,19,2020-08-23 13:10:28,,shallah,0.92,/r/Health/comments/if6wjv/its_crucial_to_get_a_flu_shot_this_year_amid_the/,t5_2qh9z
210,U.K. Health Minister Tests Positive for Coronavirus Days After No. 10 Visit,78,fgutcf,https://www.bloomberg.com/news/articles/2020-03-10/the-first-u-k-politician-has-tested-positive-for-coronavirus,4,2020-03-11 06:08:44,,progress18,0.95,/r/Health/comments/fgutcf/uk_health_minister_tests_positive_for_coronavirus/,t5_2qh9z
211,We believe coronavirus vaccines are effective against new strain: Adm. Brett Giroir,79,klg9ap,https://www.nydailynews.com/coronavirus/ny-covid-brett-giroir-hhs-vaccines-effective-new-coronavirus-strain-20201228-gb6ia2pgrjd5pcpx6asgl5mjc4-story.html#ed=rss_www.nydailynews.com/arcio/rss/category/news/,4,2020-12-27 20:30:27,,germano_nh,0.91,/r/Health/comments/klg9ap/we_believe_coronavirus_vaccines_are_effective/,t5_2qh9z
212,"A grocery store threw out $35,000 in food that a woman intentionally coughed on, sparking coronavirus fears, police said",84,fpd059,https://www.cnn.com/2020/03/26/us/woman-coughed-on-produce-trnd/index.html,12,2020-03-26 11:04:03,,progress18,0.96,/r/Health/comments/fpd059/a_grocery_store_threw_out_35000_in_food_that_a/,t5_2qh9z
213,New 'Sars-like' coronavirus identified by UK officials,78,10dzwn,http://www.bbc.co.uk/news/health-19698335,2,2012-09-24 08:02:23,,99bibin,0.94,/r/Health/comments/10dzwn/new_sarslike_coronavirus_identified_by_uk/,t5_2qh9z
214,Coronavirus: Dexamethasone proves first life-saving drug,77,ha4i1l,https://www.bbc.com/news/health-53061281,12,2020-06-16 09:57:45,,leevonk,0.95,/r/Health/comments/ha4i1l/coronavirus_dexamethasone_proves_first_lifesaving/,t5_2qh9z
215,First coronavirus patient with 'unknown origin' in the US wasn't tested for days,86,fafq2r,https://www.usatoday.com/story/news/nation/2020/02/27/coronavirus-update-cdc-test-covid-community-spread-case/4889999002/,36,2020-02-27 12:40:20,,progress18,0.95,/r/Health/comments/fafq2r/first_coronavirus_patient_with_unknown_origin_in/,t5_2qh9z
216,"Global Viral Outbreaks Like Coronavirus, Once Rare, Will Become More Common",70,feuyd1,https://www.wsj.com/articles/viral-outbreaks-once-rare-become-part-of-the-global-landscape-11583455309?mod=itp_wsj&ru=yahoo,9,2020-03-07 08:12:42,,Reazony,0.92,/r/Health/comments/feuyd1/global_viral_outbreaks_like_coronavirus_once_rare/,t5_2qh9z
217,Coronavirus: food-related outbreaks raise flags about supply security,71,hdm6jc,https://www.scmp.com/news/china/article/3089955/coronavirus-food-related-outbreaks-raise-flags-about-supply-security,0,2020-06-22 01:36:22,,boppinmule,0.92,/r/Health/comments/hdm6jc/coronavirus_foodrelated_outbreaks_raise_flags/,t5_2qh9z
218,Arizona and Texas counties hit hard by coronavirus bring in refrigerated trucks as morgues fill up,73,hsecem,https://www.cnn.com/2020/07/16/health/us-coronavirus-thursday/index.html?utm_content=2020-07-16T16%3A00%3A42&utm_medium=social&utm_source=fbCNN&utm_term=link,2,2020-07-16 13:44:52,,nixhex311,0.91,/r/Health/comments/hsecem/arizona_and_texas_counties_hit_hard_by/,t5_2qh9z
219,Alarming increase in depression rate due to coronavirus pandemic,64,ic1cju,https://www.bbc.co.uk/news/health-53820425,10,2020-08-18 09:50:23,,jackiefoster55,0.93,/r/Health/comments/ic1cju/alarming_increase_in_depression_rate_due_to/,t5_2qh9z
220,FDA approves first rapid coronavirus test with 45 minutes detection time,68,fmoii4,https://www.reuters.com/article/us-health-coronavirus-usa-fda/fda-approves-first-rapid-coronavirus-test-with-45-minutes-detection-time-idUSKBN218105,4,2020-03-21 18:36:30,,progress18,0.92,/r/Health/comments/fmoii4/fda_approves_first_rapid_coronavirus_test_with_45/,t5_2qh9z
221,"Prince Charles met fellow royals including Queen, attended numerous events before testing positive for coronavirus",67,foq98t,https://www.newsweek.com/charles-met-fellow-royals-before-contracting-coronavirus-1494154,3,2020-03-25 09:27:35,,progress18,0.95,/r/Health/comments/foq98t/prince_charles_met_fellow_royals_including_queen/,t5_2qh9z
222,"The world's fastest supercomputer identified chemicals that could stop coronavirus from spreading, a crucial step toward a vaccine",66,fljvw7,https://www.cnn.com/2020/03/19/us/fastest-supercomputer-coronavirus-scn-trnd/index.html,6,2020-03-19 19:07:04,,Cameliano,0.98,/r/Health/comments/fljvw7/the_worlds_fastest_supercomputer_identified/,t5_2qh9z
223,"First death from coronavirus in the United States confirmed in Washington state, officials say",70,fbgzxh,https://www.cnn.com/2020/02/29/health/us-coronavirus-saturday/index.html,13,2020-02-29 13:44:51,,habichuelacondulce,0.93,/r/Health/comments/fbgzxh/first_death_from_coronavirus_in_the_united_states/,t5_2qh9z
224,Texas governor orders residents to wear face masks as coronavirus cases surge,72,hka4vr,https://www.theguardian.com/us-news/2020/jul/02/texas-governor-face-mask-order-coronavirus-covid-19,5,2020-07-02 21:36:56,,germano_nh,0.92,/r/Health/comments/hka4vr/texas_governor_orders_residents_to_wear_face/,t5_2qh9z
225,"Second US case of deadly coronavirus has been confirmed, plus 2 in France",67,ethj8e,https://www.usatoday.com/story/news/health/2020/01/24/coronavirus-wuhan-china-lockdown-quarantine-us-cases/4562257002/,4,2020-01-24 17:12:59,,Person21323231213242,0.91,/r/Health/comments/ethj8e/second_us_case_of_deadly_coronavirus_has_been/,t5_2qh9z
226,Analysis: Coronavirus has temporarily reduced China’s CO2 emissions by a quarter,58,f7dyg3,https://www.carbonbrief.org/analysis-coronavirus-has-temporarily-reduced-chinas-co2-emissions-by-a-quarter,3,2020-02-21 11:56:14,,jonfla,0.95,/r/Health/comments/f7dyg3/analysis_coronavirus_has_temporarily_reduced/,t5_2qh9z
227,A coronavirus outbreak hit a Florida government building. Two people are dead but a vaccinated employee wasn't infected,61,o5jm5s,https://www.cnn.com/2021/06/22/us/florida-manatee-county-coronavirus-outbreak/index.html,8,2021-06-22 06:13:32,,TheColorOfDeadMen,0.84,/r/Health/comments/o5jm5s/a_coronavirus_outbreak_hit_a_florida_government/,t5_2qh9z
228,'That's when all hell broke loose': Coronavirus patients start to overwhelm US hospitals,65,fpcl4d,https://www.cnn.com/2020/03/25/health/coronavirus-covid-hospitals/index.html,25,2020-03-26 10:38:59,,progress18,0.86,/r/Health/comments/fpcl4d/thats_when_all_hell_broke_loose_coronavirus/,t5_2qh9z
229,Being obese raises coronavirus risk: Medics warn patients with high BMI more likely to die,61,fnk6p3,https://mol.im/a/8142005,12,2020-03-23 09:44:02,,c-fox,0.95,/r/Health/comments/fnk6p3/being_obese_raises_coronavirus_risk_medics_warn/,t5_2qh9z
230,France says ibuprofen may aggravate coronavirus- Experts say more evidence is needed,59,fjmd8k,https://www.cnn.com/2020/03/16/health/coronavirus-ibuprofen-french-health-minister-scn-intl-scli/index.html,6,2020-03-16 11:05:18,,anutensil,0.93,/r/Health/comments/fjmd8k/france_says_ibuprofen_may_aggravate_coronavirus/,t5_2qh9z
231,Coronavirus tests are not available to US troops in Afghanistan,59,fjkgzx,https://taskandpurpose.com/news/coronavirus-test-us-troops-afghanistan,3,2020-03-16 08:52:43,,progress18,0.87,/r/Health/comments/fjkgzx/coronavirus_tests_are_not_available_to_us_troops/,t5_2qh9z
232,Three reasons a negative coronavirus test doesn’t necessarily mean you’re not infected,56,kx4fom,https://www.washingtonpost.com/health/2021/01/13/false-negative-covid-test/,26,2021-01-14 07:08:15,,resnica,0.84,/r/Health/comments/kx4fom/three_reasons_a_negative_coronavirus_test_doesnt/,t5_2qh9z
233,"While the airline industry has touted flying as a low-risk activity during the coronavirus pandemic, two new international studies strongly suggest that Covid-19 is transmissable on long-haul airline flights",53,iwu1ce,https://www.forbes.com/sites/suzannerowankelleher/2020/09/19/covid-19-can-spread-on-long-airline-flights-per-two-new-studies/#56ec8d9376a9,10,2020-09-21 01:05:57,,mubukugrappa,0.96,/r/Health/comments/iwu1ce/while_the_airline_industry_has_touted_flying_as_a/,t5_2qh9z
234,Coronavirus live news: Second confirmed case of virus reported in Kerala - The Economic Times,51,exm4xu,https://economictimes.indiatimes.com/news/politics-and-nation/coronavirus-live-news-latest-updates-today/liveblog/73862714.cms,3,2020-02-02 04:38:30,,FreshwaterCentral,0.9,/r/Health/comments/exm4xu/coronavirus_live_news_second_confirmed_case_of/,t5_2qh9z
235,"Doctors and nurses fighting coronavirus in China die of both infection and fatigue — Over 3,000 medical workers on the coronavirus frontlines have been infected with the virus, and at least 18 have died.",52,f9lawt,https://www.latimes.com/world-nation/story/2020-02-25/doctors-fighting-coronavirus-in-china-die-of-both-infection-and-fatigue,3,2020-02-25 20:37:29,,BlankVerse,0.91,/r/Health/comments/f9lawt/doctors_and_nurses_fighting_coronavirus_in_china/,t5_2qh9z
236,India's True Coronavirus Death Toll Could Be 1.6 Million: Report,49,nlt78l,https://www.huffpost.com/entry/india-true-death-toll-estimate_n_60ae60d5e4b0a256831ab8c0,14,2021-05-26 18:27:50,,Baron-Munc,0.93,/r/Health/comments/nlt78l/indias_true_coronavirus_death_toll_could_be_16/,t5_2qh9z
237,"Coronavirus pandemic is accelerating as cases eclipse 350,000, WHO says; “It took 67 days from the first reported case to reach 100,000 cases, 11 days for second 100,000 cases, and just four days for the third 100,000 cases,” WHO’s top official says.",50,fnoim2,https://www.cnbc.com/2020/03/23/coronavirus-pandemic-is-accelerating-as-cases-eclipse-350000-who-says.html,2,2020-03-23 13:59:04,,progress18,0.89,/r/Health/comments/fnoim2/coronavirus_pandemic_is_accelerating_as_cases/,t5_2qh9z
238,Hong Kong Records Its Biggest Rise in Coronavirus Cases as New Wave of Infections Crashes Into Asia,50,flu5rd,https://time.com/5807097/coronavirus-hong-kong-second-wave/,7,2020-03-20 08:25:16,,anutensil,0.93,/r/Health/comments/flu5rd/hong_kong_records_its_biggest_rise_in_coronavirus/,t5_2qh9z
239,9 people test positive for coronavirus at Georgia school that went viral for crowded photo,58,i7506t,https://abcnews.go.com/US/people-test-positive-coronavirus-georgia-school-viral-crowded/story?id=72263772,0,2020-08-10 09:39:50,,progress18,0.94,/r/Health/comments/i7506t/9_people_test_positive_for_coronavirus_at_georgia/,t5_2qh9z
240,Child from China tests positive for coronavirus in Cebu City,43,errz6j,https://news.abs-cbn.com/news/01/21/20/philippines-probes-case-of-child-from-china-who-tested-positive-for-coronavirus,12,2020-01-21 03:50:56,,dipo4you,0.91,/r/Health/comments/errz6j/child_from_china_tests_positive_for_coronavirus/,t5_2qh9z
241,"Dengue fever crisis grips Latin America - As the world watches the coronavirus pandemic, another medical crisis unfolding in Latin America sees cases in Colombian city soar by 500% in a month.",49,fkosks,https://www.aljazeera.com/news/2020/03/dengue-fever-crisis-grips-latin-america-200317070555049.html,4,2020-03-18 08:33:25,,anutensil,0.95,/r/Health/comments/fkosks/dengue_fever_crisis_grips_latin_america_as_the/,t5_2qh9z
242,CDC drops coronavirus testing numbers from their website; The change comes as testing is expected to expand across the country,43,fdti4x,https://www.theverge.com/2020/3/2/21161693/cdc-coronavirus-testing-numbers-website-disappear-expansion-us,1,2020-03-05 05:45:42,,progress18,0.9,/r/Health/comments/fdti4x/cdc_drops_coronavirus_testing_numbers_from_their/,t5_2qh9z
