,title,score,id,url,comms_num,created,body,author,upvote_ratio,permalink,subreddit_id
0,Doctors in North Texas considered taking COVID-19 patients’ vaccination status into account when determining who gets ICU beds,1919,p83h0h,https://www.businessinsider.com/texas-doctors-considered-making-icu-decisions-based-on-vaccination-status-2021-8,306,2021-08-20 07:39:28,,progress18,0.95,/r/Health/comments/p83h0h/doctors_in_north_texas_considered_taking_covid19/,t5_2qh9z
1,"Oregon children who aren’t up-to-date on their vaccines will be sent home from school starting tomorrow. This year’s ominously named “Exclusion Day” is February 21. Required vaccinations include those for whooping cough, polio, chicken pox and measles, according to the Oregon Health Authority.",1736,7z4x0g,http://www.newsweek.com/oregon-children-missing-vaccines-will-be-sent-home-school-tomorrow-813000,151,2018-02-21 06:37:12,,mvea,0.96,/r/Health/comments/7z4x0g/oregon_children_who_arent_uptodate_on_their/,t5_2qh9z
2,Moderna is working on an HIV vaccine after its Covid-19 success,1642,kw6jgz,https://www.msn.com/en-us/health/medical/moderna-is-working-on-an-hiv-vaccine-after-its-covid-19-success/ar-BB1cFaWK,53,2021-01-12 21:08:42,,shallah,0.99,/r/Health/comments/kw6jgz/moderna_is_working_on_an_hiv_vaccine_after_its/,t5_2qh9z
3,"Dear ABC: Putting Jenny McCarthy on “The View” will kill children - The vaccine conspiracy advocate doesn't just have a quirky point of view, she is spreading lies that hurt people",1440,1iezsa,http://www.salon.com/2013/07/16/dear_abc_putting_jenny_mccarthy_on_the_view_will_kill_children/,236,2013-07-16 10:56:41,,anutensil,0.9,/r/Health/comments/1iezsa/dear_abc_putting_jenny_mccarthy_on_the_view_will/,t5_2qh9z
4,"If You’re Offered a Vaccine, Take It. Declining a Covid-19 shot because you think it should go to someone else won’t help anyone",1302,l2ygep,https://www.nytimes.com/2021/01/21/opinion/covid-vaccine-ethics.html?smid=re-share,117,2021-01-22 17:14:42,,jms1225,0.94,/r/Health/comments/l2ygep/if_youre_offered_a_vaccine_take_it_declining_a/,t5_2qh9z
5,A new vaccine for HIV is raising excitement after its first in-human trials showed 97% success at stimulating a rare set of immune cells that play a key role in fighting the virus.,1243,mn8sp1,https://www.livescience.com/early-hiv-vaccine-trial-results.html,18,2021-04-08 23:41:52,,aDazzlingDove,0.99,/r/Health/comments/mn8sp1/a_new_vaccine_for_hiv_is_raising_excitement_after/,t5_2qh9z
6,"Measles vaccine doesn’t cause autism, says a decade-long study of half a million people",1134,axqtty,https://www.washingtonpost.com/nation/2019/03/05/measles-vaccine-doesnt-cause-autism-says-new-decade-long-study-half-million-people/,109,2019-03-05 16:59:29,,mic_harmony,0.96,/r/Health/comments/axqtty/measles_vaccine_doesnt_cause_autism_says_a/,t5_2qh9z
7,Lyme Disease Vaccine Could Be Ready In 4 to 5 Years,1112,lig2m0,https://www.forbes.com/sites/danadovey/2020/01/11/lyme-disease-vaccine-could-be-ready-in-4-to-5-years/?sh=65b731662d48,51,2021-02-12 12:35:27,,shallah,0.99,/r/Health/comments/lig2m0/lyme_disease_vaccine_could_be_ready_in_4_to_5/,t5_2qh9z
8,An Alabama doctor watched patients reject the coronavirus vaccine. Now he’s refusing to treat them.,1073,p7dt67,https://www.washingtonpost.com/health/2021/08/18/alabama-doctor-unvaccinated-patients-valentine/,208,2021-08-19 08:25:47,,Maxcactus,0.93,/r/Health/comments/p7dt67/an_alabama_doctor_watched_patients_reject_the/,t5_2qh9z
9,"Covid eight times more likely to cause rare brain clot than AstraZeneca vaccine, study finds",1068,mrfqt6,https://www.independent.co.uk/news/science/covid-brain-clot-astrazeneca-vaccine-b1831876.html,56,2021-04-15 10:24:15,,Baron-Munc,0.94,/r/Health/comments/mrfqt6/covid_eight_times_more_likely_to_cause_rare_brain/,t5_2qh9z
10,"US can eradicate cervical cancer like Australia by requiring HPV vaccine: In just 12 short years, cervical cancer is becoming a rarity in Australia and will eventually be eliminated, saving thousands of Australians’ lives.",1012,arwq6i,https://www.usatoday.com/story/opinion/2018/11/12/eradicate-cervical-cancer-require-hpv-vaccine-like-australia-column/1850760002/,35,2019-02-18 07:24:26,,shallah,0.97,/r/Health/comments/arwq6i/us_can_eradicate_cervical_cancer_like_australia/,t5_2qh9z
11,A conservative radio host who downplayed vaccines on his show is on an oxygen machine after a severe COVID-19 infection,979,ovtbc5,https://www.businessinsider.com/conservative-radio-host-downplayed-vaccines-on-oxygen-machine-2021-7,200,2021-08-01 10:41:04,,progress18,0.93,/r/Health/comments/ovtbc5/a_conservative_radio_host_who_downplayed_vaccines/,t5_2qh9z
12,HPV Infections Are Plummeting Due to Widespread Vaccination,946,met09x,https://www.usnews.com/news/health-news/articles/2021-03-26/hpv-infections-are-plummeting-due-to-widespread-vaccination,29,2021-03-27 22:54:17,,shallah,0.97,/r/Health/comments/met09x/hpv_infections_are_plummeting_due_to_widespread/,t5_2qh9z
13,Moderna vaccine appears to work against variants,934,l4pb7s,https://www.bbc.co.uk/news/health-55797312,40,2021-01-25 09:51:01,,boppinmule,0.98,/r/Health/comments/l4pb7s/moderna_vaccine_appears_to_work_against_variants/,t5_2qh9z
14,Italy bans unvaccinated children from school - Italian children have been told not to turn up to school unless they can prove they have been properly vaccinated.,907,b07ikh,https://www.bbc.com/news/world-europe-47536981,56,2019-03-12 09:01:37,,mvea,0.96,/r/Health/comments/b07ikh/italy_bans_unvaccinated_children_from_school/,t5_2qh9z
15,Kids Of Anti-Vaxxers Are Asking How To Vaccinate Without Parents Consent,899,annx8r,https://www.unilad.co.uk/science/kids-of-anti-vaxxers-are-asking-how-to-vaccinate-without-parents-consent/,42,2019-02-06 01:22:04,,shallah,0.96,/r/Health/comments/annx8r/kids_of_antivaxxers_are_asking_how_to_vaccinate/,t5_2qh9z
16,Fauci Wants to Make Vaccines for the Next Pandemic Before It Hits: The idea is to make “prototype” vaccines to protect against viruses from about 20 families that might spark a new pandemic,904,ourvmv,https://news.yahoo.com/fauci-wants-vaccines-next-pandemic-120241706.html,115,2021-07-30 15:33:54,,shallah,0.95,/r/Health/comments/ourvmv/fauci_wants_to_make_vaccines_for_the_next/,t5_2qh9z
17,"CDC: Nearly every adult COVID-19 death is now ""entirely preventable"" thanks to vaccines",893,o5yzt8,https://www.axios.com/cdc-adult-coronavirus-death-delta-variant-vaccines-2c8e4479-e162-4ca9-9fae-7c692d26b95a.html,65,2021-06-22 18:27:11,,BlankVerse,0.95,/r/Health/comments/o5yzt8/cdc_nearly_every_adult_covid19_death_is_now/,t5_2qh9z
18,Moderna COVID-19 vaccine causes swelling and inflammation in patients who have cosmetic facial fillers,849,kk1ep9,https://abc7.com/covid-19-pandemic-vaccine-moderna-side-effects/9012113/,78,2020-12-25 11:12:45,,lurker_bee,0.97,/r/Health/comments/kk1ep9/moderna_covid19_vaccine_causes_swelling_and/,t5_2qh9z
19,Pharmacists can now administer childhood vaccinations in all 50 states,834,idhzbu,https://www.foxnews.com/health/pharmacists-administer-childhood-vaccinations-all-states,55,2020-08-20 16:17:41,,JonesinJames,0.97,/r/Health/comments/idhzbu/pharmacists_can_now_administer_childhood/,t5_2qh9z
20,"Anxiety, not vaccine, drove reactions like fainting and dizziness at 5 COVID mass vaccination sites in California, other states: CDC",823,n22y9g,https://ktla.com/news/california/anxiety-not-covid-vaccine-drove-reactions-like-fainting-and-dizziness-at-5-mass-vaccination-sites-in-california-other-states-cdc/,72,2021-04-30 16:42:33,,lurker_bee,0.95,/r/Health/comments/n22y9g/anxiety_not_vaccine_drove_reactions_like_fainting/,t5_2qh9z
21,A vaccine for Alzheimer's is on the verge of becoming a reality,804,c5amtb,https://www.wired.co.uk/article/alzheimers-vaccine-united-neuroscience?fbclid=IwAR0IdDnW-hYsX-mo1Pdam-wXCE4mZHSg0s-HV-f_6bt3vhWl6AQQBSCnT58,38,2019-06-25 11:57:49,,CrankyBear,0.98,/r/Health/comments/c5amtb/a_vaccine_for_alzheimers_is_on_the_verge_of/,t5_2qh9z
22,New vaccine study shows Moderna outperforming Pfizer in preventing breakthrough cases,807,p5ossy,https://www.tmj4.com/news/coronavirus/new-vaccine-study-shows-moderna-outperforming-pfizer-in-preventing-breakthrough-cases,83,2021-08-16 16:48:53,,whicky1978,0.97,/r/Health/comments/p5ossy/new_vaccine_study_shows_moderna_outperforming/,t5_2qh9z
23,"Germany proposes $2,800 fine for parents skipping measles vaccination",806,blj77c,https://www.cnn.com/2019/05/06/health/measles-vaccination-germany-fine-grm-intl/index.html,50,2019-05-06 19:18:01,,KeronCyst,0.96,/r/Health/comments/blj77c/germany_proposes_2800_fine_for_parents_skipping/,t5_2qh9z
24,Israel: Pfizer vaccine prevents 98.9 percent of COVID-19 deaths,786,lp4n0m,https://thehill.com/policy/healthcare/public-global-health/539778-israel-pfizer-vaccine-prevents-989-percent-of-covid-19?amp,29,2021-02-21 14:33:53,,Bonboniru,0.96,/r/Health/comments/lp4n0m/israel_pfizer_vaccine_prevents_989_percent_of/,t5_2qh9z
25,"Fauci says he has serious doubts Russia's COVID-19 vaccine is safe, effective",755,i86ahw,https://abcnews.go.com/US/fauci-doubts-russias-covid-19-vaccine-safe-effective/story?id=72309297,99,2020-08-11 23:20:22,,milkprogrammer,0.97,/r/Health/comments/i86ahw/fauci_says_he_has_serious_doubts_russias_covid19/,t5_2qh9z
26,New York eliminates religious exemptions for vaccines,751,c0qk3y,https://www.upi.com/Top_News/US/2019/06/14/New-York-eliminates-religious-exemptions-for-vaccines/6061560497018/,41,2019-06-14 19:07:32,,mvea,0.96,/r/Health/comments/c0qk3y/new_york_eliminates_religious_exemptions_for/,t5_2qh9z
27,"Just a reminder: The claim that ""vaccines cause autism"" isn't just a myth - it was an outright fraud committed by a ""doctor"" who was paid half a million dollars to create ""evidence"" he could use to sue drug companies.",736,1d9p4r,https://www.reddit.com/r/Health/comments/1d9p4r/just_a_reminder_the_claim_that_vaccines_cause/,211,2013-04-28 08:35:34,"Not only has the ""evidence"" been debunked over and over again, not only was the doctor stripped of his license, but children are dying because of their parents refusal to get them vaccinated.

http://vitals.nbcnews.com/_news/2013/03/29/17516929-new-study-finds-no-link-between-too-many-vaccines-and-autism?

http://jpeds.com/webfiles/images/journals/ympd/JPEDSDeStefano.pdf

http://www.cdc.gov/vaccinesafety/00_pdf/CDCStudiesonVaccinesandAutism.pdf

http://www.wftv.com/news/news/local/baby-dies-whooping-cough-orange-co/nXXqP/",porkchop_d_clown,0.92,/r/Health/comments/1d9p4r/just_a_reminder_the_claim_that_vaccines_cause/,t5_2qh9z
28,New Meta-analysis confirms: No association between vaccines and autism,728,8fj5nr,https://www.autismspeaks.org/science/science-news/new-meta-analysis-confirms-no-association-between-vaccines-and-autism,71,2018-04-28 06:47:46,,skumjas,0.95,/r/Health/comments/8fj5nr/new_metaanalysis_confirms_no_association_between/,t5_2qh9z
29,"Vaccine-refusing community drove outbreak that cost $395K, sickened babies - Curbing an outbreak is expensive. Should vaccine refusers help foot the bill?",730,9381g5,https://arstechnica.com/science/2018/07/vaccine-refusing-community-drove-outbreak-that-cost-395k-sickened-babies/,133,2018-07-30 17:07:14,,mvea,0.94,/r/Health/comments/9381g5/vaccinerefusing_community_drove_outbreak_that/,t5_2qh9z
30,"HPV vaccine eliminates skin cancer in 97-year-old, doctors report in a new paper in JAMA Dermatology. The woman had developed a severe case of squamous cell carcinoma, and chemotherapy and surgery were ruled out as treatments. Each tumor was injected with Gardasil, and all of them disappeared.",734,8z1ljd,https://www.upi.com/Health_News/2018/07/13/HPV-vaccine-eliminates-skin-cancer-in-97-year-old-doctors-report/5551531492416/,25,2018-07-15 09:08:45,,mvea,0.96,/r/Health/comments/8z1ljd/hpv_vaccine_eliminates_skin_cancer_in_97yearold/,t5_2qh9z
31,California mandates vaccines for all health care workers by Sept. 30,720,oytiva,https://www.foxla.com/news/california-mandates-vaccines-for-all-health-care-workers-by-sept-30?taid=610c666ee362840001f1fa0e&utm_campaign=trueanthem&utm_medium=trueanthem&utm_source=twitter,66,2021-08-05 18:32:26,,lurker_bee,0.95,/r/Health/comments/oytiva/california_mandates_vaccines_for_all_health_care/,t5_2qh9z
32,Researchers develop vaccine for cats so you won't be allergic to them,714,cs1dov,https://abc7.com/pets-animals/allergic-to-cats-a-new-vaccine-may-fix-that/5473492/,35,2019-08-18 09:47:18,,discocrisco,0.99,/r/Health/comments/cs1dov/researchers_develop_vaccine_for_cats_so_you_wont/,t5_2qh9z
33,First Patient Injected With Cancer Vaccine in Phase II Trial,711,o843hz,https://futurism.com/neoscope/patient-injected-cancer-vaccine,15,2021-06-26 00:51:23,,shallah,0.99,/r/Health/comments/o843hz/first_patient_injected_with_cancer_vaccine_in/,t5_2qh9z
34,Opting Out of Vaccines Should Opt You Out of American Society,705,b5ottr,https://blogs.scientificamerican.com/observations/opting-out-of-vaccines-should-opt-you-out-of-american-society/,147,2019-03-26 08:01:35,,Redzit69,0.86,/r/Health/comments/b5ottr/opting_out_of_vaccines_should_opt_you_out_of/,t5_2qh9z
35,US hits 4 million Covid-19 vaccine doses in a day for a new record,671,mjk2tr,https://www.cnn.com/2021/04/03/health/us-coronavirus-saturday/index.html,61,2021-04-03 19:33:43,,progress18,0.98,/r/Health/comments/mjk2tr/us_hits_4_million_covid19_vaccine_doses_in_a_day/,t5_2qh9z
36,"Johnson & Johnson's COVID Vaccine Is Effective Against The Delta Variant, Studies Find",668,ocbmte,https://www.npr.org/sections/coronavirus-live-updates/2021/07/01/1012372893/johnson-johnsons-covid-vaccine-is-effective-against-the-delta-variant-studies-fi,70,2021-07-02 10:48:57,,lurker_bee,0.95,/r/Health/comments/ocbmte/johnson_johnsons_covid_vaccine_is_effective/,t5_2qh9z
37,Vaccine doses are shipping to all 50 states with delivery expected Monday,647,kce0jo,https://www.cnbc.com/2020/12/13/coronavirus-live-vaccine-updates.html,50,2020-12-13 11:57:32,,Imperial_in_NewYork,0.97,/r/Health/comments/kce0jo/vaccine_doses_are_shipping_to_all_50_states_with/,t5_2qh9z
38,Anti-vaccination stronghold in N.C. hit with state’s worst chickenpox outbreak in 2 decades,639,9yh1xs,https://www.washingtonpost.com/nation/2018/11/19/anti-vaccination-stronghold-nc-hit-with-states-worst-chickenpox-outbreak-decades/?noredirect=on&utm_term=.40df58391937,90,2018-11-19 09:07:54,,chirpingbirdie,0.96,/r/Health/comments/9yh1xs/antivaccination_stronghold_in_nc_hit_with_states/,t5_2qh9z
39,"Unvaccinated student loses in court after suing health dept during outbreak - Catholic student claims religious objections, but the Catholic Church is pro-vaccines.",630,b9jajn,https://arstechnica.com/science/2019/04/unvaccinated-student-with-bogus-religious-exemption-loses-in-court/,28,2019-04-04 18:26:34,,mvea,0.97,/r/Health/comments/b9jajn/unvaccinated_student_loses_in_court_after_suing/,t5_2qh9z
40,HPV Vaccination Rates Continue to Climb Among Young Adults in US,615,n0k3yn,https://www.medscape.com/viewarticle/950043,56,2021-04-28 13:30:34,,shallah,0.98,/r/Health/comments/n0k3yn/hpv_vaccination_rates_continue_to_climb_among/,t5_2qh9z
41,"“After smallpox was eradicated in the late 1970s, measles became the leading killer of children in the world: two-and-a-half million children died annually.... down to under 60,000-70,000... a 90% reduction. Now I’m worried we’re going to reverse those gains because of this anti-vaccine movement.“",609,a4k2j2,https://www.theguardian.com/society/2018/dec/08/peter-hotez-vaccines-did-not-cause-rachels-autism-india-interview,112,2018-12-09 05:36:31,,mvea,0.95,/r/Health/comments/a4k2j2/after_smallpox_was_eradicated_in_the_late_1970s/,t5_2qh9z
42,"California Is About to Ban 'Personal Belief' Exemptions for Vaccinations - California’s anti-vaxxers will no longer be able send their unvaccinated kids to school, if a bill passed by the State Assembly gets signed into law.",601,3b6ih0,http://motherboard.vice.com/read/california-is-about-to-ban-personal-belief-exemptions-for-vaccinations,40,2015-06-26 07:01:20,,anutensil,0.96,/r/Health/comments/3b6ih0/california_is_about_to_ban_personal_belief/,t5_2qh9z
43,"Pfizer-BioNTech Vaccine Is Highly Effective After One Dose and Can Be Stored in Normal Freezers, Data Shows",602,lnisro,https://www.wsj.com/amp/articles/single-dose-of-pfizer-vaccine-is-85-effective-israeli-study-shows-11613723218,37,2021-02-19 10:40:22,,Bonboniru,0.97,/r/Health/comments/lnisro/pfizerbiontech_vaccine_is_highly_effective_after/,t5_2qh9z
44,"Anti-vaxxers targeting parents of new babies on social media – Half of all parents with small children have been exposed to misinformation about vaccines on social media, according to a new report that finds the most common reason not to vaccinate is the fear of side-effects.",602,ajbhin,https://www.theguardian.com/society/2019/jan/24/anti-vaxxers-spread-misinformation-on-social-media-report,125,2019-01-24 06:23:17,,mvea,0.95,/r/Health/comments/ajbhin/antivaxxers_targeting_parents_of_new_babies_on/,t5_2qh9z
45,"Millions in vaccine research funds went instead for unrelated office expenses, HHS inspector general says",592,l6flq3,https://www.cnn.com/2021/01/27/politics/hhs-inspector-report-general-vaccine-development-funds/index.html,27,2021-01-27 17:01:42,,BlankVerse,0.98,/r/Health/comments/l6flq3/millions_in_vaccine_research_funds_went_instead/,t5_2qh9z
46,FDA Approves First COVID-19 Vaccine; Approval Signifies Key Achievement for Public Health,592,pa02q6,https://www.fda.gov/news-events/press-announcements/fda-approves-first-covid-19-vaccine,45,2021-08-23 09:42:14,,progress18,0.94,/r/Health/comments/pa02q6/fda_approves_first_covid19_vaccine_approval/,t5_2qh9z
47,Measles cases skyrocket as thousands of Florida students start school without vaccination,592,f84ozk,https://www.staugustine.com/news/20191024/measles-cases-skyrocket-as-thousands-of-florida-students-start-school-without-vaccination/1?,71,2020-02-22 23:39:23,,shallah,0.92,/r/Health/comments/f84ozk/measles_cases_skyrocket_as_thousands_of_florida/,t5_2qh9z
48,"Anti-vaccination ads on Facebook are targeting pregnant women, while a measles outbreak spreads across the country",589,aqoufx,https://www.businessinsider.com/anti-vaccine-facebook-ads-target-pregnant-women-as-measles-spreads-2019-2?r=US&IR=T,73,2019-02-14 16:24:40,,mvea,0.94,/r/Health/comments/aqoufx/antivaccination_ads_on_facebook_are_targeting/,t5_2qh9z
49,Missourians disguising themselves to get vaccinated in secret for fear of ostracization by friends: doctor,599,otxw2p,https://www.nydailynews.com/coronavirus/ny-covid-missouri-disguises-vaccinated-secret-fear-ostracization-coronavirus-20210728-fu6pibv6yjb4lcvbwza5h7x5c4-story.html,63,2021-07-29 09:52:00,,progress18,0.94,/r/Health/comments/otxw2p/missourians_disguising_themselves_to_get/,t5_2qh9z
50,"Texas almost mandated an HPV vaccine before politics got in the way. Now, the state has one of the country's highest rates of cervical cancer.",581,cpknll,https://www.texastribune.org/2019/08/12/texas-low-rate-hpv-vaccination-keeping-cervical-cancer-rates-high/,45,2019-08-12 19:41:03,,r4816,0.95,/r/Health/comments/cpknll/texas_almost_mandated_an_hpv_vaccine_before/,t5_2qh9z
51,"Researchers develop vaccine that could protect against Alzheimer’s by preventing the formation of tau tangles. When the vaccine was given to mice, they developed antibodies that cleared the tau protein from their brains, did better on maze tests, and the vaccinated mice had less brain shrinkage.",574,bzpya4,http://hscnews.unm.edu/news/memory-preserver,17,2019-06-12 07:19:00,,mvea,0.98,/r/Health/comments/bzpya4/researchers_develop_vaccine_that_could_protect/,t5_2qh9z
52,"Obesity increases risk of Covid-19 death by 48%, study finds. Comprehensive study suggests vaccine may not work as well for overweight people",577,ih0rfh,https://www.theguardian.com/world/2020/aug/26/obesity-increases-risk-of-covid-19-death-by-48-study-finds?CMP=Share_AndroidApp_Add_to_Firefox,60,2020-08-26 11:20:39,,Bluest_waters,0.98,/r/Health/comments/ih0rfh/obesity_increases_risk_of_covid19_death_by_48/,t5_2qh9z
53,HIV vaccine trial starts at Oxford,571,ofs22k,https://www.ox.ac.uk/news/2021-07-05-hiv-vaccine-trial-starts-oxford,64,2021-07-07 17:03:13,,TradingAllIn,0.99,/r/Health/comments/ofs22k/hiv_vaccine_trial_starts_at_oxford/,t5_2qh9z
54,Moderna CEO says COVID-19 vaccine protection may last years,573,ksk27t,https://www.cbsnews.com/news/covid-vaccine-last-years-moderna-ceo/?ftag=CNM-00-10aab7e&linkId=108658841,62,2021-01-07 14:02:17,,lurker_bee,0.96,/r/Health/comments/ksk27t/moderna_ceo_says_covid19_vaccine_protection_may/,t5_2qh9z
55,CDC will recommend everyone in K-12 schools wear a mask -- regardless of vaccination status -- in new guidance,576,osq5n0,https://www.cnn.com/2021/07/27/politics/cdc-mask-guidance/index.html,116,2021-07-27 12:25:56,,BlankVerse,0.95,/r/Health/comments/osq5n0/cdc_will_recommend_everyone_in_k12_schools_wear_a/,t5_2qh9z
56,"HPV vaccination rates remain critically low among younger adolescents in the US, finds a new study. Only about 16% of US adolescents have been fully vaccinated against HPV by age 13, despite national recommendations for vaccination at 11 to 12. Every year, HPV causes approximately 34,000 cancers.",575,ahkzhm,https://www.idsociety.org/news--publications-new/articles/2019/hpv-vaccination-rates-remain-critically-low-among-younger-u.s.-adolescents/,117,2019-01-19 05:23:48,,mvea,0.95,/r/Health/comments/ahkzhm/hpv_vaccination_rates_remain_critically_low_among/,t5_2qh9z
57,Dr. Scott Gottlieb says getting vaccinated doesn't mean people can just return to pre-Covid life,567,krqafd,https://www.cnbc.com/2021/01/06/covid-vaccine-dr-scott-gottlieb-says-getting-it-doesnt-mean-return-to-pre-covid-life.html,118,2021-01-06 10:42:34,,Bonboniru,0.94,/r/Health/comments/krqafd/dr_scott_gottlieb_says_getting_vaccinated_doesnt/,t5_2qh9z
58,"It works: 0 deaths, only 4 severe cases among 523,000 fully vaccinated Israelis",572,livh6b,https://www.timesofisrael.com/hmo-sees-only-544-covid-infections-among-523000-fully-vaccinated-israelis/,30,2021-02-13 02:00:21,,_nutri_,0.97,/r/Health/comments/livh6b/it_works_0_deaths_only_4_severe_cases_among/,t5_2qh9z
59,Hospital worker fired for deliberately leaving hundreds of COVID vaccine doses out of refrigerator,564,knyctn,https://www.cbsnews.com/news/covid-vaccine-aurora-medical-center-grafton-wisconsin-hospital-worker-fired/,52,2020-12-31 16:22:13,,lady_danno,0.99,/r/Health/comments/knyctn/hospital_worker_fired_for_deliberately_leaving/,t5_2qh9z
60,CDC says 9 million Americans now vaccinated as U.S. states scramble,560,kvpzlf,https://www.reuters.com/article/us-health-coronavirus-usa/cdc-says-9-million-americans-now-vaccinated-as-u-s-states-scramble-idUSKBN29G2EU,41,2021-01-12 06:31:37,,TorrenceMightingale,0.98,/r/Health/comments/kvpzlf/cdc_says_9_million_americans_now_vaccinated_as_us/,t5_2qh9z
61,"Higher flu vaccination rates could help expose new viruses like Covid-19 earlier, expert says",562,gawktf,https://www.theguardian.com/world/2020/apr/10/higher-flu-vaccination-rates-could-help-expose-new-viruses-like-covid-19-earlier-expert-says,46,2020-04-30 10:23:03,,shallah,0.92,/r/Health/comments/gawktf/higher_flu_vaccination_rates_could_help_expose/,t5_2qh9z
62,"Full approval for Pfizer Covid vaccine could come from FDA on Monday, report says",563,p9ewh1,https://www.cnbc.com/2021/08/20/full-approval-for-pfizer-covid-vaccine-could-come-from-fda-monday-report-says.html,51,2021-08-22 11:51:33,,progress18,0.94,/r/Health/comments/p9ewh1/full_approval_for_pfizer_covid_vaccine_could_come/,t5_2qh9z
63,Hundreds pack hearing on bill to end most exemptions for kids’ vaccinations - The measure would eliminate nonmedical exemptions to vaccinations for measles and other infectious diseases that are required before children enter school.,562,b8ight,https://www.pressherald.com/2019/03/13/hundreds-converge-on-state-capitol-for-vaccination-bill-hearing/,39,2019-04-02 08:17:35,,mvea,0.96,/r/Health/comments/b8ight/hundreds_pack_hearing_on_bill_to_end_most/,t5_2qh9z
64,"The First Universal Flu Vaccine Could Be Coming Soon: A team of scientists is on the brink of creating a vaccine to protect against all variants of influenza virus, for life.",554,epdh6e,https://www.freethink.com/articles/universal-flu-vaccine,71,2020-01-15 22:23:07,,TobySomething,0.97,/r/Health/comments/epdh6e/the_first_universal_flu_vaccine_could_be_coming/,t5_2qh9z
65,Vaccine-resistant lambda COVID-19 variant appears in US,542,p1ns7i,https://english.alarabiya.net/coronavirus/2021/08/09/Vaccine-resistant-lambda-COVID-19-variant-appears-in-US,181,2021-08-10 08:02:25,,NomenAngel,0.89,/r/Health/comments/p1ns7i/vaccineresistant_lambda_covid19_variant_appears/,t5_2qh9z
66,"FEMA asks Pentagon to ready as many as 10,000 troops to support nationwide vaccine push",549,l9gxr5,https://www.cbsnews.com/news/fema-pentagon-ready-10000-troops-covid-vaccination-sites/,19,2021-01-31 12:23:26,,Baron-Munc,0.96,/r/Health/comments/l9gxr5/fema_asks_pentagon_to_ready_as_many_as_10000/,t5_2qh9z
67,Nursing home operator tells workers to get vaccine or lose their jobs,546,oy3ksl,https://www.pbs.org/newshour/health/nursing-home-operator-tells-workers-to-get-vaccine-or-lose-their-jobs,33,2021-08-04 18:06:56,,Exastiken,0.95,/r/Health/comments/oy3ksl/nursing_home_operator_tells_workers_to_get/,t5_2qh9z
68,"Scientists were close to a coronavirus vaccine years ago. Then the money dried up. - ""... need to be more agile in recognizing that new diseases do occur, and once they’ve cropped up, they very well may come again, maybe not the same but very similar""",538,fecan9,https://www.cnbc.com/2020/03/05/scientists-were-close-to-a-sars-coronavirus-vaccine-years-ago.html,23,2020-03-06 06:41:37,,shallah,0.96,/r/Health/comments/fecan9/scientists_were_close_to_a_coronavirus_vaccine/,t5_2qh9z
69,Nasal vaccine against COVID-19 prevents infection in mice: Nasal delivery produces more widespread immune response than intramuscular injection,534,iegnbo,https://medicine.wustl.edu/news/nasal-vaccine-against-covid-19-prevents-infection-in-mice/,28,2020-08-22 07:10:26,,mubukugrappa,0.99,/r/Health/comments/iegnbo/nasal_vaccine_against_covid19_prevents_infection/,t5_2qh9z
70,Measles Cases Soared Up 30 Percent Worldwide Because of People Skipping Vaccination,521,a1yb4m,https://people.com/health/measles-cases-up-30-percent-worldwide/,28,2018-11-30 19:48:39,,BlankVerse,0.95,/r/Health/comments/a1yb4m/measles_cases_soared_up_30_percent_worldwide/,t5_2qh9z
71,"Facebook Won’t Stop Dangerous Anti-Vaccine Hoaxes From Spreading - Russians promoting fake news is bad enough, but pages claiming vaccines harm children is outright dangerous—& the company is doing nothing to stop them.",530,91r665,https://www.thedailybeast.com/facebook-wont-stop-dangerous-anti-vaccine-hoaxes-from-spreading?ref=home,59,2018-07-25 07:56:14,,anutensil,0.88,/r/Health/comments/91r665/facebook_wont_stop_dangerous_antivaccine_hoaxes/,t5_2qh9z
72,"HPV Vaccine Did Not Lead To Promiscuity In Teenage Girls - Instead, Sexual Activity Declined",516,andz8i,https://www.science20.com/hank_campbell/hpv_vaccine_did_not_lead_to_promiscuity_in_teenage_girls_instead_sexual_activity_declined-236465,50,2019-02-05 08:14:44,,shallah,0.96,/r/Health/comments/andz8i/hpv_vaccine_did_not_lead_to_promiscuity_in/,t5_2qh9z
73,CDC says U.S. should have enough coronavirus vaccine to return to 'regular life' by third quarter of 2021,528,itzuzm,https://www.cnbc.com/2020/09/16/coronavirus-cdc-says-us-should-have-enough-vaccine-to-return-to-regular-life-by-third-quarter-of-2021.html,132,2020-09-16 13:13:07,,Fitness_and_Finance,0.95,/r/Health/comments/itzuzm/cdc_says_us_should_have_enough_coronavirus/,t5_2qh9z
74,Anti-vaxxers defeated: NY bans exemptions as doctors vote to step up fight - Doctors will now actively push for bans on vaccine exemptions.,518,c0x574,https://arstechnica.com/science/2019/06/anti-vaxxers-defeated-ny-bans-exemptions-as-doctors-vote-to-step-up-fight/,27,2019-06-15 09:12:37,,mvea,0.96,/r/Health/comments/c0x574/antivaxxers_defeated_ny_bans_exemptions_as/,t5_2qh9z
75,Breakthrough COVID infections show 'the unvaccinated are now putting the vaccinated at risk',521,ou8mt9,https://www.pbs.org/newshour/health/breakthrough-covid-infections-show-the-unvaccinated-are-now-putting-the-vaccinated-at-risk,202,2021-07-29 19:10:09,,Exastiken,0.88,/r/Health/comments/ou8mt9/breakthrough_covid_infections_show_the/,t5_2qh9z
76,"Flu shots for kids protect everybody, study shows: An increased vaccination rate among grade schoolers in California was associated with a decrease in flu hospitalizations for folks in every other age bracket",514,ienwq5,https://medicalxpress.com/news/2020-08-flu-shots-kids.html,25,2020-08-22 14:41:39,,shallah,0.95,/r/Health/comments/ienwq5/flu_shots_for_kids_protect_everybody_study_shows/,t5_2qh9z
77,Don’t Believe the Doomsayers. Vaccines Will End The Pandemic,513,miwri6,https://www.bloomberg.com/opinion/articles/2021-03-30/pfizer-and-moderna-research-shows-vaccines-will-save-us,96,2021-04-02 19:46:03,,TheColorOfDeadMen,0.89,/r/Health/comments/miwri6/dont_believe_the_doomsayers_vaccines_will_end_the/,t5_2qh9z
78,"Texas Republican Says Vaccines Are ‘Sorcery,’ Claims ‘Parental Rights’ Are More Important Than Science",510,bmjn9f,https://www.newsweek.com/anti-vaxx-texas-republicans-sorcery-jonathan-stickland-parental-rights-1418960,82,2019-05-09 09:12:16,,mvea,0.89,/r/Health/comments/bmjn9f/texas_republican_says_vaccines_are_sorcery_claims/,t5_2qh9z
79,CDC says fully vaccinated people don’t need to wear face masks indoors or outdoors in most settings; There are a handful of instances where people will still need to wear masks even if they’ve had their final vaccine dose two or more weeks ago.,504,nbpb0n,https://www.cnbc.com/2021/05/13/cdc-says-fully-vaccinated-people-dont-need-to-wear-face-masks-indoors-or-outdoors-in-most-settings.html,161,2021-05-13 15:36:26,,progress18,0.96,/r/Health/comments/nbpb0n/cdc_says_fully_vaccinated_people_dont_need_to/,t5_2qh9z
80,Biden admin recommends Covid-19 booster shots for all Americans; Officials said that third doses of vaccines from Moderna and Pfizer would be available starting Sept. 20.,502,p6t2zn,https://www.politico.com/news/2021/08/18/biden-recommends-covid-booster-shots-505911,81,2021-08-18 11:09:35,,progress18,0.93,/r/Health/comments/p6t2zn/biden_admin_recommends_covid19_booster_shots_for/,t5_2qh9z
81,TikTok pro-vaccine video made by Ohio pediatrician Dr. Nicole Baldwin blasted on social media - a recent poll found that 46% of Americans are still unsure about the debunked theory,506,exc1ym,https://www.cbsnews.com/news/tik-tok-viral-pro-vaccine-video-gets-blasted-on-social-media-nicole-baldwin/,170,2020-02-01 15:26:15,,shallah,0.95,/r/Health/comments/exc1ym/tiktok_provaccine_video_made_by_ohio_pediatrician/,t5_2qh9z
82,Your Building Can Make You Sick or Keep You Well - ensuring even minimum levels of outdoor air ventilation reduced influenza transmission as much as having 50 percent to 60 percent of the people in a building vaccinated,500,ga4x3w,https://www.nytimes.com/2020/03/04/opinion/coronavirus-buildings.html,25,2020-04-29 03:22:52,,shallah,0.99,/r/Health/comments/ga4x3w/your_building_can_make_you_sick_or_keep_you_well/,t5_2qh9z
83,Fauci Calls Russia's Claim of Effective COVID-19 Vaccine 'Bogus',494,icuu3c,https://www.newsweek.com/fauci-calls-russias-claim-effective-covid-19-vaccine-bogus-1526239,41,2020-08-19 15:44:29,,mostaksaif,0.98,/r/Health/comments/icuu3c/fauci_calls_russias_claim_of_effective_covid19/,t5_2qh9z
84,A universal flu vaccine in their sights - Duke researchers have tapped by the federal government to work on a vaccine that could save thousands of lives struck down by flu.,490,fzrfyh,https://www.northcarolinahealthnews.org/2020/03/24/a-universal-flu-vaccine-in-their-sights/,34,2020-04-12 02:16:10,,shallah,0.97,/r/Health/comments/fzrfyh/a_universal_flu_vaccine_in_their_sights_duke/,t5_2qh9z
85,"HIV/AIDS vaccine: Why don't we have one after 37 years, when we have several for COVID-19 after a few months?",486,nf2xzp,https://theconversation.com/hiv-aids-vaccine-why-dont-we-have-one-after-37-years-when-we-have-several-for-covid-19-after-a-few-months-160690,86,2021-05-18 02:11:01,,Fuji_Dragon,0.94,/r/Health/comments/nf2xzp/hivaids_vaccine_why_dont_we_have_one_after_37/,t5_2qh9z
86,Vaccine Refusal Will Come at a Cost—For All of Us. People who refuse to get the COVID-19 vaccine will have higher health-care costs. The rest of us will foot the bill.,476,mr3q1j,https://www.theatlantic.com/politics/archive/2021/04/vaccine-refusal-hesitancy-economic-costs/618528/,121,2021-04-14 20:25:24,,jms1225,0.86,/r/Health/comments/mr3q1j/vaccine_refusal_will_come_at_a_costfor_all_of_us/,t5_2qh9z
87,"Widespread COVID-19 vaccinations not expected until mid-2021, WHO says",486,imi4y3,https://www.reuters.com/article/us-health-coronavirus-who-briefing/widespread-covid-19-vaccinations-not-expected-until-mid-2021-who-says-idUSKBN25V1B0,69,2020-09-04 11:35:26,,progress18,0.97,/r/Health/comments/imi4y3/widespread_covid19_vaccinations_not_expected/,t5_2qh9z
88,New cancer vaccine eliminates tumors in mice. 90 out of 90 mice cured of cancers. Researchers are currently recruiting Lymphoma patients to test the technique in a clinical trial.,474,7ugxht,http://cnednews.com/new-cancer-vaccine-eliminates-tumors-mice-90-90-mice-cured-cancers/,22,2018-02-01 01:47:57,,amigogo,0.98,/r/Health/comments/7ugxht/new_cancer_vaccine_eliminates_tumors_in_mice_90/,t5_2qh9z
89,US officials promised 20 million vaccinated against coronavirus by the end of the year. It's going slower than that,467,klvjd3,https://www.cnn.com/2020/12/23/health/vaccine-rollout-slow-data-lags/index.html,56,2020-12-28 13:08:45,,Bonboniru,0.95,/r/Health/comments/klvjd3/us_officials_promised_20_million_vaccinated/,t5_2qh9z
90,US panel endorses widespread use of Pfizer COVID-19 vaccine,459,kapilf,https://apnews.com/article/us-experts-convene-pfizer-vaccine-virus-4a798b8073c845e60305479e4d94b786,50,2020-12-10 17:44:43,,progress18,0.98,/r/Health/comments/kapilf/us_panel_endorses_widespread_use_of_pfizer/,t5_2qh9z
91,A repurposed TB vaccine shows early promise against diseases like diabetes and MS: The effects of the BCG shot on infections and autoimmune diseases is beginning to make sense,458,ntg1e2,https://www.sciencenews.org/article/bcg-tb-vaccine-diseases-diabetes-multiple-sclerosis,43,2021-06-06 03:12:25,,shallah,0.98,/r/Health/comments/ntg1e2/a_repurposed_tb_vaccine_shows_early_promise/,t5_2qh9z
92,"A recent study linking a component of vaccines to signs of autism in mice is set for retraction after scientists thoroughly demolished the study’s design, methods, and analysis—and then, for good measure, spotted faked data.",456,75sy1y,https://arstechnica.com/science/2017/10/study-claims-vaccines-autism-link-scientists-find-fake-data-have-rage-stroke/,14,2017-10-11 19:13:15,,ekser,0.95,/r/Health/comments/75sy1y/a_recent_study_linking_a_component_of_vaccines_to/,t5_2qh9z
93,"COVID-19 Vaccine Shipped, and Drug Trials Start",453,f9qd66,https://time.com/5790545/first-covid-19-vaccine/,64,2020-02-26 03:46:31,,habichuelacondulce,0.98,/r/Health/comments/f9qd66/covid19_vaccine_shipped_and_drug_trials_start/,t5_2qh9z
94,"Only half of Americans would get a COVID-19 vaccine, poll shows",447,grqh95,https://www.cbsnews.com/news/coronavirus-vaccine-half-americans-would-get/,260,2020-05-27 15:28:08,,BlankVerse,0.95,/r/Health/comments/grqh95/only_half_of_americans_would_get_a_covid19/,t5_2qh9z
95,"We Asked An Infectious Disease Doctor About Coronavirus. Here’s What She Said: Getting vaccinated against flu will not prevent infection with COVID-19, but the more people who are flu vaccinated, the fewer who will need to be admitted to the hospital with complications",448,fbb9y9,https://www.msn.com/en-us/health/health-news/we-asked-an-infectious-disease-doctor-about-coronavirus-heres-what-she-said/ar-BB10tBX9,23,2020-02-29 06:28:53,,shallah,0.95,/r/Health/comments/fbb9y9/we_asked_an_infectious_disease_doctor_about/,t5_2qh9z
96,"Covid: Vaccinated people may spread virus, says Van-Tam",443,l3yrtg,https://www.bbc.co.uk/news/uk-55784199,55,2021-01-24 07:44:12,,boppinmule,0.93,/r/Health/comments/l3yrtg/covid_vaccinated_people_may_spread_virus_says/,t5_2qh9z
97,"About 1% of people who are infected with HIV-1 produce very special antibodies that do not just fight one virus strain, but neutralize almost all known virus strains. Research into developing an HIV vaccine focused on factors responsible for the production of such antibodies is published in Nature.",436,9ewhbs,https://www.media.uzh.ch/en/Press-Releases/2018/HIV-Vaccine.html,23,2018-09-11 06:54:39,,mvea,0.97,/r/Health/comments/9ewhbs/about_1_of_people_who_are_infected_with_hiv1/,t5_2qh9z
98,Some Covid-19 long haulers say vaccines may be relieving their symptoms. Researchers are looking into it,436,mk2x8i,https://wsvn.com/news/us-world/some-covid-19-long-haulers-say-vaccines-may-be-relieving-their-symptoms-researchers-are-looking-into-it/,35,2021-04-04 15:24:18,,shallah,0.96,/r/Health/comments/mk2x8i/some_covid19_long_haulers_say_vaccines_may_be/,t5_2qh9z
99,"From autism risks to mercury poisoning, here are 10 lies anti-vaxxers are spreading about the measles vaccine in the Pacific Northwest",428,am77tc,https://www.businessinsider.com/lies-anti-vaxxers-spread-about-measles-vaccine-debunked-2019-1?r=US&IR=T,50,2019-02-01 16:47:50,,mvea,0.92,/r/Health/comments/am77tc/from_autism_risks_to_mercury_poisoning_here_are/,t5_2qh9z
100,"The success of the HPV vaccination offers hope of one day eradicating cervical cancer, say scientists who carried out a major review of evidence",425,c6jkfc,https://www.bbc.com/news/health-48758730,10,2019-06-28 08:24:36,,Redzit69,0.95,/r/Health/comments/c6jkfc/the_success_of_the_hpv_vaccination_offers_hope_of/,t5_2qh9z
101,3 Countries Starting Coronavirus Vaccine Trials in Global Race - There is currently no vaccine or treatment for the virus that causes COVID-19.,426,flu6mi,https://www.newsweek.com/countries-coronavirus-vaccine-trials-covid-19-before-end-year-1493362,40,2020-03-20 08:27:06,,anutensil,0.98,/r/Health/comments/flu6mi/3_countries_starting_coronavirus_vaccine_trials/,t5_2qh9z
102,"In California, parents could claim a personal belief exemption to vaccination, and the rate of kindergartners without up-to-date vaccinations was 9.84% in 2013. In 2016, due to measles outbreaks, California passed a bill banning all personal belief exemptions. The rate was halved to 4.87% in 2017.",424,c91nu1,https://www.cnn.com/2019/07/02/health/california-vaccine-laws-study/index.html,32,2019-07-04 07:48:20,,mvea,0.93,/r/Health/comments/c91nu1/in_california_parents_could_claim_a_personal/,t5_2qh9z
103,Health officials: Ignore anti-vaccination fliers showing up in children's products in southern Maine,428,aq5be6,https://www.pressherald.com/2019/02/11/health-officials-ignore-anti-vaccination-flyers-showing-up-in-southern-maine/,57,2019-02-13 05:43:26,,shallah,0.96,/r/Health/comments/aq5be6/health_officials_ignore_antivaccination_fliers/,t5_2qh9z
104,"A ‘stress vaccine’ may be another step closer, suggests new study. When researchers injected mice with a soil-based bacterium prior to a stressful event, the shots prevented a “PTSD-like syndrome” and diminished stress reactions. Scientists have now identified and synthesized the lipid responsible.",417,c191aa,https://www.psychologytoday.com/au/blog/neuronarrative/201906/the-stress-vaccine-may-be-another-step-closer-reality,24,2019-06-16 07:43:42,,mvea,0.97,/r/Health/comments/c191aa/a_stress_vaccine_may_be_another_step_closer/,t5_2qh9z
105,US health agencies will decide if COVID-19 booster shots are needed – not vaccine companies,413,nlugjr,https://abcnews.go.com/Health/us-health-agencies-decide-covid-19-booster-shots/story?id=77761587,38,2021-05-26 19:30:31,,shallah,0.98,/r/Health/comments/nlugjr/us_health_agencies_will_decide_if_covid19_booster/,t5_2qh9z
106,"Higher vaccination rates in Texas and Florida could've saved 4,700 lives, study finds",425,p3m3zs,https://www.nbcnews.com/news/us-news/higher-vaccination-rates-texas-florida-could-ve-saved-4-700-n1276668,35,2021-08-13 08:11:26,,progress18,0.89,/r/Health/comments/p3m3zs/higher_vaccination_rates_in_texas_and_florida/,t5_2qh9z
107,"Children less protected by whooping cough vaccine than they once were, CDC warns",415,my77ol,https://www.usatoday.com/story/life/allthemoms/2019/03/14/whooping-cough-vaccine-less-effective-cdc-warns-as-outbreaks-hit-schools/3161859002/,47,2021-04-25 08:20:44,,shallah,0.97,/r/Health/comments/my77ol/children_less_protected_by_whooping_cough_vaccine/,t5_2qh9z
108,Measles is back in the US because states make it too easy to avoid vaccines: The era of religious and moral vaccine exemptions needs to end — and fast.,410,arwe1d,https://www.vox.com/science-and-health/2019/2/16/18223764/measles-outbreak-2019-vaccines-anti-vax,52,2019-02-18 06:38:18,,mvea,0.94,/r/Health/comments/arwe1d/measles_is_back_in_the_us_because_states_make_it/,t5_2qh9z
109,"Could a Single Vaccine Prevent Multiple Diseases Spread by Mosquitoes? New vaccine against mosquito saliva may immunize people against all the diseases spread by mosquitoes like malaria, Zika, and dengue, finds a new study.",408,8qmkkd,https://www.acsh.org/news/2018/06/12/could-single-vaccine-prevent-multiple-diseases-spread-mosquitoes-13073,21,2018-06-12 16:56:45,,mvea,0.96,/r/Health/comments/8qmkkd/could_a_single_vaccine_prevent_multiple_diseases/,t5_2qh9z
110,Biden to direct states to make all adults eligible for Covid vaccines by May 1,411,m34drm,https://www.nbcnews.com/politics/white-house/biden-use-covid-shutdown-anniversary-speech-preview-post-pandemic-future-n1260706,27,2021-03-11 18:58:50,,Imperial_in_NewYork,0.95,/r/Health/comments/m34drm/biden_to_direct_states_to_make_all_adults/,t5_2qh9z
111,The F.D.A. authorizes the Pfizer-BioNTech vaccine for children 12 to 15.,406,n9gjzs,https://www.nytimes.com/2021/05/10/health/pfizer-covid-vaccine-teens.html?referringSource=articleShare,18,2021-05-10 17:26:01,,nin4nin,0.94,/r/Health/comments/n9gjzs/the_fda_authorizes_the_pfizerbiontech_vaccine_for/,t5_2qh9z
112,"AstraZeneca vaccine can slow the spread of Covid, and delayed second dose works, Oxford data shows",409,lbqiis,https://www.cnbc.com/2021/02/03/delaying-second-astrazeneca-vaccine-dose-does-work-study-shows.html,18,2021-02-03 10:50:59,,Fitness_and_Finance,0.98,/r/Health/comments/lbqiis/astrazeneca_vaccine_can_slow_the_spread_of_covid/,t5_2qh9z
113,Anti-vaxxers appear to be losing ground in the online vaccine debate,400,b8ox99,https://theconversation.com/anti-vaxxers-appear-to-be-losing-ground-in-the-online-vaccine-debate-114406,87,2019-04-02 17:05:59,,mvea,0.94,/r/Health/comments/b8ox99/antivaxxers_appear_to_be_losing_ground_in_the/,t5_2qh9z
114,Fully vaccinated people protected from Covid-19 but can pass disease to others,407,o9c43z,https://www.straitstimes.com/singapore/health/fully-vaccinated-people-protected-from-covid-19-but-can-pass-disease-to-others,80,2021-06-27 23:34:49,,Baron-Munc,0.89,/r/Health/comments/o9c43z/fully_vaccinated_people_protected_from_covid19/,t5_2qh9z
115,AstraZeneca is aiming to produce 2 billion doses of a coronavirus vaccine — and it could be ready by September,406,gwu85l,https://www.cnbc.com/2020/06/04/astrazeneca-is-set-to-make-two-billion-doses-of-a-coronavirus-vaccine.html,60,2020-06-04 20:45:15,,Fitness_and_Finance,0.96,/r/Health/comments/gwu85l/astrazeneca_is_aiming_to_produce_2_billion_doses/,t5_2qh9z
116,Vocal anti-vaccine broadcaster dies from COVID-19 complications; Friends say Dick Farrel encouraged them to get the vaccine after he was infected,403,p03r50,https://www.wptv.com/lifestyle/taste-and-see/vocal-anti-vaccine-broadcaster-dies-from-covid-19-complications,36,2021-08-07 19:25:41,,progress18,0.9,/r/Health/comments/p03r50/vocal_antivaccine_broadcaster_dies_from_covid19/,t5_2qh9z
117,Opinion | Don’t Want a Vaccine? Be Prepared to Pay More for Insurance.,398,ox0ff1,https://www.nytimes.com/2021/08/02/opinion/health-insurance-unvaccinated.html,62,2021-08-03 06:13:10,,Maxcactus,0.92,/r/Health/comments/ox0ff1/opinion_dont_want_a_vaccine_be_prepared_to_pay/,t5_2qh9z
118,"New York City Orders Williamsburg Residents to Get Vaccinated for Measles or Face $1,000 Fine",394,bbej7w,https://gizmodo.com/new-york-city-orders-williamsburg-residents-to-get-vacc-1833917175,54,2019-04-09 18:47:46,,mvea,0.97,/r/Health/comments/bbej7w/new_york_city_orders_williamsburg_residents_to/,t5_2qh9z
119,Oxford Coronavirus Vaccine ‘Safe’ And Showing ‘Promising Results’,396,humbhr,https://www.huffpost.com/entry/uk-oxford-coronavirus-vaccine-trial_n_5f15a14fc5b619afc4046655,35,2020-07-20 10:35:13,,mostaksaif,0.98,/r/Health/comments/humbhr/oxford_coronavirus_vaccine_safe_and_showing/,t5_2qh9z
120,"Compulsory “no jab, no school” vaccines are needed to keep measles under control, according to a new study that looked at vaccination trends in multiple countries, which suggests that compulsory vaccination at school entry would enable the UK, Ireland and US to reach stable herd immunity levels.",398,bpq555,https://www.newscientist.com/article/2203542-compulsory-vaccines-are-needed-to-keep-measles-under-control-in-the-uk/,45,2019-05-17 07:38:36,,mvea,0.94,/r/Health/comments/bpq555/compulsory_no_jab_no_school_vaccines_are_needed/,t5_2qh9z
121,The global crackdown on parents who refuse vaccines for their kids has begun: Countries like Italy and Australia are tired of measles outbreaks — so they're moving to fine anti-vaccine parents.,390,6rkbrq,https://www.vox.com/science-and-health/2017/8/3/16069204/vaccine-fines-measles-outbreaks-europe-australia,52,2017-08-04 09:04:08,,mvea,0.93,/r/Health/comments/6rkbrq/the_global_crackdown_on_parents_who_refuse/,t5_2qh9z
122,"A growing, national anti-vaccination movement that claims the inoculations can cause autism in children has led Brooklyn pet-owners to withhold vaccines against deadly and spreadable diseases from their critters, according to local veterinarians.",386,6rxx5b,http://www.brooklynpaper.com/stories/40/31/all-pet-anti-vaccination-movement-2017-08-04-bk.html,36,2017-08-06 07:40:17,,mvea,0.93,/r/Health/comments/6rxx5b/a_growing_national_antivaccination_movement_that/,t5_2qh9z
123,"Save a grandma. Get your flu shot — he estimates each percentage point increase in the U.S. vaccination rate would result in 807 fewer deaths. (Put another way, if an additional 4,016 people were vaccinated this season, we would expect to save one life.)",385,9wl03o,http://www.latimes.com/opinion/op-ed/la-oe-ayers-flu-shots-20181112-story.html,38,2018-11-12 21:39:29,,BlankVerse,0.92,/r/Health/comments/9wl03o/save_a_grandma_get_your_flu_shot_he_estimates/,t5_2qh9z
124,"Longmont man says vaccine appointment canceled due to medical debt. A 72-year old Longmont man was ready to get his vaccine until a phone call put those plans on hold. By asking questions, he got back in line.",381,lhz4xg,https://www.9news.com/article/news/health/coronavirus/vaccine/medical-debt-is-not-a-vaccine-barrier/73-aec75a0d-90e2-48d9-9a63-242e8869baa1,26,2021-02-11 19:27:13,,jms1225,0.96,/r/Health/comments/lhz4xg/longmont_man_says_vaccine_appointment_canceled/,t5_2qh9z
125,Middle schoolers will soon be able to get Pfizer vaccine in US (age 12-15),377,n47qg7,https://www.nytimes.com/2021/05/03/health/pfizer-covid-vaccine-teens.html,74,2021-05-03 17:22:33,,nin4nin,0.93,/r/Health/comments/n47qg7/middle_schoolers_will_soon_be_able_to_get_pfizer/,t5_2qh9z
126,Vaccines against the coronavirus will have side effects – and that’s a good thing,381,m4cwsk,https://www.pbs.org/newshour/amp/health/vaccines-against-sars-cov-2-will-have-side-effects-thats-a-good-thing?__twitter_impression=true,102,2021-03-13 14:06:09,,TheColorOfDeadMen,0.9,/r/Health/comments/m4cwsk/vaccines_against_the_coronavirus_will_have_side/,t5_2qh9z
127,"Researcher Develops 3-in-1 Vaccine Against Traveller’s Diarrhea - Conjugate vaccine yokes proteins from E. coli with sugars from Shigella and Campylobacter jejuni, all three major causes of bacterial diarrhea globally. In tests with mice, the vaccine provided immunity against all three pathogens.",372,9ng1c4,https://news.uoguelph.ca/2018/10/u-of-g-researcher-develops-3-in-1-vaccine-against-travellers-diarrhea/,8,2018-10-11 21:35:09,,mvea,0.98,/r/Health/comments/9ng1c4/researcher_develops_3in1_vaccine_against/,t5_2qh9z
128,John Oliver calls out 'opportunistic quacks' behind the anti-vaccine hysteria for creating public health problems,372,6jsdxx,https://www.businessinsider.com.au/john-oliver-vaccines-video-2017-6?r=US&IR=T,207,2017-06-27 08:37:56,,mvea,0.89,/r/Health/comments/6jsdxx/john_oliver_calls_out_opportunistic_quacks_behind/,t5_2qh9z
129,F.D.A. Will Attach Warning of Rare Nerve Syndrome to Johnson & Johnson Vaccine,379,oixptw,https://www.nytimes.com/2021/07/12/us/fda-warning-johnson-johnson-vaccine-nerve-syndrome.html?action=click&module=Top%20Stories&pgtype=Homepage,84,2021-07-12 14:50:00,,DoremusJessup,0.96,/r/Health/comments/oixptw/fda_will_attach_warning_of_rare_nerve_syndrome_to/,t5_2qh9z
130,Coronavirus vaccine technology is paving the way for a whole new approach to flu shots,366,mp9p28,https://www.msn.com/en-us/health/medical/coronavirus-vaccine-technology-is-paving-the-way-for-a-whole-new-approach-to-flu-shots/ar-BB1fwWaC?ocid=uxbndlbing,71,2021-04-12 04:39:31,,shallah,0.95,/r/Health/comments/mp9p28/coronavirus_vaccine_technology_is_paving_the_way/,t5_2qh9z
131,"US sets Covid-19 case, hospitalization and death records ahead of key meeting for Moderna's vaccine candidate",367,kf041u,https://www.cnn.com/2020/12/17/health/us-coronavirus-thursday/index.html,24,2020-12-17 11:03:21,,Bonboniru,0.97,/r/Health/comments/kf041u/us_sets_covid19_case_hospitalization_and_death/,t5_2qh9z
132,"How obesity could create problems for a COVID vaccine: Researchers fear that vaccines might not be as effective in people who are obese, a population already highly vulnerable to COVID-19",367,jf9207,https://www.nature.com/articles/d41586-020-02946-6,111,2020-10-21 04:31:59,,mubukugrappa,0.98,/r/Health/comments/jf9207/how_obesity_could_create_problems_for_a_covid/,t5_2qh9z
133,"This claim about the flu shot is all wrong — One of the common myths that leads people to avoid the flu shot is that they think the shot will give them the flu. But that is simply not true. The virus in the vaccine is not active, and an inactive virus cannot transmit disease.",367,dg330x,https://www.marketwatch.com/story/this-claim-about-the-flu-shot-is-all-wrong-2019-10-10,77,2019-10-10 15:24:19,,BlankVerse,0.94,/r/Health/comments/dg330x/this_claim_about_the_flu_shot_is_all_wrong_one_of/,t5_2qh9z
134,Instagram is attempting to crack down on misinformation about vaccines,360,bmx5hl,https://www.newscientist.com/article/2202447-instagram-is-attempting-to-crack-down-on-misinformation-about-vaccines/,20,2019-05-10 07:33:48,,mvea,0.93,/r/Health/comments/bmx5hl/instagram_is_attempting_to_crack_down_on/,t5_2qh9z
135,A religious group in Japan apologizes and says it will now recommend vaccinations after a measles outbreak among its followers,362,atrifb,https://www.newsweek.com/anti-vaxxers-vaccination-measles-outbreak-autism-1339369,22,2019-02-22 23:47:17,,SirT6,0.96,/r/Health/comments/atrifb/a_religious_group_in_japan_apologizes_and_says_it/,t5_2qh9z
136,New Pfizer data suggests 3rd COVID vaccine dose 'strongly' boosts protection against delta variant,358,otbjke,https://abc7.com/health/new-pfizer-data-suggests-3rd-vaccine-dose-strongly-boosts-protection/10914062/,106,2021-07-28 10:55:06,,lurker_bee,0.9,/r/Health/comments/otbjke/new_pfizer_data_suggests_3rd_covid_vaccine_dose/,t5_2qh9z
137,Vaccines won’t overload your child’s immune system—or increase their risk of other infections,359,82gaet,http://www.sciencemag.org/news/2018/03/vaccines-won-t-overload-your-child-s-immune-system-or-increase-their-risk-other,52,2018-03-06 11:22:17,,imbratoor,0.89,/r/Health/comments/82gaet/vaccines_wont_overload_your_childs_immune/,t5_2qh9z
138,"DNA vaccine promises permanent, universal protection against the flu - New vaccine contains DNA coding for proteins from four different flu strains, plus protein universally shared across all strains. A strong immune response was triggered in immunized primates when exposed to different strains.",354,7mtmwx,https://newatlas.com/dna-vaccine-flu-universal/52768/,40,2017-12-29 05:42:55,,mvea,0.94,/r/Health/comments/7mtmwx/dna_vaccine_promises_permanent_universal/,t5_2qh9z
139,Researchers at Duke University Global Health Innovation Center found that the European Union and five other countries have already bought up 2.2 billion doses of potential vaccines. Poorer countries may be waiting until 2024 before they receive a vaccine,349,jt2elv,https://launchandscalefaster.org/covid-19,16,2020-11-12 15:23:33,,Tough_Gadfly,0.96,/r/Health/comments/jt2elv/researchers_at_duke_university_global_health/,t5_2qh9z
140,"21 million children miss first dose of measles vaccine every year - Unicef says low vaccination rates worldwide reflect “lack of access, poor health systems, complacency, and in some cases fear or scepticism about vaccines”.",347,bh7w8u,https://www.newscientist.com/article/21-21-million-children-miss-first-dose-of-measles-vaccine-every-year/,15,2019-04-25 08:13:39,,mvea,0.95,/r/Health/comments/bh7w8u/21_million_children_miss_first_dose_of_measles/,t5_2qh9z
141,More Americans say they'll get flu shot this year: Less than half of American adults on average get the vaccine each year.,345,gsry5h,https://www.wusa9.com/article/news/health/coronavirus/flu-vaccine-increase/507-73a5c4d4-36e4-47d6-86d6-a5365067eeb7,41,2020-05-29 08:19:56,,shallah,0.95,/r/Health/comments/gsry5h/more_americans_say_theyll_get_flu_shot_this_year/,t5_2qh9z
142,Fauci Predicts Year Lag Between Vaccine Arrival And Maskless Theater,347,ir00h8,https://deadline.com/2020/09/anthony-fauci-theater-vaccine-yearlong-intermission-covid19-coronavirus-1234575418/,21,2020-09-11 17:46:14,,Fitness_and_Finance,0.97,/r/Health/comments/ir00h8/fauci_predicts_year_lag_between_vaccine_arrival/,t5_2qh9z
143,"Scientists develop a universal vaccine platform that’s cheaper and shelf stable, cutting the cost of vaccine production and storage by 80% without decreasing safety or effectiveness - the vaccine will not expire at warm temperatures and could be stockpiled at room temperature for years.",339,9m1bob,https://www.utmb.edu/newsroom/article11934.aspx,7,2018-10-06 21:14:11,,mvea,0.98,/r/Health/comments/9m1bob/scientists_develop_a_universal_vaccine_platform/,t5_2qh9z
144,"HPV vaccine has significantly cut rates of cancer-causing infections, including precancerous lesions and genital warts in girls and women, with boys and men benefiting even when they are not vaccinated, finds new research across 14 high-income countries, including 60 million people, over 8 years.",342,c64wey,https://www.newscientist.com/article/2207722-hpv-vaccine-has-significantly-cut-rates-of-cancer-causing-infections/,13,2019-06-27 08:26:31,,mvea,0.94,/r/Health/comments/c64wey/hpv_vaccine_has_significantly_cut_rates_of/,t5_2qh9z
145,CDC warns COVID-19 vaccines might not protect people who are immunocompromised,341,om1xn3,https://www.wcvb.com/article/cdc-warns-covid-19-vaccines-might-not-protect-immunocompromised/37053660,28,2021-07-17 06:45:35,,shallah,0.97,/r/Health/comments/om1xn3/cdc_warns_covid19_vaccines_might_not_protect/,t5_2qh9z
146,Experts predict 185 million people vaccinated in the US by September but worry about variant in India,345,n76ia6,https://www.cnn.com/2021/05/07/health/us-coronavirus-friday/index.html,21,2021-05-07 15:17:56,,progress18,0.96,/r/Health/comments/n76ia6/experts_predict_185_million_people_vaccinated_in/,t5_2qh9z
147,"For the first time ever, a study will be done comparing vaccinated vs. unvaccinated children to determine if they play a role in chronic disease.",335,8uefew,https://www.phoinitiative.org/about.html,32,2018-06-27 19:28:40,,zenwalrus,0.92,/r/Health/comments/8uefew/for_the_first_time_ever_a_study_will_be_done/,t5_2qh9z
148,"The routine vaccination of girls with the HPV vaccine in Scotland has led to a ""dramatic"" drop in cervical disease in later life, new research suggests.",336,b9bz5q,https://www.bbc.co.uk/news/amp/uk-scotland-47803975?__twitter_impression=true,12,2019-04-04 08:17:16,,SirT6,0.95,/r/Health/comments/b9bz5q/the_routine_vaccination_of_girls_with_the_hpv/,t5_2qh9z
149,"An experimental vaccine regimen based on the structure of a vulnerable site on HIV elicited antibodies in mice, guinea pigs and monkeys that neutralize dozens of HIV strains from around the world. The findings were reported today in the journal Nature Medicine.",325,8opu2s,https://www.niaid.nih.gov/news-events/hiv-vaccine-elicits-antibodies-animals-neutralize-dozens-hiv-strains,2,2018-06-05 06:51:35,,mvea,0.94,/r/Health/comments/8opu2s/an_experimental_vaccine_regimen_based_on_the/,t5_2qh9z
150,Should you wear a mask if you're fully vaccinated? Some experts say yes.,323,oes7sa,https://www.nbcnews.com/health/health-news/should-fully-vaccinated-people-continue-wear-masks-experts-weigh-n1272890,237,2021-07-06 06:26:22,,Maxcactus,0.8,/r/Health/comments/oes7sa/should_you_wear_a_mask_if_youre_fully_vaccinated/,t5_2qh9z
151,Israel study on Pfizer vaccine indicates 94% drop in symptomatic COVID-19 cases: report,325,lkhkqd,https://www.foxnews.com/health/israel-study-on-pfizer-vaccine-finds-94-drop-in-symptomatic-covid-19-cases-report,4,2021-02-15 11:50:56,,Fitness_and_Finance,0.95,/r/Health/comments/lkhkqd/israel_study_on_pfizer_vaccine_indicates_94_drop/,t5_2qh9z
152,"Millennial & Gen-X Travelers: Need Another Measles Shot? - Americans born in the '70s & '80s may not be immune to measles, health officials say. If you're traveling to a country or region having an outbreak, consider a 2nd dose of vaccine before you go.",322,cyno7y,https://www.npr.org/sections/health-shots/2019/09/02/753141174/millennial-and-gen-x-travelers-need-another-measles-shot,22,2019-09-02 07:16:02,,anutensil,0.96,/r/Health/comments/cyno7y/millennial_genx_travelers_need_another_measles/,t5_2qh9z
153,A 'Universal' Flu Vaccine That Protects Against Most Strains? Research Heats Up,322,faaa64,https://www.npr.org/sections/health-shots/2020/02/27/807743274/researchers-step-up-efforts-to-develop-a-universal-flu-vaccine,18,2020-02-27 05:43:16,,shallah,0.98,/r/Health/comments/faaa64/a_universal_flu_vaccine_that_protects_against/,t5_2qh9z
154,"2019 could be worst year for measles in US for 30 years: ""We're losing ground to a disease that once killed millions."" Measles can result in death or severe disability & the measles vaccine is very safe.",312,am1ey4,https://www.newsweek.com/2019-could-be-worst-year-measles-us-30-years-were-losing-ground-disease-once-1309603,95,2019-02-01 07:14:36,,anutensil,0.96,/r/Health/comments/am1ey4/2019_could_be_worst_year_for_measles_in_us_for_30/,t5_2qh9z
155,"Researchers closer to gonorrhea vaccine after new analysis of proteins found six new ones expressed in all strains. The findings are important since the microbe, Neisseria gonorrhoeae, is considered a “superbug” because of resistance to all classes of antibiotics available for treating infections.",310,9vtejl,https://today.oregonstate.edu/news/researchers-closer-gonorrhea-vaccine-after-exhaustive-analysis-proteins,13,2018-11-10 05:46:14,,mvea,0.98,/r/Health/comments/9vtejl/researchers_closer_to_gonorrhea_vaccine_after_new/,t5_2qh9z
156,The AMA just voted to end personal belief exemptions to vaccines,304,39727t,http://www.motherjones.com/blue-marble/2015/06/american-medical-association-vaccination%20,104,2015-06-09 14:49:47,,streetlite,0.93,/r/Health/comments/39727t/the_ama_just_voted_to_end_personal_belief/,t5_2qh9z
157,"Routine Vaccines Key for Seniors During Pandemic: ""It is very, very important to encourage grandparents, parents, spouse, if they are 65 and older, to get their flu shot, the pneumonia vaccine, and then, 50 and older, to get the shingles vaccine,""",304,k9olk6,https://www.baynews9.com/fl/tampa/news/2020/12/04/routine-vaccines-key-for-seniors-during-pandemic,14,2020-12-09 04:04:19,,shallah,0.95,/r/Health/comments/k9olk6/routine_vaccines_key_for_seniors_during_pandemic/,t5_2qh9z
158,Scientists may be getting closer to creating a universal flu vaccine,314,edj52n,https://www.medicalnewstoday.com/articles/326730.php,6,2019-12-20 20:16:00,,Barknuckle,0.95,/r/Health/comments/edj52n/scientists_may_be_getting_closer_to_creating_a/,t5_2qh9z
159,"HIV vaccine therapy lets five people control virus without drugs - The therapy gives the immune system the tools to flush out HIV, meaning daily drugs can be ditched – one man has been free of them for seven months",302,5vpz7b,https://www.newscientist.com/article/mg23331143-900-hiv-infection-stopped-in-its-tracks/,15,2017-02-23 06:50:39,,mvea,0.95,/r/Health/comments/5vpz7b/hiv_vaccine_therapy_lets_five_people_control/,t5_2qh9z
160,Polio is back in Nigeria because Boko Haram kept kids from being vaccinated,295,4xi1wa,http://www.theverge.com/2016/8/12/12460792/polio-nigeria-who-boko-haram-vaccine,13,2016-08-13 03:03:23,,Heinrich678,0.97,/r/Health/comments/4xi1wa/polio_is_back_in_nigeria_because_boko_haram_kept/,t5_2qh9z
161,U.S. Administers 1 Million Vaccine Doses For Third Straight Day,288,p93tej,https://www.huffpost.com/entry/us-coronavirus-vaccines-1-million_n_61211be6e4b0e8ac791e9afe,11,2021-08-21 21:51:14,,progress18,0.96,/r/Health/comments/p93tej/us_administers_1_million_vaccine_doses_for_third/,t5_2qh9z
162,Low vaccination rate among pregnant is causing a “perfect storm” doctors warn,291,pau31q,https://fortune.com/2021/08/24/pregnancy-covid-19-vaccination-rates/,74,2021-08-24 15:13:42,,Exastiken,0.9,/r/Health/comments/pau31q/low_vaccination_rate_among_pregnant_is_causing_a/,t5_2qh9z
163,Scores of coronavirus vaccines are in competition — how will scientists choose the best?,283,gbg00e,https://www.nature.com/articles/d41586-020-01247-2,82,2020-05-01 06:57:04,,newsspotter,0.97,/r/Health/comments/gbg00e/scores_of_coronavirus_vaccines_are_in_competition/,t5_2qh9z
164,New CDC data: COVID-19 vaccination safe for pregnant people,284,p2imnt,https://www.cdc.gov/media/releases/2021/s0811-vaccine-safe-pregnant.html,35,2021-08-11 14:10:14,,Express_Hyena,0.91,/r/Health/comments/p2imnt/new_cdc_data_covid19_vaccination_safe_for/,t5_2qh9z
165,"Cuba's Had A Lung Cancer Vaccine For Years, And Now It's Coming To The U.S.",280,479fii,http://www.huffingtonpost.com/2016/02/22/cuba-lung-cancer-vaccine_n_7267518.html?m=false,27,2016-02-23 18:15:30,,Eudaimonics,0.92,/r/Health/comments/479fii/cubas_had_a_lung_cancer_vaccine_for_years_and_now/,t5_2qh9z
166,"A Kaiser Permanente study of more than 80,000 children born over a 4-year period showed that the prenatal Tdap vaccination (tetanus, diphtheria, acellular pertussis) was not associated with increased risk of autism spectrum disorder in children.",275,96wvlz,https://www.eurekalert.org/pub_releases/2018-08/kp-sft080918.php,16,2018-08-13 05:26:18,,mvea,0.94,/r/Health/comments/96wvlz/a_kaiser_permanente_study_of_more_than_80000/,t5_2qh9z
167,"Studies for Two Formulations of a C.Diff Vaccine are Discontinued, But a Third Formulation Shows Promise",277,jq7hs8,https://www.contagionlive.com/view/two-c-diff-vaccine-studies-halted-due-to-reactions-but-third-formulation-shows-promise,18,2020-11-08 02:08:17,,shallah,0.97,/r/Health/comments/jq7hs8/studies_for_two_formulations_of_a_cdiff_vaccine/,t5_2qh9z
168,Pentagon to require mandatory COVID vaccines for all US Military by mid-September: Source,276,p16jh8,https://abcnews.go.com/Politics/pentagon-require-mandatory-covid-vaccines-mid-september-source/story?id=79314193,26,2021-08-09 13:49:13,,amandaRVA,0.95,/r/Health/comments/p16jh8/pentagon_to_require_mandatory_covid_vaccines_for/,t5_2qh9z
169,Opting Out of Vaccines Should Opt You Out of American Society - People who are able to take vaccines but refuse to do so are the moral equivalent of drunk drivers,275,b3qbop,https://blogs.scientificamerican.com/observations/opting-out-of-vaccines-should-opt-you-out-of-american-society/,132,2019-03-21 09:08:14,,mvea,0.89,/r/Health/comments/b3qbop/opting_out_of_vaccines_should_opt_you_out_of/,t5_2qh9z
170,"University of California researchers are trialling a vaccine that could be a game-changer for anyone with acne - ""the vaccine is an effort to block the acne-causing effects of the bacteria, without killing the bacteria themselves""",274,646mk8,http://www.businessinsider.com/acne-vaccine-trial-university-of-california-2017-4?r=US&IR=T,19,2017-04-08 07:47:26,,mvea,0.96,/r/Health/comments/646mk8/university_of_california_researchers_are/,t5_2qh9z
171,"HPV infections fell by half in teen girls after vaccine, study shows",272,1go2wk,http://www.nbcnews.com/health/hpv-infections-fell-half-teen-girls-after-vaccine-study-shows-6C10378279?ocid=msnhp&pos=1,142,2013-06-19 13:51:18,,Stevesquirrel,0.92,/r/Health/comments/1go2wk/hpv_infections_fell_by_half_in_teen_girls_after/,t5_2qh9z
172,"The Largest Measles Outbreak in the U.S. Is Happening ‘Because of Antivaxers’ - Measles was eradicated in the US in 2000, but the past couple of years have seen new cases in large part because of unfounded fears that the vaccination causes autism in children",273,4ru23b,http://time.com/4397676/measles-outbreak-arizona/,37,2016-07-08 06:34:51,,anutensil,0.92,/r/Health/comments/4ru23b/the_largest_measles_outbreak_in_the_us_is/,t5_2qh9z
173,Doctor's call to 'equally protect' boys with HPV vaccine,271,6ftw72,http://www.bbc.co.uk/news/uk-england-40062677,19,2017-06-07 10:49:29,,hasharin,0.96,/r/Health/comments/6ftw72/doctors_call_to_equally_protect_boys_with_hpv/,t5_2qh9z
174,Australia’s first locally developed mRNA vaccine heads to phase one clinical trials,271,o43x4q,https://www.news.com.au/lifestyle/health/health-problems/victoria-takes-huge-step-towards-australias-first-local-mrna-vaccine/news-story/12e632b5a0132a16da7f550ab7ad68bc,12,2021-06-20 07:48:55,,Express_Hyena,0.98,/r/Health/comments/o43x4q/australias_first_locally_developed_mrna_vaccine/,t5_2qh9z
175,"Typhoid vaccine 'works fantastically well': Cases of the bacterial disease fell by more than 80% in trials, published in the New England Journal of Medicine",273,e69lbv,https://www.bbc.com/news/health-50587608,4,2019-12-04 20:25:39,,Jarijari7,0.99,/r/Health/comments/e69lbv/typhoid_vaccine_works_fantastically_well_cases_of/,t5_2qh9z
176,"The Reason Black Americans Are Getting Vaccinated At A Much Slower Rate Is Not Because They’re Reluctant — a recent NPR analysis found that vaccine hubs, particularly ones in Louisiana, Texas and Alabama, were largely missing from predominantly Black and Hispanic communities",262,p37yxn,https://www.fivethirtyeight.com/features/why-fewer-black-americans-are-getting-the-covid-19-vaccine-no-its-not-hesitancy/amp/,25,2021-08-12 16:20:08,,BlankVerse,0.88,/r/Health/comments/p37yxn/the_reason_black_americans_are_getting_vaccinated/,t5_2qh9z
177,The true dollar cost of the anti-vaccine movement - Necessary bills for unnecessary outbreaks are being paid by all of us.,259,b7w3yf,https://arstechnica.com/science/2019/03/the-true-dollar-cost-of-the-anti-vaccine-movement/,52,2019-03-31 22:23:14,,mvea,0.92,/r/Health/comments/b7w3yf/the_true_dollar_cost_of_the_antivaccine_movement/,t5_2qh9z
178,Fully vaccinated people can unmask outdoors in some cases: U.S. CDC,256,mzsh0k,https://www.reuters.com/article/us-health-coronavirus-usa-masks-idUSKBN2CE26T,104,2021-04-27 12:33:33,,Imperial-in-NewYork,0.87,/r/Health/comments/mzsh0k/fully_vaccinated_people_can_unmask_outdoors_in/,t5_2qh9z
179,Opinion | Speed Up Vaccinations and Reduce the Red Tape,265,kz8uzv,https://www.nytimes.com/2021/01/15/opinion/coronavirus-vaccine.html,34,2021-01-17 10:56:42,,Bonboniru,0.94,/r/Health/comments/kz8uzv/opinion_speed_up_vaccinations_and_reduce_the_red/,t5_2qh9z
180,"Masks and social distancing may still be needed for people with compromised immunity: New studies are showing some autoimmune diseases and treatments may weaken the effect of the coronavirus vaccines, raising alarms for patients with mask rollbacks.",256,nct42g,https://www.king5.com/article/news/health/coronavirus/masks-and-social-distancing-may-still-be-needed-for-people-with-compromised-immunity/281-b108227e-de31-4e4c-8354-68ee71a1b1bf,45,2021-05-15 03:23:12,,shallah,0.92,/r/Health/comments/nct42g/masks_and_social_distancing_may_still_be_needed/,t5_2qh9z
181,Biden administration is throwing its support behind efforts to waive intellectual property protections for COVID-19 vaccines,260,n5oz43,https://www.audacy.com/knx1070/news/national/biden-admin-supports-waiving-ip-protections-for-covid-vax,7,2021-05-05 15:56:52,,lurker_bee,0.96,/r/Health/comments/n5oz43/biden_administration_is_throwing_its_support/,t5_2qh9z
182,FDA willing to fast track coronavirus vaccine before phase three trials end,260,ijpfor,https://www.cnbc.com/2020/08/30/fda-willing-to-fast-track-coronavirus-vaccine-before-phase-three-trials.html,105,2020-08-30 22:06:23,,Fitness_and_Finance,0.94,/r/Health/comments/ijpfor/fda_willing_to_fast_track_coronavirus_vaccine/,t5_2qh9z
183,Vaccines Are Safe and There Is Plenty of Proof: Concerns about thimerosal are overblown. All the research says so. What more could Robert de Niro want?,253,5uy99h,http://www.popularmechanics.com/science/health/a25284/vaccines-are-safe-robert-de-niro/,43,2017-02-19 08:35:50,,proctorberlin,0.9,/r/Health/comments/5uy99h/vaccines_are_safe_and_there_is_plenty_of_proof/,t5_2qh9z
184,The U.S. Needs to Tighten Vaccination Mandates - Existing religious and philosophical exemptions endanger public health,247,c6js9b,https://www.scientificamerican.com/article/the-u-s-needs-to-tighten-vaccination-mandates1/,20,2019-06-28 08:47:27,,mvea,0.88,/r/Health/comments/c6js9b/the_us_needs_to_tighten_vaccination_mandates/,t5_2qh9z
185,1 in 5 millennials think vaccines cause autism,248,2uvh6g,http://www.vox.com/2015/1/31/7954725/vaccines-autism-young-adults,106,2015-02-05 09:40:59,,noIinTeamocil,0.89,/r/Health/comments/2uvh6g/1_in_5_millennials_think_vaccines_cause_autism/,t5_2qh9z
186,We've never made a successful vaccine for a coronavirus before. This is why it's so difficult,247,g4vpqv,https://www.abc.net.au/news/health/2020-04-17/coronavirus-vaccine-ian-frazer/12146616,30,2020-04-20 12:15:01,,gamyng,0.98,/r/Health/comments/g4vpqv/weve_never_made_a_successful_vaccine_for_a/,t5_2qh9z
187,"Young adults face higher risk of severe disease from infections than school-age children: New research suggests children aged 5-14 years are most resilient to infectious diseases, and immune aging may start in young adults, with implications for drug and vaccine design",252,je3sg0,https://www.lshtm.ac.uk/newsevents/news/2020/young-adults-face-higher-risk-severe-disease-infections-school-age-children,11,2020-10-19 11:31:22,,mubukugrappa,0.97,/r/Health/comments/je3sg0/young_adults_face_higher_risk_of_severe_disease/,t5_2qh9z
188,Oakland Zoo begins vaccinating animals against COVID-19,245,odhzqi,https://www.cbsnews.com/news/oakland-zoo-animals-vaccine-covid/,22,2021-07-04 06:44:03,,Maxcactus,0.94,/r/Health/comments/odhzqi/oakland_zoo_begins_vaccinating_animals_against/,t5_2qh9z
189,Vaccines Won’t Protect Millions of Patients With Weakened Immune Systems,245,ms01sr,https://www.nytimes.com/2021/04/15/health/coronavirus-vaccine-immune-system.html,38,2021-04-16 06:04:12,,Bemuzed,0.94,/r/Health/comments/ms01sr/vaccines_wont_protect_millions_of_patients_with/,t5_2qh9z
190,"Wealthy L.A. Schools' Vaccination Rates Are as Low as South Sudan's: Hollywood parents say not vaccinating makes ""instinctive"" sense. Now their kids have whooping cough.",243,2gk4k6,http://www.theatlantic.com/health/archive/2014/09/wealthy-la-schools-vaccination-rates-are-as-low-as-south-sudans/380252/,84,2014-09-16 09:45:53,,michaelconfoy,0.94,/r/Health/comments/2gk4k6/wealthy_la_schools_vaccination_rates_are_as_low/,t5_2qh9z
191,Doctor wins 2017 John Maddox prize for countering HPV vaccine misinformation - Riko Muranaka awarded prize for efforts to explain jabs’s safety amid scare campaigns which have seen Japanese vaccination rate fall from over 70% to 1%,241,7gtt4x,https://www.theguardian.com/science/2017/nov/30/doctor-wins-2017-john-maddox-prize-countering-hpv-vaccine-misinformation-riko-muranaka,61,2017-12-01 03:44:44,,mvea,0.93,/r/Health/comments/7gtt4x/doctor_wins_2017_john_maddox_prize_for_countering/,t5_2qh9z
192,The Republican health insurance plan slashes funding for vaccines and public health,236,5y1rvv,http://www.vox.com/policy-and-politics/2017/3/7/14842090/republican-health-plan-public-health,19,2017-03-07 12:09:49,,dangzal,0.89,/r/Health/comments/5y1rvv/the_republican_health_insurance_plan_slashes/,t5_2qh9z
193,"Anti-vax parents lose in NY court, face steep fines for not vaccinating",240,bf8bd4,https://arstechnica.com/science/2019/04/anti-vax-parents-lose-in-ny-court-face-steep-fines-for-not-vaccinating/,7,2019-04-20 00:10:44,,mvea,0.95,/r/Health/comments/bf8bd4/antivax_parents_lose_in_ny_court_face_steep_fines/,t5_2qh9z
194,Study suggests that there is no association between early childhood vaccination and subsequent allergic sensitization.,233,9waq76,https://www.thelancet.com/journals/eclinm/article/PIIS2589-5370(18)30042-7/fulltext#secst0005,4,2018-11-11 23:16:28,,Science_Podcast,0.93,/r/Health/comments/9waq76/study_suggests_that_there_is_no_association/,t5_2qh9z
195,Should college students be required to get the COVID-19 vaccine? It’s too early for colleges to decide,232,kuoqls,https://www.inquirer.com/education/college-coronavirus-vaccine-requirement-2021-students-20210110.html,81,2021-01-10 17:28:33,,That49er,0.91,/r/Health/comments/kuoqls/should_college_students_be_required_to_get_the/,t5_2qh9z
196,Coronavirus vaccine developed in January,234,k97pzg,https://nymag.com/intelligencer/2020/12/moderna-covid-19-vaccine-design.html?utm_source=undefined&utm_medium=undefined&utm_campaign=feed-part,26,2020-12-08 11:47:30,,HoppySailorMon,0.93,/r/Health/comments/k97pzg/coronavirus_vaccine_developed_in_january/,t5_2qh9z
197,"100 years after the advent of TB vaccines, formulations vary widely - Cytokines vary by vaccine",235,g05hrr,https://medicalxpress.com/news/2020-01-years-advent-tb-vaccines-vary.html,13,2020-04-12 17:45:06,,shallah,0.97,/r/Health/comments/g05hrr/100_years_after_the_advent_of_tb_vaccines/,t5_2qh9z
198,This doctor won't treat your kids if you don't get them vaccinated,226,srr7p,http://www.thestar.com/living/article/1167428--pediatricians-in-canada-discharging-unvaccinated-children?bn=1,209,2012-04-25 10:06:49,,spirit_of_radio,0.9,/r/Health/comments/srr7p/this_doctor_wont_treat_your_kids_if_you_dont_get/,t5_2qh9z
199,"Pediatrician: Vaccinate Your Kids—Or Get Out of My Office -- If you won’t trust your doctors on vaccinating your kids, will you ever really trust them at all?",226,1wvlek,http://www.thedailybeast.com/articles/2014/01/30/the-real-reason-pediatricians-want-you-to-vaccinate-your-kids.html,138,2014-02-03 02:30:16,,BlankVerse,0.87,/r/Health/comments/1wvlek/pediatrician_vaccinate_your_kidsor_get_out_of_my/,t5_2qh9z
200,Robert De Niro pulls anti-vaccination film from Tribeca film festival,225,4c62pz,http://www.theguardian.com/film/2016/mar/27/robert-de-niro-pulls-vaccination-film-tribeca-vaxxed,30,2016-03-27 12:12:30,,davidreiss666,0.9,/r/Health/comments/4c62pz/robert_de_niro_pulls_antivaccination_film_from/,t5_2qh9z
201,"A decade on, vaccine has halved cervical cancer rate",220,6fbznj,http://www.bbc.co.uk/news/world-australia-37211349,5,2017-06-05 00:14:56,,jimrosenz,0.94,/r/Health/comments/6fbznj/a_decade_on_vaccine_has_halved_cervical_cancer/,t5_2qh9z
202,"Cuba has had a lung cancer vaccine for years. With a thaw in relations between the US and Cuba, CimaVax and other breakthrough drugs developed in Cuba may soon be available to Americans.",223,33plet,http://www.globalpost.com/article/6526566/2015/04/23/cuba-lung-cancer-vaccine-new-york,36,2015-04-24 09:45:41,,rstevens94,0.85,/r/Health/comments/33plet/cuba_has_had_a_lung_cancer_vaccine_for_years_with/,t5_2qh9z
203,"The world's first vaccine against malaria will be introduced in three countries - Ghana, Kenya and Malawi - starting in 2018.",224,678hhn,http://www.bbc.com/news/health-39666132,7,2017-04-24 07:36:51,,mvea,0.95,/r/Health/comments/678hhn/the_worlds_first_vaccine_against_malaria_will_be/,t5_2qh9z
204,"Flu vaccine could protect against serious heart and stroke complications: Flu vaccination in high-risk patients was associated with a 28% reduced risk of heart attack, a 47% reduced risk of TIA and a 73% reduced risk of death.",224,i0czo4,https://newsroom.heart.org/news/flu-vaccine-could-protect-against-serious-heart-and-stroke-complications?preview=a116,8,2020-07-29 21:22:26,,TobySomething,0.95,/r/Health/comments/i0czo4/flu_vaccine_could_protect_against_serious_heart/,t5_2qh9z
205,Wealthy Keys enclave received COVID vaccines in January before much of the state,216,m3qbv9,https://www.miamiherald.com/news/local/community/florida-keys/article249666463.html,2,2021-03-12 15:26:45,,jms1225,0.96,/r/Health/comments/m3qbv9/wealthy_keys_enclave_received_covid_vaccines_in/,t5_2qh9z
206,"Outbreaks at nursing homes shine light on disparate staff, resident vaccination rates : There are 111 North Carolina nursing homes experiencing COVID-19 outbreaks as of Friday.",218,p45cce,https://www.wral.com/coronavirus/outbreaks-at-nursing-homes-shine-light-on-disparate-staff-resident-vaccination-rates/19825514/,15,2021-08-14 06:03:29,,shallah,0.97,/r/Health/comments/p45cce/outbreaks_at_nursing_homes_shine_light_on/,t5_2qh9z
207,Dealing with HPV Vaccine Conspiracy...,213,mma4x,http://i.imgur.com/MDZjT.jpg,39,2011-11-22 22:16:30,,AdventurousAtheist,0.85,/r/Health/comments/mma4x/dealing_with_hpv_vaccine_conspiracy/,t5_2qh9z
208,I was skeptical that the anti-vaccine movement was gaining traction. Not anymore.: “I’m worried that our nation’s health will soon be threatened because we have not stood up to the pseudoscience and fake conspiracy claims of this movement”,214,6qnlly,https://www.vox.com/science-and-health/2017/2/15/14231266/anti-vaccine-movement-trump,41,2017-07-31 06:40:43,,mvea,0.87,/r/Health/comments/6qnlly/i_was_skeptical_that_the_antivaccine_movement_was/,t5_2qh9z
209,A cancer vaccine that uses an injectable scaffold loaded with a selection of tumor-expressed peptides proved more effective at stimulating anti-tumor responses and a tumor-specific immune memory in mouse models that kept the animals rejecting tumor cells at least half a year later.,212,87qnpp,https://www.nature.com/articles/s41563-018-0028-2,3,2018-03-28 05:55:31,,ekser,0.97,/r/Health/comments/87qnpp/a_cancer_vaccine_that_uses_an_injectable_scaffold/,t5_2qh9z
210,"""A young British woman has become one of the first cancer patients to be injected with a new vaccine designed to stimulate the immune system so that it destroys tumours wherever they have spread in the body.""",211,48k7j2,http://www.independent.co.uk/news/science/british-woman-becomes-one-of-the-first-cancer-patients-to-be-injected-with-new-tumour-destroying-a6905506.html,6,2016-03-01 22:10:38,,trot-trot,0.99,/r/Health/comments/48k7j2/a_young_british_woman_has_become_one_of_the_first/,t5_2qh9z
211,The timeline on some of the most promising Covid-19 vaccine and treatments under development,209,gfpdvp,https://www.cnbc.com/amp/2020/05/07/timeline-on-covid-19-vaccine-and-treatments-under-development-now.html,35,2020-05-08 04:39:24,,newsspotter,0.93,/r/Health/comments/gfpdvp/the_timeline_on_some_of_the_most_promising/,t5_2qh9z
212,"Since the implementation of school-based HPV vaccination program in British Columbia, sexual risk behaviours reported by adolescent girls either reduced or stayed the same. These findings contribute evidence against any association between HPV vaccination and risky sexual behaviours.",210,9ob9ym,http://www.cmaj.ca/content/190/41/E1221,8,2018-10-15 05:53:18,,mvea,0.98,/r/Health/comments/9ob9ym/since_the_implementation_of_schoolbased_hpv/,t5_2qh9z
213,"In Finland, 79 children between the ages of four and 19 developed narcolepsy after receiving the Pandemrix, swine flu vaccine in 2009 and 2010; Finnish govt and insurance companies will pay for their lifetime medical care",204,l61td,http://www.google.com/hostednews/afp/article/ALeqM5g1doyMOnXuq77VZHACz_rcbX99BA?docId=CNG.4b56b632b2812693ed69ed1191fc79dc.261,53,2011-10-09 11:16:25,,maxwellhill,0.91,/r/Health/comments/l61td/in_finland_79_children_between_the_ages_of_four/,t5_2qh9z
214,Breast cancer vaccine would be a 'game-changer.' Clinical trials are happening in Miami,201,n7w967,https://www.msn.com/en-us/health/medical/breast-cancer-vaccine-would-be-a-game-changer-clinical-trials-are-happening-in-miami/ar-BB1gvvLc?ocid=BingNewsSearch,1,2021-05-08 15:12:29,,shallah,0.98,/r/Health/comments/n7w967/breast_cancer_vaccine_would_be_a_gamechanger/,t5_2qh9z
215,"HPV vaccine should be free for boys, says mother who paid $340 The vaccine is free for girls in Grade 6, but costs more than $300 for boys",202,3lahy5,http://www.cbc.ca/news/canada/british-columbia/hpv-vaccine-should-be-free-for-boys-says-mother-who-paid-340-1.3230351,23,2015-09-17 07:42:35,,cavehobbit,0.92,/r/Health/comments/3lahy5/hpv_vaccine_should_be_free_for_boys_says_mother/,t5_2qh9z
216,Underselling the Vaccine,202,l0l09v,https://www.nytimes.com/2021/01/18/briefing/donald-trump-pardon-phil-spector-coronavirus-deaths.html,56,2021-01-19 09:35:51,,psychothumbs,0.96,/r/Health/comments/l0l09v/underselling_the_vaccine/,t5_2qh9z
217,Former FDA chief Dr. Scott Gottlieb wary of safety of Russia's coronavirus vaccine: 'I wouldn't take it',207,i7vjs2,https://www.cnbc.com/2020/08/11/ex-fda-chief-scott-gottlieb-cautious-on-russias-coronavirus-vaccine.html,16,2020-08-11 13:04:43,,Fitness_and_Finance,0.98,/r/Health/comments/i7vjs2/former_fda_chief_dr_scott_gottlieb_wary_of_safety/,t5_2qh9z
218,"Finally, the anti-vaccine movement is losing steam",201,2qcksq,http://www.latimes.com/opinion/editorials/la-ed-vaccine-20141224-story.html,33,2014-12-25 02:25:18,,BlankVerse,0.91,/r/Health/comments/2qcksq/finally_the_antivaccine_movement_is_losing_steam/,t5_2qh9z
219,When can I get a coronavirus vaccine?,201,k4iwoz,https://www.cnn.com/2020/11/30/health/covid-vaccine-questions-when/index.html,53,2020-12-01 06:08:36,,twintower98,0.89,/r/Health/comments/k4iwoz/when_can_i_get_a_coronavirus_vaccine/,t5_2qh9z
220,"Dear Anti-Vaxxers: You Want Pure Nature? OK, Die Young - Parents who oppose vaccines are not only misinformed, they're spoiled, having grown up in a world that stands behind the berms built by the scientists & vaccine developers who came before them.",195,223eft,http://time.com/46914/vaccine-opponents-wrong/,132,2014-04-03 07:15:35,,anutensil,0.8,/r/Health/comments/223eft/dear_antivaxxers_you_want_pure_nature_ok_die/,t5_2qh9z
221,Insurance Company Pulls Actor Rob Schneider’s Ads Over His Anti-Vaccine Views - Activists pointed out that someone who spreads dangerous information about vaccines isn't an appropriate spokesperson for a company that sells health insurance.,197,2hf58b,http://thinkprogress.org/health/2014/09/24/3571542/state-farm-schneider-vaccine/,25,2014-09-25 07:09:18,,anutensil,0.9,/r/Health/comments/2hf58b/insurance_company_pulls_actor_rob_schneiders_ads/,t5_2qh9z
222,"At Elite Medical Centers, Even Workers Who Don’t Qualify Are Vaccinated. Administrators and young graduate students have been inoculated at leading research hospitals, contrary to state and federal guidelines.",193,kv6tj5,https://www.nytimes.com/2021/01/10/health/coronavirus-hospitals-vaccinations.html?smid=re-share,8,2021-01-11 12:03:33,,jms1225,0.96,/r/Health/comments/kv6tj5/at_elite_medical_centers_even_workers_who_dont/,t5_2qh9z
223,Some doctors won’t see patients with anti-vaccine views,191,2u7135,http://www.concordmonitor.com/news/nation/world/15455195-95/some-doctors-wont-see-patients-with-anti-vaccine-views,64,2015-01-30 08:30:57,,quintina9,0.92,/r/Health/comments/2u7135/some_doctors_wont_see_patients_with_antivaccine/,t5_2qh9z
224,"New Covid vaccines needed globally within a year, say scientists",193,mg6lt9,https://www.theguardian.com/world/2021/mar/30/new-covid-vaccines-needed-within-year-say-scientists,55,2021-03-29 23:13:16,,Baron-Munc,0.94,/r/Health/comments/mg6lt9/new_covid_vaccines_needed_globally_within_a_year/,t5_2qh9z
225,"Less than 0.001% of fully vaccinated Americans died after a Covid-19 breakthrough case, CDC data shows",195,ovi1x1,https://www.cnn.com/2021/07/31/health/fully-vaccinated-people-breakthrough-hospitalization-death/index.html,20,2021-07-31 20:11:50,,progress18,0.94,/r/Health/comments/ovi1x1/less_than_0001_of_fully_vaccinated_americans_died/,t5_2qh9z
226,"Shingles Is Nasty, And The New Vaccine Works Well. Why Do Adults Avoid Shots? Cost, procrastination and a lack of insurance coverage are just a few of the reasons adults give health care providers for not getting vaccinated against shingles and other illnesses.",191,85rygd,https://www.npr.org/sections/health-shots/2018/03/20/594956495/shingles-is-nasty-and-the-new-vaccine-works-well-why-do-adults-avoid-shots,42,2018-03-20 07:27:43,,mvea,0.91,/r/Health/comments/85rygd/shingles_is_nasty_and_the_new_vaccine_works_well/,t5_2qh9z
227,Antivaccine activists fund a study to show vaccines cause autism. It backfires spectacularly.,183,3nk4ze,https://www.sciencebasedmedicine.org/antivaccine-activists-fund-a-study-to-show-vaccines-cause-autism-it-backfires-spectacularly/,7,2015-10-05 06:19:52,,CollinMaessen,0.92,/r/Health/comments/3nk4ze/antivaccine_activists_fund_a_study_to_show/,t5_2qh9z
228,CA Children Sent Home First Day Of School Due To New Vaccination Law,185,4z6wf0,http://sanfrancisco.cbslocal.com/2016/08/22/hundreds-of-ca-children-sent-home-on-first-day-of-school-due-to-new-vaccination-law/,30,2016-08-23 11:04:26,,Kevin_Milner,0.95,/r/Health/comments/4z6wf0/ca_children_sent_home_first_day_of_school_due_to/,t5_2qh9z
229,First vaccine to fully immunize against malaria builds on pandemic-driven RNA tech,182,lu2so8,https://academictimes.com/first-vaccine-to-fully-immunize-against-malaria-builds-on-pandemic-driven-rna-tech/,5,2021-02-27 21:01:09,,basho3,0.99,/r/Health/comments/lu2so8/first_vaccine_to_fully_immunize_against_malaria/,t5_2qh9z
230,A Cancer ‘Vaccine’ Cured 97pc of Tumors in Mice. What’s That Mean for People?,182,88ve60,https://pakobserver.net/a-cancer-vaccine-cured-97pc-of-tumors-in-mice-whats-that-mean-for-people/,21,2018-04-01 20:31:20,,dirk414,0.93,/r/Health/comments/88ve60/a_cancer_vaccine_cured_97pc_of_tumors_in_mice/,t5_2qh9z
231,"Even after being fully vaccinated, many still wrestle with a fear of catching Covid",177,myy29g,https://www.nbcnews.com/news/us-news/even-after-being-fully-vaccinated-many-still-wrestle-fear-catching-n1265086?cid=sm_npd_nn_tw_ma,73,2021-04-26 09:47:52,,lurker_bee,0.92,/r/Health/comments/myy29g/even_after_being_fully_vaccinated_many_still/,t5_2qh9z
232,"American Academy of Pediatrics: No, Michele Bachmann, the HPV vaccine cannot cause mental retardation",177,kga6i,http://www.aap.org/advocacy/releases/hpv2011.pdf,17,2011-09-15 02:57:13,,DJ_Timelord13,0.95,/r/Health/comments/kga6i/american_academy_of_pediatrics_no_michele/,t5_2qh9z
233,"RFK Jr and Robert De Niro offer $100,000 to anyone who can prove vaccines are safe",178,5ucoq7,http://www.deathandtaxesmag.com/g00/318670/rfk-jr-robert-de-niro-offer-100000-to-anyone-who-can-prove-vaccines-safe/?i10c.referrer=https%3A%2F%2Fnews.google.com%2F,82,2017-02-15 23:27:02,,Goaheadownvoteme,0.91,/r/Health/comments/5ucoq7/rfk_jr_and_robert_de_niro_offer_100000_to_anyone/,t5_2qh9z
234,Not too late for the flu vaccine as Oregon approaches typical second surge,173,l9bgt1,https://www.msn.com/en-us/health/medical/not-too-late-for-the-flu-vaccine-as-oregon-approaches-typical-second-surge/ar-BB1ddzml,8,2021-01-31 07:33:58,,shallah,0.94,/r/Health/comments/l9bgt1/not_too_late_for_the_flu_vaccine_as_oregon/,t5_2qh9z
235,"Bernie trolls Trump on ""stupid deal"" forcing Americans to pay twice for Zika vaccine.",175,5yxqgd,http://www.dailykos.com/stories/2017/3/11/1642430/-Bernie-expertly-trolls-Trump-on-stupid-deal-forcing-Americans-to-pay-twice-for-Zika-vaccine,1,2017-03-12 04:08:01,,anutensil,0.8,/r/Health/comments/5yxqgd/bernie_trolls_trump_on_stupid_deal_forcing/,t5_2qh9z
236,California bill takes aim at toughening medical exemptions for vaccinations,166,b6rjv6,https://abc7.com/health/ca-bill-takes-aim-at-toughening-medical-exemptions-for-vaccinations-/5221462/,15,2019-03-28 21:57:41,,KeronCyst,0.93,/r/Health/comments/b6rjv6/california_bill_takes_aim_at_toughening_medical/,t5_2qh9z
237,China: Free virus vaccinations for overseas travel,168,ksbc5b,http://www.chinadaily.com.cn/a/202101/07/WS5ff669efa31024ad0baa106b.html,9,2021-01-07 06:19:00,,kongweeneverdie,0.94,/r/Health/comments/ksbc5b/china_free_virus_vaccinations_for_overseas_travel/,t5_2qh9z
238,"Catholic Church Has Given Green Light To Using Vaccines Derived From Aborted Fetal Cells, But One Family Is Still Suing Over Beliefs",167,b3nn6y,https://khn.org/morning-breakout/catholic-church-has-given-green-light-to-using-vaccines-derived-from-aborted-fetal-cells-but-one-family-is-still-suing-over-beliefs/,9,2019-03-21 03:32:32,,shallah,0.93,/r/Health/comments/b3nn6y/catholic_church_has_given_green_light_to_using/,t5_2qh9z
239,Covid vaccine: Eight-week gap seen as sweet spot for Pfizer jab antibodies,168,opzovm,https://www.bbc.com/news/health-57929953,6,2021-07-23 06:34:53,,morenewsat11,0.97,/r/Health/comments/opzovm/covid_vaccine_eightweek_gap_seen_as_sweet_spot/,t5_2qh9z
240,"How do we combat the global measles revival? It’s a matter of trust - Our report shows that lower vaccination rates are linked to a lack of trust in institutions in general, not just in science",165,c2v34h,https://www.theguardian.com/commentisfree/2019/jun/20/global-measles-revival-trust-vaccine-rates-science,5,2019-06-20 07:53:48,,mvea,0.99,/r/Health/comments/c2v34h/how_do_we_combat_the_global_measles_revival_its_a/,t5_2qh9z
241,"Crucial Myths About the HPV Vaccine - We have a vaccine that can prevent cancer, & most people don't get it. Misinformation is undermining the health of thousands of kids.",162,1qw4rx,http://www.theatlantic.com/health/archive/2013/11/crucial-myths-about-the-hpv-vaccine/281580/,55,2013-11-18 07:41:46,,anutensil,0.89,/r/Health/comments/1qw4rx/crucial_myths_about_the_hpv_vaccine_we_have_a/,t5_2qh9z
242,"Rotavirus vaccine cuts infant diarrhoea deaths by a third in Malawi, finds a new study that provides the first population-level evidence from a low-income country that rotavirus vaccination saves lives (N = 48,672).",152,96fwk3,https://www.eurekalert.org/pub_releases/2018-08/uol-rvc081018.php,3,2018-08-11 07:31:04,,mvea,0.94,/r/Health/comments/96fwk3/rotavirus_vaccine_cuts_infant_diarrhoea_deaths_by/,t5_2qh9z
243,"Skin patch could painlessly deliver vaccines and cancer medications in one minute - produced nine times the antibody level compared to intramuscular injections (e.g., used for flu shots) and 160 times the antibody level compared to subcutaneous injections (e.g., used for measles vaccines).",156,cv9mvs,https://www.eurekalert.org/pub_releases/2019-08/acs-spc072219.php,8,2019-08-25 11:09:20,,rieslingatkos,0.98,/r/Health/comments/cv9mvs/skin_patch_could_painlessly_deliver_vaccines_and/,t5_2qh9z
244,"This flesh-eating parasite called ""the next plague"" could soon spread in the U.S., spurring vaccine effort",154,6zuhwr,http://www.newsweek.com/horrific-flesh-eating-parasite-called-next-plague-could-spread-us-spurring-663868,8,2017-09-13 09:23:45,,habichuelacondulce,0.79,/r/Health/comments/6zuhwr/this_flesheating_parasite_called_the_next_plague/,t5_2qh9z
245,A record-breaking measles outbreak owes its existence to the anti-vaccination movement,149,bj8w7l,https://www.salon.com/2019/04/29/a-record-breaking-measles-outbreak-owes-its-existence-to-the-anti-vaccination-movement/,10,2019-04-30 17:26:15,,mvea,0.89,/r/Health/comments/bj8w7l/a_recordbreaking_measles_outbreak_owes_its/,t5_2qh9z
246,"Sudan’s Vaccination Card Black Market - In Sudan, a yellow fever vaccine costs $25. But for $8, you can get a phony certificate that says you’ve been vaccinated.",154,3j2sg7,http://www.thedailybeast.com/articles/2015/08/31/sudan-s-vaccination-card-black-market.html,10,2015-08-31 08:21:48,,anutensil,0.95,/r/Health/comments/3j2sg7/sudans_vaccination_card_black_market_in_sudan_a/,t5_2qh9z
247,California Set to Make Vaccines Mandatory Despite Heated Opposition,156,3b3rgh,http://www.nytimes.com/2015/06/26/us/california-vaccines-religious-and-personal-exemptions.html?smid=re-share,19,2015-06-25 14:54:26,,michaelconfoy,0.96,/r/Health/comments/3b3rgh/california_set_to_make_vaccines_mandatory_despite/,t5_2qh9z
248,"Defiance and Low Trust in Medical Doctors Related to Vaccine Scepticism: A new study shows, individuals who react negatively to rules and recommendations and have lower trust in doctors more often use complementary and alternative medicine. The study included altogether 770 parents of young children",160,if30cl,https://www.utu.fi/en/news/press-release/defiance-and-low-trust-in-medical-doctors-related-to-vaccine-scepticism,28,2020-08-23 09:17:01,,mubukugrappa,0.94,/r/Health/comments/if30cl/defiance_and_low_trust_in_medical_doctors_related/,t5_2qh9z
