,title,score,id,url,comms_num,created,body,author,upvote_ratio,permalink,subreddit_id
0,"UK variant has mutated again, scientists say",375,lax76b,https://www.bbc.com/news/health-55900625,51,2021-02-02 09:50:04,,progress18,0.96,/r/Health/comments/lax76b/uk_variant_has_mutated_again_scientists_say/,t5_2qh9z
1,Almost every person in the UK was exposed to the agent that causes variant CJD,18,6uv4p,http://brain.hastypastry.net/forums/showthread.php?t=35462,6,2008-08-04 16:04:07,,johnmudd,0.85,/r/Health/comments/6uv4p/almost_every_person_in_the_uk_was_exposed_to_the/,t5_2qh9z
2,Covid: WHO in 'close contact' with UK over new variant,13,kgp6s5,https://www.bbc.co.uk/news/world-55382212,0,2020-12-20 01:28:02,,boppinmule,0.85,/r/Health/comments/kgp6s5/covid_who_in_close_contact_with_uk_over_new/,t5_2qh9z
3,Colorado identifies first known case of UK coronavirus variant in US,3,kmohac,https://www.cnn.com/2020/12/29/health/us-coronavirus-tuesday/index.html,3,2020-12-29 17:24:13,,Imperial_in_NewYork,0.8,/r/Health/comments/kmohac/colorado_identifies_first_known_case_of_uk/,t5_2qh9z
4,Blood pressure worries,2,yv4vw,https://www.reddit.com/r/Health/comments/yv4vw/blood_pressure_worries/,5,2012-08-26 15:27:56,"*Final edit - I had a heart murmur as a baby and so did my sister - my sister in law had a hole in her heart as a child also. (Fathers side)

Hi everyone, pretty much first time poster here.

Long story short I smoked pot from the age of 12 or so (currently 21, nearly 22). Progressively I got worse and worse on it. 

Well about a month ago after a session on beer I was hungover all the Saturday and had the strangest experience in my life.

I was sat at the PC, funnily enough browsing Reddit, when my vision went a bit blurry and I felt a flutter in my chest (Can only describe it as feeling water in my chest and a sudden urge to let out a dry cough.)

Well after this I jumped up and my heart was absolutely wild. When I say it was pounding I mean it was unnaturally fast.

I made my way downstairs, by this time the ""feeling"" had past but I was understandably still a bit shaken. Well I started feeling short of breath etc and eventually rang an ambulance.

They hinted I had a panic attack and said they advise me to go to the hospital for more checks even though they hinted it was a panic attack, so I assumed nothing of it.

From that day whenever I smoked pot I would feel completely off, couldn't sit at the PC when high or anything. Just wasn't myself at all.

Well I checked my blood pressure and it was like 145/65 etc and it was around this today. After this first experience I started getting like adrenaline rushes at various times per day where my heart would take off again. 

I was at work about a week ago and genuinely thought I was having a heart attack. It wasn't just the pain near my armpit on my left arm I feel when I'm high and on the PC. It was literally throughout my whole chest and I was shitting myself. I had already had an ECG and blood tests from the doctor at this point so I was trying my best to keep calm.

Well the blood tests came back apparently fine and the ECG had a note saying ""Borderline tall T waves"" 
Obviously this ecg was done whilst I was resting on a bed.


Well when I rang about the blood tests they said there is a prescription there which the doctor had left me (propranolol).
I had only actually seen this doctor twice and he took my blood pressure once.

Well I got back on the Friday and after taking the first tablet I felt so fucked up I ended up in hospital with pins and needles down my little finger on my left arm..

I waited an hour to see the trauma nurse and about another hour for an ecg (even though I brought the paper in showing blood results and ECG notes.)
I then was greeted an hour later by another doctor who was telling me the ECG was fine and they were ""observing"" me in the waiting room. I told her that there is a big family history for heart problems and that my grandparents from both sides of the family had heart problems.. .Also my grandad was treated for 3 years for epilepsy even though he had a brain tumour. Every time he had a fit because of the tumour they gave him an ECG which always was good results. He died 2 weeks after getting out of hospital and half his heart was dead before he died. (They would have noticed this if they did a dye test which I explained to the nurse.) 
Well she sends me for an X-Ray which seemed to take half a second. (Not sure if it's faster now compared to the last time I had one but it wouldn't surprise me if they acted like they did one to give me some peace of mind.)
She said my lungs and heart were healthy and sent me on my way even though I still felt like crap.

I got these tablets on Friday and so far I have taken 3, 1 on friday late evening, one Saturday morning and one this morning.

The first one left me feeling like a zombie and feeling like shit all day, whereas yesterday I felt a tiny bit better and went to sleep easily.

My pulse rate fell to 49 at the lowest yesterday and today my blood pressure was the lowest I measured it in a long time (125 / 65 or thereabouts).. Last time I checked today it was like 147 / 60 - 145 / 79) with a pulse of between 60-75.
Edit* I know about white coat syndrome raising BP levels but I made a point of closing my eyes and relaxing to get 137 or so BP, so not sure what's happening here.)

I have been getting short of breath shortly after taking these tablets and haven't been smoking weed in the past few days.

Am I going mad or what?

He told me to take the 40m tablets 3 times a day but even 1 of them a day is making me feel like shit.

I know they call August the killing fields in the UK because of all new doctors (which is what I experienced, the one who did ECG hasn't even left uni.)

Any advice please? I also used to get bad bouts of head rush when standing up..

Sorry for rambling on and I know people will say you're worrying too much but with pains in the chest on various occasions and a ""you're fine"" attitude from doctors it's really messing my head up.

I'm not smoking pot again and I've ordered a quit kit for smoking also.

Thanks in advance for any input.



*Edit2 I quit alcohol after that day and have lost quite a bit of weight. I also lost my apetite pretty much completely not long after quitting beer but slowly getting it back again. On the notes on bottom of the blood / ecg paper it also says - Tall T waves may be a normal variant but can sometimes suggest an electrolyte imblance.

*Edit3: Just want to make the point that I'm not a doctor person as a rule. I had swine flu or whatever the fuck it was and was lay in bed for a week - Didn't even get antibiotics for this.",A_Worried_Fool,0.63,/r/Health/comments/yv4vw/blood_pressure_worries/,t5_2qh9z
5,New UK variant 'may be more deadly',0,l2skke,https://www.bbc.co.uk/news/health-55768627,0,2021-01-22 12:33:22,,boppinmule,0.5,/r/Health/comments/l2skke/new_uk_variant_may_be_more_deadly/,t5_2qh9z
