,title,score,id,url,comms_num,created,body,author,upvote_ratio,permalink,subreddit_id
0,First baby in U.S. born with antibodies against COVID-19 after mom receives dose of Moderna vaccine while pregnant,1971,m8ixqz,https://www.cbsnews.com/news/baby-born-covid-antibodies-moderna-vaccine/,97,2021-03-19 10:51:57,,PagingDrLumps,0.98,/r/medicine/comments/m8ixqz/first_baby_in_us_born_with_antibodies_against/,t5_2qhff
1,"Half of nursing at my hospital is refusing coronavirus vaccination: anyone else seeing this? If you are, have you found ways to improve the situation?",1842,kjhg04,https://www.reddit.com/r/medicine/comments/kjhg04/half_of_nursing_at_my_hospital_is_refusing/,761,2020-12-24 10:43:21,"I am on medical staff at a small (<150 beds) independent rural hospital on the US West Coast.

The first dose of the Pfizer vaccine was offered last week, and the first dose of the Moderna vaccine will be offered next week.  (Yes, I received it and no it didn’t hurt.)

The hospital strongly recommends vaccination, but does not require it. Plenty of information is made available about the vaccines. The whole process is very calm, transparent and efficient.

95% of physicians received the first vaccine, but only 50% of nursing staff.

The hospital CEO, CMO and DON posted images of themselves receiving the vaccine. Admin was *not* in the first tier: they were trying to bolster confidence in the safety of the vaccine. They had to clarify that they were not trying to “cut in line “.

Nursing is concerned for the availability of N95’s and PAPR. 

We are short-staffed due to nursing contracting COVID-19, or having to isolate. For example, we have capacity for five more COVID-19 ICU admits right now, but only staffing for two.

We are having to recruit registry nursing at double and triple rates of pay. Our nurses are resentful of this.

The hospital did not furlough staff and can ill afford the costs of recruitment. Additionally, we have been running at half census and closed for elective surgeries again.

(For the curious, the county in which we reside voted for Trump over Biden by a margin of +1.4%. Yes, politics is relevant. It always is.)

I am really surprised by the lack of nursing acceptance of the vaccine, though it mirrors their acceptance of the annual influenza vaccine too. It is hard not to skeptically think “just enough knowledge to be dangerous “. This is, however, not constructive. 

It also makes me, for the first time, fearful for the future of the US. If half the members of the most trusted medical profession (and one of the most respected professions of any kind ) feels and acts this way, we are never going to see daylight again.

Are others having similar patterns in vaccination rates?  If so, have you found ways to improve vaccine acceptance?",RichardBonham,0.96,/r/medicine/comments/kjhg04/half_of_nursing_at_my_hospital_is_refusing/,t5_2qhff
2,Father (ER physician) was denied COVID vaccine because not enough people at his hospital want it,1673,koljk1,https://www.reddit.com/r/medicine/comments/koljk1/father_er_physician_was_denied_covid_vaccine/,323,2021-01-01 18:18:52,"I hope this is okay to post, but I don't know where else to turn for advice. I'll keep this short and sweet.

My father is an ER physician for a small rural hospital in the South. His hospital received the vaccine about 2 weeks ago, and since then they have been giving him the run-around -- saying he'll receive it tomorrow or the next day (over and over again.) Last night he was told they can open a vial only if 10 people sign on to receive it. He stayed 3 hours after his shift to round up willing staff, but walked away with only 5 names.

I am absolutely livid as his daughter watching him work his ass off for months now only to be denied the vaccine. I worry every single day about him and would do anything to get him vaccinated as soon as possible. Does anyone have any advice on how to proceed?

EDIT 1/2/2020: Thank you everyone who replied with advice. I'm sorry I didn't get the chance to respond sooner. When I posted this, it was automatically removed by a bot, and I didn't realize a mod had gone in and approved it.

My dad has a few days off this coming week, so he'll be looking at some of suggestions given here. We'll see if a public health department or major hospital nearby can get it done.

And for those complaining that I left out details, of course I did! It's the Internet. I'm not going to go into specifics about my fathers whereabouts or his career. And, yes, the moderna vaccine is a 10-dose vial. And, yes, there is severe vaccine skepticism everywhere -- especially in Trump country. And, yes, very tiny and poor hospitals exist.

EDIT 2: I just talked some more with my dad about this thread, and some of you are really struggling to imagine just how small (but unbelievably busy) a hospital can get. That made him chuckle! But again, thank you, thank you to everyone. He has had literally 0 time to look into it over the holidays (other than the vials that are just sitting in the freezer taunting him), so I took it into my own hands to ask for advice. I didn't know where to start but I've learned a lot.",emmyloo22,0.99,/r/medicine/comments/koljk1/father_er_physician_was_denied_covid_vaccine/,t5_2qhff
3,Moderna says COVID-19 vaccine immunity to stay at least a year,1236,kvpqe8,https://nypost.com/2021/01/11/moderna-says-covid-19-vaccine-immunity-at-least-a-year/,147,2021-01-12 06:11:09,,leadstoanother,0.99,/r/medicine/comments/kvpqe8/moderna_says_covid19_vaccine_immunity_to_stay_at/,t5_2qhff
4,Medical personnel refusing vaccinations.,1012,kv3y0k,https://www.reddit.com/r/medicine/comments/kv3y0k/medical_personnel_refusing_vaccinations/,704,2021-01-11 09:43:03,"Edit - u/TheRecovery found this complete looking review of vaccines through the years and the rare ones that cause harm. Thanks!

[https://www.cdc.gov/vaccinesafety/concerns/concerns-history.html](https://www.cdc.gov/vaccinesafety/concerns/concerns-history.html)  


This is apparently a real phenomonom. I understand that 25% of the people in our institution have refused. Our governor is not feeling he can require it. I do not understand that, because it IS a patient safety issue, they also require certain things before we can be on staff - like a TB test, and TB is far less communicable than covid.

I have another tack - as this is  a patient safety issue, patients and their families have a right to know if the people around them in the hospital have refused vaccination, and to refuse to allow those people to be around them.  Of course, the people who have refused would have to wear some sort of identification.

[https://www.theguardian.com/world/2021/jan/10/coronavirus-covid-19-vaccine-hesitancy-us-health-workers](https://www.theguardian.com/world/2021/jan/10/coronavirus-covid-19-vaccine-hesitancy-us-health-workers)

I do not understand this nurse feeling she can substitute her own (uninformed... all the way to ignorant) assessment of this for all of  worlds combined expertise to refuse. And to call herself a ""guinea pig"". Really? 70,0000 people in the Pfizer and Moderna trials?",pshaffer,0.93,/r/medicine/comments/kv3y0k/medical_personnel_refusing_vaccinations/,t5_2qhff
5,"""Moderna's coronavirus vaccine is 94.5% effective, according to company data"", again, the literature has yet to be released, I am cautious and skeptical but, dare I say, hopeful? Thoughts?",835,jv6wfl,https://www.cnn.com/2020/11/16/health/moderna-vaccine-results-coronavirus/index.html,297,2020-11-16 08:40:52,,JuteMallowConsumer,0.98,/r/medicine/comments/jv6wfl/modernas_coronavirus_vaccine_is_945_effective/,t5_2qhff
6,Covid Vaccinated Providers - Don't Get Complacent or Lax,776,m17v92,https://www.reddit.com/r/medicine/comments/m17v92/covid_vaccinated_providers_dont_get_complacent_or/,146,2021-03-09 09:46:42,"I (36 days post Moderna dose 2) thought I would share how I got burned this weekend, and the dangers of complacency.

EMS call comes out for an altered mental status subject, and my unit decided we would Medic Assist the other crew in case the call turned into a cardiac arrest (it was that kind of weekend). We got to the scene, and I asked the EMT of the other crew what they needed, and he said a Reeves stretcher. No big deal, as people drunk, high, or with hypoglycemia often need to be carried down.

I only had a surgical mask on, and I brought up the Reeves stretcher. Turns out the patient was actually unconscious, however, their blood glucose was >400 so we were guessing DKA because they were a known diabetic. Again, no big deal.

Then, the patient went into respiratory failure and for a minute looked like they were going to code. The Paramedic wanted an urgent move and to get to the truck so we did. I had no time to run back down and get my P100. I stayed on the truck, controlled the airway, started an IV and gave 500 ml of fluid on the way to the hospital.

Turns out the patient was in severe sepsis from Covid, which I found out 24 hours later from the ICU team.

I know this is what the vaccines are for, and the level of protection they give the recipient. However, they are not 100% effective. I used to wear *at least* an N95 literally any time I was inside an ambulance, even with no patient. I got complacent and opted for a more comfortable surgical mask, and got burned.

It's been 72 hours and I have no symptoms (yet), but thought it would be good to remind everyone to not let their guard down. That is all.",amothep8282,0.87,/r/medicine/comments/m17v92/covid_vaccinated_providers_dont_get_complacent_or/,t5_2qhff
7,"FDA asks Pfizer, Moderna to test their vaccines in more children to help rule out safety issues",587,ovtcmx,https://www.washingtonpost.com/health/2021/07/26/fda-asks-pfizer-moderna-test-their-vaccines-more-children-under-12-help-rule-out-safety-issues/,74,2021-08-01 10:43:08,,MEANINGLESS_NUMBERS,0.98,/r/medicine/comments/ovtcmx/fda_asks_pfizer_moderna_to_test_their_vaccines_in/,t5_2qhff
8,When will you guys re-enter society after vaccine?,166,kply98,https://www.reddit.com/r/medicine/comments/kply98/when_will_you_guys_reenter_society_after_vaccine/,172,2021-01-03 10:00:25,"My husband and I have been very serious about mitigating risk during COVID. We haven't eaten in a restaurant since early March,  stay home, and don't gather.  We wear masks everywhere.  The state I live in doesn't take the virus seriously and I have been working and exposed everyday since May, so I don't press my luck. We both were lucky enough to get the Moderna vaccine the last week of December and will get our second dose in the end of January.  It is my understanding that it takes at least 14 days after the second dose before you're ""protected"", though what that means isn't yet clear,  as I haven't encountered anything that says we can't still transmit virus after vaccination.
My question for you guys is after you're ""safe"" will you change behavior? They're saying we still will need masks, but will you venture out,  eat at restaurants,  stay in hotels, etc? If not, when will you feel comfortable doing so?",skinmayven,0.88,/r/medicine/comments/kply98/when_will_you_guys_reenter_society_after_vaccine/,t5_2qhff
9,"Why are state health departments *still* not utilizing pharmacies to give the COVID vaccine to those in phase 1? If staffing is a big bottleneck to getting the doses out, what gives?",138,kqat7p,https://www.reddit.com/r/medicine/comments/kqat7p/why_are_state_health_departments_still_not/,48,2021-01-04 10:24:36,"Especially considering the vast majority of flu shots are given at pharmacies, and they have fridges to store doses at the temperature that the Moderna vaccine needs. What's the hold up?",Spirited-Pause,0.98,/r/medicine/comments/kqat7p/why_are_state_health_departments_still_not/,t5_2qhff
10,An mRNA Vaccine against SARS-CoV-2 — Preliminary Report | NEJM,116,hrbnmh,https://www.reddit.com/r/medicine/comments/hrbnmh/an_mrna_vaccine_against_sarscov2_preliminary/,29,2020-07-14 18:36:42,"[Article.](https://www.nejm.org/doi/full/10.1056/NEJMoa2022483?query=featured_home)

Starter comment:

Moderna's phase 1 vaccine trial data is out today and it looks promising. Neutralizing antibodies produced in all participants after two rounds vaccinations at 25, 100 and 250 microgram dosing. Three participants in the 250 group (21%) reported one ore more severe adverse events. Neutralizing response was seen in the 25 and 100 dose groups (250 wasn't shown since they couldn't finish it in time?) and achieved similar results relative to convalescent serum.

&#x200B;

Seems like good news.",spocktick,0.99,/r/medicine/comments/hrbnmh/an_mrna_vaccine_against_sarscov2_preliminary/,t5_2qhff
11,Has anyone else seen this purely anecdotal difference between Pfizer and moderna?,106,p89v7m,https://www.reddit.com/r/medicine/comments/p89v7m/has_anyone_else_seen_this_purely_anecdotal/,69,2021-08-20 13:28:48,"One of our lab techs has been keeping track of positive covid results according to vaccination status (yes/no and type of vaccine).

We're about 75-80% unvaccinated among our positives (likely higher in community because unvaccinated people often refuse testing or avoid the office when sick)...but of the breakthrough cases, over 90% have been from pfizer. despite the general population we see being half-and-half between the shots (with a few j and j). the only further adjustment i can imagine would be duration of time since the vaccine...but this trend has been holding up for weeks.

Anybody else seeing moderna outperform pfizer in small samples like this?

EDIT: to clarify, my guess on patients being 50-50 between the two comes from the patients themselves. about half have reported moderna, the other half pfizer. and a few isolated J&J. also, we are not looking up anything, we are only using data that we asked the patient and they volunteered to give.",Julian_Caesar,0.92,/r/medicine/comments/p89v7m/has_anyone_else_seen_this_purely_anecdotal/,t5_2qhff
12,Realistic options (US) for extra vaccine doses?,104,oto12w,https://www.reddit.com/r/medicine/comments/oto12w/realistic_options_us_for_extra_vaccine_doses/,74,2021-07-28 21:50:02,"Early on in vaccine availability, there was a lot of people clamoring for the vaccine and you often had to get it scheduled. Now there is significantly less demand on a day-to-day basis, and given that the vaccines come in multi-use vials, there are often many wasted doses of vaccine. As an example, the other day at a big box store pharmacy a friend of mine works at, they gave 5 vaccines, 2 pfizer, 2 moderna, and 1 J&J. Earlier this year, they would have only given vaccines if they could use all in a vial, and had a waiting list of people to call to come get one before they had to waste a dose or would run around the store asking random customers if they wanted a vaccine rather than wasting it. Now, they just give and waste as it comes up. 

My question for Meddit is, what can/should we do about it? Given that there is still a massive need for vaccine in other places in the world, this seems like a huge waste of medical resources. Should we go back to requiring vaccines to be scheduled and risk decreasing the number of total people who get it as there are some that are more likely to get it when it is more convenient? Should efforts be made to decrease the number of doses/vial (pfizer currently 6 per vial, moderna 10 or more, J&J 5, I think)? Should they be used for a ""booster"" dose for those 6 or 8 months out from their original even though there's not good science behind that yet? Should we just continue as we are as production continues to ramp up and let the wasted doses be wasted? I'm not particularly for any of these options, as they all seem flawed for a variety of reasons (some more so than others). Hoping someone smarter than me has thought of a better idea.

Disclaimer: As a lowly eyeball poker, I have no direct way to change or influence what we as a society do with this other than getting a conversation going, I just wanted to get some opinions from others in the healthcare field as a place to start.",cockybirds,0.94,/r/medicine/comments/oto12w/realistic_options_us_for_extra_vaccine_doses/,t5_2qhff
13,FDA Approves/Authorizes Moderna Vaccine,89,kfy37b,https://www.reddit.com/r/medicine/comments/kfy37b/fda_approvesauthorizes_moderna_vaccine/,4,2020-12-18 20:08:52,"
FDA Authorizes Moderna COVID-19 Vaccine For Emergency Use : Coronavirus Updates  - https://www.npr.org/sections/coronavirus-live-updates/2020/12/18/947948227/modernas-covid-19-vaccine-becomes-2nd-to-earn-fda-authorization",crazyPA,0.99,/r/medicine/comments/kfy37b/fda_approvesauthorizes_moderna_vaccine/,t5_2qhff
14,"Those who got the vaccine after getting COVID already, how were your post-vaccine symptoms?",66,l0lgxw,https://www.reddit.com/r/medicine/comments/l0lgxw/those_who_got_the_vaccine_after_getting_covid/,179,2021-01-19 09:59:56,"I got COVID back in early December and thankfully it wasn’t a severe case, but I did have fever, chills, and fatigue for a few days followed by 3 weeks of loss of taste/smell. 

I got the first dose of the Moderna vaccine a month later and it absolutely wiped me out for a few days: severe fatigue, nonstop sweating/chills, headache, the works. Now, I’m worried about the second dose and whether it’ll be similar to the first dose, or it may be even worse. 

For the people who’ve gotten COVID *and* the vaccine, what were your symptoms like after the first and second dose compared to when you got the virus?


*Edit: My main reason for asking this is because I'm wondering whether people who have had COVID already will have a stronger immune response to the first dose since our immune system has been ""primed"" already, and if so, how the second dose will go in terms of side effects since that will be the third ""exposure.""*

*Edit 2 (6 months later haha): The second dose wasn’t as bad as the first thank goodness! First 6h were totally fine, then started feeling a little headache, then had a full blown fever and severe sweating for about 12h overnight, next day was a little fatigued and icky feeling but able to get around the house and stuff. By 36h it was like nothing ever happened!",binli22,0.97,/r/medicine/comments/l0lgxw/those_who_got_the_vaccine_after_getting_covid/,t5_2qhff
15,"How do you feel about coworkers traveling, especially now that the vaccine is making its way through to healthcare workers",64,klhryo,https://www.reddit.com/r/medicine/comments/klhryo/how_do_you_feel_about_coworkers_traveling/,57,2020-12-27 22:01:13,"I would imagine with the vaccine finally rolling out, people are excited to start traveling again. How would you feel if your coworker announced they were going to another state for a few days? Would your opinion change if your whole department already received the second dose of either the Pfizer or Moderna vaccine as opposed to only a few people receiving the first dose?

In my state, healthcare workers are exempt from mandatory quarantining for two weeks after returning from another state. At my hospital, you are allowed to return to work as long as you're asymptomatic and get your temperature checked twice a week for two weeks. I'm curious to see what the restrictions are in other states/countries.",pillywill,0.88,/r/medicine/comments/klhryo/how_do_you_feel_about_coworkers_traveling/,t5_2qhff
16,California recommends pausing a batch of Moderna vaccines after possible ‘severe’ allergic reactions.,66,l0zg2y,https://www.nytimes.com/2021/01/18/us/covid-coronavirus-california-moderna-vaccines.html,8,2021-01-19 21:20:03,,MEANINGLESS_NUMBERS,0.93,/r/medicine/comments/l0zg2y/california_recommends_pausing_a_batch_of_moderna/,t5_2qhff
17,Recent regulatory actions against the Adenovirus-vector vaccines don't make much sense.,63,mt1d69,https://www.reddit.com/r/medicine/comments/mt1d69/recent_regulatory_actions_against_the/,32,2021-04-17 19:14:46," I recently analyzed the Oxford study on Cerebral venous thrombosis post-COVID-19 and post-vaccination ([https://osf.io/a9jdq/](https://osf.io/a9jdq/)).

Taken in conjunction with EMA and CDC data, their findings are quite surprising to me.

**(Study)** ***Incidence of CVT or PVT after COVID-19 Infection:***

* Incidence of CVT: 39.0 per million people.
* Incidence of PVT: 436.4 per million people.

**(Study)** ***Incidence of CVT or PVT after Administration of Pfizer or Moderna mRNA Vaccine:***

* Incidence of CVT: 4.1 per million people.
* Incidence of PVT: 44.9 per million people.

**(EMA)** ***Incidence of CVT and PVT after Administration of Oxford/AstraZeneca ChAdOx1 Vaccine\*:***

* Incidence of CVT: 5.0 per million people.
* Incidence of PVT: 1.6 cases per million people\*

**(CDC)** ***Incidence of CVT and PVT after Administration of Jannsen vaccine:***

* Incidence of CVT: 0.88 per million people.

*\* EMA technically looked at cases of Splanchnic thrombosis, but it is comparable to PVT, with 53 cases out of 34 million people.*

Based on this data, it seems as if the incidence of **PVT is \~30x** more prevalent in the Pfizer and Moderna mRNA vaccines than in Oxford/AstraZeneca's vaccine.

I don't quite understand the regulatory rationale behind delaying the Jannsen vaccine, given the incidence rates of CVT and PVT in these vaccines being similar to the mRNA vaccines.

They tend to present similarly as well (increased rate of thrombocytopenia in both CVT and PVT groups).

Thoughts?",757300,0.84,/r/medicine/comments/mt1d69/recent_regulatory_actions_against_the/,t5_2qhff
18,"Vaccination of covid, twice? Risks? Also antibodies no longer detected",50,mivi47,https://www.reddit.com/r/medicine/comments/mivi47/vaccination_of_covid_twice_risks_also_antibodies/,42,2021-04-02 18:38:14,"I work in EMS and we were discussing the vaccination and the ridiculousness of the misinformation out there but I'd like to toss this out there and see what your thoughts are


We were vaccinated in December with Moderna.  Tracking chip has been working nicely and no issues.

 There are 4 of us that were positive for antibodies/serology test post vaccination.  All of us were negative PRIOR to vaccination.  Fast forward to current day and the 4 of us are all negative antibodies now.

There's been so much misinformation about antibodies and post vaccine so I'm not sure is it that likely to lose antibodies this soon after?

The other talk is what would happen if someone was to get vaccinated twice (with or without antibodies) within a few months? From my understanding, with standard vaccines nothing actually happens especially spaced apart in time


Thanks for all the info!",emtcj,0.92,/r/medicine/comments/mivi47/vaccination_of_covid_twice_risks_also_antibodies/,t5_2qhff
19,"If your state/region is implementing vaccine mandates for healthcare workers, how are your respective systems enforcing them, and what plans are in place if there is a mass exodus?",37,p7h9x2,https://www.reddit.com/r/medicine/comments/p7h9x2/if_your_stateregion_is_implementing_vaccine/,27,2021-08-19 11:39:25,"I'm absolutely not debating the vaccine issue here. I was in the Moderna trials myself, and when I found out that I unluckily had received a placebo, i got the pfizer vaccine the moment they made it available at my health system.

My concern is that NYS just made the vaccine mandatory for all health care workers. Because my agency is health system based, this includes our EMS providers. I would say only a little above 50% of the providers in our department are vaccinated, with many falling into the various political/conspiracy theories and refusing to get it (so around 100 or so). I heard the numbers are a bit worse in some other departments within the hospital, especially among the nursing staff. Surprisingly, I heard the best compliance was from teh security department.

 The deadline is mid-September, but I don't see the feasibility of the enfrocement of this. I read about the one hospital in Texas (Houston?) that let go of 160 people that refused to get the vaccine. In our system, we are looking at a lot more. What is the feasibility this will actually be enforced in regions that are mandating this, and what will that mean for the work force?",talldrseuss,0.89,/r/medicine/comments/p7h9x2/if_your_stateregion_is_implementing_vaccine/,t5_2qhff
20,Efficacy of one dose Moderna vaccine (amateur statistics hour),32,l22lnr,https://www.reddit.com/r/medicine/comments/l22lnr/efficacy_of_one_dose_moderna_vaccine_amateur/,21,2021-01-21 12:04:52,"As I received my first dose of the Moderna vaccine today, I became curious about when I will have protection against the virus and how much protection can be afforded by a single shot. Most coverage has of course centered on the efficacy of two doses, but as there is talk about giving the vaccine to as many people as possible instead of stockpiling ([interesting article](https://www.nejm.org/doi/full/10.1056/NEJMoa2035389?query=recirc_mostViewed_railB_article#figures_media)), this discussion is becoming relevant.

Looking at the Moderna trial, the incidence of COVID-19 is actually reported for the period from day 14 after the first dose to the day of the second dose ([figure 3B](https://www.nejm.org/doi/full/10.1056/NEJMoa2035389?query=recirc_mostViewed_railB_article#figures_media)). They don't, however, report CIs or a p-value, so I figured I'd give it a try. After excluding those that had contracted the virus in the first 14 days, I arrived at this contingency table for that time period:

&#x200B;

||Infected|Non-infected|
|:-|:-|:-|
|Vaccinated|2|14543|
|Non-vaccinated|35|14552|

&#x200B;

Using Fisher's exact test in R:

OR = 0.057

95% CI: 0.0066 - 0.22

Now, I have never analyzed RCT data before, so if you think that my statistical method is flawed, please comment below.

I think the data is promising, though we obviously have no idea how long this protection lasts. An RCT looking at a single dose regime would be interesting, though it is unlikely to happen.",Solu-Cortef,1.0,/r/medicine/comments/l22lnr/efficacy_of_one_dose_moderna_vaccine_amateur/,t5_2qhff
21,This the best article about COVID-19 that I have ever read,28,k8sk5e,https://www.reddit.com/r/medicine/comments/k8sk5e/this_the_best_article_about_covid19_that_i_have/,36,2020-12-07 18:41:34,"https://nymag.com/intelligencer/2020/12/moderna-covid-19-vaccine-design.html

Posting it just in case someone else finds it interesting. It basically gives some mind-blowing timelines:

- The Moderna vaccine was already designed TWO Days after the SARS-CoV-2 genome was published (13-Jan-2020).

- It was already manufactured and ready for begging Phase I trials one month later (13-Feb-2020).

This article has radically changed my view about how we should approach another pandemic like this one (hopefully we never have to go through this again, but whatever).

I was all in for Phase I-II-III trials if you asked me yesterday. But now I've realised that by May-2020, we already knew for sure that this vaccine (and many other not-so effective vaccines) were WAY MORE safe than getting COVID-19.

Now in hindsight, I've realised that not vaccinating risk groups a few months ago has been a big mistake that has cost many lives.

(Disclaimer: I love Phase I-II-III trials, but maybe we have to admit that they suck for fighting a new-and-fast-spreading disease).",-Cachi-,0.82,/r/medicine/comments/k8sk5e/this_the_best_article_about_covid19_that_i_have/,t5_2qhff
22,Vaccination without enough data,25,l10ael,https://www.reddit.com/r/medicine/comments/l10ael/vaccination_without_enough_data/,16,2021-01-19 22:07:33,"I live in argentina, the only vaccine we can get is the sputnik v and I'm very troubled about that.

The only available information we have are press releases by the manufacturer and whatever vague announcement our government does

Apparently they are under a gag order by the gamaleya institute so the information of the interim analysis by our local fda like the ones from moderna and pfizer are simply not available, it's a mere 3 pages report that mostly is a verbatim copy of the russian press release.

Just yesterday our health ministry claimed that data received from the manufacturer proves safety for over 60 years old so the plan is to start that age group soon, the catch, the only people that saw that data are a select few, no public records available.

So far they claim a 92% efficacy but so much secrecy is giving me a hard time to accept the vaccine.
Is there some information I am missing?

UpToDate says the following which is pretty much all what is known so far

>	Sputnik V (Gamaleya Institute) – This is a vaccine developed in Russia that uses two replication-incompetent adenovirus vectors that express a full-length spike glycoprotein. The vaccine is given intramuscularly as an initial adenovirus 26 vector dose followed by an adenovirus 5 vector boosting dose 28 days later. In an open-label, nonrandomized phase I/II trial, the vaccine was associated with mild to moderate local and systemic reactions, but SARS-CoV-2 humoral and cellular immune responses were detected in the participants [63]. This vaccine was licensed in Russia prior to completion of any efficacy trials. Russian officials reported a 91.4 percent efficacy rate following interim analysis of a phase III trial; however, the validity of this estimate is questionable because it is based on only 39 cases [64].

[63]: https://pubmed.ncbi.nlm.nih.gov/32896291/

[64]: https://sputnikvaccine.com/newsroom/pressreleases/second-interim-analysis-of-clinical-trial-data-showed-a-91-4-efficacy-for-the-sputnik-v-vaccine-on-d/ 

Personally I'm low risk and only work in an outpatient setting


What would you do?
Before I finnish I have to say that for the time being that is the only thing available, there was a falling between pfizer and our govt.

Thanks to u/Meaningless_Numbers",PrimeRadian,0.97,/r/medicine/comments/l10ael/vaccination_without_enough_data/,t5_2qhff
23,"Educational material on the Moderna and Pfizer vaccines for people who don’t trust federal agencies like the NIH, CDC and FDA?",18,kqklef,https://www.reddit.com/r/medicine/comments/kqklef/educational_material_on_the_moderna_and_pfizer/,9,2021-01-04 18:12:02,"I wish I didn’t need this, but would appreciate some suggestions. A credible YouTube video or PowerPoint would be great- the people in mind wouldn’t be very interested in a podcast or lengthy research study. Thanks!",SociologicalAd,0.91,/r/medicine/comments/kqklef/educational_material_on_the_moderna_and_pfizer/,t5_2qhff
24,A question about Covid-19 questions from my patients and where to go to get answers,16,nryupt,https://www.reddit.com/r/medicine/comments/nryupt/a_question_about_covid19_questions_from_my/,11,2021-06-04 03:01:49,"I'm an MA and I'm giving Covid-19 injections M-F all day. 30-80 vaccines per day, depending on the demand. I am and have been the only person giving these injections in this clinic since the end of January.

I feel like I have a good handle on most questions that patients bring up, however I have had a few questions posed that I wasn't 100% certain about, in which cases I've deferred to the patient's PCP. More and more, I'm coming up with questions of my own to add to the list of patients' questions. Today someone said that they had a shingles breakout 4 days after their first dose of Moderna. It took me far to long to find an article saying that shingles outbreaks after Moderna shots are unrelated. The article wasn't from the CDC, so I don't know what to think.

I'm just writing this to ask if there's a place where I can go to get the most up-to-date answers to all of these questions. Is there a place to chat in real time with someone who has some/several/most/all of the answers...besides calling Dr. Fauchi on his cell phone again. He rarely answers. Even a sort of clearinghouse of information about Covid-19 questions? I would really appreciate anything that can help me help the people who come in wanting help.",tronk,0.78,/r/medicine/comments/nryupt/a_question_about_covid19_questions_from_my/,t5_2qhff
25,Interim Clinical Considerations for Use of mRNA COVID-19 Vaccines Currently Authorized in the United States,14,khll0b,https://www.reddit.com/r/medicine/comments/khll0b/interim_clinical_considerations_for_use_of_mrna/,8,2020-12-21 12:15:32,"[Link to Guidance](https://www.cdc.gov/vaccines/covid-19/info-by-product/clinical-considerations.html?CDC_AA_refVal=https%3A%2F%2Fwww.cdc.gov%2Fvaccines%2Fcovid-19%2Finfo-by-product%2Fpfizer%2Fclinical-considerations.html)

Here is the interim guidance for SARS-CoV-2 vaccinations.  Note the only CONTRAINDICATION is an *actual* severe reaction to either of the mRNA vaccines.

A history of reactions and/or anaphylaxis to previous vaccines is a PRECAUTION. Note the different definitions according to FDA terminology and the implications therein. There has been a lot of confusion it seems about what FDA says versus what individual institutions and/or individual providers are saying.

The decision table is also below for easy reference.

&#x200B;

https://preview.redd.it/3v92u792pk661.png?width=994&format=png&auto=webp&s=a687517999a02c418d8dfc9cad36053e8639cc63

\* See Special Populations section for information on patient counseling in these groups

† Refers only to mRNA COVID-19 vaccines currently authorized in the  United States (i.e., Pfizer-BioNTech, Moderna COVID-19 vaccines)",amothep8282,0.95,/r/medicine/comments/khll0b/interim_clinical_considerations_for_use_of_mrna/,t5_2qhff
26,Update on the russian vaccine,13,lqy03d,https://www.reddit.com/r/medicine/comments/lqy03d/update_on_the_russian_vaccine/,5,2021-02-23 19:24:38,"Thank you medditors for your help with this issue, the interim analysis although far from the FDA report for things like the pfizer and moderna vaccines have...it is all I have.

Got the first dose yesterday and I feel like the siberian express ran over me, it's not flu-like, it is as awful as flu!

This better worth it.

Poyekhali!",PrimeRadian,0.8,/r/medicine/comments/lqy03d/update_on_the_russian_vaccine/,t5_2qhff
27,Moderna Covid-19 vaccine question regarding lactating female patient.,11,kvd8ih,https://www.reddit.com/r/medicine/comments/kvd8ih/moderna_covid19_vaccine_question_regarding/,24,2021-01-11 16:59:11,Hi.  Lactating female patient who received the Moderna vaccine last week is asking if she risks passing anything adverse to her infant.,dragons5,0.77,/r/medicine/comments/kvd8ih/moderna_covid19_vaccine_question_regarding/,t5_2qhff
28,Can Pfizer and Moderna vaccines make you test positive in antigenic tests?,12,ky4ty0,https://www.reddit.com/r/medicine/comments/ky4ty0/can_pfizer_and_moderna_vaccines_make_you_test/,5,2021-01-15 16:52:38,"Hi all, I'm a young med doctor and this evening a patient asked me ""Is it real that after the vaccine you need to stay isolated because you can test positive?""

The question could seem naive, but...

We know some rapid antigenic tests detect the spike protein, which is the same protein our body produces after getting vaccinated with mRNA vaccines.

So: could we test positive for sars-cov-2 antigens if we got vaccinated?
Couldn't find a proper answer on the web.",Elles93,0.84,/r/medicine/comments/ky4ty0/can_pfizer_and_moderna_vaccines_make_you_test/,t5_2qhff
29,Why do we use viral vectors in vaccines? And why give vaccines intramuscularly?,11,kj18xg,https://www.reddit.com/r/medicine/comments/kj18xg/why_do_we_use_viral_vectors_in_vaccines_and_why/,17,2020-12-23 16:02:34,"I've been thinking about the delivery of the COVID vaccines. The Pfizer and Moderna vaccines use a lipid nanoparticle delivery system while the AstraZeneca uses a chimpanzee adenovirus viral vector. Is there a benefit to using the chimp adenovirus as a viral vector? Seems to me that there's a risk of developing antibodies to the vector itself after the first dose of the AZ vaccine, which might make the second dose less effective. I think the Russian vaccine utilizes two different viral vectors to work around this exact problem. I'm wondering if there's a benefit to using a viral vector over lipid nanoparticles that I'm not seeing. Enhanced immunogenicity or enhanced uptake by cells maybe?

Also, why do we give vaccines intramuscularly? There are so many potential routes of administration. For example, why not intradermal delivery?

> A variety of antigen-presenting cells reside in the skin, making it an ideal site for immunogen delivery during vaccination ([Fig. 3](https://www.nature.com/articles/nrd.2017.243#Fig3)). Thus, the intradermal route of delivery has been widely used for mRNA cancer vaccines. 

source: [https://www.nature.com/articles/nrd.2017.243](https://www.nature.com/articles/nrd.2017.243)",stultitia-fugax,0.92,/r/medicine/comments/kj18xg/why_do_we_use_viral_vectors_in_vaccines_and_why/,t5_2qhff
30,You've had both your Moderna/Pfizer Covid vaccine doses. Someone from your institution approaches you and offers you a dose of the OTHER one you got that's LITERALLY about to expire...,9,lh3gzk,https://www.reddit.com/r/medicine/comments/lh3gzk/youve_had_both_your_modernapfizer_covid_vaccine/,25,2021-02-10 15:49:05,"I think the title says it all but here it is, as theoretical question for discussion as it has or will eventually come up.

You got both your doses of Pfizer/Moderna. You're 21-28 days out from the second one. It's 4:57pm and there is literally no one else to vaccinate because of no shows, extra overfill, or thawed too many vials. They have 6 extra doses and literally cannot find another living human to stab who wants it or who already hasn't had it. The doses will expire at 5:00pm sharp and have to be discarded. 

Someone approaches you with a dose of the OTHER one (eg you got Moderna x2 and they have Pfizer in their hand). They state the dose either goes in your arm or in the trash, nowhere else. There is no one else to give it to.

What do you do? 

For me, I see a fair amount of Covid patients in a confined ambulance and the UK and South African variants are both in my county. I've had both Moderna doses. So, personally, I would roll up my sleeve, sit down, and wait until 4:59:30 PM before i gave the go ahead to get the Pfizer dose about to expire. If someone else comes running up and makes a game winning dive into the chair, I would let them have it. Otherwise, at 4:59:30 PM I would give the go ahead.

I say this because Pfizer and Moderna approached creating the vaccine from different angles, and each may provide some coverage of holes the other does not. A heterologous vaccine boost may extend the mileage. I am extremely healthy, and my second Moderna dose was a breeze for me. I know the risks but would be willing to accept them. 

So, what are your thoughts and responses?",amothep8282,0.62,/r/medicine/comments/lh3gzk/youve_had_both_your_modernapfizer_covid_vaccine/,t5_2qhff
31,Second Moderna vaccine,6,l0z5v0,https://www.reddit.com/r/medicine/comments/l0z5v0/second_moderna_vaccine/,23,2021-01-19 21:04:16,"Hi All!

Many of my friends and colleagues are getting their second dose of Moderna in the last week or two. Anecdotally, I am hearing of pretty miserable side effects for what seems to be a relatively minor boost in efficacy. Moderna has 80% percent efficacy with one dose which meets or beats two doses of AstraZeneca. I understand that the UK is delaying all second doses for 12 weeks.

The only reason I can come up with to endure the weekend of misery that seems pretty prevalent is to presumably induce longer lasting immunity. Is it reasonable to think that the second dose could be overkill? Can anyone more informed than myself explain how crucial it is (or isn’t) to get two of what seems like a remarkably effective single dose vaccine. Thanks!",NeuroAPRN,0.58,/r/medicine/comments/l0z5v0/second_moderna_vaccine/,t5_2qhff
