,title,score,id,url,comms_num,created,body,author,upvote_ratio,permalink,subreddit_id
0,UK nearing it's highest ever COVID-19 infection peak,459,oogbz7,https://www.reddit.com/r/medicine/comments/oogbz7/uk_nearing_its_highest_ever_covid19_infection_peak/,175,2021-07-20 21:55:47,"It feels like the sub is done with COVID-19, and I am too, but I want to point out that [the UK 7-day average is going to reach an all-time high by the middle of next week](https://github.com/CSSEGISandData/COVID-19). It looks like severity is lessened by vaccination (hospitalizations are 10% of what they were the last time the UK had 50k/day) but nonetheless we are seeing a mass-inoculation by the delta-variant. Nature is giving us the ""booster"" that Pfizer hasn't. This will come to the US in the fall.

The unvaccinated are *going* to get it.",MEANINGLESS_NUMBERS,0.96,/r/medicine/comments/oogbz7/uk_nearing_its_highest_ever_covid19_infection_peak/,t5_2qhff
1,New Covid-19 strain in UK,106,kgzi9m,https://www.reddit.com/r/medicine/comments/kgzi9m/new_covid19_strain_in_uk/,30,2020-12-20 13:41:32,"https://www.cnn.com/2020/12/20/uk/uk-coronavirus-variant-intl-gbr/index.html

I'm having trouble finding more information on specifically what this new strain changes and it's implications. Some articles suggest it is a mutation to the spike protein, meanwhile other sources suggest it would not affect the vaccine. 
Is this strain more virulent, more infectious?

Edit, I've found this :
https://www.ecdc.europa.eu/en/publications-data/threat-assessment-brief-rapid-increase-sars-cov-2-variant-united-kingdom

In the PDF of the ecdc europa link above: 
""No phenotypic data are available for the new variant and no data are available with respect to the ability of antibodies 
elicited by vaccines under development to neutralise this variant. As mentioned above, the new virus variant displays
several mutations in the spike protein, including in the receptor binding site. Most of the new candidate vaccines are 
based upon the spike protein sequence. It is therefore essential to monitor changes in the spike protein among the 
circulating SARS-CoV-2 strains and assess possible antigenic changes. The antigenic characterisation of the new 
variant is ongoing, and results are expected in the coming weeks. It will be important to carry out surveillance of 
field effectiveness of COVID-19 vaccines in use, if possible including variant-virus-specific estimates. Surveillance of 
primary vaccine failures using variant-virus-specific outcomes may also help in understanding if there is an impact 
on vaccine effectiveness.
It should be remembered that T-cell immunity plays a role in protection against and clearance of COVID-19 virus 
infections. Although T-cell immunity is being assessed both following SARS-CoV-2 infection and following vaccination,
it is still unknown what role it could have for correlates of protection.""",greatkaney,0.96,/r/medicine/comments/kgzi9m/new_covid19_strain_in_uk/,t5_2qhff
2,Delta Variant,35,ob80cz,https://www.reddit.com/r/medicine/comments/ob80cz/delta_variant/,18,2021-06-30 18:18:52, Why do we think that the delta variant is more deadly? The only death rate I can find for it says the case fatality rate is 0.1% [https://en.wikipedia.org/wiki/SARS-CoV-2\_Delta\_variant](https://en.wikipedia.org/wiki/SARS-CoV-2_Delta_variant) [https://assets.publishing.service.gov.uk/government/uploads/system/uploads/attachment\_data/file/997414/Variants\_of\_Concern\_VOC\_Technical\_Briefing\_16.pdf](https://assets.publishing.service.gov.uk/government/uploads/system/uploads/attachment_data/file/997414/Variants_of_Concern_VOC_Technical_Briefing_16.pdf) which is less the the original covid right?,gameringman,0.88,/r/medicine/comments/ob80cz/delta_variant/,t5_2qhff
3,Megathread #58: SARS-CoV-2/COVID-19. Month of February 2021.,32,lbaesm,https://www.reddit.com/r/medicine/comments/lbaesm/megathread_58_sarscov2covid19_month_of_february/,185,2021-02-02 18:59:58,"COVID-19 Megathread #58

This is a megathread to consolidate discussion about the COVID-19 outbreak. This thread is a place for discussion, personal anecdotes of providing COVID care, brief updates, and professional questions about the epidemiology and management of COVID-19. Reputable sources (not unverified twitter posts!) are still requested to support any new claims about the outbreak.

We will be hosting a new megathread periodically depending on developments/content. The latest thread will always be stickied and will provide the most up-to-date information. If you just posted something in the previous thread right before it got unstickied and your question wasn't answered/your point wasn't discussed, feel free to repost it in the latest one. If the active COVID megathread isn't stickied, please notify the moderators [by modmail](https://www.reddit.com/message/compose?to=/r/medicine) with a link to the thread.

# Background and summary

On December 31st 2019, Chinese authorities reported a cluster of atypical pneumonia cases in Wuhan, China. A novel zoonotic virus was suspected and discovered, now named SARS-CoV-2. The syndrome of viral pneumonia caused by this virus -- sometimes associated with abnormal coagulation parameters, anosmia, anorexia, renal failure, and/or gastrointestinal distress -- has been termed COVID-19.

Despite extreme public health interventions at the first epicenter in Hubei province, China, the outbreak has become a global pandemic. Several factors have made for explosive spread of SARS-CoV-2: the human population is immunologically naive, the virus has a long incubation period and can be asymptomatically spread, and is highly infectious, with an rate of transmission significantly higher than epidemic influenza. Unfortunately, COVID-19 has proven deadly as well, with case fatality rate (CFR) estimates ranging between 0.1 to 1% or more. To date, an estimated 63 million people have been infected and some 1.5 million people have lost their lives in a confirmed case of COVID-19 since December 2019. The true numbers are suspected to be higher.

The effect of the pandemic on the healthcare system has been extreme, with cases overwhelming normal operations of hospitals during the initial surge in a number of regions, leading to staff exposure, illness, and in some cases, death. This was exacerbated by worldwide shortages in medical equipment, particularly personal protective equipment (PPE) for healthcare workers; shortages are still present in many parts of the world including the United States. Rationing of healthcare resources has been widely discussed, and in some areas implemented, creating agonizing decisions for doctors and families.

Healthcare organizations have also been starved of usual revenue, and despite an overwhelming demand for healthcare in some specialties and regions, other medical practices are seeing massive drops in income. Furloughs and pay cuts are becoming common across the American medical landscape. Telehealth visits are becoming common, and practices inside the hospital in many regions have completely transformed. In dense cities that have been handling an onslaught of patients for months, many frontline staff (ER, general medicine, ICU, etc) are physically and emotionally fatigued, yet still face a hazardous working environment.

Although some regions of the United States, Europe and Asia have been able to control the spread of COVID-19 with combinations of business shutdowns, shelter-in-place/quarantine orders, mandatory mask usage, and social distancing protocols, spread has accelerated in other regions of the United States, Brazil, Russia, and India among other areas. Public health interventions remain controversial in many areas, and particularly in the United States, have become politicized and rejected by many.

Medical science has struggled to keep pace with the spread of the virus. Despite a number of hastily executed clinical trials, few agents have been found to have any clinical effect on COVID-19 outcomes. Dexamethasone has emerged as the only treatment so far with a [demonstrated mortality benefit](https://www.recoverytrial.net/news/low-cost-dexamethasone-reduces-death-by-up-to-one-third-in-hospitalised-patients-with-severe-respiratory-complications-of-covid-19) in patients requiring supplemental oxygen or ventilator support. In milder disease, remdesivir has been used, although with more mixed evidence. In outpatients, some monoclonal antibodies have shown reduction in subsequent hospitalization. Misinformation and partial information (such as leaks of interim clinical trial data) are rife. Clinical treatment algorithms have swung wildly based on small case series, anecdotes and conjecture, though a shaky consensus for critical supportive care is starting to emerge. Virologists, immunologists, and others have pivoted their usual research and an impressive number of preprints have been generated. However, enormous questions remain, such as the nature of post-infectious immunity.

As of December 2020, several vaccines across the world have received emergency use authorization, and vaccination has begun. Data on effectiveness and safety has been encouraging so far. Several virus variants have appeared around the globe with concern for increased infectious spread and risk that they will render vaccines ineffective before they have even been rolled out widely.

# Subreddits:

* [r/medicinememorial - memorial pages for health care workers who died in the global fight against COVID-19](https://www.reddit.com/r/medicinememorial/)
* [r/Coronavirus - general news and discussion about the COVID-19 pandemic](https://www.reddit.com/r/Coronavirus/)
* [r/COVID19 - academic papers and press releases relating to COVID-19](https://www.reddit.com/r/COVID19/)

# Tracking/Maps/Modeling:

* [JHU CSSE](https://gisanddata.maps.arcgis.com/apps/opsdashboard/index.html#/bda7594740fd40299423467b48e9ecf6)
* [Nextstrain](https://nextstrain.org/ncov)
* [Worldometer case tracker](https://www.worldometers.info/coronavirus/)
* [Coronawiki case tracker](https://www.coronawiki.org/)
* [New York Times case tracker and map](https://www.nytimes.com/interactive/2020/us/coronavirus-us-cases.html)
* [BNO News case tracker and map](https://bnonews.com/index.php/2020/04/the-latest-coronavirus-cases/)
* [Wikipedia COVID-19 information](https://en.wikipedia.org/wiki/COVID-19_pandemic)
* [CDC death forecasts](https://www.cdc.gov/coronavirus/2019-ncov/covid-data/forecasting-us.html)
* [IHME projections](https://covid19.healthdata.org/united-states-of-america)
* [University of Texas Modeling Consortium](https://covid-19.tacc.utexas.edu/projections/)

# Resources from Organizational Bodies

* [WHO Daily Sitreps](https://www.who.int/emergencies/diseases/novel-coronavirus-2019/situation-reports)
* [ECDC Latest](https://www.ecdc.europa.eu/en/novel-coronavirus-china)
* [USA CDC Latest](https://www.cdc.gov/coronavirus/2019-ncov/index.html)
* [Promed](https://promedmail.org/coronavirus/)
* [Imperial MRC](https://www.imperial.ac.uk/mrc-global-infectious-disease-analysis/news--wuhan-coronavirus/)
* [CDC Info for health professionals](https://bit.ly/2T80VBd)
* [LSHTM](https://www.lshtm.ac.uk/research/research-action/covid-19)
* [WHO Technical Guidance](https://bit.ly/2vo9DSM)
* [AMA resource center for health professionals](https://bit.ly/395aNkO)
* [ACP Information for Internists](https://bit.ly/2T99Rqc)
* [CDC Pandemic Preparedness Resources](https://bit.ly/2whQmCU)
* [UpToDate COVID-19](https://bit.ly/2Tphyam)
* [EMCrit](https://emcrit.org/ibcc/COVID19/)
* [SCCM](https://www.sccm.org/covid19)
* [RCoA/ICS](https://icmanaesthesiacovid-19.org/)
* [Intensive Blog](https://intensiveblog.com/covid-19/)
* [NICE Guidance](https://www.nice.org.uk/covid-19)
* [ICU Net](https://covid19-icu.net/)
* [EMRAP](https://www.emrap.org/corependium/chapter/rec906m1mD6SRH9np/Novel-Coronavirus-2019-COVID-19?SearchType=%22text%22)

# Reminders

This subreddit is heavily moderated and comments may be removed without warning. In particular, users are reminded that this subreddit is for medical professionals—no personal health anecdotes or layperson questions are permitted. Users are reminded that in times of crisis or perceived crisis, laypeople on reddit may be turning to this professional subreddit and similar sources for information. Bad advice, pseudoscience, personal attacks, personal health situations, protected health information, and personal agendas are not permitted. The full subreddit rules can be found at [r/medicine/about/rules](https://reddit.com/r/medicine/about/rules). Please review advice about commenting and posting on [r/medicine](https://www.reddit.com/r/medicine/) at [r/medicine/wiki/index](https://reddit.com/r/wiki/index) and [r/medicine/wiki/faq](https://reddit.com/r/medicine/wiki/faq). Though not mandatory, we ask users to please consider setting a subreddit flair on the sidebar before commenting to help contextualize their comments.",PokeTheVeil,0.93,/r/medicine/comments/lbaesm/megathread_58_sarscov2covid19_month_of_february/,t5_2qhff
4,You've had both your Moderna/Pfizer Covid vaccine doses. Someone from your institution approaches you and offers you a dose of the OTHER one you got that's LITERALLY about to expire...,9,lh3gzk,https://www.reddit.com/r/medicine/comments/lh3gzk/youve_had_both_your_modernapfizer_covid_vaccine/,25,2021-02-10 15:49:05,"I think the title says it all but here it is, as theoretical question for discussion as it has or will eventually come up.

You got both your doses of Pfizer/Moderna. You're 21-28 days out from the second one. It's 4:57pm and there is literally no one else to vaccinate because of no shows, extra overfill, or thawed too many vials. They have 6 extra doses and literally cannot find another living human to stab who wants it or who already hasn't had it. The doses will expire at 5:00pm sharp and have to be discarded. 

Someone approaches you with a dose of the OTHER one (eg you got Moderna x2 and they have Pfizer in their hand). They state the dose either goes in your arm or in the trash, nowhere else. There is no one else to give it to.

What do you do? 

For me, I see a fair amount of Covid patients in a confined ambulance and the UK and South African variants are both in my county. I've had both Moderna doses. So, personally, I would roll up my sleeve, sit down, and wait until 4:59:30 PM before i gave the go ahead to get the Pfizer dose about to expire. If someone else comes running up and makes a game winning dive into the chair, I would let them have it. Otherwise, at 4:59:30 PM I would give the go ahead.

I say this because Pfizer and Moderna approached creating the vaccine from different angles, and each may provide some coverage of holes the other does not. A heterologous vaccine boost may extend the mileage. I am extremely healthy, and my second Moderna dose was a breeze for me. I know the risks but would be willing to accept them. 

So, what are your thoughts and responses?",amothep8282,0.61,/r/medicine/comments/lh3gzk/youve_had_both_your_modernapfizer_covid_vaccine/,t5_2qhff
