,title,score,id,url,comms_num,created,body,author,upvote_ratio,permalink,subreddit_id
0,The F.D.A. grants full approval to the Pfizer-BioNTech Covid-19 vaccine.,1670,pa047s,https://www.reddit.com/r/medicine/comments/pa047s/the_fda_grants_full_approval_to_the/,301,2021-08-23 09:44:34,"[https://www.nytimes.com/2021/08/23/us/politics/fda-approval-pfizer-vaccine.html](https://www.nytimes.com/2021/08/23/us/politics/fda-approval-pfizer-vaccine.html)

&#x200B;

We will see what this changes.",kussmaul22,0.99,/r/medicine/comments/pa047s/the_fda_grants_full_approval_to_the/,t5_2qhff
1,Anaphylaxis After First Dose of the Pfizer-BioNTech COVID-19 Vaccination,773,l3dfo5,https://jamanetwork.com/journals/jama/fullarticle/2775646,233,2021-01-23 09:54:27,,capkap77,0.98,/r/medicine/comments/l3dfo5/anaphylaxis_after_first_dose_of_the/,t5_2qhff
2,FDA expands use of Pfizer-BioNTech vaccine to ages 12 and up,780,n9losz,https://twitter.com/US_FDA/status/1391864766407356420,134,2021-05-10 21:34:00,,DentateGyros,0.98,/r/medicine/comments/n9losz/fda_expands_use_of_pfizerbiontech_vaccine_to_ages/,t5_2qhff
3,On the engineering of the Pfizer/BioNTech mRNA vaccine,538,kl5p1i,https://www.reddit.com/r/medicine/comments/kl5p1i/on_the_engineering_of_the_pfizerbiontech_mrna/,71,2020-12-27 10:44:34,"Interesting article about the construction and modifications made to the Pfizer/BioNTech mRNA vaccine . It discusses uridine alterations which allow it to evade TLR and the critical 2017 PNAS discovery on how to keep Spike in pre-fusion state.

&#x200B;

Edit: Due to multiple complaints, I will go to unusual and outstanding lengths and give u/SpirOhNoLactone release by linking said article.

[https://berthub.eu/articles/posts/reverse-engineering-source-code-of-the-biontech-pfizer-vaccine/](https://berthub.eu/articles/posts/reverse-engineering-source-code-of-the-biontech-pfizer-vaccine/)",Cl2fortheGenePool,0.98,/r/medicine/comments/kl5p1i/on_the_engineering_of_the_pfizerbiontech_mrna/,t5_2qhff
4,Pfizer/BioNTech announce 100% efficacy of Covid vaccine in adolescents aged 12-15,153,mh8oek,https://www.businesswire.com/news/home/20210331005503/en/,37,2021-03-31 11:32:53,,aglaeasfather,0.98,/r/medicine/comments/mh8oek/pfizerbiontech_announce_100_efficacy_of_covid/,t5_2qhff
5,The Pfizer covid-19 vaccine and pregnancy / lactation,158,kckm23,https://www.reddit.com/r/medicine/comments/kckm23/the_pfizer_covid19_vaccine_and_pregnancy_lactation/,134,2020-12-13 17:43:51,"Following the FDA's emergency use authorization, many clinicians have questions about whether the Pfizer covid vaccine is OK to use during pregnancy and lactation.

***Please check these websites for the latest recommendations before making decisions about the vaccine for yourself or for others.***

**Here is what the** [**UK Government website**](https://www.gov.uk/government/publications/regulatory-approval-of-pfizer-biontech-vaccine-for-covid-19/information-for-healthcare-professionals-on-pfizerbiontech-covid-19-vaccine) **says:**

""Pregnancy

There are no or limited amount of data from the use of COVID-19 mRNA Vaccine BNT162b2. Animal reproductive toxicity studies have not been completed. COVID-19 mRNA Vaccine BNT162b2 is not recommended during pregnancy.

For women of childbearing age, pregnancy should be excluded before vaccination. In addition, women of childbearing age should be advised to avoid pregnancy for at least 2 months after their second dose.

Breast-feeding

It is unknown whether COVID-19 mRNA Vaccine BNT162b2 is excreted in human milk. A risk to the newborns/infants cannot be excluded. COVID-19 mRNA Vaccine BNT162b2 should not be used during breast-feeding.

Fertility

It is unknown whether COVID-19 mRNA Vaccine BNT162b2 has an impact on fertility""

**In contrast, the** [Society for Maternal Fetal Medicine states](https://s3.amazonaws.com/cdn.smfm.org/media/2632/FDA_final.pdf) **(thanks to Meaningless\_Numbers for pointing this out):**

""SMFM applauds the FDA's recent decision, which will allow pregnant and lactating people to access the COVID-19 vaccine. It is expected that this decision will impact pregnant and lactating healthcare workers beginning as early as next week. In addition to affording significant individual-level protections, keeping health care workers safe enables them to continue to provide medical care to those who are sick with COVID-19 or other illnesses.........

....In general, SMFM strongly recommends that pregnant and lactating people have access to COVID-19 vaccines and that they engage in a discussion about potential benefits and unknown risks together their with healthcare providers regarding receipt of the vaccine. As stated previously, counseling should balance the lack of data on vaccine safety for the fetus, risks to pregnant people from COVID-19 infection, and a person's individual risk for infection and severe disease.

SMFM acknowledges that data do not exist regarding COVID-19 vaccine safety in pregnant and lactating people, and has long advocated that pre-clinical studies be conducted and that these populations be included in clinical trials. As data emerge, counseling and clinical recommendations will likely shift, as some vaccines may be more suitable for pregnant women.""

**The American College of Obstetricians and Gynecologists published their statement on December 13,2020 (thanks to bien-fait for letting us know as soon as this came out):**

""ACOG recommends that COVID-19 vaccines should not be withheld from pregnant individuals who meet criteria for vaccination based on ACIP-recommended priority groups. 

* COVID-19 vaccines should be offered to lactating individuals similar to non-lactating individuals when they meet criteria for receipt of the vaccine based on prioritization groups outlined by the ACIP.
* Individuals considering a COVID-19 vaccine should have access to available information about the safety and efficacy of the vaccine, including information about data that are not available. A conversation between the patient and their clinical team may assist with decisions regarding the use of vaccines approved under EUA for the prevention of COVID-19 by pregnant patients.  Important considerations include:
   * the level of activity of the virus in the community 
   * the potential efficacy of the vaccine
   * the risk and potential severity of maternal disease, including the effects of disease on the fetus and newborn 
   * the safety of the vaccine for the pregnant patient and the fetus.
* While a conversation with a clinician may be helpful, it should not be required prior to vaccination, as this may cause unnecessary barriers to access.
* Vaccines currently available under EUA have not been tested in pregnant women. Therefore, there are no safety data specific to use in pregnancy. See details about the Food and Drug Administration’s (FDA) EUA process below.
* Pregnancy testing should not be a requirement prior to receiving Pfizer-BioNTech vaccine. 
* Pregnant patients who decline vaccination should be supported in their decision. Regardless of their decision to receive or not receive the vaccine, these conversations provide an opportunity to remind patients about the importance of other prevention measures such as hand washing, physical distancing, and wearing a mask.""",Neoknowledge,0.98,/r/medicine/comments/kckm23/the_pfizer_covid19_vaccine_and_pregnancy_lactation/,t5_2qhff
6,FDA Briefing Document: Pfizer-BioNTech COVID-19 Vaccine,63,k98igq,https://www.scribd.com/document/487347833/VRBPAC-12-10-20-Meeting-Briefing-Document-FDA,28,2020-12-08 12:26:09,,sgent,0.99,/r/medicine/comments/k98igq/fda_briefing_document_pfizerbiontech_covid19/,t5_2qhff
7,"Why Oxford/AstraZeneca trials used a vaccine for meningococcal in the control group, instead of saline solution? And what could explain part of the study being double blind and part single blind?",25,kb0jfk,https://www.reddit.com/r/medicine/comments/kb0jfk/why_oxfordastrazeneca_trials_used_a_vaccine_for/,19,2020-12-11 05:45:49,"Pfizer/BioNTech was so simple to understand, I'm having trouble making sense of this one. Not really familiarized yet with academic procedures.

> MenACWY was chosen as the control group vaccine to minimise the chance of accidental participant unmasking due to local or systemic reactions to the vaccine

Shouldn't they be more worried about single blind unmasking than people thinking it's weird not having side effects?

[source](https://www.thelancet.com/journals/lancet/article/PIIS0140-6736(20)32661-1/fulltext)",highgarden-democrat,0.96,/r/medicine/comments/kb0jfk/why_oxfordastrazeneca_trials_used_a_vaccine_for/,t5_2qhff
8,Interim Clinical Considerations for Use of mRNA COVID-19 Vaccines Currently Authorized in the United States,16,khll0b,https://www.reddit.com/r/medicine/comments/khll0b/interim_clinical_considerations_for_use_of_mrna/,8,2020-12-21 12:15:32,"[Link to Guidance](https://www.cdc.gov/vaccines/covid-19/info-by-product/clinical-considerations.html?CDC_AA_refVal=https%3A%2F%2Fwww.cdc.gov%2Fvaccines%2Fcovid-19%2Finfo-by-product%2Fpfizer%2Fclinical-considerations.html)

Here is the interim guidance for SARS-CoV-2 vaccinations.  Note the only CONTRAINDICATION is an *actual* severe reaction to either of the mRNA vaccines.

A history of reactions and/or anaphylaxis to previous vaccines is a PRECAUTION. Note the different definitions according to FDA terminology and the implications therein. There has been a lot of confusion it seems about what FDA says versus what individual institutions and/or individual providers are saying.

The decision table is also below for easy reference.

&#x200B;

https://preview.redd.it/3v92u792pk661.png?width=994&format=png&auto=webp&s=a687517999a02c418d8dfc9cad36053e8639cc63

\* See Special Populations section for information on patient counseling in these groups

† Refers only to mRNA COVID-19 vaccines currently authorized in the  United States (i.e., Pfizer-BioNTech, Moderna COVID-19 vaccines)",amothep8282,1.0,/r/medicine/comments/khll0b/interim_clinical_considerations_for_use_of_mrna/,t5_2qhff
