,title,score,id,url,comms_num,created,body,author,upvote_ratio,permalink,subreddit_id
0,Typical day in the COVID unit,3572,ghfs9h,https://www.reddit.com/r/medicine/comments/ghfs9h/typical_day_in_the_covid_unit/,158,2020-05-10 23:20:41,"A lot of people have been asking me what it's like being on the COVID wards in the hospital, so I figured I'd share what a typical day looks like for me:

6am - Wake up. Roll off of my pile of money that Big Pharma gave me. Softly weep as it doesn’t put a dent in my medical school loans

6:30am - Make breakfast, using only foods from the diet that gives me everlasting life by avoiding all fats, sugars, carbs, and proteins. For details buy my book and check out my shop.

7am - Get to work, load up my syringes with coronavirus before rounds.

8am - See my patients for the day. Administer the medications that the government tells me to. Covertly rub essential oils on the ones I want to get better.

9:30am - Call Bill Gates to check how 5G tower construction is going, hoping for more coronavirus soon. He tells me they’re delayed due to repairs on the towers used to spread the Black Plague. Curse the fact that this is the most efficient way to spread infectious diseases.

10am - One patient tells me he knows “the truth” about coronavirus. I give him a Tdap booster. He becomes autistic in front of my eyes. He’ll never conspire against me again.

11am - Tend to the secret hospital garden of St. John’s wort and ginkgo leaves that we save for rich patients and donors. 

12:30pm - Pick up my briefcase of money from payroll, my gift from Pfizer for the incomprehensible profits we make off of the free influenza vaccine given every year. 

1pm - Conference call with Dr. Fauci and the lab in Wuhan responsible for manufacturing viruses. Tell them my idea about how an apocalypse-style zombie virus would be a cool one to try for the next batch.

2pm - A patient starts asking me about getting rid of toxins. I ask her if she has a liver and kidneys. She tells me she knows “the truth” about Big Anatomy and that the only way to detoxify herself is to eat nothing but lemon wedges and mayonnaise for weeks. I give her a Tdap booster.

2:45pm - Help the FBI, CIA, and CDC silence the masses. Lament the fact that I can only infringe on one or two of their rights. Oh well, there’s always tomorrow.

4pm - One of my rich patients begins to crash. Laugh as I realize I’ve mismatched her spirit animal and zodiac moon sign. I switch out the Purple Amethyst above her bed for a Tiger’s Eye geode. She stabilizes. I throw some ginkgo leaves on her for good measure

6pm - Go onto YouTube and see coronavirus conspiracy videos everywhere. Curse my all powerful government for how inept they are at keeping people from spreading “the truth”

6:10pm - Go onto Amazon and see that a book about “the truth” is the #1 seller this week. Question the power of my all powerful government. Make a reminder to myself to get more Tdap boosters from the Surgeon General next time we talk. 

7pm - Time to go home. Before I leave, sacrifice a goat to Dr. Fauci and say three Hippocratic Oaths.

9pm - Take a contented sigh as I snuggle under the covers made of the tinfoil hats of my enemies, realizing that my 4 years of medical school and 3 years of residency training have been put to good use today.

-

Credit given where it is due: https://www.facebook.com/1555110237/posts/10217399602852760/?d=n",gryklin,0.98,/r/medicine/comments/ghfs9h/typical_day_in_the_covid_unit/,t5_2qhff
1,"Half of nursing at my hospital is refusing coronavirus vaccination: anyone else seeing this? If you are, have you found ways to improve the situation?",1847,kjhg04,https://www.reddit.com/r/medicine/comments/kjhg04/half_of_nursing_at_my_hospital_is_refusing/,761,2020-12-24 10:43:21,"I am on medical staff at a small (<150 beds) independent rural hospital on the US West Coast.

The first dose of the Pfizer vaccine was offered last week, and the first dose of the Moderna vaccine will be offered next week.  (Yes, I received it and no it didn’t hurt.)

The hospital strongly recommends vaccination, but does not require it. Plenty of information is made available about the vaccines. The whole process is very calm, transparent and efficient.

95% of physicians received the first vaccine, but only 50% of nursing staff.

The hospital CEO, CMO and DON posted images of themselves receiving the vaccine. Admin was *not* in the first tier: they were trying to bolster confidence in the safety of the vaccine. They had to clarify that they were not trying to “cut in line “.

Nursing is concerned for the availability of N95’s and PAPR. 

We are short-staffed due to nursing contracting COVID-19, or having to isolate. For example, we have capacity for five more COVID-19 ICU admits right now, but only staffing for two.

We are having to recruit registry nursing at double and triple rates of pay. Our nurses are resentful of this.

The hospital did not furlough staff and can ill afford the costs of recruitment. Additionally, we have been running at half census and closed for elective surgeries again.

(For the curious, the county in which we reside voted for Trump over Biden by a margin of +1.4%. Yes, politics is relevant. It always is.)

I am really surprised by the lack of nursing acceptance of the vaccine, though it mirrors their acceptance of the annual influenza vaccine too. It is hard not to skeptically think “just enough knowledge to be dangerous “. This is, however, not constructive. 

It also makes me, for the first time, fearful for the future of the US. If half the members of the most trusted medical profession (and one of the most respected professions of any kind ) feels and acts this way, we are never going to see daylight again.

Are others having similar patterns in vaccination rates?  If so, have you found ways to improve vaccine acceptance?",RichardBonham,0.96,/r/medicine/comments/kjhg04/half_of_nursing_at_my_hospital_is_refusing/,t5_2qhff
2,The F.D.A. grants full approval to the Pfizer-BioNTech Covid-19 vaccine.,1674,pa047s,https://www.reddit.com/r/medicine/comments/pa047s/the_fda_grants_full_approval_to_the/,301,2021-08-23 09:44:34,"[https://www.nytimes.com/2021/08/23/us/politics/fda-approval-pfizer-vaccine.html](https://www.nytimes.com/2021/08/23/us/politics/fda-approval-pfizer-vaccine.html)

&#x200B;

We will see what this changes.",kussmaul22,0.99,/r/medicine/comments/pa047s/the_fda_grants_full_approval_to_the/,t5_2qhff
3,Pfizer data from Israel finds vaccine prevents 94% of asymptomatic infections,1562,m2r38e,https://news.yahoo.com/pfizer-data-israel-finds-vaccine-123920134.html,61,2021-03-11 09:20:00,,Studentdoctor563,0.99,/r/medicine/comments/m2r38e/pfizer_data_from_israel_finds_vaccine_prevents_94/,t5_2qhff
4,Third dose of Pfizer and Moderna recommended by CDC for Americans eight months from first dose.,1313,p6u0kt,https://www.cdc.gov/media/releases/2021/s0818-covid-19-booster-shots.html,375,2021-08-18 11:56:20,,LaudablePus,0.98,/r/medicine/comments/p6u0kt/third_dose_of_pfizer_and_moderna_recommended_by/,t5_2qhff
5,"Pfizer vaccine 'works' against key variant mutation, study suggests",1257,kt4vc4,https://www.bbc.com/news/health-55587320,53,2021-01-08 10:38:21,,dry_wit,0.98,/r/medicine/comments/kt4vc4/pfizer_vaccine_works_against_key_variant_mutation/,t5_2qhff
6,List of covid lies - did I miss any?,1039,oss1l4,https://www.reddit.com/r/medicine/comments/oss1l4/list_of_covid_lies_did_i_miss_any/,372,2021-07-27 14:10:18,"1. The mRNA vaccines cause infertility - it doesn't
2. The vaccines are still ""experimental"" - They are not, over 3.8 BILLION doses have been given. 
3. The pᴉʌoɔ vaccine has nanobots - lol
4. The pᴉʌoɔ vaccine has a microchip in it - it doesn't, the microchip is in your phone and the facebook app you are using
5. I can't get it ""insert some medical reason"" - This is obviously a discussion you should have with your doctor, however- if you are truly one of the less than 1% of people who it is recommended against you should be encouraging everyone else to get the vaccine as you are very high risk to die from pᴉʌoɔ.
6.  buy and hodl doge
7.  I am pregnant, I can’t get it – yes you can and should, pregnant women are high risk to end up in the ICU/die from pᴉʌoɔ.  
8.  Masks don’t help protect from respiratory illness – lol
9.  FDA hasn’t approved it yet – Yes, they have.  They just have a mechanism to approve things quicker called an EUA.  The only reason it is still under the EUA is because of their antiquated waiting period. 
10.  I am young and healthy so pᴉʌoɔ won’t affect me – See our current ICU census
11.  We have other effective treatments such as ivermectin, HCQ, etc – No we don’t. None of them have shown any benefit in pᴉʌoɔ.  We have a vaccine and oxygen and a breathing tube. 
12. The government can’t mandate things, this is America – see seatbelts
13.  There is a controversy among physicians, there are two sides – no there aren’t.  There are 58000 Emergency Medicine physicians in the US.  96% of them are vaccinated.  
14.  I don’t know who to believe – Believe physicians, epidemiologists, etc.  Don’t believe your cousin on facebook.  If I have a plumbing problem, I am going to call a plumber.  I don’t ask the plumber about rumors I heard on facebook on why he is using a sharkbite fitting vs a pressure fitting.  
15.  God will protect me – God is protecting you if you choose to accept it, he gave us a vaccine for a reason
16.  The pharmaceutical companies are just in it for the money – possibly true but: Pfizer wants you to live so they can make more money.  E.G. Viagra – dead people don’t buy Viagra
17.  Vaccines have bad long-term effects – no they don’t, we have been vaccinating people for almost 100 years.  All the side effects happen in the first ~3 weeks.  Pᴉʌoɔ has bad long-term effects.
18.  none of the politicians I trust have gotten vaccine
19.  Experts posting on facebook doesn’t do anything –it does, more than you know.  I know that hundreds of people have made the decision to get vaccinated at least partly from my and other physicians’ posts. 
20.  Us vaccinated folk need to not worry about other peoples vaccination status – yes we do.  My kids can’t get vaccinated.  I am on an experimental immune modulator(so I have no idea how protected I am).  I also worry about people running stop signs.  
21.  All opinions matter – they do not E.G., the big lebowsky
22.  The vaccine is dangerous – it is thousands of times less dangerous than pᴉʌoɔ
23.  I will not get pᴉʌoɔ – yes you will
24.  I already had pᴉʌoɔ, so I don’t need a vaccine – The science is still out on this.  However, every physician I know who had pᴉʌoɔ also got the vaccine.  The data shows you are more protected from the vaccine than from pᴉʌoɔ.  We don’t know how long the protection lasts from either.  I am currently recommending the vaccine to anyone who is recovered from pᴉʌoɔ.  You don’t have to wait months to get it.
25.  I had pᴉʌoɔ before there was pᴉʌoɔ – ok pᴉʌoɔ hipster
26.  Private businesses can’t require a vaccine – yes, they can.  I am currently lobbying for all events, restaurants, and everything fun in New Orleans to require a vaccination.",smackey,0.93,/r/medicine/comments/oss1l4/list_of_covid_lies_did_i_miss_any/,t5_2qhff
7,Medical personnel refusing vaccinations.,1012,kv3y0k,https://www.reddit.com/r/medicine/comments/kv3y0k/medical_personnel_refusing_vaccinations/,704,2021-01-11 09:43:03,"Edit - u/TheRecovery found this complete looking review of vaccines through the years and the rare ones that cause harm. Thanks!

[https://www.cdc.gov/vaccinesafety/concerns/concerns-history.html](https://www.cdc.gov/vaccinesafety/concerns/concerns-history.html)  


This is apparently a real phenomonom. I understand that 25% of the people in our institution have refused. Our governor is not feeling he can require it. I do not understand that, because it IS a patient safety issue, they also require certain things before we can be on staff - like a TB test, and TB is far less communicable than covid.

I have another tack - as this is  a patient safety issue, patients and their families have a right to know if the people around them in the hospital have refused vaccination, and to refuse to allow those people to be around them.  Of course, the people who have refused would have to wear some sort of identification.

[https://www.theguardian.com/world/2021/jan/10/coronavirus-covid-19-vaccine-hesitancy-us-health-workers](https://www.theguardian.com/world/2021/jan/10/coronavirus-covid-19-vaccine-hesitancy-us-health-workers)

I do not understand this nurse feeling she can substitute her own (uninformed... all the way to ignorant) assessment of this for all of  worlds combined expertise to refuse. And to call herself a ""guinea pig"". Really? 70,0000 people in the Pfizer and Moderna trials?",pshaffer,0.93,/r/medicine/comments/kv3y0k/medical_personnel_refusing_vaccinations/,t5_2qhff
8,"FDA to authorize Pfizer's Covid-19 vaccine for 12-to-15-year-olds by early next week, official says",908,n4coov,https://www.cnn.com/2021/05/03/health/pfizer-covid-vaccine-teens-fda/index.html?utm_source=twcnnbrk&utm_content=2021-05-03T23%3A00%3A21&utm_term=link&utm_medium=social,98,2021-05-03 21:20:32,,DrZoidbergDO,0.97,/r/medicine/comments/n4coov/fda_to_authorize_pfizers_covid19_vaccine_for/,t5_2qhff
9,"Israeli data supports Pfizer vaccine effectiveness - 128,600 fully vaccinated, 20 positive COVID cases (0.015%)",901,l55jjw,https://www.nytimes.com/2021/01/25/world/middleeast/israels-vaccine-data.html,103,2021-01-25 22:52:26,,austinrc1260,0.99,/r/medicine/comments/l55jjw/israeli_data_supports_pfizer_vaccine/,t5_2qhff
10,Pfizer Says Early Data Signals COVID-19 Vaccine Is Effective,871,jqwzud,https://www.usnews.com/news/business/articles/2020-11-09/pfizer-says-early-data-signals-covid-19-vaccine-is-effective,204,2020-11-09 07:47:47,,aguafiestas,0.99,/r/medicine/comments/jqwzud/pfizer_says_early_data_signals_covid19_vaccine_is/,t5_2qhff
11,Pfizer CEO: COVID-19 vaccine may require third dose within 12 months,821,mrnn06,https://www.cnet.com/health/pfizer-ceo-covid-19-vaccine-may-require-third-dose-within-12-months/,314,2021-04-15 16:41:42,,Dilaudidsaltlick,0.98,/r/medicine/comments/mrnn06/pfizer_ceo_covid19_vaccine_may_require_third_dose/,t5_2qhff
12,Combatting conspiracy theories,784,l6nlkr,https://www.reddit.com/r/medicine/comments/l6nlkr/combatting_conspiracy_theories/,138,2021-01-27 23:09:29,"I had heard grumblings of a few of my extended family members that they were hesitant to get the vaccine. My mom was also hesitant, stating the common misconceptions about side effects and the rushed development. One night at 2 am when I couldn't sleep (thank you newborn), I wrote a very long email to my parents to convince them to get the vaccine. I gave my opinion and a few facts about the common misconceptions. I suggested they send to our extended family and strongly suggested they get my 90 year old grandfather vaccinated. I felt proud, many family members said I helped convince them to get the vaccine, my mom included. My parent s and grandpa are scheduled to get the Pfizer vaccine tomorrow.

Tonight, all my hard work came undone. My Trump loving, anti-mask, covid-is-a-hoax uncle sent an email to all my extended family with the subject line ""DO NOT GIVE DAD THE VACCINE"" and a link to this article: [https://www.cryptogon.com/?p=60617](https://www.cryptogon.com/?p=60617) claiming that senior are ""dying like flies"" after getting the pfizer vaccine.

Their headline on their website says : ""News-Analysis-Conspiracies"". Now my mom and all my aunts are questioning getting the vaccine and having my grandpa get the vaccine. This is what we are dealing with. Did they even look at the source? Did they notice the website headliner has the word ""conspiracies"" in it? Nope. They just freaked out and now are questioning everything their pharmacist family member said based on science. 

Thanks for listening to my rant. I know we are all working to combat misinformation and I just feel so dejected.

EDIT: last night I did respond emotionally by saying to my mom how could she even consider anything my crazy uncle says with a few choice swear words thrown in there. After reading this thread and getting some sleep, I took the time to write a non emotional email first addressing why the website he linked to should not be trusted, and then being empathetic to the hard decision she and the rest of my family are making with my grandpa. Then I did say she might have heard the Norway reports on elderly people and talked that I understand why she is scared once hearing that and did a risk benefit type explanation on getting the vaccine. 
Bottom line : my parents AND grandpa decided to go ahead with getting the vaccine today! Thanks for the encouragement to keep trying and suggestions on approaching it.",2gingersmakearight,0.97,/r/medicine/comments/l6nlkr/combatting_conspiracy_theories/,t5_2qhff
13,Anaphylaxis After First Dose of the Pfizer-BioNTech COVID-19 Vaccination,775,l3dfo5,https://jamanetwork.com/journals/jama/fullarticle/2775646,233,2021-01-23 09:54:27,,capkap77,0.98,/r/medicine/comments/l3dfo5/anaphylaxis_after_first_dose_of_the/,t5_2qhff
14,FDA expands use of Pfizer-BioNTech vaccine to ages 12 and up,776,n9losz,https://twitter.com/US_FDA/status/1391864766407356420,134,2021-05-10 21:34:00,,DentateGyros,0.98,/r/medicine/comments/n9losz/fda_expands_use_of_pfizerbiontech_vaccine_to_ages/,t5_2qhff
15,Large Observational Trial in Israel Confirms Pfizer Vaccine Highly Effective in Real-World Use,648,lrt298,https://www.nejm.org/doi/full/10.1056/NEJMoa2101765?query=featured_home,48,2021-02-24 20:12:41,,BillOsler,0.98,/r/medicine/comments/lrt298/large_observational_trial_in_israel_confirms/,t5_2qhff
16,"FDA asks Pfizer, Moderna to test their vaccines in more children to help rule out safety issues",592,ovtcmx,https://www.washingtonpost.com/health/2021/07/26/fda-asks-pfizer-moderna-test-their-vaccines-more-children-under-12-help-rule-out-safety-issues/,74,2021-08-01 10:43:08,,MEANINGLESS_NUMBERS,0.98,/r/medicine/comments/ovtcmx/fda_asks_pfizer_moderna_to_test_their_vaccines_in/,t5_2qhff
17,On the engineering of the Pfizer/BioNTech mRNA vaccine,538,kl5p1i,https://www.reddit.com/r/medicine/comments/kl5p1i/on_the_engineering_of_the_pfizerbiontech_mrna/,71,2020-12-27 10:44:34,"Interesting article about the construction and modifications made to the Pfizer/BioNTech mRNA vaccine . It discusses uridine alterations which allow it to evade TLR and the critical 2017 PNAS discovery on how to keep Spike in pre-fusion state.

&#x200B;

Edit: Due to multiple complaints, I will go to unusual and outstanding lengths and give u/SpirOhNoLactone release by linking said article.

[https://berthub.eu/articles/posts/reverse-engineering-source-code-of-the-biontech-pfizer-vaccine/](https://berthub.eu/articles/posts/reverse-engineering-source-code-of-the-biontech-pfizer-vaccine/)",Cl2fortheGenePool,0.98,/r/medicine/comments/kl5p1i/on_the_engineering_of_the_pfizerbiontech_mrna/,t5_2qhff
18,"Pfizer is testing a pill that, if successful, could become first-ever home cure for COVID-19",498,mzu6df,https://nationalpost.com/news/world/pfizer-is-testing-a-pill-that-if-successful-could-become-first-ever-home-cure-for-covid-19,77,2021-04-27 13:46:33,,Studentdoctor563,0.95,/r/medicine/comments/mzu6df/pfizer_is_testing_a_pill_that_if_successful_could/,t5_2qhff
19,UK nearing it's highest ever COVID-19 infection peak,454,oogbz7,https://www.reddit.com/r/medicine/comments/oogbz7/uk_nearing_its_highest_ever_covid19_infection_peak/,175,2021-07-20 21:55:47,"It feels like the sub is done with COVID-19, and I am too, but I want to point out that [the UK 7-day average is going to reach an all-time high by the middle of next week](https://github.com/CSSEGISandData/COVID-19). It looks like severity is lessened by vaccination (hospitalizations are 10% of what they were the last time the UK had 50k/day) but nonetheless we are seeing a mass-inoculation by the delta-variant. Nature is giving us the ""booster"" that Pfizer hasn't. This will come to the US in the fall.

The unvaccinated are *going* to get it.",MEANINGLESS_NUMBERS,0.96,/r/medicine/comments/oogbz7/uk_nearing_its_highest_ever_covid19_infection_peak/,t5_2qhff
20,Moderna vs. Pfizer?,450,kp1a00,https://www.reddit.com/r/medicine/comments/kp1a00/moderna_vs_pfizer/,301,2021-01-02 12:16:32,"If you had access to both, which would you choose/recommend and why?",zeatherz,0.96,/r/medicine/comments/kp1a00/moderna_vs_pfizer/,t5_2qhff
21,"Data: Pfizer vaccine highly effective after 1 dose, can be stored in normal freezer temps",401,lnzko2,https://www.khou.com/article/news/health/coronavirus/vaccine/pfizer-vaccine-highly-effective-after-1-dose-can-be-stored-normal-freezer-temperatures/507-9697d8d9-5d36-4e04-9477-e7997a1f4882,26,2021-02-19 23:52:17,,leadstoanother,0.97,/r/medicine/comments/lnzko2/data_pfizer_vaccine_highly_effective_after_1_dose/,t5_2qhff
22,Israel to offer Pfizer booster shot against COVID-19 to the over-60s,363,ou3r9w,https://www.reuters.com/world/middle-east/israel-offer-third-shot-pfizer-vaccine-people-over-60-israeli-news-reports-2021-07-29/,51,2021-07-29 14:54:37,,Studentdoctor563,0.95,/r/medicine/comments/ou3r9w/israel_to_offer_pfizer_booster_shot_against/,t5_2qhff
23,"Israel health ministry claiming Pfizer only 39% effective at preventing infection, 91% against severe illness - but no details available",360,oq0od0,https://www.bloomberg.com/news/articles/2021-07-23/pfizer-shot-just-39-effective-in-halting-delta-israel-says,141,2021-07-23 07:45:09,,Whites11783,0.95,/r/medicine/comments/oq0od0/israel_health_ministry_claiming_pfizer_only_39/,t5_2qhff
24,"MD dies ~after~ receiving COVID vaccine, reportedly 2/2 ITP ...?",295,ks3cbf,https://www.reddit.com/r/medicine/comments/ks3cbf/md_dies_after_receiving_covid_vaccine_reportedly/,265,2021-01-06 21:20:35,"https://amp.cnn.com/cnn/2021/01/06/health/coronavirus-vaccine-doctor-death/index.html

https://www.dailymail.co.uk/news/article-9119431/amp/Miami-doctor-58-dies-three-weeks-receiving-Pfizer-Covid-19-vaccine.html

i mean, of course they’re attempting to imply causation. the article written by the daily mail is even more sensational, unsurprisingly. there aren’t many articles about this out (yet) from what i’ve seen, and there isn’t much medical detail. guy was reportedly healthy without a history of (known) immunologic compromise 

thoughts? 

theoretically, vaccination could be an inciting event, i suppose. but i dunno, even though I haven’t personally seen or managed ITP, most people are asymptomatic, no? and the morbidity / mortality isn’t particularly significant, IIRC. 

this guy apparently had a hemorrhagic CVA despite multiple attempts at reversal (even ‘experimental’ ones, at that). ultimately, there’s far too many unknowns and potential confounders, but it caught my attention (as it was meant to) 

there are case reports of influenza and MMR vaccines resulting in ITP (typically in children). i don’t know how they’ll determine the cause of ITP objectively without a doubt — but these articles aren’t gonna speed up the vaccination rates regardless",sarcomabotyroides,0.85,/r/medicine/comments/ks3cbf/md_dies_after_receiving_covid_vaccine_reportedly/,t5_2qhff
25,12-Week Gap Between Pfizer Vaccine Doses Generates Higher Antibody Response But Lower T-Cell Response. Which is more important?,207,oa5y1x,https://www.reddit.com/r/medicine/comments/oa5y1x/12week_gap_between_pfizer_vaccine_doses_generates/,66,2021-06-29 06:59:02,"[https://www.forbes.com/sites/siladityaray/2021/05/14/study-finds-12-week-gap-between-pfizer-covid-19-vaccine-dose-generates-35-times-higher-antibody-response/](https://www.forbes.com/sites/siladityaray/2021/05/14/study-finds-12-week-gap-between-pfizer-covid-19-vaccine-dose-generates-35-times-higher-antibody-response/)

So a longer 12w gap between first and second dose generates higher antibody response BUT lower T-Cell response compared to 3w interval.

Am I correct that T-cell response is more important than antibody amount or which do you consider more important: antibodies or t-cell response?

The article does mention that scientists believe T-Cells may be a marker for long-term immunity so more important than antibodies. Everybody agrees on that? The title and most of the article would be somewhat misleading than.",ThinkBigger01,0.97,/r/medicine/comments/oa5y1x/12week_gap_between_pfizer_vaccine_doses_generates/,t5_2qhff
26,"Pfizer: COVID-19 shot 95% effective, seeking clearance soon",181,jwhjqv,https://apnews.com/article/coronavirus-pandemic-9d71455cfce0ff047dee4df873ec1023?utm_source=Twitter&utm_campaign=SocialFlow&utm_medium=AP,93,2020-11-18 10:15:51,,Lordosis_of_the_Ring,0.96,/r/medicine/comments/jwhjqv/pfizer_covid19_shot_95_effective_seeking/,t5_2qhff
27,Simplifying Synthesis: How Pfizer's New Drug Fights COVID [Pharmacology],163,mp9g26,https://youtu.be/HHzaiAwJpfQ,12,2021-04-12 04:18:12,,simplifyingsynthesis,0.97,/r/medicine/comments/mp9g26/simplifying_synthesis_how_pfizers_new_drug_fights/,t5_2qhff
28,Pfizer/BioNTech announce 100% efficacy of Covid vaccine in adolescents aged 12-15,155,mh8oek,https://www.businesswire.com/news/home/20210331005503/en/,37,2021-03-31 11:32:53,,aglaeasfather,0.98,/r/medicine/comments/mh8oek/pfizerbiontech_announce_100_efficacy_of_covid/,t5_2qhff
29,The Pfizer covid-19 vaccine and pregnancy / lactation,158,kckm23,https://www.reddit.com/r/medicine/comments/kckm23/the_pfizer_covid19_vaccine_and_pregnancy_lactation/,134,2020-12-13 17:43:51,"Following the FDA's emergency use authorization, many clinicians have questions about whether the Pfizer covid vaccine is OK to use during pregnancy and lactation.

***Please check these websites for the latest recommendations before making decisions about the vaccine for yourself or for others.***

**Here is what the** [**UK Government website**](https://www.gov.uk/government/publications/regulatory-approval-of-pfizer-biontech-vaccine-for-covid-19/information-for-healthcare-professionals-on-pfizerbiontech-covid-19-vaccine) **says:**

""Pregnancy

There are no or limited amount of data from the use of COVID-19 mRNA Vaccine BNT162b2. Animal reproductive toxicity studies have not been completed. COVID-19 mRNA Vaccine BNT162b2 is not recommended during pregnancy.

For women of childbearing age, pregnancy should be excluded before vaccination. In addition, women of childbearing age should be advised to avoid pregnancy for at least 2 months after their second dose.

Breast-feeding

It is unknown whether COVID-19 mRNA Vaccine BNT162b2 is excreted in human milk. A risk to the newborns/infants cannot be excluded. COVID-19 mRNA Vaccine BNT162b2 should not be used during breast-feeding.

Fertility

It is unknown whether COVID-19 mRNA Vaccine BNT162b2 has an impact on fertility""

**In contrast, the** [Society for Maternal Fetal Medicine states](https://s3.amazonaws.com/cdn.smfm.org/media/2632/FDA_final.pdf) **(thanks to Meaningless\_Numbers for pointing this out):**

""SMFM applauds the FDA's recent decision, which will allow pregnant and lactating people to access the COVID-19 vaccine. It is expected that this decision will impact pregnant and lactating healthcare workers beginning as early as next week. In addition to affording significant individual-level protections, keeping health care workers safe enables them to continue to provide medical care to those who are sick with COVID-19 or other illnesses.........

....In general, SMFM strongly recommends that pregnant and lactating people have access to COVID-19 vaccines and that they engage in a discussion about potential benefits and unknown risks together their with healthcare providers regarding receipt of the vaccine. As stated previously, counseling should balance the lack of data on vaccine safety for the fetus, risks to pregnant people from COVID-19 infection, and a person's individual risk for infection and severe disease.

SMFM acknowledges that data do not exist regarding COVID-19 vaccine safety in pregnant and lactating people, and has long advocated that pre-clinical studies be conducted and that these populations be included in clinical trials. As data emerge, counseling and clinical recommendations will likely shift, as some vaccines may be more suitable for pregnant women.""

**The American College of Obstetricians and Gynecologists published their statement on December 13,2020 (thanks to bien-fait for letting us know as soon as this came out):**

""ACOG recommends that COVID-19 vaccines should not be withheld from pregnant individuals who meet criteria for vaccination based on ACIP-recommended priority groups. 

* COVID-19 vaccines should be offered to lactating individuals similar to non-lactating individuals when they meet criteria for receipt of the vaccine based on prioritization groups outlined by the ACIP.
* Individuals considering a COVID-19 vaccine should have access to available information about the safety and efficacy of the vaccine, including information about data that are not available. A conversation between the patient and their clinical team may assist with decisions regarding the use of vaccines approved under EUA for the prevention of COVID-19 by pregnant patients.  Important considerations include:
   * the level of activity of the virus in the community 
   * the potential efficacy of the vaccine
   * the risk and potential severity of maternal disease, including the effects of disease on the fetus and newborn 
   * the safety of the vaccine for the pregnant patient and the fetus.
* While a conversation with a clinician may be helpful, it should not be required prior to vaccination, as this may cause unnecessary barriers to access.
* Vaccines currently available under EUA have not been tested in pregnant women. Therefore, there are no safety data specific to use in pregnancy. See details about the Food and Drug Administration’s (FDA) EUA process below.
* Pregnancy testing should not be a requirement prior to receiving Pfizer-BioNTech vaccine. 
* Pregnant patients who decline vaccination should be supported in their decision. Regardless of their decision to receive or not receive the vaccine, these conversations provide an opportunity to remind patients about the importance of other prevention measures such as hand washing, physical distancing, and wearing a mask.""",Neoknowledge,0.98,/r/medicine/comments/kckm23/the_pfizer_covid19_vaccine_and_pregnancy_lactation/,t5_2qhff
30,Has anyone else seen this purely anecdotal difference between Pfizer and moderna?,104,p89v7m,https://www.reddit.com/r/medicine/comments/p89v7m/has_anyone_else_seen_this_purely_anecdotal/,69,2021-08-20 13:28:48,"One of our lab techs has been keeping track of positive covid results according to vaccination status (yes/no and type of vaccine).

We're about 75-80% unvaccinated among our positives (likely higher in community because unvaccinated people often refuse testing or avoid the office when sick)...but of the breakthrough cases, over 90% have been from pfizer. despite the general population we see being half-and-half between the shots (with a few j and j). the only further adjustment i can imagine would be duration of time since the vaccine...but this trend has been holding up for weeks.

Anybody else seeing moderna outperform pfizer in small samples like this?

EDIT: to clarify, my guess on patients being 50-50 between the two comes from the patients themselves. about half have reported moderna, the other half pfizer. and a few isolated J&J. also, we are not looking up anything, we are only using data that we asked the patient and they volunteered to give.",Julian_Caesar,0.92,/r/medicine/comments/p89v7m/has_anyone_else_seen_this_purely_anecdotal/,t5_2qhff
31,Realistic options (US) for extra vaccine doses?,103,oto12w,https://www.reddit.com/r/medicine/comments/oto12w/realistic_options_us_for_extra_vaccine_doses/,74,2021-07-28 21:50:02,"Early on in vaccine availability, there was a lot of people clamoring for the vaccine and you often had to get it scheduled. Now there is significantly less demand on a day-to-day basis, and given that the vaccines come in multi-use vials, there are often many wasted doses of vaccine. As an example, the other day at a big box store pharmacy a friend of mine works at, they gave 5 vaccines, 2 pfizer, 2 moderna, and 1 J&J. Earlier this year, they would have only given vaccines if they could use all in a vial, and had a waiting list of people to call to come get one before they had to waste a dose or would run around the store asking random customers if they wanted a vaccine rather than wasting it. Now, they just give and waste as it comes up. 

My question for Meddit is, what can/should we do about it? Given that there is still a massive need for vaccine in other places in the world, this seems like a huge waste of medical resources. Should we go back to requiring vaccines to be scheduled and risk decreasing the number of total people who get it as there are some that are more likely to get it when it is more convenient? Should efforts be made to decrease the number of doses/vial (pfizer currently 6 per vial, moderna 10 or more, J&J 5, I think)? Should they be used for a ""booster"" dose for those 6 or 8 months out from their original even though there's not good science behind that yet? Should we just continue as we are as production continues to ramp up and let the wasted doses be wasted? I'm not particularly for any of these options, as they all seem flawed for a variety of reasons (some more so than others). Hoping someone smarter than me has thought of a better idea.

Disclaimer: As a lowly eyeball poker, I have no direct way to change or influence what we as a society do with this other than getting a conversation going, I just wanted to get some opinions from others in the healthcare field as a place to start.",cockybirds,0.94,/r/medicine/comments/oto12w/realistic_options_us_for_extra_vaccine_doses/,t5_2qhff
32,Third Pfizer dose 86% effective in people over age of 60 (Israel),91,p7pokl,https://www.reuters.com/business/healthcare-pharmaceuticals/third-pfizer-dose-86-effective-over-60s-israeli-hmo-says-2021-08-18/,16,2021-08-19 18:54:58,,lwronhubbard,0.95,/r/medicine/comments/p7pokl/third_pfizer_dose_86_effective_in_people_over_age/,t5_2qhff
33,Some resources to share with those who are covid-vaccine-hesitant: a helpful list,84,kyecvj,https://www.reddit.com/r/medicine/comments/kyecvj/some_resources_to_share_with_those_who_are/,7,2021-01-16 02:16:23,"With all the recent covid vaccine hesitancy going on, (the sheer number of people I meet who are against it blows my mind), I thought I’d compile some resources from reputable websites that you can send or share with those who feel anxious / mistrustful of the vaccine(s). I believe spreading truth and facts in the form of verified, dependable sites & sources is the best way to help people understand (and ultimately agree to) to vaccination. If we all can change the mind of a single person, and they in turn educate more people, it will make a difference.

A lot of people I talk to who are concerned about getting vaccinated only watch the news or youtube videos, and get all their info from those two places alone. They don’t actually research for themselves, otherwise they’d find a number of sources pointing to its safety & efficacy (and debunking the myths pushed by anti-vaxxers!) I’ve tried just telling people to do their own research, but they never do, so I’ve taken it upon myself to find factual info & share it with them.

Personally, I’ve found that organizing lists with different 3rd party sources is the most effective way to combat vaccine hesitancy & avoidance. Variation is key, because it shows that the facts don't lie when it's multiple outlets reporting the same thing. People tend to accuse the media of being biased, so a mix of different sites and sources is an efficient way of combating that IME.

The entire side of my dad’s family is paranoid about getting a covid vaccine, and insists they've watched enough videos ""showing why it's dangerous"" to decide they aren't taking it. I’ve so far had success in changing a couple of their minds with the links below, and also in being understanding of their concerns and really listening so I can point out the flaws in their logic and explain why something is or isn't the case.

Even if this only helps one person, that will make it all worth it! Hope it helps

https://www.mayoclinichealthsystem.org/hometown-health/featured-topic/covid-19-vaccine-myths-debunked

https://healthblog.uofmhealth.org/wellness-prevention/not-sure-about-covid-19-vaccine-get-facts-then-decide

https://www.cdc.gov/coronavirus/2019-ncov/vaccines/safety.html

https://www.hopkinsmedicine.org/health/conditions-and-diseases/coronavirus/is-the-covid19-vaccine-safe

https://health.clevelandclinic.org/8-common-covid-19-vaccine-myths-explained/

https://www.nejm.org/doi/full/10.1056/NEJMoa2035389

https://www.pharmaceutical-journal.com/news-and-analysis/opinion/blogs/ive-had-my-pfizer-covid-19-vaccine-and-heres-why-my-pharmacist-colleagues-should-too/20208696.blog?firstPass=false

https://www.hackensackmeridianhealth.org/HealthU/2021/01/11/a-simple-breakdown-of-the-ingredients-in-the-covid-vaccines/

https://whyy.org/articles/have-doubts-about-getting-the-covid-19-vaccine-here-are-some-faqs/

https://www.snopes.com/news/2020/12/07/less-than-a-year-to-develop-a-covid-vaccine-heres-why-you-shouldnt-be-alarmed/

https://www.snopes.com/fact-check/mrna-alter-dna/

https://www.henryford.com/coronavirus/vaccine-faqs",NeedSomeAdviceForIT,0.97,/r/medicine/comments/kyecvj/some_resources_to_share_with_those_who_are/,t5_2qhff
34,Pfizer recalls Effexor XR and Venlafaxine HCI extended-release antidepressants fearing that there may have been the wrong drug in the bottle: Use of Tikosyn (antiarrhythmic drug) by an Effexor/Venlafaxine patient potentially could cause serious adverse health consequences that could be fatal.,76,1zt03e,http://www.businesswire.com/multimedia/home/20140306006389/en/#.Uxm_fOewJZs,15,2014-03-07 07:57:54,,ThePeoplesPharmacy,0.93,/r/medicine/comments/1zt03e/pfizer_recalls_effexor_xr_and_venlafaxine_hci/,t5_2qhff
35,"How do you feel about coworkers traveling, especially now that the vaccine is making its way through to healthcare workers",65,klhryo,https://www.reddit.com/r/medicine/comments/klhryo/how_do_you_feel_about_coworkers_traveling/,57,2020-12-27 22:01:13,"I would imagine with the vaccine finally rolling out, people are excited to start traveling again. How would you feel if your coworker announced they were going to another state for a few days? Would your opinion change if your whole department already received the second dose of either the Pfizer or Moderna vaccine as opposed to only a few people receiving the first dose?

In my state, healthcare workers are exempt from mandatory quarantining for two weeks after returning from another state. At my hospital, you are allowed to return to work as long as you're asymptomatic and get your temperature checked twice a week for two weeks. I'm curious to see what the restrictions are in other states/countries.",pillywill,0.88,/r/medicine/comments/klhryo/how_do_you_feel_about_coworkers_traveling/,t5_2qhff
36,FDA Briefing Document: Pfizer-BioNTech COVID-19 Vaccine,62,k98igq,https://www.scribd.com/document/487347833/VRBPAC-12-10-20-Meeting-Briefing-Document-FDA,28,2020-12-08 12:26:09,,sgent,0.99,/r/medicine/comments/k98igq/fda_briefing_document_pfizerbiontech_covid19/,t5_2qhff
37,F.D.A. Advisory Panel Gives Green Light to Pfizer Vaccine,63,kapn1j,https://www.nytimes.com/2020/12/10/health/covid-vaccine-pfizer-fda.html,3,2020-12-10 17:52:38,,alwaysanonymous,0.98,/r/medicine/comments/kapn1j/fda_advisory_panel_gives_green_light_to_pfizer/,t5_2qhff
38,Recent regulatory actions against the Adenovirus-vector vaccines don't make much sense.,62,mt1d69,https://www.reddit.com/r/medicine/comments/mt1d69/recent_regulatory_actions_against_the/,32,2021-04-17 19:14:46," I recently analyzed the Oxford study on Cerebral venous thrombosis post-COVID-19 and post-vaccination ([https://osf.io/a9jdq/](https://osf.io/a9jdq/)).

Taken in conjunction with EMA and CDC data, their findings are quite surprising to me.

**(Study)** ***Incidence of CVT or PVT after COVID-19 Infection:***

* Incidence of CVT: 39.0 per million people.
* Incidence of PVT: 436.4 per million people.

**(Study)** ***Incidence of CVT or PVT after Administration of Pfizer or Moderna mRNA Vaccine:***

* Incidence of CVT: 4.1 per million people.
* Incidence of PVT: 44.9 per million people.

**(EMA)** ***Incidence of CVT and PVT after Administration of Oxford/AstraZeneca ChAdOx1 Vaccine\*:***

* Incidence of CVT: 5.0 per million people.
* Incidence of PVT: 1.6 cases per million people\*

**(CDC)** ***Incidence of CVT and PVT after Administration of Jannsen vaccine:***

* Incidence of CVT: 0.88 per million people.

*\* EMA technically looked at cases of Splanchnic thrombosis, but it is comparable to PVT, with 53 cases out of 34 million people.*

Based on this data, it seems as if the incidence of **PVT is \~30x** more prevalent in the Pfizer and Moderna mRNA vaccines than in Oxford/AstraZeneca's vaccine.

I don't quite understand the regulatory rationale behind delaying the Jannsen vaccine, given the incidence rates of CVT and PVT in these vaccines being similar to the mRNA vaccines.

They tend to present similarly as well (increased rate of thrombocytopenia in both CVT and PVT groups).

Thoughts?",757300,0.84,/r/medicine/comments/mt1d69/recent_regulatory_actions_against_the/,t5_2qhff
39,Pfizer blocks the use of its drugs in executions,53,4j88f2,http://www.nytimes.com/2016/05/14/us/pfizer-execution-drugs-lethal-injection.html,38,2016-05-13 16:27:18,,_TheChainsOfMarkov_,0.95,/r/medicine/comments/4j88f2/pfizer_blocks_the_use_of_its_drugs_in_executions/,t5_2qhff
40,Pfizer vaccine only slightly less effective against key South African mutations - study,48,l6me1u,https://www.reuters.com/article/us-health-coronavirus-pfizer-vaccine-idUSKBN29W31M,10,2021-01-27 22:06:02,,Studentdoctor563,0.92,/r/medicine/comments/l6me1u/pfizer_vaccine_only_slightly_less_effective/,t5_2qhff
41,Pfizer's Coronavirus Vaccine Supply Contract Excludes Many Taxpayer Protections,41,k0wgv2,https://www.npr.org/sections/health-shots/2020/11/24/938591815/pfizers-coronavirus-vaccine-supply-contract-excludes-many-taxpayer-protections,5,2020-11-25 12:26:55,,EmotionalEmetic,0.92,/r/medicine/comments/k0wgv2/pfizers_coronavirus_vaccine_supply_contract/,t5_2qhff
42,"If your state/region is implementing vaccine mandates for healthcare workers, how are your respective systems enforcing them, and what plans are in place if there is a mass exodus?",35,p7h9x2,https://www.reddit.com/r/medicine/comments/p7h9x2/if_your_stateregion_is_implementing_vaccine/,27,2021-08-19 11:39:25,"I'm absolutely not debating the vaccine issue here. I was in the Moderna trials myself, and when I found out that I unluckily had received a placebo, i got the pfizer vaccine the moment they made it available at my health system.

My concern is that NYS just made the vaccine mandatory for all health care workers. Because my agency is health system based, this includes our EMS providers. I would say only a little above 50% of the providers in our department are vaccinated, with many falling into the various political/conspiracy theories and refusing to get it (so around 100 or so). I heard the numbers are a bit worse in some other departments within the hospital, especially among the nursing staff. Surprisingly, I heard the best compliance was from teh security department.

 The deadline is mid-September, but I don't see the feasibility of the enfrocement of this. I read about the one hospital in Texas (Houston?) that let go of 160 people that refused to get the vaccine. In our system, we are looking at a lot more. What is the feasibility this will actually be enforced in regions that are mandating this, and what will that mean for the work force?",talldrseuss,0.88,/r/medicine/comments/p7h9x2/if_your_stateregion_is_implementing_vaccine/,t5_2qhff
43,Is the Pfizer vaccine nearly fully effective after one dose?,31,kqie56,https://www.reddit.com/r/medicine/comments/kqie56/is_the_pfizer_vaccine_nearly_fully_effective/,25,2021-01-04 16:26:56,"If you look at the cumulative incidence curves buried in this FDA briefing document, the vaccine curve flattens almost completely 14 days after dose one and scarcely changes after the second dose:

https://www.fda.gov/media/144245/download

Edit: Not at all suggesting people shouldn’t get a second dose, just that people who only got one can breathe a sigh of relief after 2 weeks or so",jeffers8,0.87,/r/medicine/comments/kqie56/is_the_pfizer_vaccine_nearly_fully_effective/,t5_2qhff
44,Dictation Errors,31,ooyof1,https://www.reddit.com/r/medicine/comments/ooyof1/dictation_errors/,24,2021-07-21 16:47:44,"I must read 4 dictation errors a day or so.   They are almost always entertaining.  The weird part about dictation errors is I know what they meant 99% of the time.

>Exhibit A:

>Mrs M was admitted here July 4.  She had incisor vaccine on June 29.  She said she canceled it 3 times and finally did it on the encouragement of her children.  About 3 days after the vaccine ...

&#x200B;

Old thread (closed): [https://www.reddit.com/r/medicine/comments/dmx5yo/dictation\_errors/](https://www.reddit.com/r/medicine/comments/dmx5yo/dictation_errors/)

&#x200B;

>!Incisor = Pfizer!<

Anyone else have a good Dr. Dick Tay Shun errors ?",KetosisMD,0.92,/r/medicine/comments/ooyof1/dictation_errors/,t5_2qhff
45,Britain OKs Pfizer vaccine and will begin shots within days,35,k5pl51,https://apnews.com/article/uk-authorizes-vaccine-emergency-use-ea0170c978eb281a905866e5bd78bbdf,9,2020-12-02 22:40:59,,leadstoanother,0.96,/r/medicine/comments/k5pl51/britain_oks_pfizer_vaccine_and_will_begin_shots/,t5_2qhff
46,COVID Booster Manufacturer Switch?,31,paafm3,https://www.reddit.com/r/medicine/comments/paafm3/covid_booster_manufacturer_switch/,77,2021-08-23 18:30:32,"Fellow HCWs, for your booster, do you intend to get the same manufacturer or change over to the other, e.g. Pfizer and Moderna, here in the US at least.  Have you jumped the gun and gotten a booster already? Moderna seems to have a bit higher incidence of mild side effects than Pfizer, but at least you know your body reacted to the shot!",immd2020,0.91,/r/medicine/comments/paafm3/covid_booster_manufacturer_switch/,t5_2qhff
47,"Why Oxford/AstraZeneca trials used a vaccine for meningococcal in the control group, instead of saline solution? And what could explain part of the study being double blind and part single blind?",25,kb0jfk,https://www.reddit.com/r/medicine/comments/kb0jfk/why_oxfordastrazeneca_trials_used_a_vaccine_for/,19,2020-12-11 05:45:49,"Pfizer/BioNTech was so simple to understand, I'm having trouble making sense of this one. Not really familiarized yet with academic procedures.

> MenACWY was chosen as the control group vaccine to minimise the chance of accidental participant unmasking due to local or systemic reactions to the vaccine

Shouldn't they be more worried about single blind unmasking than people thinking it's weird not having side effects?

[source](https://www.thelancet.com/journals/lancet/article/PIIS0140-6736(20)32661-1/fulltext)",highgarden-democrat,0.96,/r/medicine/comments/kb0jfk/why_oxfordastrazeneca_trials_used_a_vaccine_for/,t5_2qhff
48,Vaccination without enough data,26,l10ael,https://www.reddit.com/r/medicine/comments/l10ael/vaccination_without_enough_data/,16,2021-01-19 22:07:33,"I live in argentina, the only vaccine we can get is the sputnik v and I'm very troubled about that.

The only available information we have are press releases by the manufacturer and whatever vague announcement our government does

Apparently they are under a gag order by the gamaleya institute so the information of the interim analysis by our local fda like the ones from moderna and pfizer are simply not available, it's a mere 3 pages report that mostly is a verbatim copy of the russian press release.

Just yesterday our health ministry claimed that data received from the manufacturer proves safety for over 60 years old so the plan is to start that age group soon, the catch, the only people that saw that data are a select few, no public records available.

So far they claim a 92% efficacy but so much secrecy is giving me a hard time to accept the vaccine.
Is there some information I am missing?

UpToDate says the following which is pretty much all what is known so far

>	Sputnik V (Gamaleya Institute) – This is a vaccine developed in Russia that uses two replication-incompetent adenovirus vectors that express a full-length spike glycoprotein. The vaccine is given intramuscularly as an initial adenovirus 26 vector dose followed by an adenovirus 5 vector boosting dose 28 days later. In an open-label, nonrandomized phase I/II trial, the vaccine was associated with mild to moderate local and systemic reactions, but SARS-CoV-2 humoral and cellular immune responses were detected in the participants [63]. This vaccine was licensed in Russia prior to completion of any efficacy trials. Russian officials reported a 91.4 percent efficacy rate following interim analysis of a phase III trial; however, the validity of this estimate is questionable because it is based on only 39 cases [64].

[63]: https://pubmed.ncbi.nlm.nih.gov/32896291/

[64]: https://sputnikvaccine.com/newsroom/pressreleases/second-interim-analysis-of-clinical-trial-data-showed-a-91-4-efficacy-for-the-sputnik-v-vaccine-on-d/ 

Personally I'm low risk and only work in an outpatient setting


What would you do?
Before I finnish I have to say that for the time being that is the only thing available, there was a falling between pfizer and our govt.

Thanks to u/Meaningless_Numbers",PrimeRadian,1.0,/r/medicine/comments/l10ael/vaccination_without_enough_data/,t5_2qhff
49,Head of Pfizer pharmaceuticals says vaccine could be ready by October,23,gt8hwg,https://www.timesofisrael.com/head-of-pfizer-pharmaceuticals-says-vaccine-could-be-ready-by-october/,16,2020-05-30 01:03:31,,leadstoanother,0.9,/r/medicine/comments/gt8hwg/head_of_pfizer_pharmaceuticals_says_vaccine_could/,t5_2qhff
50,One dose of Pfizer vaccine per person: Gov. DeSantis suggests one dose of Pfizer vaccine may be enough,21,kcqxtp,https://floridapolitics.com/archives/388610-gov-desantis-suggests-one-dose-of-pfizer-vaccine-may-be-enough,49,2020-12-13 23:53:35,,Attaboy3,0.79,/r/medicine/comments/kcqxtp/one_dose_of_pfizer_vaccine_per_person_gov/,t5_2qhff
51,What an F.D.A. Committee Weighed in Voting for the Pfizer COVID Vaccine,21,kc0rrc,https://www.newyorker.com/news/daily-comment/the-fdas-advisory-committee-recommends-approval-of-pfizers-covid-vaccine,2,2020-12-12 19:46:04,,AngelaMotorman,0.94,/r/medicine/comments/kc0rrc/what_an_fda_committee_weighed_in_voting_for_the/,t5_2qhff
52,"Educational material on the Moderna and Pfizer vaccines for people who don’t trust federal agencies like the NIH, CDC and FDA?",18,kqklef,https://www.reddit.com/r/medicine/comments/kqklef/educational_material_on_the_moderna_and_pfizer/,9,2021-01-04 18:12:02,"I wish I didn’t need this, but would appreciate some suggestions. A credible YouTube video or PowerPoint would be great- the people in mind wouldn’t be very interested in a podcast or lengthy research study. Thanks!",SociologicalAd,0.91,/r/medicine/comments/kqklef/educational_material_on_the_moderna_and_pfizer/,t5_2qhff
53,Interim Clinical Considerations for Use of mRNA COVID-19 Vaccines Currently Authorized in the United States,16,khll0b,https://www.reddit.com/r/medicine/comments/khll0b/interim_clinical_considerations_for_use_of_mrna/,8,2020-12-21 12:15:32,"[Link to Guidance](https://www.cdc.gov/vaccines/covid-19/info-by-product/clinical-considerations.html?CDC_AA_refVal=https%3A%2F%2Fwww.cdc.gov%2Fvaccines%2Fcovid-19%2Finfo-by-product%2Fpfizer%2Fclinical-considerations.html)

Here is the interim guidance for SARS-CoV-2 vaccinations.  Note the only CONTRAINDICATION is an *actual* severe reaction to either of the mRNA vaccines.

A history of reactions and/or anaphylaxis to previous vaccines is a PRECAUTION. Note the different definitions according to FDA terminology and the implications therein. There has been a lot of confusion it seems about what FDA says versus what individual institutions and/or individual providers are saying.

The decision table is also below for easy reference.

&#x200B;

https://preview.redd.it/3v92u792pk661.png?width=994&format=png&auto=webp&s=a687517999a02c418d8dfc9cad36053e8639cc63

\* See Special Populations section for information on patient counseling in these groups

† Refers only to mRNA COVID-19 vaccines currently authorized in the  United States (i.e., Pfizer-BioNTech, Moderna COVID-19 vaccines)",amothep8282,1.0,/r/medicine/comments/khll0b/interim_clinical_considerations_for_use_of_mrna/,t5_2qhff
54,Update on the russian vaccine,12,lqy03d,https://www.reddit.com/r/medicine/comments/lqy03d/update_on_the_russian_vaccine/,5,2021-02-23 19:24:38,"Thank you medditors for your help with this issue, the interim analysis although far from the FDA report for things like the pfizer and moderna vaccines have...it is all I have.

Got the first dose yesterday and I feel like the siberian express ran over me, it's not flu-like, it is as awful as flu!

This better worth it.

Poyekhali!",PrimeRadian,0.79,/r/medicine/comments/lqy03d/update_on_the_russian_vaccine/,t5_2qhff
55,"Biologists spent ten years trying to map the structure of the elusive Mason Pfizer Monkey Virus, a problem that could unlock the cure for AIDS. The Contenders solved it in three weeks.",12,268lky,http://www.physiciansweekly.com/the-contenders/,0,2014-05-22 16:10:35,,JerseyDoc,0.74,/r/medicine/comments/268lky/biologists_spent_ten_years_trying_to_map_the/,t5_2qhff
56,Can Pfizer and Moderna vaccines make you test positive in antigenic tests?,11,ky4ty0,https://www.reddit.com/r/medicine/comments/ky4ty0/can_pfizer_and_moderna_vaccines_make_you_test/,5,2021-01-15 16:52:38,"Hi all, I'm a young med doctor and this evening a patient asked me ""Is it real that after the vaccine you need to stay isolated because you can test positive?""

The question could seem naive, but...

We know some rapid antigenic tests detect the spike protein, which is the same protein our body produces after getting vaccinated with mRNA vaccines.

So: could we test positive for sars-cov-2 antigens if we got vaccinated?
Couldn't find a proper answer on the web.",Elles93,0.8,/r/medicine/comments/ky4ty0/can_pfizer_and_moderna_vaccines_make_you_test/,t5_2qhff
57,Why do we use viral vectors in vaccines? And why give vaccines intramuscularly?,11,kj18xg,https://www.reddit.com/r/medicine/comments/kj18xg/why_do_we_use_viral_vectors_in_vaccines_and_why/,17,2020-12-23 16:02:34,"I've been thinking about the delivery of the COVID vaccines. The Pfizer and Moderna vaccines use a lipid nanoparticle delivery system while the AstraZeneca uses a chimpanzee adenovirus viral vector. Is there a benefit to using the chimp adenovirus as a viral vector? Seems to me that there's a risk of developing antibodies to the vector itself after the first dose of the AZ vaccine, which might make the second dose less effective. I think the Russian vaccine utilizes two different viral vectors to work around this exact problem. I'm wondering if there's a benefit to using a viral vector over lipid nanoparticles that I'm not seeing. Enhanced immunogenicity or enhanced uptake by cells maybe?

Also, why do we give vaccines intramuscularly? There are so many potential routes of administration. For example, why not intradermal delivery?

> A variety of antigen-presenting cells reside in the skin, making it an ideal site for immunogen delivery during vaccination ([Fig. 3](https://www.nature.com/articles/nrd.2017.243#Fig3)). Thus, the intradermal route of delivery has been widely used for mRNA cancer vaccines. 

source: [https://www.nature.com/articles/nrd.2017.243](https://www.nature.com/articles/nrd.2017.243)",stultitia-fugax,0.92,/r/medicine/comments/kj18xg/why_do_we_use_viral_vectors_in_vaccines_and_why/,t5_2qhff
58,ZDoggMD's take on the EUA for Pfizer vaccine in children as young as 12,8,ncou6v,https://youtu.be/FASJnSMVPg4,55,2021-05-14 22:24:02,,whatthesheep,0.63,/r/medicine/comments/ncou6v/zdoggmds_take_on_the_eua_for_pfizer_vaccine_in/,t5_2qhff
59,"Pfizer Still Wants AstraZeneca, After Bid Rejected",5,248mm0,http://www.bloomberg.com/news/2014-04-28/pfizer-confirms-proposing-98-7-billion-astrazeneca-deal.html,0,2014-04-28 21:29:41,,Consciouswrdsbt,0.73,/r/medicine/comments/248mm0/pfizer_still_wants_astrazeneca_after_bid_rejected/,t5_2qhff
60,You've had both your Moderna/Pfizer Covid vaccine doses. Someone from your institution approaches you and offers you a dose of the OTHER one you got that's LITERALLY about to expire...,8,lh3gzk,https://www.reddit.com/r/medicine/comments/lh3gzk/youve_had_both_your_modernapfizer_covid_vaccine/,25,2021-02-10 15:49:05,"I think the title says it all but here it is, as theoretical question for discussion as it has or will eventually come up.

You got both your doses of Pfizer/Moderna. You're 21-28 days out from the second one. It's 4:57pm and there is literally no one else to vaccinate because of no shows, extra overfill, or thawed too many vials. They have 6 extra doses and literally cannot find another living human to stab who wants it or who already hasn't had it. The doses will expire at 5:00pm sharp and have to be discarded. 

Someone approaches you with a dose of the OTHER one (eg you got Moderna x2 and they have Pfizer in their hand). They state the dose either goes in your arm or in the trash, nowhere else. There is no one else to give it to.

What do you do? 

For me, I see a fair amount of Covid patients in a confined ambulance and the UK and South African variants are both in my county. I've had both Moderna doses. So, personally, I would roll up my sleeve, sit down, and wait until 4:59:30 PM before i gave the go ahead to get the Pfizer dose about to expire. If someone else comes running up and makes a game winning dive into the chair, I would let them have it. Otherwise, at 4:59:30 PM I would give the go ahead.

I say this because Pfizer and Moderna approached creating the vaccine from different angles, and each may provide some coverage of holes the other does not. A heterologous vaccine boost may extend the mileage. I am extremely healthy, and my second Moderna dose was a breeze for me. I know the risks but would be willing to accept them. 

So, what are your thoughts and responses?",amothep8282,0.6,/r/medicine/comments/lh3gzk/youve_had_both_your_modernapfizer_covid_vaccine/,t5_2qhff
61,Pfizer had clues its blockbuster drug could prevent Alzheimer’s. Why didn’t it tell the world?,5,bx8b1c,https://www.reddit.com/r/medicine/comments/bx8b1c/pfizer_had_clues_its_blockbuster_drug_could/,22,2019-06-05 17:39:17,"I was sent this article by a friend who works on Capitol Hill. I was interested to hear what you all think, particularly given that she and her co-workers interpreted Pfizer's actions as being maliciously profit-driven. On reading this I just sort of believed Pfizer that the finding was not of great value and so wasn't worth reporting. I suppose it's difficult to say without their data. I'm also interested in hearing what you all think about the promise of rheumatologic agents like etanercept in treating Alzheimer's. I'm aware that the amyloid and tau hypotheses haven't really yielded any useful pharmacologic targets and so is this a possible future direction?",von_Goethe,0.59,/r/medicine/comments/bx8b1c/pfizer_had_clues_its_blockbuster_drug_could/,t5_2qhff
62,Thoughts on eventual covid vaccination of babies (>6 months) after mother was vaccinated during pregnancy?,3,pbd71p,https://www.reddit.com/r/medicine/comments/pbd71p/thoughts_on_eventual_covid_vaccination_of_babies/,5,2021-08-25 11:09:59,Should we be getting antibody titers first to assess? Do you see a problem if mother received moderna but Pfizer will likely be approved for > 6 months first? Will clinical trials be able to provide information for these circumstances?,morgan133,0.81,/r/medicine/comments/pbd71p/thoughts_on_eventual_covid_vaccination_of_babies/,t5_2qhff
63,A Pfizer AIDS drug that failed commercially may help patients whose bone marrow transplants effect them.,2,wepkw,http://www.forbes.com/sites/matthewherper/2012/07/11/immune-reversal-unsuccessful-pfizer-aids-drug-might-help-transplant-patients/,0,2012-07-11 18:06:46,,ethertramp,1.0,/r/medicine/comments/wepkw/a_pfizer_aids_drug_that_failed_commercially_may/,t5_2qhff
64,"A voluntary nationwide recall of 3 different lots of the antidepressant venlafaxine (Effexor, Pfizer Inc) has been issued by the drug's manufacturer owing to possible contamination with a heart drug and subsequent potentially fatal consequences.",2,1zusri,http://www.medscape.com/viewarticle/821631,0,2014-03-07 19:48:16,,Scientologist2a,0.67,/r/medicine/comments/1zusri/a_voluntary_nationwide_recall_of_3_different_lots/,t5_2qhff
65,Getting the Covid vaccine,3,keu6m6,https://www.reddit.com/r/medicine/comments/keu6m6/getting_the_covid_vaccine/,96,2020-12-17 04:17:53,"

I’m currently working as a hospitalist in a place where we’ve started rolling out the vaccine (Pfizer) to us healthcare professionals. There’s a great deal of apprehension about this among us about taking it. We’re definitely not anti vaxxers, but I guess being from a demographic (30-40 with no comorbids) where Covid isn’t particularly lethal is making us think twice on whether it is worth taking the risk and opting in for a vaccine that has no long term safety data.

What are your thoughts on the matter? I see quite a few here have already gotten the vaccine. Can you explain your frame of mind and help me have a different perspective?",CreakinFunt,0.53,/r/medicine/comments/keu6m6/getting_the_covid_vaccine/,t5_2qhff
66,My doctor just gave this crap: Anti-Inflammatory Celebrex Drug | Lawsuit Against Pfizer,0,14fkx7,http://articles.mercola.com/sites/articles/archive/2012/07/09/lawsuit-against-pfizer-celebrex.aspx#.UMGNFcNVzsg.reddit,1,2012-12-07 01:32:14,,c0sin,0.2,/r/medicine/comments/14fkx7/my_doctor_just_gave_this_crap_antiinflammatory/,t5_2qhff
67,Is the antibiotics pipeline drying up?,0,1yc45e,https://www.reddit.com/r/medicine/comments/1yc45e/is_the_antibiotics_pipeline_drying_up/,7,2014-02-19 07:01:21,"The magic pill, wonder drug call it what you want antibiotics are the staple of today's medicine. Since the WWII these pills have saved millions of lives, don't foget before the discovery of antibiotics you could die from a small infected cut. More people use to die of infections then the initial injury. But are we running out of this wonder drug? As you might know the bacteria are evolving  and increasingly we have found strains of bacteria like gram negative which are resistant to almost every single antibiotic we have. New strains of tuberculosis have been identified in Peru which are resistant to every known antibiotic. Bugs are evolving faster then we can find a cure specially when you know that companies like Pfizer which once pioneered in the field have now altogether left it. There is close to no research on new antibiotics cause they don't make commercial sense like antidepressants or heart or another drugs which the patient has to take for the rest of their life. More people now die of super bugs in America then of Aids, isn't it time our Govt stepped in? We are slowly returning to the time when a cut could kill a man if nothing is done. They say if everyone who died from SB or infected with then had a cross on their head we would have legislation tomorrow.",Jack_Gatsby,0.4,/r/medicine/comments/1yc45e/is_the_antibiotics_pipeline_drying_up/,t5_2qhff
