,title,score,id,url,comms_num,created,body,author,upvote_ratio,permalink,subreddit_id
0,Oxford-AstraZeneca vaccine approved for use in UK,595,kn2e4z,https://www.bbc.com/news/health-55280671,90,2020-12-30 08:37:15,,E1GDC,0.99,/r/medicine/comments/kn2e4z/oxfordastrazeneca_vaccine_approved_for_use_in_uk/,t5_2qhff
1,Counseling patients with Autoimmune diseases of COVID-19 vaccines,220,k7cv71,https://www.reddit.com/r/medicine/comments/k7cv71/counseling_patients_with_autoimmune_diseases_of/,65,2020-12-05 13:33:47,"Does anyone have any studies to reference or advice on counseling patients who have autoimmune diseases who have concerns over taking a COVID-19 vaccine?

Is there any data to suggest that an mRNA vaccine could theoretically worsen or cause a flare of their underlying disorder. Would there be less theoretical risk in using a adenovirus vector vaccine such as AstraZeneca is producing instead of the mRNA type?

From what I can gather the mRNA participants thus far have been healthy adults and I would like to be able to properly discuss risks and benefits of mRNA vaccines when the time comes to that subset of patients that have concerns over it.",novo87,0.97,/r/medicine/comments/k7cv71/counseling_patients_with_autoimmune_diseases_of/,t5_2qhff
2,AstraZeneca R&D Oncology Chief José Baselga Dies at 61 [from CJD],126,mawcz7,https://www.bloomberg.com/news/articles/2021-03-21/astrazeneca-r-d-oncology-chief-jos-baselga-dies-at-61,22,2021-03-22 15:53:31,,Dilaudidsaltlick,0.98,/r/medicine/comments/mawcz7/astrazeneca_rd_oncology_chief_josé_baselga_dies/,t5_2qhff
3,U.S. Health Officials Question AstraZeneca Vaccine Trial Results,72,mb8ncb,https://www.nytimes.com/live/2021/03/22/world/covid-vaccine-coronavirus-cases#us-health-officials-question-results-from-astrazenecas-vaccine-trial-hours-after-theyre-released,29,2021-03-23 02:45:44,,jcarberry,0.91,/r/medicine/comments/mb8ncb/us_health_officials_question_astrazeneca_vaccine/,t5_2qhff
4,South Africa Halts Use of AstraZeneca Vaccine,69,leunhu,https://www.nytimes.com/live/2021/02/07/world/covid-19-coronavirus/south-africa-says-astrazenecas-vaccine-is-not-very-effective-at-stopping-a-variant-from-causing-illness,37,2021-02-07 15:23:03,,aglaeasfather,0.96,/r/medicine/comments/leunhu/south_africa_halts_use_of_astrazeneca_vaccine/,t5_2qhff
5,Recent regulatory actions against the Adenovirus-vector vaccines don't make much sense.,59,mt1d69,https://www.reddit.com/r/medicine/comments/mt1d69/recent_regulatory_actions_against_the/,32,2021-04-17 19:14:46," I recently analyzed the Oxford study on Cerebral venous thrombosis post-COVID-19 and post-vaccination ([https://osf.io/a9jdq/](https://osf.io/a9jdq/)).

Taken in conjunction with EMA and CDC data, their findings are quite surprising to me.

**(Study)** ***Incidence of CVT or PVT after COVID-19 Infection:***

* Incidence of CVT: 39.0 per million people.
* Incidence of PVT: 436.4 per million people.

**(Study)** ***Incidence of CVT or PVT after Administration of Pfizer or Moderna mRNA Vaccine:***

* Incidence of CVT: 4.1 per million people.
* Incidence of PVT: 44.9 per million people.

**(EMA)** ***Incidence of CVT and PVT after Administration of Oxford/AstraZeneca ChAdOx1 Vaccine\*:***

* Incidence of CVT: 5.0 per million people.
* Incidence of PVT: 1.6 cases per million people\*

**(CDC)** ***Incidence of CVT and PVT after Administration of Jannsen vaccine:***

* Incidence of CVT: 0.88 per million people.

*\* EMA technically looked at cases of Splanchnic thrombosis, but it is comparable to PVT, with 53 cases out of 34 million people.*

Based on this data, it seems as if the incidence of **PVT is \~30x** more prevalent in the Pfizer and Moderna mRNA vaccines than in Oxford/AstraZeneca's vaccine.

I don't quite understand the regulatory rationale behind delaying the Jannsen vaccine, given the incidence rates of CVT and PVT in these vaccines being similar to the mRNA vaccines.

They tend to present similarly as well (increased rate of thrombocytopenia in both CVT and PVT groups).

Thoughts?",757300,0.83,/r/medicine/comments/mt1d69/recent_regulatory_actions_against_the/,t5_2qhff
6,AstraZeneca: ‘Winning’ vaccine formula is 100% effective against severe COVID-19,63,kmluv7,https://www.timesofisrael.com/astrazeneca-winning-vaccine-formula-is-100-effective-against-severe-covid-19/,39,2020-12-29 15:10:02,,leadstoanother,0.83,/r/medicine/comments/kmluv7/astrazeneca_winning_vaccine_formula_is_100/,t5_2qhff
7,AstraZeneca Missteps Undermined U.S. Faith in Coronavirus Vaccine - The New York Times,51,k9kuya,https://www.nytimes.com/2020/12/08/business/covid-vaccine-oxford-astrazeneca.html,18,2020-12-08 23:23:06,,Get_This,0.98,/r/medicine/comments/k9kuya/astrazeneca_missteps_undermined_us_faith_in/,t5_2qhff
8,Oxford-AstraZeneca Vaccine Candidate Shows Promising Results in Phase I Trial,46,huljr0,https://www.thelancet.com/lancet/article/s0140-6736(20)31604-4,17,2020-07-20 09:48:35,,Justyourneighbour,0.93,/r/medicine/comments/huljr0/oxfordastrazeneca_vaccine_candidate_shows/,t5_2qhff
9,"Lilly, AstraZeneca halt Lanabecestat (AZD3293) phase 3 Alzheimer’s trials due to futility",48,8qjexv,https://www.fiercebiotech.com/biotech/lilly-astrazeneca-halt-phase-3-alzheimer-s-trials-for-futility-further-denting-bace?utm_source=internal&utm_medium=rss,8,2018-06-12 10:35:46,,amothep82,0.99,/r/medicine/comments/8qjexv/lilly_astrazeneca_halt_lanabecestat_azd3293_phase/,t5_2qhff
10,"AstraZeneca/Oxford vaccine preliminary Phase II/III results show 70% efficacy, up to 90% with particular dosing regimen",46,jzdejc,https://www.astrazeneca.com/media-centre/press-releases/2020/azd1222hlr.html,27,2020-11-23 02:46:02,,k471,0.96,/r/medicine/comments/jzdejc/astrazenecaoxford_vaccine_preliminary_phase_iiiii/,t5_2qhff
11,"If you see a paper that says it was funded in whole or part by a pharmaceutical company, how much do you trust it?",31,2czlnv,https://www.reddit.com/r/medicine/comments/2czlnv/if_you_see_a_paper_that_says_it_was_funded_in/,32,2014-08-08 11:51:46,"http://www.sciencedirect.com/science/article/pii/S1081120610600038

>This feature is supported by an unrestricted education grant from AstraZeneca LP

Not sure what to think.",TissueReligion,0.82,/r/medicine/comments/2czlnv/if_you_see_a_paper_that_says_it_was_funded_in/,t5_2qhff
12,"Why Oxford/AstraZeneca trials used a vaccine for meningococcal in the control group, instead of saline solution? And what could explain part of the study being double blind and part single blind?",26,kb0jfk,https://www.reddit.com/r/medicine/comments/kb0jfk/why_oxfordastrazeneca_trials_used_a_vaccine_for/,19,2020-12-11 05:45:49,"Pfizer/BioNTech was so simple to understand, I'm having trouble making sense of this one. Not really familiarized yet with academic procedures.

> MenACWY was chosen as the control group vaccine to minimise the chance of accidental participant unmasking due to local or systemic reactions to the vaccine

Shouldn't they be more worried about single blind unmasking than people thinking it's weird not having side effects?

[source](https://www.thelancet.com/journals/lancet/article/PIIS0140-6736(20)32661-1/fulltext)",highgarden-democrat,0.96,/r/medicine/comments/kb0jfk/why_oxfordastrazeneca_trials_used_a_vaccine_for/,t5_2qhff
13,"AstraZeneca receives $1 Billion in US funding from BARDA for vaccine, at least 400 million doses, available “as early as” September",27,gnvxsi,https://www.cnbc.com/2020/05/21/coronavirus-us-gives-astrazenena-1-billion-for-oxford-vaccine.html,10,2020-05-21 08:27:28,,locked_out_syndrome,0.94,/r/medicine/comments/gnvxsi/astrazeneca_receives_1_billion_in_us_funding_from/,t5_2qhff
14,Why do we use viral vectors in vaccines? And why give vaccines intramuscularly?,11,kj18xg,https://www.reddit.com/r/medicine/comments/kj18xg/why_do_we_use_viral_vectors_in_vaccines_and_why/,17,2020-12-23 16:02:34,"I've been thinking about the delivery of the COVID vaccines. The Pfizer and Moderna vaccines use a lipid nanoparticle delivery system while the AstraZeneca uses a chimpanzee adenovirus viral vector. Is there a benefit to using the chimp adenovirus as a viral vector? Seems to me that there's a risk of developing antibodies to the vector itself after the first dose of the AZ vaccine, which might make the second dose less effective. I think the Russian vaccine utilizes two different viral vectors to work around this exact problem. I'm wondering if there's a benefit to using a viral vector over lipid nanoparticles that I'm not seeing. Enhanced immunogenicity or enhanced uptake by cells maybe?

Also, why do we give vaccines intramuscularly? There are so many potential routes of administration. For example, why not intradermal delivery?

> A variety of antigen-presenting cells reside in the skin, making it an ideal site for immunogen delivery during vaccination ([Fig. 3](https://www.nature.com/articles/nrd.2017.243#Fig3)). Thus, the intradermal route of delivery has been widely used for mRNA cancer vaccines. 

source: [https://www.nature.com/articles/nrd.2017.243](https://www.nature.com/articles/nrd.2017.243)",stultitia-fugax,0.92,/r/medicine/comments/kj18xg/why_do_we_use_viral_vectors_in_vaccines_and_why/,t5_2qhff
15,Neuros/Psychs of Reddit: What keeps you in your field given the state of the Pipeline?,9,1wrnhg,https://www.reddit.com/r/medicine/comments/1wrnhg/neurospsychs_of_reddit_what_keeps_you_in_your/,8,2014-02-01 19:33:19,"I just want to ask given that I am in the middle of the wasteland that is the Neuroscience Pipeline, what keeps you guys in your field?  In the past 24 months we have seen go down in flames:

Alzheimer's  
Bapineuzumab, Semagacestat, Avagacestat, Lilly's BACE-1 inhibitor, Solanezumab, Gammagard (IVIG), ELN-D005, and dozens of others.  
            
Schizophrenia  
  
TC-5619, pomaglumetad methionil, any and all mGluR 2/3 allosteric modulators, cariparazine got a complete response letter, bitopertin, AMG-747     
  
                                                                            
                                       
Depression  
  
Edivoxietene, any other novel compound except ketamine (go figure)  
  
                            
                        
The only drugs we have coming through late-stage development are the ""me too"" drugs.  Who gives a shit if brexpiprazole has ""better D2 partial agonism"" than aripiprazole.  Neuroscience is bringing Pharma to its knees, and success from the low hanging fruit has tainted both the FDA and R&D into a bullshit, unworkable models.  

Lily's Neuroscience pipeline has been obliterated to the point it may never recover.  BMS, AstraZeneca, GlaxoSmithKlein, and many others' Neuro R&D are total shadows of what they once were.  

So given that you may be stuck with only the drugs you have now for the next 10-20 years, how does or did that impact your choice to get into or stay in Neuro/Psychiatry? When the Pharma reps come in to your office and talk about their ""robust pipeline"", do you honestly keep a straight face? I an genuinely and truly interested in your thoughts.  Are you happy with what you have now, and how do you feel about the future?",mad-neuroscientist,0.77,/r/medicine/comments/1wrnhg/neurospsychs_of_reddit_what_keeps_you_in_your/,t5_2qhff
16,"Pfizer Still Wants AstraZeneca, After Bid Rejected",7,248mm0,http://www.bloomberg.com/news/2014-04-28/pfizer-confirms-proposing-98-7-billion-astrazeneca-deal.html,0,2014-04-28 21:29:41,,Consciouswrdsbt,0.89,/r/medicine/comments/248mm0/pfizer_still_wants_astrazeneca_after_bid_rejected/,t5_2qhff
17,Do you believe that the privatization of publicly funded COVID-19 vaccine research is absolutely necessary for efficient and equitable vaccine distribution?,5,l5n1yb,https://www.reddit.com/r/medicine/comments/l5n1yb/do_you_believe_that_the_privatization_of_publicly/,9,2021-01-26 15:38:48,"**Can nonexclusive, royalty-free licenses for the COVID-19 vaccine provide an equitable and efficient vaccine distribution process?**

At the time, we're going through a global pandemic riddled with mass misinformation. I think trust in modern medicine is particularly important right now. I'm hoping to start discourse on the topic, as I work, study and research in Public Health.

&#x200B;

&#x200B;

In August Kaiser Health News [released an article detailing how Oxford University is no longer making their vaccine research for COVID-19 open license as originally planned](https://khn.org/news/rather-than-give-away-its-covid-vaccine-oxford-makes-a-deal-with-drugmaker/), but rather;

>Oxford—urged on by the Bill & Melinda Gates Foundation—reversed course. It signed an exclusive vaccine deal with AstraZeneca that gave the pharmaceutical giant sole rights and no guarantee of low prices

Why?

>“We went to Oxford and said, Hey, you’re doing brilliant work,” Bill Gates told reporters on June 3, a transcript shows. “But … you really need to team up.” The comments were first reported by Bloomberg.

According to the article AstraZeneca has agreed to distribute the vaccine at no profit but only *until the pandemic is over.*

Which the public has no way of verifying since financial manufacturing information is now confidential.  Many Global Health organizations like MSF are extremely disappointed with the privatization of COVID-19 research.

Especially with the stark contrast in plan from a publicly funded institution!

>“I personally don’t believe that in a time of pandemic there should be exclusive licenses,” Adrian Hill, director of Oxford’s Jenner Institute, which is developing the vaccine, [told The New York Times](https://www.nytimes.com/2020/04/27/world/europe/coronavirus-vaccine-update-oxford.html) in **April**.

Others say;

>“I think IP \[intellectual property, or exclusive patents\] is a fundamental part of our industry and if you don’t protect IP, then essentially there is no incentive for anybody to innovate,” Soriot [told the newspaper The Telegraph](https://www.telegraph.co.uk/global-health/science-and-disease/patent-pool-potential-covid-19-products-nonsense-pharma-leaders/) in May.

Is there no incentive for you to stop a global pandemic, unless the public no longer has access to the research they paid for? The polio vaccine seemingly tells a different story.

In your opinion, is this absolutely necessary or is this just greed? Many people point to economists for an answer, but I'd like to hear what those on the front line believe.

To be honest, I think this is a shit move. Less so because of the profiteering involved, but more so because this particular pandemic is riddled with conspiracy and distrust. Open sourced information on the vaccine could be potentially helpful in regaining public trust in the health sect.I like to give B&M Foundation the benefit of the doubt since they're one of the leaders in global vaccine distribution and development.

&#x200B;

What does the front line think? ",Justice_is_a_scam,0.67,/r/medicine/comments/l5n1yb/do_you_believe_that_the_privatization_of_publicly/,t5_2qhff
18,Second Moderna vaccine,6,l0z5v0,https://www.reddit.com/r/medicine/comments/l0z5v0/second_moderna_vaccine/,23,2021-01-19 21:04:16,"Hi All!

Many of my friends and colleagues are getting their second dose of Moderna in the last week or two. Anecdotally, I am hearing of pretty miserable side effects for what seems to be a relatively minor boost in efficacy. Moderna has 80% percent efficacy with one dose which meets or beats two doses of AstraZeneca. I understand that the UK is delaying all second doses for 12 weeks.

The only reason I can come up with to endure the weekend of misery that seems pretty prevalent is to presumably induce longer lasting immunity. Is it reasonable to think that the second dose could be overkill? Can anyone more informed than myself explain how crucial it is (or isn’t) to get two of what seems like a remarkably effective single dose vaccine. Thanks!",NeuroAPRN,0.58,/r/medicine/comments/l0z5v0/second_moderna_vaccine/,t5_2qhff
