,title,score,id,url,comms_num,created,body,author,upvote_ratio,permalink,subreddit_id
0,Johnson & Johnson COVID-19 vaccine becomes the 4th to receive Health Canada approval,1688,lycsk3,https://www.cbc.ca/news/politics/johnson-johnson-covid19-vaccine-approved-1.5937900,268,2021-03-05 09:19:48,,TFenrir,0.98,/r/ontario/comments/lycsk3/johnson_johnson_covid19_vaccine_becomes_the_4th/,t5_2qsf3
1,"(CBC News) 1st shipment of Johnson & Johnson's COVID-19 vaccine now in Canada. 304,800 doses of the vaccine arrived at Pearson International Airport today and will be distributed to the provinces. Unlike other vaccines, only 1 dose is needed to be fully vaccinated.",467,n0sb9u,https://twitter.com/CBCAlerts/status/1387503649820188672?s=19,133,2021-04-28 20:02:22,,pcwelit,0.97,/r/ontario/comments/n0sb9u/cbc_news_1st_shipment_of_johnson_johnsons_covid19/,t5_2qsf3
2,Johnson & Johnson vaccine to begin arriving in Canada by end of April,172,mglbwb,https://globalnews.ca/news/7728619/johnson-and-johnson-vaccine-canada-covid-19-april/,30,2021-03-30 13:31:02,,BestBongoMan,0.96,/r/ontario/comments/mglbwb/johnson_johnson_vaccine_to_begin_arriving_in/,t5_2qsf3
3,"Results of the safe drug supply program in London, Ontario",147,nlwbz8,https://www.reddit.com/r/ontario/comments/nlwbz8/results_of_the_safe_drug_supply_program_in_london/,42,2021-05-26 21:13:10,"At the London InterCommunity Health Centre, Dr. Andrea Sereda prescribes hydromorphone (Dilaudid) for about 150 opioid addicts. According to the SALOME trial, many addicts can't tell the difference between hydromorphone and pure heroin. Most patients go to the pharmacy once a day to pick up their daily supplies, which they inject at home throughout the day. Some get weekly supplies. The hydromorphone comes in the form of hypodermic/ injectable tablets. Results:

There was a significant drop in drug-related crime.  48 percent commited crimes when they entered the program. That number was reduced to 12 percent. Likewise, 68 percent engaged in sex work. That number was reduced to 20 percent.

There was a significant drop in injectable drug use. While 100 percent injected when they entered the program, 24 percent now shifted to oral use only; plus 13 percent alternate between IV use and oral use.

There was a significant drop in homelessness, from 62 percent to 38 percent, with 50 percent having acquired or mantained housing.

Zero overdose deaths.

Zero new cases of endocartitis.

Hospital admissions and emergency room visits reduced.

90 percent retention rate.

As Andrea Ryan, Andrea Sereda and Nadia Fairbairn puts it: ""In Ontario, safer supply programs have been in place for up to 5 years showing initial results of decreased overdose, decreased infections, improvements in chronic disease management and decreased illegal activities to fund illicit drug purchase. These programs are creating compelling evidence that many of the harms of illicit drug use are in fact related to prohibition of these substances and our societal response to their use.""

Source:

Safer Opioid Supply Program - FAQ, London Intercommunity Health Centre

COVID-19, Substance Use, and Safer Supply: Clinical guidance to reduce risk of infection and overdose. - Part 2, Matthew Bonn, Guy Felicella, Cheyenne Johnson, Andrea Sereda.

RE: A safer drug supply: a pragmatic and ethical response to the overdose crisis, Andrea Ryan, Andrea Sereda, Nadia Fairbairn",thelarustatrust,0.97,/r/ontario/comments/nlwbz8/results_of_the_safe_drug_supply_program_in_london/,t5_2qsf3
4,Ontario vaccine strategy and international travel,112,o5ebio,https://www.reddit.com/r/ontario/comments/o5ebio/ontario_vaccine_strategy_and_international_travel/,72,2021-06-22 00:28:59,"EDITED AND UPDATED WITH MORE COUNTRIES ON JUNE 22 2021!!!!!!

I have added the USA, Austria, Belgium, Czechia (Czech Republic), The Netherlands, and Switzerland.  (time for a break :D)

(I wasn't sure if I should just edit here, or if I should make a new post.  Not sure exactly of the reddiquette!)

In reading a lot of the comments regarding the mixing of vaccines and international travel I thought it would be a good idea to create a thread where there was information about who different countries are letting in.  I had been doing a bit of my own research, and mentioned to someone in a comment that I have read Iceland is allowing those who have had two different doses in for tourism purposes.  They suggested I posted something here to show my findings.  Before I go on, I do understand the science behind mixing Pfizer and Moderna and that it is safe.  With that said, as an avid traveler who just wants to get on a plane I get the anxiety about 'will they let me in or not!'.

I will be doing more research as time goes on but feel free to comment or DM me about countries you want me to look up.  I will update this as much as I can, but please be patient with me!  I am a teacher who is in the middle of writing report cards and also planning a summer school course that I am teaching.  I have researched a couple of the most commonly mentioned countries so far and here are my findings.

(also...I'm not a luddite, but I'm really bad at formatting and hyperlinking things so if you have any advice please DM me :))

**USA**

This was one of the big questions.  The land border between the USA and Canada is closed to all essential travel until July 21  Trudeau has signaled that this could change in the matter of weeks though.

Anyhow, to fly at the moment:

To enter the United States you must have completed a viral Covid test no more than 3 days before their flight.  They must provide this to the airline.

Right now the CDC says that Pfizer and Moderna are not interchangeable and they should only be mixed if it's all that's available OR if you can't remember what your first dose is.  Many redditors will point this out as likely because it hasn't actually been studied and the CDC doesn't want to be liable for incorrect advice.

[**https://ca.usembassy.gov/travel-restrictions-fact-sheet/**](https://ca.usembassy.gov/travel-restrictions-fact-sheet/)

[https://www.cdc.gov/coronavirus/2019-ncov/travelers/testing-international-air-travelers.html](https://www.cdc.gov/coronavirus/2019-ncov/travelers/testing-international-air-travelers.html)

***Europe***

**Austria**

Austria is listing their countries into categories and Canada is considered 'unlisted'.  Currently, travel to Austria from Canadians is only permitted under exceptional circumstances.  With that said you must quarantine for 10 days.

You are exempt from quarantine IF you can prove your case is exceptional AND you provide a vaccine certificate:

* Vaccine Certificate

The following vaccines (including mix-and-match vaccines) are recognised: BioNtech/Pfizer, AstraZeneca, Johnson & Johnson, Moderna, and Sinopharm. (Please be aware that this only applies to entering the country. Sinopharm is not valid for entering hotels, restaurants etc. within Austria.) You are considered ""vaccinated"" starting on the 22nd day after your first dose, lasting for 3 months from the vaccination date. After the second dose, the validity extends for another 6 months (i.e. the vaccination is then valid for 9 months total from the first vaccination date). Vaccines that only require one dose are valid from the 22nd day after that dose and for 9 months from the vaccination date. This also applies to people who have had COVID before and received only one dose of any vaccine

It seems as though Austria is ok with mixing.

[https://www.austria.info/en/service-and-facts/coronavirus-information/entry-regulations](https://www.austria.info/en/service-and-facts/coronavirus-information/entry-regulations)

[https://www.bmeia.gv.at/en/austrian-embassy-ottawa/](https://www.bmeia.gv.at/en/austrian-embassy-ottawa/)

**Belgium**

Travel to Belgium from Canada is prohibited unless you are a Belgian citizen or permanent resident.  You must quarantine for  10 days.  No mention of vaccines.

[https://canada.diplomatie.belgium.be/en/travel-to-belgium](https://canada.diplomatie.belgium.be/en/travel-to-belgium)

**Czechia (aka Czech Republic)**

At the moment it seems that Canada is still considered a High Risk country.

In regards to people visiting from a high risk country, you can enter with a medical certificate in English that states that you had Covid in the last 180 days OR 22 days after the application of a first dose or 14 days after a 1 dose vaccination.

I cannot find any information about what the Czechs consider fully vaccinated. 

**France**

Canada is a green list country for France (yay!)   According to the French Ministry of the interior, people from Green list countries:

a)   must present proof of vaccination status and a sworn statement attesting to the absence of symptoms of covid-19 infection and contact with a confirmed case of covid-19.

or if not vaccinated:

b)   must present the transport company and border control authorities with a negative PCR or antigenic test no more than 72 hours prior to departure (departure of first flight in case of connecting flights). Children aged below eleven years are exempt from testing. You must also present a sworn statement attesting to the absence of symptoms of covid-19 infection and contact with a confirmed case of covid-19.

Unfortunately I can't find if they are permitting the mixing of mRNA's as fully vaccinated.  They seem to be alright mixing AZ and Pfizer though.

[https://www.interieur.gouv.fr/Actualites/L-actu-du-Ministere/Certificate-of-international-travel#from2](https://www.interieur.gouv.fr/Actualites/L-actu-du-Ministere/Certificate-of-international-travel#from2)

**Germany**

As of June 25, 2021 Canadians can go to Germany as long as they are fully vaccinated with a European Approved Vaccine.  According to the Paul Ehrlich Institute, to be fully vaccinated you must have:

2 Pfizer

2 Moderna

2 Astra Zeneca

1 Janssen (Johnson and Johnson)

The only current mixed (heterologous) vaccines are 1 AZ and 1 Moderna.

14 days must have passed since the last vaccination.

They note that they will let people in when more tests have been completed.

You may also enter Germany if you have proof of Covid recovery.  This would constitute PCR test that is between 28 days but not more than 6 months old and one vaccine.

links:

[https://canada.diplo.de/ca-en/consular-services/-/2369946](https://canada.diplo.de/ca-en/consular-services/-/2369946)

[https://www.pei.de/EN/newsroom/dossier/coronavirus/coronavirus-content.html;jsessionid=171D1AA49F5827967134475732AEC8C4.intranet241?cms\_pos=3](https://www.pei.de/EN/newsroom/dossier/coronavirus/coronavirus-content.html;jsessionid=171D1AA49F5827967134475732AEC8C4.intranet241?cms_pos=3)

**Iceland**

This is the clearest!

You must present a vaccine certificate.  These are valid after 14 days of the second does.  If not there are some quarantine rules.  They state:

' **If different vaccines** are used for the first and second dose, the minimum interval for the first vaccine administered must be observed for the vaccination to be considered complete. '

I am reading this is they accept mixed vaccines at this time.

[https://www.landlaeknir.is/um-embaettid/greinar/grein/item44162/Certificate-of-vaccination-against-COVID-19-accepted-at-the-border](https://www.landlaeknir.is/um-embaettid/greinar/grein/item44162/Certificate-of-vaccination-against-COVID-19-accepted-at-the-border)

**Italy \*edited\***

Anyone in the EU, Schengen area, UK, and Israel can enter without quarantine, but with a negative swab test on entry.

There are 'covid-tested' flights happening between Canada and Italy.  I am interpreting this as no quarantine.  However, it is your responsibility to supply your carrier with a negative rapid antigen test no more than 48 hours prior to boarding and you must also fill out a passenger locator form before boarding. You must take another test when you land at the airport in Italy.

Link:

[https://www.salute.gov.it/portale/nuovocoronavirus/dettaglioContenutiNuovoCoronavirus.jsp?lingua=english&id=5412&area=nuovoCoronavirus&menu=vuoto&tab=9](https://www.salute.gov.it/portale/nuovocoronavirus/dettaglioContenutiNuovoCoronavirus.jsp?lingua=english&id=5412&area=nuovoCoronavirus&menu=vuoto&tab=9)

**Portugal**

I couldn't easily and readily find any Portuguese Government sources but according to TAP's website (TAP Air Portugal), 'entry into the Portuguese territory is only authorized from countries in the EU, Schengen Area, the UK, and the USA'.  At the moment I am reading this as Canadians are not allowed to go for tourism.  Canadians can only go for essential reasons.  These include: professional reasons, family reunion, health, or humanitarian reasons.

[https://www.flytap.com/en-ca/travel-restrictions?accordionid=37cff56d-7f30-4bdc-9638-33f9ee4f6c07](https://www.flytap.com/en-ca/travel-restrictions?accordionid=37cff56d-7f30-4bdc-9638-33f9ee4f6c07)

**Spain**

So this one is kind of weird ?  They went legalese on me...OH NO!

I have copy pasted what they say here for entry at the moment:

1. A certificate confirming that the holder has received a COVID-19 vaccination (vaccination certificate). According to the specific requirements established in the Resolution of June 4th, 2021, of the General Directorate of Public Health.
2. A certificate indicating the result of a COVID-19 Active Infection Diagnostic Test performed by the holder (diagnostic certificate) in the 48 hours prior to arrival in Spain in accordance with the specific requirements established in the Resolution of June 4th, 2021, of the General Directorate of Public Health.
3. A certificate confirming that the holder has recovered from COVID-19 (certificate of recovery), according to the specific requirements established in the Resolution of June 4th, 2021, of the General Directorate of Public Health.

It goes on to say that for Canadians to be admissible they need a vaccination certificate:

· Vaccination certificates issued by the competent authorities of the country of origin will be accepted as valid, 14 days after the date of administration of the last dose of the complete vaccination guideline.

· Admissible vaccines will be those authorized by the European Medicines Agency or those that have completed the World Health Organization's emergency use process.

Again, approved European vaccines (in Ontario terms) are Pfizer, Moderna, Astra Zeneca, and Johnson and Johnson.

In regards to the resolution of June 4th 2021, I couldn't find a ton of clear information.  However, it says 'Vaccination certificates issued by the competent authorities of the country of origin'.  I'd like to think Mixing is okay with Spain...but I can't say with 100% certainty.  I was reading their info.  I can kinda read Spanish, but not well enough to figure out everything.

[http://www.exteriores.gob.es/Consulados/TORONTO/en/Consulado/Pages/Articulos/IMPORTANT-NOTICE-IF-YOU-TRAVEL-TO-SPAIN.aspx](http://www.exteriores.gob.es/Consulados/TORONTO/en/Consulado/Pages/Articulos/IMPORTANT-NOTICE-IF-YOU-TRAVEL-TO-SPAIN.aspx)

**The Netherlands**

Okay...my Dutch is passable at best, but I google translated it.  Any Dutchies who wanna help me out here would be greatly appreciated!

From what I have read, they only have specific clinics for Pfizer and Moderna.  Their advice at the moment is to not mix:

## Vaccins niet combineren

Een goedgekeurd vaccin kan niet gecombineerd worden met een ander goedgekeurd vaccin. Dit komt doordat de toelating is gebaseerd op onderzoek van 1 merk vaccin. Daarom moet u weten welk vaccin u heeft gekregen. Hierover krijgt u informatie van de arts of verpleegkundige die het vaccin toedient.

The synopsis of what google translate told me was that it means: approved vaccines cannot be mixed because only 1 brand has been researched at a time (Pfizer/Pfizer, Moderna/Moderna, not Pfizer/Moderna)

[https://www.rijksoverheid.nl/onderwerpen/coronavirus-vaccinatie/vraag-en-antwoord/kan-ik-zelf-kiezen-voor-een-bepaald-soort-coronavaccin](https://www.rijksoverheid.nl/onderwerpen/coronavirus-vaccinatie/vraag-en-antwoord/kan-ik-zelf-kiezen-voor-een-bepaald-soort-coronavaccin)

**United Kingdom**

All 4 regions of the UK have their own rules.  I will summarize the others at another time.  Many flights head to London so I will mention England only at this moment.

England: Canada is an 'amber list' country, so if you enter England, you must take a covid test, pay for a day 2 and day 8 covid test, complete a passenger locator form, and quarantine somewhere for 10 days.  Nothing is mentioned about vaccines at the moment.

[https://www.gov.uk/guidance/red-amber-and-green-list-rules-for-entering-england](https://www.gov.uk/guidance/red-amber-and-green-list-rules-for-entering-england)

**Switzerland**

People can only enter for essential reasons.  At the moment, Canadians can't go.

With that said, you can skip quarantine if you are fully vaccinated.  According to the first link I have posted here though, a full vaccination must be completed with the same brand.

[https://www.bag.admin.ch/bag/en/home/krankheiten/ausbrueche-epidemien-pandemien/aktuelle-ausbrueche-epidemien/novel-cov/haeufig-gestellte-fragen.html?faq-url=/en/vaccination-information-vaccines/are-there-differences-between-pfizerbiontech-and-moderna-vaccines](https://www.bag.admin.ch/bag/en/home/krankheiten/ausbrueche-epidemien-pandemien/aktuelle-ausbrueche-epidemien/novel-cov/haeufig-gestellte-fragen.html?faq-url=/en/vaccination-information-vaccines/are-there-differences-between-pfizerbiontech-and-moderna-vaccines)

[https://www.bag.admin.ch/bag/en/home/krankheiten/ausbrueche-epidemien-pandemien/aktuelle-ausbrueche-epidemien/novel-cov/impfen.html#-370631481](https://www.bag.admin.ch/bag/en/home/krankheiten/ausbrueche-epidemien-pandemien/aktuelle-ausbrueche-epidemien/novel-cov/impfen.html#-370631481)

&#x200B;",Skarmal,0.96,/r/ontario/comments/o5ebio/ontario_vaccine_strategy_and_international_travel/,t5_2qsf3
5,"Breakthrough infections appeared in Janssen (Johnson & Johnson) vaccine recipients the most, lowest in mixed AZ/Pfizer recipients",106,oy1igo,https://www.koreabiomed.com/news/articleView.html?idxno=11768,115,2021-08-04 16:25:58,,NitroLada,0.89,/r/ontario/comments/oy1igo/breakthrough_infections_appeared_in_janssen/,t5_2qsf3
6,Johnson & Johnson vaccine approval expected in ‘next few days’: feds - National | Globalnews.ca,78,lxsy5m,https://globalnews.ca/news/7676979/johnson-johnson-coronavirus-vaccine-approval-possible/,26,2021-03-04 14:27:31,,blfridayman,0.94,/r/ontario/comments/lxsy5m/johnson_johnson_vaccine_approval_expected_in_next/,t5_2qsf3
7,I live in Ontario but got vaccinated outside of Canada. How do I tell Ontario I'm fully vaccinated so they have more accurate statistics?,39,oeugws,https://www.reddit.com/r/ontario/comments/oeugws/i_live_in_ontario_but_got_vaccinated_outside_of/,30,2021-07-06 09:01:38,"I got AstraZeneca in Ontario back in April.

In May I had to travel to the States.  While there I got Johnson & Johnson, so I'm now fully vaccinated.

But according to Ontario, I'm one of those people that got a first shot and never went back for the second.  How do I let them know I'm fully vaccinated?

---------------------------------------
Edit:  Done!  Thank you!",ignorantwanderer,0.87,/r/ontario/comments/oeugws/i_live_in_ontario_but_got_vaccinated_outside_of/,t5_2qsf3
8,Canada is pausing distribution of Johnson & Johnson vaccines,32,n25cr5,https://toronto.citynews.ca/2021/04/30/canada-is-pausing-distribution-of-johnson-johnson-vaccines/,18,2021-04-30 18:44:33,,fatcowxlivee,0.8,/r/ontario/comments/n25cr5/canada_is_pausing_distribution_of_johnson_johnson/,t5_2qsf3
9,Mar 27 - Ontario Vaccinations By The Numbers,27,meni2x,https://www.reddit.com/r/ontario/comments/meni2x/mar_27_ontario_vaccinations_by_the_numbers/,2,2021-03-27 17:47:45,"Yesterday Ontario administered 77,740 vaccinations, down from 82,996 the day before.

Ontario has to administer an average of between 64,612 and 122,311 vaccines per day in order to have every eligible person vaccinated by the end of September. The range represents using single-dose vs double-dose vaccines. Ontario needs to administer an average of 126,132 vaccines per day to have everyone receive at least one dose by June 20.

Here’s a breakdown of the numbers.

There are approximately 12,455,397 people eligible for vaccination in Ontario.

308,301 people are thus far fully vaccinated (2.5%).

1,299,730 people are currently awaiting their second dose (10.4%).

10,847,366 have yet to receive any vaccine at all (88%).

Therefore 12,147,096 to 22,994,462 vaccinations still need to be administered. The range represents the difference between using single-dose vs double-dose vaccines. Ontario has yet to administer any single dose vaccines, although one (Johnson and Johnson) has been granted emergency use authorization.

There are 188 days left until October 1, 2021 (federal target).

There are 86 days left until June 20, 2021 (provincial target)

*these numbers do not take into account people who choose not to be vaccinated for any reason, 15 year olds who will not have a birthday before Oct. 1st, and those who die between now and Oct. 1, 2021 prior to being vaccinated. Some other factors/variables are also not considered, such as immigration, or those who get vaccinated abroad.

Sources:

https://covid-19.ontario.ca/covid-19-vaccines-ontario

https://en.m.wikipedia.org/wiki/Demographics_of_Ontario

Stats Can reports the same population numbers here:

https://www150.statcan.gc.ca/n1/pub/91-215-x/2012000/t518-eng.htm",ieathairpussy,0.92,/r/ontario/comments/meni2x/mar_27_ontario_vaccinations_by_the_numbers/,t5_2qsf3
10,Health Canada holding off on Johnson & Johnson COVID-19 vaccination distribution | CBC News,31,n25pda,https://www.cbc.ca/news/health/johnson-johnson-vaccine-hold-health-canada-1.6010065?__vfz=medium%3Dsharebar,19,2021-04-30 19:03:40,,morenewsat11,0.89,/r/ontario/comments/n25pda/health_canada_holding_off_on_johnson_johnson/,t5_2qsf3
11,Canada is pausing distribution of Johnson & Johnson vaccines,24,n25ckw,https://www.680news.com/2021/04/30/canada-is-pausing-distribution-of-johnson-johnson-vaccines/,7,2021-04-30 18:44:17,,cyclinginvancouver,0.88,/r/ontario/comments/n25ckw/canada_is_pausing_distribution_of_johnson_johnson/,t5_2qsf3
12,Mar 26 - Ontario Vaccinations By The Numbers,13,me0shf,https://www.reddit.com/r/ontario/comments/me0shf/mar_26_ontario_vaccinations_by_the_numbers/,7,2021-03-26 19:01:14,"Yesterday Ontario administered 82,996 vaccinations, up from 79,446 the day before.

Ontario has to administer an average of between 64,281 and 122,075 vaccines per day in order to have every eligible person vaccinated by the end of September.  The range represents using single-dose vs double-dose vaccines.  Ontario needs to administer an average of 125,554 vaccines per day to have everyone receive at least one dose by June 20.

Here’s a breakdown of the numbers.

There are approximately 12,455,397 people eligible for vaccination in Ontario.

306,373 people are thus far fully vaccinated (2.5%).

1,225,846 people are currently awaiting their second dose (9.8%).

10,923,178 have yet to receive any vaccine at all (88%).

Therefore 12,149,024 to 23,072,202 vaccinations still need to be administered. The range represents the difference between using single-dose vs double-dose vaccines.  Ontario has yet to administer any single dose vaccines, although one (Johnson and Johnson) has been granted emergency use authorization.

There are 189 days left until October 1, 2021 (federal target).

There are 87 days left until June 20, 2021 (provincial target)

*these numbers do not take into account people who choose not to be vaccinated for any reason, 15 year olds who will not have a birthday before Oct. 1st, and those who die between now and Oct. 1, 2021 prior to being vaccinated. Some other factors/variables are also not considered, such as immigration, or those who get vaccinated abroad.

Sources:

https://covid-19.ontario.ca/covid-19-vaccines-ontario

https://en.m.wikipedia.org/wiki/Demographics_of_Ontario

Stats Can reports the same population numbers here:

https://www150.statcan.gc.ca/n1/pub/91-215-x/2012000/t518-eng.htm",ieathairpussy,0.85,/r/ontario/comments/me0shf/mar_26_ontario_vaccinations_by_the_numbers/,t5_2qsf3
13,Reddit: A place for organizations to flood with links to their website?,14,2zlrzf,https://www.reddit.com/r/ontario/comments/2zlrzf/reddit_a_place_for_organizations_to_flood_with/,6,2015-03-19 13:22:53,"I'm not sure if there is an explicit rule against this, but it doesn't seem to jive well. Simcoenews is taking up half the front page just with shear numbers... 

I feel that it is not ""user driven"" in that a news agency is not quite a user. It is like Johnson and Johnson or homehardware posting in life pro tips... ",sonny_jim_,0.94,/r/ontario/comments/2zlrzf/reddit_a_place_for_organizations_to_flood_with/,t5_2qsf3
14,Jun 27 - Ontario Vaccinations By The Numbers,13,o91ntw,https://www.reddit.com/r/ontario/comments/o91ntw/jun_27_ontario_vaccinations_by_the_numbers/,19,2021-06-27 13:33:42,"Yesterday Ontario administered 202,672 vaccinations, down from 256,260 the day before.  27,156 (13.4%) of them were first doses.

Ontario has to administer an average of 123,283 vaccines per day in order to have every eligible person fully vaccinated by October 1st.

Here’s a breakdown of the numbers.

There are approximately 12,931,165 people eligible for vaccination in Ontario.

4,163,621 people are thus far fully vaccinated (32.2%) 

5,699,899 people are currently awaiting their second dose (44.1%)

3,067,645 have yet to receive any vaccine at all (23.7%)

Therefore 11,835,189 vaccinations still need to be administered for every eligible person to be fully vaccinated.

There are 96 days left until October 1, 2021 (federal target).

If to be fully vaccinated requires everyone to have 2 doses then Ontario is currently 54.2% of the way through our vaccination program.

*these numbers do not take into account people who choose not to be vaccinated for any reason and those who die between now and Oct. 1, 2021 prior to being vaccinated. Some other factors/variables are also not considered, such as immigration, or those who get vaccinated abroad. They include everyone 12 years of age and older and account for 2 doses per person in order to be considered fully vaccinated. Ontario has yet to administer any single-dose vaccines (such as Johnson & Johnson)

Sources:

https://covid-19.ontario.ca/covid-19-vaccines-ontario

https://en.m.wikipedia.org/wiki/Demographics_of_Ontario

Stats Can reports the same population numbers here:

https://www150.statcan.gc.ca/n1/pub/91-215-x/2012000/t518-eng.htm",ieathairpussy,0.7,/r/ontario/comments/o91ntw/jun_27_ontario_vaccinations_by_the_numbers/,t5_2qsf3
15,Mar 28 - Ontario Vaccinations By The Numbers,13,mfa8pm,https://www.reddit.com/r/ontario/comments/mfa8pm/mar_28_ontario_vaccinations_by_the_numbers/,5,2021-03-28 17:19:43,"Yesterday Ontario administered 64,950 vaccinations, down from 77,740 the day before.

Ontario has to administer an average of between 64,952 and 122,618 vaccines per day in order to have every eligible person vaccinated by the end of September. The range represents using single-dose vs double-dose vaccines. Ontario needs to administer an average of 126,864 vaccines per day to have everyone receive at least one dose by June 20.

Here’s a breakdown of the numbers.

There are approximately 12,455,397 people eligible for vaccination in Ontario.

309,285 people are thus far fully vaccinated (2.5%).

1,362,712 people are currently awaiting their second dose (10.9%)

10,783,400 have yet to receive any vaccine at all (87%)

Therefore 12,146,112 to 22,929,512 vaccinations still need to be administered. The range represents the difference between using single-dose vs double-dose vaccines. Ontario has yet to administer any single dose vaccines, although one (Johnson and Johnson) has been granted emergency use authorization.

There are 187 days left until October 1, 2021 (federal target).

There are 85 days left until June 20, 2021 (provincial target)

*these numbers do not take into account people who choose not to be vaccinated for any reason, 15 year olds who will not have a birthday before Oct. 1st, and those who die between now and Oct. 1, 2021 prior to being vaccinated. Some other factors/variables are also not considered, such as immigration, or those who get vaccinated abroad.

Sources:

https://covid-19.ontario.ca/covid-19-vaccines-ontario

https://en.m.wikipedia.org/wiki/Demographics_of_Ontario

Stats Can reports the same population numbers here:

https://www150.statcan.gc.ca/n1/pub/91-215-x/2012000/t518-eng.htm",ieathairpussy,0.93,/r/ontario/comments/mfa8pm/mar_28_ontario_vaccinations_by_the_numbers/,t5_2qsf3
16,Jun 28 - Ontario Vaccinations By The Numbers,17,o9t5z6,https://www.reddit.com/r/ontario/comments/o9t5z6/jun_28_ontario_vaccinations_by_the_numbers/,3,2021-06-28 16:52:05,"Yesterday Ontario administered 180,369 vaccinations, down from 202,672 the day before. 19,220 (10.7%) of them were first doses.

Ontario has to administer an average of 122,682 vaccines per day in order to have every eligible person fully vaccinated by October 1st.

Here’s a breakdown of the numbers.

There are approximately 12,931,165 people eligible for vaccination in Ontario.

4,324,770 people are thus far fully vaccinated (33.4%)

5,557,970 people are currently awaiting their second dose (43.0%)

3,048,425 have yet to receive any vaccine at all (23.6%)

Therefore 11,654,820 vaccinations still need to be administered for every eligible person to be fully vaccinated.

There are 95 days left until October 1, 2021 (federal target).

If to be fully vaccinated requires everyone to have 2 doses then Ontario is currently 54.9% of the way through our vaccination program.

*these numbers do not take into account people who choose not to be vaccinated for any reason and those who die between now and Oct. 1, 2021 prior to being vaccinated. Some other factors/variables are also not considered, such as immigration, or those who get vaccinated abroad. They include everyone 12 years of age and older and account for 2 doses per person in order to be considered fully vaccinated. Ontario has yet to administer any single-dose vaccines (such as Johnson & Johnson)

Sources:

https://covid-19.ontario.ca/covid-19-vaccines-ontario

https://en.m.wikipedia.org/wiki/Demographics_of_Ontario

Stats Can reports the same population numbers here:

https://www150.statcan.gc.ca/n1/pub/91-215-x/2012000/t518-eng.htm",ieathairpussy,0.79,/r/ontario/comments/o9t5z6/jun_28_ontario_vaccinations_by_the_numbers/,t5_2qsf3
17,Car insurance premiums skyrocketed,10,f5u32s,https://www.reddit.com/r/ontario/comments/f5u32s/car_insurance_premiums_skyrocketed/,26,2020-02-18 11:11:51,"Hey all, I posted this in another sub but figured maybe someone here might have suggestions. I currently use a broker for my car insurance and recently received my renewal. My premium has went up by almost 40%. 30's, F, I've been insured for 9 years, zero claims, zero tickets, only driver in my house. I know this year they're warning that premiums are going up, and I know my area (SW Ontario - not GTA) is being hit especially hard. I used kanetix and the top 2 quotes were questionably low and the rest weren't anything special. I'm finding with the online quotes, they're low until you call and find out it includes discounts for things like home insurance (already covered) and driver monitoring apps (not interested). I've looked into Sonnet, and they're quite a bit lower, but I've heard they are known to increase the rate mid year without warning so I don't think I trust them. So far I've gotten quotes from PC, Sonnet, Belair, TD, Dejardins, Econimical, CAA, Aviva (again, questionably low) and Johnson. Most have come in $10-$20/month lower than my renewal but I'm wondering if I'm missing any obvious ones to contact, or if there are any I should be wary of? Thanks!",OMGeno1,1.0,/r/ontario/comments/f5u32s/car_insurance_premiums_skyrocketed/,t5_2qsf3
18,Jun 23 - Ontario Vaccinations By The Numbers,7,o6of9n,https://www.reddit.com/r/ontario/comments/o6of9n/jun_23_ontario_vaccinations_by_the_numbers/,3,2021-06-23 19:14:33,"Yesterday Ontario administered 227,318 vaccinations, up from 199,535 the day before. 28,926 (12.7%) of them were first doses.

Ontario has to administer an average of 127,657 vaccines per day in order to have every eligible person fully vaccinated by October 1st.

Here’s a breakdown of the numbers.

There are approximately 12,931,165 people eligible for vaccination in Ontario.

3,343,744 people are thus far fully vaccinated (25.9%)

6,409,140 people are currently awaiting their second dose (49.6%)

3,178,281 have yet to receive any vaccine at all (24.6%)

Therefore 12,765,702 vaccinations still need to be administered for every eligible person to be fully vaccinated.

There are 100 days left until October 1, 2021 (federal target).

If to be fully vaccinated requires everyone to have 2 doses then Ontario is currently 50.6% of the way through our vaccination program.

*these numbers do not take into account people who choose not to be vaccinated for any reason and those who die between now and Oct. 1, 2021 prior to being vaccinated. Some other factors/variables are also not considered, such as immigration, or those who get vaccinated abroad. They include everyone 12 years of age and older and account for 2 doses per person in order to be considered fully vaccinated. Ontario has yet to administer any single-dose vaccines (such as Johnson & Johnson)

Sources:

https://covid-19.ontario.ca/covid-19-vaccines-ontario

https://en.m.wikipedia.org/wiki/Demographics_of_Ontario

Stats Can reports the same population numbers here:

https://www150.statcan.gc.ca/n1/pub/91-215-x/2012000/t518-eng.htm",ieathairpussy,0.73,/r/ontario/comments/o6of9n/jun_23_ontario_vaccinations_by_the_numbers/,t5_2qsf3
19,Jun 30 - Ontario Vaccinations By The Numbers,10,ob2c8r,https://www.reddit.com/r/ontario/comments/ob2c8r/jun_30_ontario_vaccinations_by_the_numbers/,5,2021-06-30 13:39:44,"Yesterday Ontario administered 268,397 vaccinations, up from 265,231 the day before. 23,696 (8.8%) of them were first doses.

Ontario has to administer an average of 119,583 vaccines per day in order to have every eligible person fully vaccinated by October 1st.

Here’s a breakdown of the numbers.

There are approximately 12,931,165 people eligible for vaccination in Ontario.

4,808,170 people are thus far fully vaccinated (37.2%)

5,124,798 people are currently awaiting their second dose (39.6%)

2,998,197 have yet to receive any vaccine at all (23.2%)

Therefore 11,121,192 vaccinations still need to be administered for every eligible person to be fully vaccinated.

There are 93 days left until October 1, 2021 (federal target).

If to be fully vaccinated requires everyone to have 2 doses then Ontario is currently 57.0% of the way through our vaccination program.

*these numbers do not take into account people who choose not to be vaccinated for any reason and those who die between now and Oct. 1, 2021 prior to being vaccinated. Some other factors/variables are also not considered, such as immigration, or those who get vaccinated abroad. They include everyone 12 years of age and older and account for 2 doses per person in order to be considered fully vaccinated. Ontario has yet to administer any single-dose vaccines (such as Johnson & Johnson)

Sources:

https://covid-19.ontario.ca/covid-19-vaccines-ontario

https://en.m.wikipedia.org/wiki/Demographics_of_Ontario

Stats Can reports the same population numbers here:

https://www150.statcan.gc.ca/n1/pub/91-215-x/2012000/t518-eng.htm",ieathairpussy,0.71,/r/ontario/comments/ob2c8r/jun_30_ontario_vaccinations_by_the_numbers/,t5_2qsf3
20,Jun 22 - Ontario Vaccinations By The Numbers,7,o5sazz,https://www.reddit.com/r/ontario/comments/o5sazz/jun_22_ontario_vaccinations_by_the_numbers/,3,2021-06-22 13:21:22,"Yesterday Ontario administered 199,535 vaccinations, up from 118,625 the day before.  26,863 (13.5%) of them were first doses.

Ontario has to administer an average of 128,644 vaccines per day in order to have every eligible person fully vaccinated by October 1st.

Here’s a breakdown of the numbers.

There are approximately 12,931,165 people eligible for vaccination in Ontario.

3,145,372 people are thus far fully vaccinated (24.3%) 

6,578,566 people are currently awaiting their second dose (50.9%)

3,207,227 have yet to receive any vaccine at all (24.8%)

Therefore 12,993,020 vaccinations still need to be administered for every eligible person to be fully vaccinated.

There are 101 days left until October 1, 2021 (federal target).

If to be fully vaccinated requires everyone to have 2 doses then Ontario is currently 49.8% of the way through our vaccination program.

*these numbers do not take into account people who choose not to be vaccinated for any reason and those who die between now and Oct. 1, 2021 prior to being vaccinated. Some other factors/variables are also not considered, such as immigration, or those who get vaccinated abroad. They include everyone 12 years of age and older and account for 2 doses per person in order to be considered fully vaccinated. Ontario has yet to administer any single-dose vaccines (such as Johnson & Johnson)

Sources:

https://covid-19.ontario.ca/covid-19-vaccines-ontario

https://en.m.wikipedia.org/wiki/Demographics_of_Ontario

Stats Can reports the same population numbers here:

https://www150.statcan.gc.ca/n1/pub/91-215-x/2012000/t518-eng.htm",ieathairpussy,0.7,/r/ontario/comments/o5sazz/jun_22_ontario_vaccinations_by_the_numbers/,t5_2qsf3
21,Jun 24 - Ontario Vaccinations By The Numbers,5,o7a002,https://www.reddit.com/r/ontario/comments/o7a002/jun_24_ontario_vaccinations_by_the_numbers/,3,2021-06-24 17:05:30,"Yesterday Ontario administered 225,188 vaccinations, down from 227,318 the day before. 26,493 (11.8%) of them were first doses.

Ontario has to administer an average of 126,672 vaccines per day in order to have every eligible person fully vaccinated by October 1st.

Here’s a breakdown of the numbers.

There are approximately 12,931,165 people eligible for vaccination in Ontario.

3,542,439 people are thus far fully vaccinated (25.9%) 

6,236,938 people are currently awaiting their second dose (48.2%)

3,151,788 have yet to receive any vaccine at all (24.4%)

Therefore 12,540,514 vaccinations still need to be administered for every eligible person to be fully vaccinated.

There are 99 days left until October 1, 2021 (federal target).

If to be fully vaccinated requires everyone to have 2 doses then Ontario is currently 51.5% of the way through our vaccination program.

*these numbers do not take into account people who choose not to be vaccinated for any reason and those who die between now and Oct. 1, 2021 prior to being vaccinated. Some other factors/variables are also not considered, such as immigration, or those who get vaccinated abroad. They include everyone 12 years of age and older and account for 2 doses per person in order to be considered fully vaccinated. Ontario has yet to administer any single-dose vaccines (such as Johnson & Johnson)

Sources:

https://covid-19.ontario.ca/covid-19-vaccines-ontario

https://en.m.wikipedia.org/wiki/Demographics_of_Ontario

Stats Can reports the same population numbers here:

https://www150.statcan.gc.ca/n1/pub/91-215-x/2012000/t518-eng.htm",ieathairpussy,0.69,/r/ontario/comments/o7a002/jun_24_ontario_vaccinations_by_the_numbers/,t5_2qsf3
22,Jun 21 - Ontario Vaccinations By The Numbers,3,o56uqi,https://www.reddit.com/r/ontario/comments/o56uqi/jun_21_ontario_vaccinations_by_the_numbers/,3,2021-06-21 18:04:07,"Yesterday Ontario administered 118,625 vaccinations, down from 184,251 the day before. 20,205 (17.0%) of them were first doses.

Ontario has to administer an average of 129,339 vaccines per day in order to have every eligible person fully vaccinated by October 1st.

Here’s a breakdown of the numbers.

There are approximately 12,931,165 people eligible for vaccination in Ontario.

2,972,700 people are thus far fully vaccinated (23.0%)

6,724,375 people are currently awaiting their second dose (52.0%)

3,234,090 have yet to receive any vaccine at all (25.0%)

Therefore 13,192,555 vaccinations still need to be administered for every eligible person to be fully vaccinated.

There are 102 days left until October 1, 2021 (federal target).

If to be fully vaccinated requires everyone to have 2 doses then Ontario is currently 49.0% of the way through our vaccination program.

*these numbers do not take into account people who choose not to be vaccinated for any reason and those who die between now and Oct. 1, 2021 prior to being vaccinated. Some other factors/variables are also not considered, such as immigration, or those who get vaccinated abroad. They include everyone 12 years of age and older and account for 2 doses per person in order to be considered fully vaccinated.  Ontario has yet to administer any single-dose vaccines (such as Johnson & Johnson)

Sources:

https://covid-19.ontario.ca/covid-19-vaccines-ontario

https://en.m.wikipedia.org/wiki/Demographics_of_Ontario

Stats Can reports the same population numbers here:

https://www150.statcan.gc.ca/n1/pub/91-215-x/2012000/t518-eng.htm",ieathairpussy,0.58,/r/ontario/comments/o56uqi/jun_21_ontario_vaccinations_by_the_numbers/,t5_2qsf3
23,Jun 29 - Ontario Vaccinations By The Numbers,3,oal1i5,https://www.reddit.com/r/ontario/comments/oal1i5/jun_29_ontario_vaccinations_by_the_numbers/,0,2021-06-29 20:09:45,"Yesterday Ontario administered 265,231 vaccinations, up from 180,369 the day before. 26,532 (10.0%) of them were first doses.

Ontario has to administer an average of 121,166 vaccines per day in order to have every eligible person fully vaccinated by October 1st.

Here’s a breakdown of the numbers.

There are approximately 12,931,165 people eligible for vaccination in Ontario.

4,563,469 people are thus far fully vaccinated (35.3%)

5,345,803 people are currently awaiting their second dose (41.3%)

3,021,893 have yet to receive any vaccine at all (23.4%)

Therefore 11,389,589 vaccinations still need to be administered for every eligible person to be fully vaccinated.

There are 94 days left until October 1, 2021 (federal target).

If to be fully vaccinated requires everyone to have 2 doses then Ontario is currently 56.0% of the way through our vaccination program.

*these numbers do not take into account people who choose not to be vaccinated for any reason and those who die between now and Oct. 1, 2021 prior to being vaccinated. Some other factors/variables are also not considered, such as immigration, or those who get vaccinated abroad. They include everyone 12 years of age and older and account for 2 doses per person in order to be considered fully vaccinated. Ontario has yet to administer any single-dose vaccines (such as Johnson & Johnson)

Sources:

https://covid-19.ontario.ca/covid-19-vaccines-ontario

https://en.m.wikipedia.org/wiki/Demographics_of_Ontario

Stats Can reports the same population numbers here:

https://www150.statcan.gc.ca/n1/pub/91-215-x/2012000/t518-eng.htm",ieathairpussy,0.59,/r/ontario/comments/oal1i5/jun_29_ontario_vaccinations_by_the_numbers/,t5_2qsf3
24,Does anyone know what happened to the Novavax vaccine?,3,mqqpdn,https://www.reddit.com/r/ontario/comments/mqqpdn/does_anyone_know_what_happened_to_the_novavax/,10,2021-04-14 09:35:33,"It seemed like when AstraZeneca and Johnson & Johnson were being reviewed by Health Canada we were always hearing of a trio including the Novavax candidate. I've been trying to find out more about it but it seems any news articles specifically mentioning it are weeks old at this point. It seems to have just fallen off the radar entirely.

I can't find anything wrong with it. Was it just really far behind in clinical trials? It would be really nice to have another vaccine available to boost our numbers since it seems we've hit a ceiling for incoming shipments at the moment.",BananaCreamPineapple,0.58,/r/ontario/comments/mqqpdn/does_anyone_know_what_happened_to_the_novavax/,t5_2qsf3
