,title,score,id,url,comms_num,created,body,author,upvote_ratio,permalink,subreddit_id
0,Today's Ford announcement review,892,nn6vut,https://www.reddit.com/r/ontario/comments/nn6vut/todays_ford_announcement_review/,395,2021-05-28 16:31:02," **Goalposts moved again**

We're told 60% adults vaccinated and we can go to Stage 1!  Now we're told we need 65% adults vaccinated (we already hit this too), plus under 500-600 cases per day for a sustained period, plus some ICU target that he won't disclose.  
 

**Blame the Feds and borders instead of taking responsibility**

More lies about borders being an issue, and says 600% increase in the Indian B.1.167 variant, which is strange because there are only 45 cases in Ontario, and we only went up by seven cases in almost two weeks.  B.C. has hundreds of these cases, presumably Canadians traveling inside of Canada is spreading these cases, since no restrictions are in place for inter-provincial travel.  Where did this 600% come from? 

See [COVID variant cases in Canada](https://www.ctvnews.ca/health/coronavirus/tracking-variants-of-the-novel-coronavirus-in-canada-1.5296141?cid=ps%3A920) for actual real numbers that aren't made up.


 

**Open the announcement by stating we NEED more vaccine supply**

We have almost 1.4 million vaccines on hand, and it will take ten days on average to get these in people's arms.  We also have MILLIONS more coming in constantly - there is no shortage, and it's absurd to blame the Federal Government for shortages that do not exist.

 

**Sends open loaded question letter to schools and health units about opening schools**

Grades are submitted in a week or so, what's the point of this other than directing eyes away from Ford?  I can't even.  My kids absolutely are not compatible with online learning, and it's the worst.  I'd love to get them back in school, but they aren't old enough to be vaccinated!  Do we want to shove 30 kids into classrooms for a few weeks just to spike cases again?!

 

**In summary - This sucks**
I'm going to lose my family's third camping trip with our self-contained camper with full washroom facilities.  Meanwhile Provincial Parks are open *for free* with full shared facilities and packed to the max on a daily basis by travelers from GTA and everywhere else in Ontario.  How the hell does anyone make sense of this?!

Get your vaccines please, it's the only way out of this mess, if Ford can figure out how to stick to specific metrics that is.",bechard,0.92,/r/ontario/comments/nn6vut/todays_ford_announcement_review/,t5_2qsf3
1,"Ontario February 20 update: 1228 New Cases, 1313 Recoveries, 28 Deaths, 57,194 tests (2.15% positive), Current ICUs: 263 (-6 vs. yesterday) (-24 vs. last week)",391,lo8xeb,https://www.reddit.com/r/ontario/comments/lo8xeb/ontario_february_20_update_1228_new_cases_1313/,333,2021-02-20 10:05:57,"Link to report: https://files.ontario.ca/moh-covid-19-report-en-2021-02-20.pdf

Detailed tables: [Google Sheets mode](https://docs.google.com/spreadsheets/d/1E28C0ylUQ0hHgFySFpXtdjX_LkdY5tlhl-nt0SGhCDg) and [HTML of Sheets](https://docs.google.com/spreadsheets/d/e/2PACX-1vQ7fegCALd11ElozUYcMi-e9Dj69YaiNQhvEpk81JHsyTACl0UXkWK5zfMNFe49Tq3VuN9Av-fuEZqV/pubhtml)

------------------------------------------------------------

* 21k vaccines administered. New daily high
* 1228 marked the start of the Ahom dynasty which ruled present day Assam in India. These guys were pretty resilient, resisted 17 invasion attempts by the Mughals and were only defeated by the British in 1826 after the longest and most expensive war in Indian history (which led to an economic crisis in British India in 1833). They also cultivated Assam tea, the best black tea around.

------------------------------------------------------------ 

**Testing Data:**

* Backlog: 30,762 (-9,208), 57,194 tests completed (4,288.8 per 100k in week) --> 47,986 swabbed
* Positive rate (Day/Week/Prev Week): 2.15% /  2.23% /  2.32% - [Chart](https://docs.google.com/spreadsheets/d/e/2PACX-1vQ7fegCALd11ElozUYcMi-e9Dj69YaiNQhvEpk81JHsyTACl0UXkWK5zfMNFe49Tq3VuN9Av-fuEZqV/pubchart?oid=1660579214&format=interactive)

**Other Data:**

* Current hospitalizations: 699(+10), ICUs: 263(-6), Ventilated: 181(-9), [vs. last week: -87 / -24 / -9] - [Chart](https://docs.google.com/spreadsheets/d/e/2PACX-1vQ7fegCALd11ElozUYcMi-e9Dj69YaiNQhvEpk81JHsyTACl0UXkWK5zfMNFe49Tq3VuN9Av-fuEZqV/pubchart?oid=1392680472&format=interactive)
* **LTC Data:** 3 / 0 new LTC resident/HCW cases
* **New variant cases** (UK/RSA/BRA): +1 / +0 / +0
* 80 new school cases (yesterday). 255 (5.3% of all) schools have active cases
* ICU count by [Ontario Health Region](https://news.ontario.ca/en/release/54585/ontario-taking-next-steps-to-integrate-health-care-system) (vs. last week): TORONTO: 44(-13), CENTRAL: 112(+17), EAST: 52(-10), WEST: 48(-20), NORTH: 7(+2), 
* Based on death rates from completed cases over the past month, 18.3 people from of today's new cases are expected to die of which 0.4 are less than 50 years old, and 1.0, 2.5, 4.8, 6.6 and 3.0 are in their 50s, 60s, 70s, 80s and 90s respectively. Of these, 11.6 are from outbreaks, and 6.7 are non-outbreaks


**Vaccines:** [Source](https://data.ontario.ca/dataset/covid-19-vaccine-data-in-ontario)

* Total administered: 540,129 (+21,295 / +83,182 in last day/week)
* 2.68% / 1.98% of all adult Ontarians have received at least one / both dose(s) to date
* To deliver at least one/both doses to all **adult** Ontarians by September 30th, 51,085 / 102,541 people need to be vaccinated every day from here on
* To date, 683,255 vaccines have been delivered to Ontario (last updated February 18 )  - [Source](https://www.canada.ca/en/public-health/services/diseases/2019-novel-coronavirus-infection/prevention-risks/covid-19-vaccine-treatment/vaccine-rollout.html)
* There are 143,126 unused vaccines which will take 12.0 days to deliver at current rates
* Adults make up 79% of Ontario's population

**Global Vaccine Comparison:** - doses administered per 100 people, to date  - [Source](https://ourworldindata.org/)

* Israel: 82.4  United Kingdom: 25.73  United States: 17.82  
* Italy: 5.6  Spain: 6.28  Germany: 5.63  France: 5.18  
* Canada: 3.72  

**Global Case Comparison:** - Cases/Tests per 100k in the last week  - [Source](https://ourworldindata.org/)

* Canada: 55.8,  United States: 155.24 (1,858)  Mexico: 39.97 (93)  
* Germany: 60.68 (1,242)  Italy: 138.25 (3,010)  France: 167.75 (3,362)  Spain: 164.88,  
* United Kingdom: 120.37 (5,651)  Israel: 297.69 (4,611)  Sweden: 225.31 (2,129)  Russia: 64.93 (1,570)  
* Vietnam: 0.23,  South Korea: 6.58 (512)  Australia: 0.11 (1,714)  New Zealand: 0.46 (1,284)  
* Dominican Republic: 53.78 (351)  Monaco: 234.43,  Cuba: 52.55 (1,080)  Jamaica: 69.36 (321)  

**Case fatality rates by age group (last 30 days):**

Age Group|Outbreak-->|CFR %|Deaths|Non-outbreak-->|CFR%|Deaths|
:-:|:--|--:|--:|:--|--:|--:|
19 & under||0.0%|0||0.0%|0
20s||0.0%|0||0.03%|3
30s||0.14%|3||0.04%|3
40s||0.19%|4||0.09%|6
50s||1.06%|23||0.39%|27
60s||3.6%|47||1.44%|64
70s||15.05%|144||5.13%|111
80s||21.4%|328||12.54%|131
90+||24.46%|292||20.35%|47

**Jail Data** - [Source](https://data.ontario.ca/en/dataset/covid-19-testing-of-inmates-in-ontario-s-correctional-institutions)

* Total inmate cases in last day/week: 3/95
* Total inmate tests completed in last day/week (refused test in last day/week): 142/1269 (21/438)

**COVID App Stats to February 18:**

* Positives Uploaded to app in last day/week/month/since launch: 48 / 335 / 2,015 / 12,857 (4.2% / 4.7% / 4.4% / 5.1% of all cases)
* App downloads in last day/week/month/since launch: 1,530 / 25,498 / 80,480 / 2,648,364 (59.0% / 35.9% / 37.8% / 42.0% Android share)


------------------------------------------------------------

|Reporting_PHU|Today|Averages-&gt;&gt;|Last 7|Prev 7|Totals Per 100k-&gt;&gt;|Last 7/100k|Prev 7/100k|Source (week %)-&gt;&gt;|Close contact|Community|Outbreak|Travel|Ages (week %)-&gt;&gt;|&lt;40|40-69|70+|
:--|--:|:--|--:|--:|:--|--:|--:|:--|--:|--:|--:|--:|:--|--:|--:|--:|
|Total|1228||1015.9|1167.2||47.8|55||53.4|20.6|23.2|2.8||54.6|37.5|8|
||||||||||||||||||
|Toronto PHU|331||290.4|368.6||65.2|82.7||46.2|19|32.6|2.1||54.3|37.2|8.4|
|Peel|228||195.4|240.6||85.2|104.8||64.5|21.9|10.6|3||54.9|39.2|6.1|
|York|132||125|122.6||71.4|70||60.1|24.6|13.4|1.9||51.9|41|7|
|Hamilton|86||42.7|40.7||50.5|48.1||46.2|23.4|28.8|1.7||52.5|38.8|8.7|
|Ottawa|54||51.7|45.1||34.3|30||55|21.5|18.2|5.2||58|32.3|9.6|
|Durham|47||39.3|38.3||38.6|37.6||62.9|25.8|8.4|2.9||64.7|30.6|4.8|
|Thunder Bay|41||21.6|13.9||100.7|64.7||32.5|15.2|50.3|2||60.2|34.4|3.9|
|Halton|40||32.1|37.7||36.3|42.6||43.6|24|25.8|6.7||55.1|35.1|9.8|
|Waterloo Region|38||33.6|48.9||40.2|58.5||50.2|25.5|19.6|4.7||57.5|34.9|7.7|
|Simcoe-Muskoka|36||31.3|32.4||36.5|37.9||65.8|15.5|13.7|5||59.8|31.9|8.7|
|Windsor|31||33.1|26.9||54.6|44.3||37.5|19|41.4|2.2||44|43.9|12|
|London|24||14.3|21.9||19.7|30.1||59|19|23|-1||63|32|5|
|Northwestern|20||14.9|3.6||118.6|28.5||52.9|-4.8|51.9|0||53.8|40.4|5.8|
|Brant|17||8.6|9.7||38.7|43.8||36.7|51.7|11.7|0||60|33.4|6.7|
|North Bay|17||4.3|4.3||23.1|23.1||20|40|40|0||20.1|56.7|26.6|
|Lambton|14||9.9|10.3||52.7|55||27.5|42|29|1.4||40.5|46.4|11.5|
|Niagara|13||16.4|25||24.3|37||57.4|11.3|28.7|2.6||53.9|34|12.1|
|Wellington-Guelph|11||11.1|20.6||25|46.2||66.7|3.8|26.9|2.6||62.8|27|10.2|
|Eastern Ontario|8||7.7|5.7||25.9|19.2||33.3|25.9|38.9|1.9||51.9|31.5|16.7|
|Haliburton, Kawartha|7||5.1|7||19.1|25.9||77.8|8.3|13.9|0||30.6|58.3|11.2|
|Peterborough|6||5.6|1.3||26.4|6.1||61.5|10.3|28.2|0||76.9|20.5|2.6|
|Haldimand-Norfolk|6||2.4|2.6||14.9|15.8||52.9|23.5|11.8|11.8||29.4|58.8|11.8|
|Sudbury|5||1.7|5.9||6|20.6||83.3|-33.3|25|25||58.4|33.3|8.3|
|Southwestern|4||4.7|7.6||15.6|25.1||75.8|18.2|6.1|0||51.5|39.4|9|
|Huron Perth|3||2.7|4.1||13.6|20.8||42.1|21.1|36.8|0||47.4|42.2|10.5|
|Hastings|3||1|2.1||4.2|8.9||28.6|-28.6|71.4|28.6||42.9|42.8|14.3|
|Rest|6||9.3|19.8||6.5|13.9||56.9|3.1|32.3|7.7||55.3|29.3|17|





**Canada comparison - [Source](https://open.canada.ca/data/en/dataset/261c32ab-4cfd-4f81-9dea-7b64065690dc):**

Province|Yesterday|Averages->>|Last 7|Prev 7|Per 100k->>|Last 7/100k|Prev 7/100k
:--|--:|:--|--:|--:|:--|--:|--:|
Canada|3091||2897.1|3221.4||53.4|59.3
 |||||||
Ontario|1150||1026.3|1179.6||48.8|56.0
Quebec|800||836.6|1008.3||68.3|82.3
British Columbia|508||440.7|433.4||59.9|58.9
Alberta|325||302.9|309.6||47.9|49.0
Saskatchewan|146||157.1|171.3||93.3|101.7
Manitoba|92||92.4|72.9||46.9|37.0
Newfoundland|60||29.0|35.4||38.9|47.5
New Brunswick|6||5.0|8.1||4.5|7.3
Nunavut|2||4.1|1.0||73.7|17.8
Nova Scotia|2||2.0|0.9||1.4|0.6
Northwest Territories|0||0.6|0.9||8.9|13.3
Yukon|0||0.3|0.0||4.8|0.0
Prince Edward Island|0||0.1|0.1||0.6|0.6








**LTCs with 2+ new cases today:**

LTC_Home|City|Beds|New LTC cases|Current Active Cases
:--|:--|--:|--:|--:|
Dearness Home for Senior Citizens|London|243.0|2.5|2.5
Caressant Care on McLaughlin Road|Lindsay|96.0|2.0|2.5


**LTC Deaths today:** [Why are there 0.5 deaths?](https://www.reddit.com/r/ontario/comments/ksfe1d/ontario_january_07_update_3519_new_cases_2776/giflq3y/)

|LTC_Home|City|Beds|Today's Deaths|All-time Deaths|
:--|:--|:--|:--|:--|
Caressant Care on McLaughlin Road|Lindsay|96.0|2.0|16.0





**Today's deaths:** 

|Reporting_PHU|Age_Group|Client_Gender|Case_AcquisitionInfo|Case_Reported_Date|Episode_Date|2021-02-20|
:--|:--|:--|:--|:--|:--|--:|
|Halton (reversal)|20s|MALE|Outbreak|2021-02-03|2021-02-01|-1|
|Halton (reversal)|30s|MALE|Outbreak|2021-02-03|2021-02-01|-1|
|Toronto PHU|50s|MALE|Outbreak|2021-01-08|2021-01-01|1|
|Toronto PHU|60s|FEMALE|Community|2021-02-12|2021-02-11|1|
|Toronto PHU|60s|FEMALE|Outbreak|2021-02-08|2021-02-03|1|
|York|60s|MALE|Outbreak|2021-01-29|2021-01-28|1|
|Simcoe-Muskoka|70s|MALE|Outbreak|2021-01-14|2021-01-12|1|
|Southwestern|70s|MALE|Outbreak|2021-01-27|2021-01-26|1|
|Toronto PHU|70s|MALE|Community|2021-01-31|2021-01-27|1|
|Toronto PHU|70s|MALE|Community|2021-01-29|2021-01-27|1|
|Windsor|70s|MALE|Close contact|2021-02-12|2021-02-11|1|
|York|70s|UNSPECIFIED|Outbreak|2021-01-15|2021-01-14|1|
|Haliburton, Kawartha|80s|FEMALE|Outbreak|2021-01-20|2021-01-18|1|
|Halton|80s|MALE|Outbreak|2021-02-17|2021-02-17|1|
|Niagara|80s|FEMALE|Outbreak|2021-01-12|2021-01-11|1|
|Niagara|80s|FEMALE|Outbreak|2020-12-18|2020-12-15|1|
|Peel|80s|MALE|Outbreak|2021-01-22|2021-01-21|1|
|Toronto PHU|80s|MALE|Community|2021-02-06|2021-02-01|1|
|Toronto PHU|80s|MALE|Community|2021-01-17|2021-01-13|1|
|Toronto PHU|80s|FEMALE|Community|2021-02-15|2021-02-07|1|
|Toronto PHU|80s|FEMALE|Outbreak|2021-01-19|2021-01-14|1|
|Wellington-Guelph|80s|FEMALE|Outbreak|2021-01-28|2021-01-21|1|
|Wellington-Guelph|80s|FEMALE|Outbreak|2021-01-09|2021-01-07|1|
|Windsor|80s|MALE|Outbreak|2021-01-03|2021-01-03|1|
|York|80s|MALE|Close contact|2021-02-13|2021-02-13|1|
|Haliburton, Kawartha|90+|MALE|Outbreak|2021-02-03|2021-02-02|1|
|Southwestern|90+|FEMALE|Outbreak|2021-02-17|2021-02-16|1|
|Toronto PHU|90+|MALE|Community|2021-02-10|2021-02-09|1|
|Toronto PHU|90+|MALE|Community|2021-02-03|2021-01-29|1|
|Toronto PHU|90+|MALE|Outbreak|2021-01-25|2021-01-19|1|
|Windsor|90+|MALE|Outbreak|2021-02-17|2021-02-17|1|
|Windsor|90+|MALE|Outbreak|2021-01-18|2021-01-18|1|",enterprisevalue,0.97,/r/ontario/comments/lo8xeb/ontario_february_20_update_1228_new_cases_1313/,t5_2qsf3
2,Dr. Abdu Sharkawy checks Ford's scaremongering about the Indian Variant,78,nn1s0g,https://twitter.com/SharkawyMD/status/1398295657635631110,14,2021-05-28 12:35:39,,Pencil_of_Colour,0.9,/r/ontario/comments/nn1s0g/dr_abdu_sharkawy_checks_fords_scaremongering/,t5_2qsf3
3,Question - why the fuck are airports still open,66,mti89e,https://www.reddit.com/r/ontario/comments/mti89e/question_why_the_fuck_are_airports_still_open/,77,2021-04-18 14:18:47,"I am really starting to get sick of this pandemic, and this issue may be one better discussed in r/Canada, but because I am more talking about airports in Ontario I feel like it’s better to discuss here. It has been reported that there is now a Indian variant of covid, plus there is already the British variant, Brazilian variant, and South African variant. My question is why on earth are airports still open. Someone please tell me what travel is considered to be essential. You shouldn’t be having funerals now, going to weddings or going on vacations. I feel that if airports are not closed, than at least incoming travel should be. I feel like we should all write to our MPs or something.",Gta-gamer4321,0.74,/r/ontario/comments/mti89e/question_why_the_fuck_are_airports_still_open/,t5_2qsf3
4,What's happening with the P.1 and B.1.617 variants in Ontario?,12,n82nmg,https://www.reddit.com/r/ontario/comments/n82nmg/whats_happening_with_the_p1_and_b1617_variants_in/,21,2021-05-08 20:46:32,"There hasn't been much reporting on this lately, and hardly a peep from the province. 

In the US, P.1 has been rising faster than B.1.1.7 did. It's growing quickly in a number of states, too. The absolute numbers are growing in Ontario, up to 1,212 at last count. 

On April 28, Ontario said it was [not developing a mass screening tool](https://toronto.ctvnews.ca/ontario-not-developing-mass-screening-tool-for-b-1-617-covid-19-variant-devastating-india-1.5405774) for B.1.617 because it wasn't yet a ""variant of concern."" Well, Public Health England has now said [it *is* a variant of concern](https://www.theguardian.com/world/2021/may/07/indian-covid-variant-is-variant-of-concern-says-public-health-england). Given the ongoing tragedy in India, this is hardly surprising. \[This has been a pattern in Canada for 15 months now: deny it's a problem until it manifestly becomes one. See Dr. Tam's infamous ""The risk of \[Covid\] remains low in Canada"" [tweet](https://twitter.com/CPHO_Canada/status/1224773984471986177?s=20).\]

B.1.617 isn't even mentioned in the province's [daily epidemiologic summary](https://files.ontario.ca/moh-covid-19-report-en-2021-05-08.pdf).

Is there a good reason this isn't being communicated? Why screening tools (apparently) aren't being developed? Would we know if Covid patients have different variants and should be kept as far apart as possible? Isn't there a concern that this could lead to a fourth wave, especially in places like long term care homes, if vaccines don't provide sufficient protection for elderly people? (Early evidence suggests they do, but there's no guarantee of anything.)",LeoNova90,0.62,/r/ontario/comments/n82nmg/whats_happening_with_the_p1_and_b1617_variants_in/,t5_2qsf3
5,Science table estimates that Delta (Indian / B 1.617) variant now accounts for nearly a quarter of COVID-19 cases in Ontario,7,nrfa09,https://www.cp24.com/news/science-table-estimates-that-delta-variant-now-accounts-for-nearly-a-quarter-of-covid-19-cases-in-ontario-1.5454550,50,2021-06-03 10:49:01,,tofilmfan,0.56,/r/ontario/comments/nrfa09/science_table_estimates_that_delta_indian_b_1617/,t5_2qsf3
6,The media will use the variants to fear monger once it's August and we are relatively open,0,nprqfs,https://www.reddit.com/r/ontario/comments/nprqfs/the_media_will_use_the_variants_to_fear_monger/,31,2021-06-01 07:27:08,"For clicks, of course, just look at the UK, it's still a hot topic there because of the lockdowns they had to endure (similar to Ontario) and the media won't shut up about the Indian variant and how it's ""double mutant"". American media does it far less often as much of the US has not faced intense restrictions for months on end after the initial wave - fewer people care about it and corona in general down there.

The UK is fine, and we will be too, the Pfizer and Moderna vaccines are effective against all the variants identified so far, and considering this will likely become a yearly shot, I'm sure they can be tweaked later on.

We definitely need a vaccination requirement at our borders or quarantine as our restrictions loosen, which I am sure will be implemented within the next 1-2 months.",mekail2001,0.43,/r/ontario/comments/nprqfs/the_media_will_use_the_variants_to_fear_monger/,t5_2qsf3
7,[Rant] Why has civilian international travel not been completely banned by now?,0,nrhr5v,https://www.reddit.com/r/ontario/comments/nrhr5v/rant_why_has_civilian_international_travel_not/,38,2021-06-03 12:37:09,"I don't understand why nobody is talking about completely closing all civilian international travel. All flights grounded. If they would have done this since 2020, there would have been no UK, Brazilian, South African and more recently Indian variants of concern. After a couple of months from the start of the pandemic (to allow outside canadians to return home), there should have been a complete ban on incoming flights from all other countries. If people wanted to leave canada after that to go and help family or whatever essential reason they had to go abroad, they should not be allowed to return until this is all done globally. Oh you have a important business trip? Guess what, the global economy is now fucked, your little business deal does not require your personal presence. Do it remotely or bite the bullet.

I just had to rant a bit, since I am watching the news and we are under stay at home order, while international flights with covid onboard are landing at pearson and airports across the country. Clearly the hotel quarantine is not bloody working, after the 3rd wave now, there is still no word of stopping the importation of covid.

&#x200B;

EDIT: to answer a couple of questions: 

\- Cargo planes carrying food, industrial supplies, etc. should absolutely be allowed in order to keep the economy and industry going. But a cargo plane does not carry 150 (or however many) passangers a commercial flight does. 

\- Australia and New Zealand did just that, and have not been closed down for most of 2020 and this year. They re-opened civilian travel, and almost instantly had covid cases showing up again. They also closed right back down as soon as new cases appeared. They did not wait until their cases were in the thousands. And this i do not know with certainty, but has their economy completely collapsed due to this? Is it far worse than the canadian economy is right now?",Piromania666,0.19,/r/ontario/comments/nrhr5v/rant_why_has_civilian_international_travel_not/,t5_2qsf3
8,So Much For Border Screening...,0,ntonag,https://www.reddit.com/r/ontario/comments/ntonag/so_much_for_border_screening/,15,2021-06-06 11:47:06,"So much for blaming provincial leaders for international variants coming here. The 617/Indian/Delta variant is expected to become the dominant strain in Peel Region within the month. Of course Peel region, which has been a major spreader, is considered an ""at risk community"", which means they have difficulty figuring out how to wear masks and not gather in groups. It's all so complicated, isn't it?",Bob_Loblaw007,0.12,/r/ontario/comments/ntonag/so_much_for_border_screening/,t5_2qsf3
