,title,score,id,url,comms_num,created,body,author,upvote_ratio,permalink,subreddit_id
0,Graduation story and farewell rant,8,ks9bgz,https://www.reddit.com/r/pregnant/comments/ks9bgz/graduation_story_and_farewell_rant/,3,2021-01-07 03:47:07,"First i have to say i am on mobile so apologies for any formatting issues. This subreddit has given me so much strength and hope and i would like to finally share my graduation story. My little babs is a week old now and i finally have a moment to type it out.
Let me start by saying i am a 2nd time mom and i had a c section the first time because of high blood pressure and breech baby. I was hoping so much for a vbac. I saw documentaries about it. How beneficial it all is. How to stand up for maternal and fetus health. I watched one born every minute and i was so pumped. That being said i am not in the UK or what's considered a first world country but that didn't phase me.
When i told my doctor how badly i wanted a vbac, she walked me through the benefits, risks, etc and i was hopeful.
Then they found glucose in my urine and i had to have a glucose tolerance test which i failed. I went to a dietitian and change in diet didn't get my glucose low enough and i ended up on insulin. It was pretty much down hill from there. The physician for my gestational diabetes advised i get the baby out as soon as i can week 37 or 38. My obgyn said if the insulin was keeping the glucose low lets still fight for the vbac. Then the second wave of Corona hit with the new variant and all of a sudden the hospitals were full and my obgyn didnt like how it was looking. She said in case of an emergency  they couldn't really guarantee i would get first preference because only 1 theater was functioning. At that point i was just tired of fighting and getting upsetting news so i chose to have a repeat c section at 39 weeks.
It was a very gentle section, better than my first. It turns out the hospitals are really full to capacity, we were there at 6 AM but 2 emergencies pushed the section to 9 AM and there really was only 1 theater open and the nurses and anesthesiologist where the same and working like 12 hour shifts or longrr because the nurse in recovery had been working since 5 in the morning and she was telling me how at 7 that night she would move to the maternity ward to help out. To say they are working with a skeleton crew would be putting it mildly. Everyone seems to be battling the new rise in Corona cases. 
And it turned out my little boy was facing the wromg why and both his hands where wrapped around the umbilical cord, it turns out giving up was the right thing to do. Everyone in the theater agreed he couldn't have been born vaginally. He was born a very healthy 3.63kg and was just the cutest.
That being said i find myself wondering, knowing all that i know that maybe a miracle would have happened if i had just held on till natural labour or something. I wonder if the doctor's were looking out for my best interests or theirs and if i gave up too soon. 
I read stories still of mommies who got the birth they wanted and i get green with jealousy. On Facebook i joined a vbac group and i see mom's posting how they fought hard for their vbacs and got them. How they were given tremendous support and so many different ways to encourage natural births. I am not depressed about it, just sad and over thinking. I left the  vbac groups and now i must leave this group. But getting a healthy baby is all that matters and the pandemic did change a lot, at least where i am from but I'm sort of happy sad. Happy i have my baby but sad it didn't happen the way i wanted it too.
I did enjoy this sub though and i waa in the January due date group but gave birth in December, spent new years in the hospital room alone with my little boy. We are in a semi lock down so I know i didnt miss much.
I wish all you mummies a birth you will love and cherish, even if at times its not the one you imagined.",rubycartermama,0.84,/r/pregnant/comments/ks9bgz/graduation_story_and_farewell_rant/,t5_2qwzb
1,Personal space when pregnant (rant),5,opgmz5,https://www.reddit.com/r/pregnant/comments/opgmz5/personal_space_when_pregnant_rant/,4,2021-07-22 11:53:09,"I am 28 weeks pregnant. Our local high street Baby Gap is closing down and there’s a clearance going on. Checked it out, walked out of the store, took my mask off for a breath of fresh air. Standing on the sidewalk. Suddenly an unmasked woman walks right up to me; she is about half a meter (1.6 ft) away from my face. She is loudly telling me to check out a different baby store down the street because they have deals too. Spittle is flying. We are practically at first base distance. I was too shocked to move away! Came home and just cried. This is the UK where all restrictions have recently been lifted even though there’s around 50000 cases a day. Most of them Delta variant. I know probability is low but I’m so afraid she could’ve infected me. I have had one dose of Pfizer so far. I kinda feel bad for being so sensitive, but heck, why can’t some people just stay away from pregnant people. At least don’t get all into my face. Please. Sorry for the rant. Stay safe everyone.",brickfrigginmaster,0.78,/r/pregnant/comments/opgmz5/personal_space_when_pregnant_rant/,t5_2qwzb
