,title,score,id,url,comms_num,created,body,author,upvote_ratio,permalink,subreddit_id
0,Vaccination sans rendez-vous | Une file dès 4 h 30 pour le vaccin d’AstraZeneca,267,mmrfkw,https://www.lapresse.ca/covid-19/2021-04-08/vaccination-sans-rendez-vous/une-file-des-4-h-30-pour-le-vaccin-d-astrazeneca.php,150,2021-04-08 09:09:47,,bludemon4,0.97,/r/Quebec/comments/mmrfkw/vaccination_sans_rendezvous_une_file_dès_4_h_30/,t5_2qhh9
1,Santé Canada approuve le vaccin d’AstraZeneca,234,lsxkkq,https://www.lapresse.ca/covid-19/2021-02-26/sante-canada-approuve-le-vaccin-d-astrazeneca.php,70,2021-02-26 08:21:44,,eauderable,0.98,/r/Quebec/comments/lsxkkq/santé_canada_approuve_le_vaccin_dastrazeneca/,t5_2qhh9
2,Résumé de la conférence de presse de 17h,168,mlmigg,https://www.reddit.com/r/Quebec/comments/mlmigg/résumé_de_la_conférence_de_presse_de_17h/,310,2021-04-06 17:40:56,"**Nouvelles mesures** *(les mauvaises nouvelles)*

En zone orange:

* Masque obligatoire pour tous les enfants du primaire

En zone rouge: 

* Retour des écoles secondaires à 1 journée sur 2 seulement
* Fermeture des gyms
* Les lieux de cultes ont désormais une limite de 25 personnes
* Legault dit qu'il n'hésitera pas à faire revenir le couvre-feu à 20h si les cas montent à Montréal. Il affirme que les rassemblements illégaux auraient triplé depuis le couvre-feu mis à 21h30.

**Vaccination** *(les bonnes nouvelles)*

* Vaccination ouverte aux 60 ans et plus partout au Québec, dans toutes les régions
* Vaccination ouverte aux *travailleurs essentiels* et aux adultes avec des maladies chroniques (ex: cancer). Prise de rendez-vous disponible dès cette semaine.
* Les travailleurs essentiels incluent: Profs, éducatrices, pompiers, policiers, gardes de prison et travailleurs communautaires.
* Début de la vaccination avec AstraZeneca auprès des 55 ans et + à partir de jeudi (plus de 300 000 vaccins disponibles) → Même sans rendez-vous dans les grands centres.",SupersonicBlackbird,0.97,/r/Quebec/comments/mlmigg/résumé_de_la_conférence_de_presse_de_17h/,t5_2qhh9
3,"Covid eight times more likely to cause rare brain clot than AstraZeneca vaccine, study finds",139,mrfe9q,https://www.independent.co.uk/news/science/covid-brain-clot-astrazeneca-vaccine-b1831876.html?utm_source=reddit.com,54,2021-04-15 10:06:33,,shabadabadabada,0.9,/r/Quebec/comments/mrfe9q/covid_eight_times_more_likely_to_cause_rare_brain/,t5_2qhh9
4,Résumé de la conférence de presse de 17h | 8 avril 2021,129,mn1wcf,https://www.reddit.com/r/Quebec/comments/mn1wcf/résumé_de_la_conférence_de_presse_de_17h_8_avril/,136,2021-04-08 17:23:53,"**Nouvelles mesures:**

* Prolongement des mesures d'urgence à Québec, Lévis (Chaudière-Apalaches) et Gatineau pour une semaine de plus (Jusqu'au dimanche 18 avril) → Fermeture des commerces, des services non-essentiels et de toutes les écoles.
* Mesure préventive pour Montréal et Laval: À compter du dimanche 11 avril, remise du couvre-feu à 20h. Il affirme également que c'est une mesure ""préventive"", et ça ne s'applique pas aux autres banlieues du Grand Montréal.

**Autres commentaires:**

* Il parle de comment il a choisi d'être en politique et ne s'attend pas à ce que tout le monde l'aime et qu'il assume la responsabilité de ses décisions. Certains veulent plus de mesures, d'autres moins, et il essaye de faire une balance.
* Il dit que la santé publique observe la situation dans les Laurentides, Lanaudière et Montérégie, mais surtout en Estrie.
* Il félicite la situation de la vaccination avec AstraZeneca et encourage le monde qui peuvent se faire vacciner à le faire: ""Le vaccin, c'est le passeport pour la liberté"".
* Il affirme que le Québec n'est pas à l'abri des explosions des cas vu ce qui se passe dans les autres provinces.",SupersonicBlackbird,0.97,/r/Quebec/comments/mn1wcf/résumé_de_la_conférence_de_presse_de_17h_8_avril/,t5_2qhh9
5,45 ans et plus: les doses d’AstraZeneca s’envolent en un rien de temps à Québec. Il ne reste plus de rendez-vous disponibles dans la région,92,mvhbsd,https://www.journaldequebec.com/2021/04/21/les-doses-dastrazeneca-senvolent-en-un-rien-de-temps-a-quebec,43,2021-04-21 10:50:23,,Environmental-Dig797,0.93,/r/Quebec/comments/mvhbsd/45_ans_et_plus_les_doses_dastrazeneca_senvolent/,t5_2qhh9
6,Une femme de 54 ans de la Montérégie est décédée possiblement à la suite du vaccin Astrazeneca. Les tests se poursuivent mais le CUSM confirme le décès dans un de ses hôpitaux et confirme un possible lien avec ce vaccin,74,mztnms,https://twitter.com/VeroPrinceTV/status/1387092395381202955,123,2021-04-27 13:24:07,,DecentLurker96,0.87,/r/Quebec/comments/mztnms/une_femme_de_54_ans_de_la_montérégie_est_décédée/,t5_2qhh9
7,"COVID-19: 76 nouveaux cas, (254 depuis le 25 juin), -11 hospitalisations, 0 décès",76,o9n8h9,https://www.reddit.com/r/Quebec/comments/o9n8h9/covid19_76_nouveaux_cas_254_depuis_le_25_juin_11/,43,2021-06-28 12:00:50,"Québec, le 28 juin 2021

Les plus récentes données sur l’évolution de la COVID‑19, pour les dernières 24 h, au Québec, font état de :

    76 nouveaux cas (254 depuis le 25 juin), pour un total de 374 660 personnes infectées;
    362 523 personnes rétablies;
    Aucun nouveau décès – pour un total de 11 203 décès.
    124 hospitalisations, soit une diminution de 11 par rapport au 25 juin;
    31 personnes aux soins intensifs, soit une diminution de 9 par rapport au 25 juin;
    15 233 prélèvements réalisés le 26 juin.

Vaccination

    77 687 doses administrées s'ajoutent, soit 73 754 dans les dernières 24 heures et 3 933 avant le 27 juin, pour un total de 8 053 529 doses administrées au Québec. Hors Québec, ce sont 21 268 doses au total qui ont été administrées, pour un total cumulé de 8 074 797 doses reçues par les Québécois.
    9 442 385 doses reçues au total.
    Vendredi, 19 026 doses de Moderna et 74 880 doses de Pfizer ont été reçues. Il manque encore 19 740 doses de Moderna de la commande de 630 700.
    Ce qui est attendu cette semaine :
        547 560 doses de Pfizer,
        1 744 820 doses de Moderna,
        120 000 doses d’AstraZeneca.

https://www.msss.gouv.qc.ca/ministere/salle-de-presse/communique-3002/",Underpressure_111,0.95,/r/Quebec/comments/o9n8h9/covid19_76_nouveaux_cas_254_depuis_le_25_juin_11/,t5_2qhh9
8,AstraZeneca | Québec suspendra l’utilisation du vaccin chez les 55 ans et moins,73,mfutv0,https://www.lapresse.ca/covid-19/2021-03-29/astrazeneca/quebec-suspendra-l-utilisation-du-vaccin-chez-les-55-ans-et-moins.php,242,2021-03-29 13:34:33,,SupersonicBlackbird,0.93,/r/Quebec/comments/mfutv0/astrazeneca_québec_suspendra_lutilisation_du/,t5_2qhh9
9,"COVID-19 20 Avril: 1136 nouveaux cas, +8 hospitalisations, 17 décès",71,musc1x,https://www.reddit.com/r/Quebec/comments/musc1x/covid19_20_avril_1136_nouveaux_cas_8/,137,2021-04-20 11:03:33,"[https://www.quebec.ca/sante/problemes-de-sante/a-z/coronavirus-2019/situation-coronavirus-quebec](https://www.quebec.ca/sante/problemes-de-sante/a-z/coronavirus-2019/situation-coronavirus-quebec)

&#x200B;

* 1 136 nouveaux cas, pour un total de 339 180 personnes infectées;
* 315 984 personnes rétablies;
* 17 nouveaux décès – pour un total de de 10 833 décès –, soit :
   * 4 décès dans les 24 dernières heures,
   * 11 décès entre le 13 et le 18 avril,
   * 2 décès à une date inconnue,
* 694 hospitalisations, soit une augmentation de 8 par rapport à la veille;
* 177 personnes aux soins intensifs, soit une diminution de 6 par rapport à la veille;
* 28 568 prélèvements réalisés le 18 avril.

**Vaccination**

* 47 799 doses de vaccin administrées dans les 24 dernières heures, pour un total de 2 448 409;
* 3 042 405 doses reçues au total;
   * 205 920 des 230 490 doses de Pfizer attendues cette semaine ont été reçues et sont en transit dans le réseau. Les autres sont attendues aujourd’hui;
   * À noter que 18 960 doses d’AstraZeneca qui ont été reçues la semaine dernière sont toujours en transit dans le réseau.",poutinologue,0.92,/r/Quebec/comments/musc1x/covid19_20_avril_1136_nouveaux_cas_8/,t5_2qhh9
10,"Abaisser l’âge de réception du vaccin d’AstraZeneca a du sens, disent des médecins",60,mstckv,https://ici.radio-canada.ca/nouvelle/1785720/vaccin-oxford-astrazeneca-avantages-inconvenients-jeunes-covid,65,2021-04-17 12:00:12,,Environmental-Dig797,0.89,/r/Quebec/comments/mstckv/abaisser_lâge_de_réception_du_vaccin_dastrazeneca/,t5_2qhh9
11,"COVID-19 16 avril: 1527 nouveaux cas, +3 hospitalisations, 7 nouveaux décès",52,ms52fg,https://www.reddit.com/r/Quebec/comments/ms52fg/covid19_16_avril_1527_nouveaux_cas_3/,113,2021-04-16 11:04:44,"[https://www.quebec.ca/sante/problemes-de-sante/a-z/coronavirus-2019/situation-coronavirus-quebec](https://www.quebec.ca/sante/problemes-de-sante/a-z/coronavirus-2019/situation-coronavirus-quebec)

 

* 1 527 nouveaux cas, pour un total de 334 071 personnes infectées;
* 309 345 personnes rétablies;
* 7 nouveaux décès – pour un total de 10 785 décès –, soit :
   * 1 décès dans les 24 dernières heures,
   * 4 décès entre le 9 et le 14 avril,
   * 1 décès avant le 9 avril,
   * 1 décès à une date inconnue,
* 664 hospitalisations, soit une augmentation de 3 par rapport à la veille;
* 167 personnes aux soins intensifs, soit une augmentation de 8 par rapport à la veille;
* 43 515 prélèvements réalisés le 14 avril.

**Vaccination**

* 74 927 doses de vaccin administrées dans les 24 dernières heures, pour un total de 2 223 775;
* 2 836 485 doses reçues au total;
   * 176 300 des 176 400 doses de Moderna attendues cette semaine ont été reçues dans les régions. Les 100 doses manquantes seront reportées sur la livraison de la semaine prochaine.
   * À noter que 41 460 doses d’AstraZeneca qui ont été reçues la semaine dernière sont toujours en transit dans le réseau.",poutinologue,0.87,/r/Quebec/comments/ms52fg/covid19_16_avril_1527_nouveaux_cas_3/,t5_2qhh9
12,"COVID-19 18 avril: 1344 nouveaux cas, -9 hospitalisations, 9 nouveaux décès",54,mtejwa,https://www.reddit.com/r/Quebec/comments/mtejwa/covid19_18_avril_1344_nouveaux_cas_9/,95,2021-04-18 11:07:02,"[https://www.quebec.ca/sante/problemes-de-sante/a-z/coronavirus-2019/situation-coronavirus-quebec/](https://www.quebec.ca/sante/problemes-de-sante/a-z/coronavirus-2019/situation-coronavirus-quebec/)

* 1 344 nouveaux cas, pour un total de 336 952 personnes infectées;
* 312 701 personnes rétablies;
* 9 nouveaux décès – pour un total de 10 802 décès –, soit : 	
   * 2 décès dans les 24 dernières heures,
   * 7 décès entre le 11 et le 16 avril,
* 683 hospitalisations, soit une diminution de 9 par rapport à la veille;
* 175 personnes aux soins intensifs, comme hier;
* 35 308 prélèvements réalisés le 16 avril.

**Vaccination**

* 58 945 doses de vaccin administrées dans les 24 dernières heures, pour un total de 2 358 757;
* 2 836 485 doses reçues au total; 	
   * À noter que 18 960 doses d’AstraZeneca qui ont été reçues la semaine dernière sont toujours en transit dans le réseau.",poutinologue,0.9,/r/Quebec/comments/mtejwa/covid19_18_avril_1344_nouveaux_cas_9/,t5_2qhh9
13,"Quebec will ship AstraZeneca to regions if Montrealers don't want it. ""For someone who is 55 or older, there is 8,000 times higher risk of dying from COVID than from taking the AstraZeneca vaccine.""",53,mtdcyl,https://montrealgazette.com/news/local-news/quebec-will-ship-astrazeneca-to-regions-if-montrealers-dont-want-it,45,2021-04-18 10:02:12,,Environmental-Dig797,0.83,/r/Quebec/comments/mtdcyl/quebec_will_ship_astrazeneca_to_regions_if/,t5_2qhh9
14,Québec ne donnera plus le vaccin d’AstraZeneca comme première dose,51,nbjl43,https://ici.radio-canada.ca/nouvelle/1792822/quebec-astrazeneca-vaccin-premiere-dose,36,2021-05-13 11:41:57,,DecentLurker96,0.94,/r/Quebec/comments/nbjl43/québec_ne_donnera_plus_le_vaccin_dastrazeneca/,t5_2qhh9
15,Pas de lien de causalité entre le vaccin d’AstraZeneca et les thromboses,45,m664t3,https://www.ledevoir.com/societe/sante/596980/science-pas-de-lien-de-causalite-avec-les-thromboses,91,2021-03-16 06:38:47,,ProfProof,0.82,/r/Quebec/comments/m664t3/pas_de_lien_de_causalité_entre_le_vaccin/,t5_2qhh9
16,"Les 30 ans et plus pourront recevoir le vaccin d'AstraZeneca, conclut le CCNI",50,mx1og1,https://ici.radio-canada.ca/nouvelle/1787421/doses-az-orford-age-comite-consultatif-national-immunisation,50,2021-04-23 14:22:53,,DecentLurker96,0.87,/r/Quebec/comments/mx1og1/les_30_ans_et_plus_pourront_recevoir_le_vaccin/,t5_2qhh9
17,Des files d'attente avant l'aube pour le vaccin d'AstraZeneca,46,mvf45q,https://www.lapresse.ca/covid-19/2021-04-21/vaccination-des-45-ans-et-plus/des-files-d-attente-avant-l-aube-pour-le-vaccin-d-astrazeneca.php,9,2021-04-21 08:58:05,,coexistwiththechill,0.88,/r/Quebec/comments/mvf45q/des_files_dattente_avant_laube_pour_le_vaccin/,t5_2qhh9
18,"Selon infos, le vaccin AstraZeneca sera offert aux 45 ans et plus au Québec. Prise de rendez-vous possible dès demain. Prolongement d'une semaine des mesures d'urgence à Québec, Chaudière Appalaches et Outaouais. Conférence de presse à 13 heures",46,mut5m2,https://twitter.com/SebBovetSRC/status/1384531280646316036,61,2021-04-20 11:40:27,,DecentLurker96,0.91,/r/Quebec/comments/mut5m2/selon_infos_le_vaccin_astrazeneca_sera_offert_aux/,t5_2qhh9
19,"Considérant que le PQ est un parti de boomer et que je suis péquiste, est-ce que j'ai le droit au vaccin AstraZeneca?",42,mutzpl,https://www.reddit.com/r/Quebec/comments/mutzpl/considérant_que_le_pq_est_un_parti_de_boomer_et/,52,2021-04-20 12:17:30,"Les faits :

- Le monde s'entendent pour dire que le PQ est un parti de boomer

- Je suis membre et militant du PQ depuis que j'ai 16 ans, j'ai aujourd'hui 30 ans.

- Mais je suis un boomer, car je suis un péquiste

- Les boomers ont entre 57 et 75 ans

- Le AstraNeneca est disponible pour les gens de 55 ans et plus

Bref, j'ai tu le droit de me faire vacciner au AstraZeneca?",Bestialman,0.71,/r/Quebec/comments/mutzpl/considérant_que_le_pq_est_un_parti_de_boomer_et/,t5_2qhh9
20,"COVID-19 6 avril: 1168 cas, 4 décès, +11 hospitalisations",44,mldv51,https://www.reddit.com/r/Quebec/comments/mldv51/covid19_6_avril_1168_cas_4_décès_11/,141,2021-04-06 11:11:26,"[https://www.quebec.ca/sante/problemes-de-sante/a-z/coronavirus-2019/situation-coronavirus-quebec/](https://www.quebec.ca/sante/problemes-de-sante/a-z/coronavirus-2019/situation-coronavirus-quebec/)

 

* 1 168 nouveaux cas, pour un total de 318 532 personnes infectées;
* 297 384 personnes rétablies;
* 4 nouveaux décès – pour un total de 10 701 décès –, soit :
   * 1 décès dans les 24 dernières heures,
   * 3 décès entre le 30 mars et le 4 avril.
* 514 hospitalisations, soit une augmentation de 11 par rapport à la veille;
* 121 personnes aux soins intensifs, soit une diminution de 2 par rapport à la veille;
* 25 239 prélèvements réalisés le 4 avril.

**Vaccination**

* 39 816 doses de vaccin administrées dans les 24 dernières heures, pour un total de 1 592 197;
* 2 334 695 doses reçues au total;
   * 207 090 doses de Pfizer ont été reçues hier, sur un total attendu de 230 490. Ces doses sont en transit dans le réseau.
   * À noter que les 135 100 doses de Moderna et les 339 600 doses d’AstraZeneca qui ont été reçues plus tôt cette semaine sont toujours en transit dans le réseau.",poutinologue,0.85,/r/Quebec/comments/mldv51/covid19_6_avril_1168_cas_4_décès_11/,t5_2qhh9
21,Vaccination | L’Ontario abaisse l’âge pour l’AstraZeneca à 40 ans,35,mtrgn4,https://www.lapresse.ca/covid-19/2021-04-18/vaccination/l-ontario-abaisse-l-age-pour-l-astrazeneca-a-40-ans.php,20,2021-04-18 22:47:15,,BaguetteStix,0.88,/r/Quebec/comments/mtrgn4/vaccination_lontario_abaisse_lâge_pour/,t5_2qhh9
22,Formation de caillots sanguins | Des pays d'Europe suspendent le vaccin d'AstraZeneca,29,m2qimz,https://www.lapresse.ca/covid-19/2021-03-11/formation-de-caillots-sanguins/des-pays-d-europe-suspendent-le-vaccin-d-astrazeneca.php,79,2021-03-11 08:53:23,,mr_bigbadjas,0.85,/r/Quebec/comments/m2qimz/formation_de_caillots_sanguins_des_pays_deurope/,t5_2qhh9
23,"Selon infos Radio-Canada, dès jeudi: vaccination élargie aux 55 ans + prêts à recevoir le vaccin Astrazeneca partout au Qc. Les gens n’auront qu’à se présenter à une clinique sans rendez-vous désignée (sera indiqué clairement que c’est du Astra) Détails à venir",33,mll2u2,https://twitter.com/VeroPrinceTV/status/1379531140231540744,18,2021-04-06 16:34:52,,DecentLurker96,0.91,/r/Quebec/comments/mll2u2/selon_infos_radiocanada_dès_jeudi_vaccination/,t5_2qhh9
24,Les vaccins Pfizer and AstraZeneca efficace contre le variant Indien après 2 doses.,29,nj5qf3,https://www.bbc.com/news/uk-57214596,14,2021-05-23 07:17:23,,xMercurex,0.82,/r/Quebec/comments/nj5qf3/les_vaccins_pfizer_and_astrazeneca_efficace/,t5_2qhh9
25,Le vaccin d’AstraZeneca offert aux 45 ans et plus,31,muxist,https://www.lapresse.ca/covid-19/2021-04-20/le-vaccin-d-astrazeneca-offert-aux-45-ans-et-plus.php,52,2021-04-20 14:54:09,,ouatedephoque,0.86,/r/Quebec/comments/muxist/le_vaccin_dastrazeneca_offert_aux_45_ans_et_plus/,t5_2qhh9
26,"COVID: 1 559 nouveaux cas, 7 décès, 17 hospitalisations.",29,mqsmch,https://www.reddit.com/r/Quebec/comments/mqsmch/covid_1_559_nouveaux_cas_7_décès_17/,78,2021-04-14 11:12:15,"Québec, le 14 avril 2021

Les plus récentes données sur l’évolution de la COVID‑19, dans les 24 dernières heures, au Québec, font état de :

    1 559 nouveaux cas, pour un total de 331 031 personnes infectées;
    306 608 personnes rétablies;
    7 nouveaux décès – pour un total de 10 763 décès –, soit :
        1 décès dans les 24 dernières heures,
        6 décès entre le 7 et le 12 avril,
    660 hospitalisations, soit une augmentation de 17 par rapport à la veille;
    152 personnes aux soins intensifs, soit une augmentation de 2 par rapport à la veille;
    44 183 prélèvements réalisés le 12 avril.

Vaccination

    68 192 doses de vaccin administrées dans les 24 dernières heures, pour un total de 2 075 808;
    2 660 185 doses reçues au total;
        Le reste des 230 490 doses de Pfizer attendues cette semaine, soit 26 910 doses, a été livré hier dans les régions.
        Rappelons que 176 400 doses de Moderna sont attendues cette semaine.
        À noter que 55 160 doses d’AstraZeneca qui ont été reçues la semaine dernière sont toujours en transit dans le réseau.


https://www.msss.gouv.qc.ca/ministere/salle-de-presse/communique-2768/",Underpressure_111,0.81,/r/Quebec/comments/mqsmch/covid_1_559_nouveaux_cas_7_décès_17/,t5_2qhh9
27,De plus en plus de pays suspendent l'utilisation du vaccin AstraZeneca,24,m5nm3w,https://ici.radio-canada.ca/nouvelle/1777368/allemagne-suspension-vaccin-astrazeneca-covid-19-risque-,69,2021-03-15 11:47:52,,Cirrus1920,0.75,/r/Quebec/comments/m5nm3w/de_plus_en_plus_de_pays_suspendent_lutilisation/,t5_2qhh9
28,"Décrypteurs: Non, AstraZeneca n’a pas annoncé que son vaccin contre la COVID-19 est inefficace",26,o1d1dk,https://ici.radio-canada.ca/nouvelle/1802083/astrazeneca-traitement-covid-19-efficacite-vaccin-essai-clinique,3,2021-06-16 15:21:37,,DecentLurker96,0.84,/r/Quebec/comments/o1d1dk/décrypteurs_non_astrazeneca_na_pas_annoncé_que/,t5_2qhh9
29,"COVID 24 mars: 783 cas, -11 hospitalisations, 8 décès",21,mc8htv,https://www.reddit.com/r/Quebec/comments/mc8htv/covid_24_mars_783_cas_11_hospitalisations_8_décès/,71,2021-03-24 11:23:02,"Québec, le 24 mars 2021

Les plus récentes données sur l’évolution de la COVID‑19, dans les 24 dernières heures, au Québec, font état de :

    783 nouveaux cas, pour un total de 304 490 personnes infectées;
    286 946 personnes rétablies;
    8 nouveaux décès – pour un total de 10 626 décès –, soit :
        0 décès dans les 24 dernières heures,
        6 décès entre le 17 et le 22 mars,
        2 décès survenus avant le 17 mars;
    508 hospitalisations, soit une diminution de 11;
    118 personnes aux soins intensifs, soit une augmentation de 5;
    36 381 prélèvements réalisés le 22 mars.

Vaccination

    31 025 doses de vaccin administrées dans les 24 dernières heures, pour un total de 1 024 713;
    1 321 795 doses reçues au total;
        58 500 doses Moderna s’ajouteront au total. Elles sont toujours à recevoir cette semaine.
        271 440 doses Pfizer reçues aujourd’hui. Ces doses sont présentement en transit dans le réseau;
        Aucune dose de COVISHIELD (développé par AstraZeneca) ne s’ajoutera au total cette semaine.


https://www.msss.gouv.qc.ca/ministere/salle-de-presse/communique-2714/",Underpressure_111,0.74,/r/Quebec/comments/mc8htv/covid_24_mars_783_cas_11_hospitalisations_8_décès/,t5_2qhh9
30,"Je comprend pas le hype, ça fait des années que j'ai du AstraZeneca dans mon garde robe.",19,n5r43k,https://www.imgur.com/a/en55u7h,11,2021-05-05 17:29:03,,Jellyka,0.72,/r/Quebec/comments/n5r43k/je_comprend_pas_le_hype_ça_fait_des_années_que/,t5_2qhh9
31,"Washington livrera 1,5 million de doses du vaccin d'AstraZeneca au Canada",23,m7w8oc,https://ici.radio-canada.ca/nouvelle/1778244/doses-etats-unis-canada-vaccin-astrazeneca,19,2021-03-18 13:37:39,,tanm2001,0.96,/r/Quebec/comments/m7w8oc/washington_livrera_15_million_de_doses_du_vaccin/,t5_2qhh9
32,Deux autres journées de vaccination sans rendez-vous à Québec: Le CIUSSS offrira 600 vaccins AstraZeneca dimanche et lundi prochain à L’Ancienne-Lorette,18,ms55qc,https://www.journaldequebec.com/2021/04/16/deux-autres-journees-de-vaccination-sans-rendez-vous-a-quebec,6,2021-04-16 11:09:29,,Environmental-Dig797,0.75,/r/Quebec/comments/ms55qc/deux_autres_journées_de_vaccination_sans/,t5_2qhh9
33,Santé Canada décide de ne pas restreindre l'utilisation du vaccin d'AstraZeneca selon le groupe d'âge,20,mqumiw,https://ici.radio-canada.ca/nouvelle/1784811/sante-canada-strazeneca-risques-thrombose-covid,36,2021-04-14 12:47:40,,KuduIO,0.92,/r/Quebec/comments/mqumiw/santé_canada_décide_de_ne_pas_restreindre/,t5_2qhh9
34,Avis du CIQ du 20 avril 2021: Signal de cas de thromboses avec thrombocytopénie après l’administration des vaccins contre la COVID-19 d’AstraZeneca et du Covishield,15,muwo6e,https://www.inspq.qc.ca/publications/3124-thromboses-astrazeneca-covishield,7,2021-04-20 14:16:17,,TortuouslySly,0.85,/r/Quebec/comments/muwo6e/avis_du_ciq_du_20_avril_2021_signal_de_cas_de/,t5_2qhh9
35,Encore 20 000 doses du vaccin AstraZeneca disponibles ce week-end à Montréal,14,msfmik,https://ici.radio-canada.ca/nouvelle/1785555/vaccination-az-oxford-sites-sans-rendez-vous,13,2021-04-16 19:50:08,,Environmental-Dig797,0.8,/r/Quebec/comments/msfmik/encore_20_000_doses_du_vaccin_astrazeneca/,t5_2qhh9
36,AstraZeneca: déjà du sans rendez-vous pour les 2e doses à Québec et Lévis,16,nmrul3,https://www.journaldequebec.com/2021/05/27/astrazeneca-deja-du-sans-rendez-vous-pour-les-2e-doses-a-quebec-et-levis,3,2021-05-28 02:52:08,,Environmental-Dig797,0.9,/r/Quebec/comments/nmrul3/astrazeneca_déjà_du_sans_rendezvous_pour_les_2e/,t5_2qhh9
37,Feu vert au vaccin AstraZeneca/Oxford au Royaume-Uni,16,kn4azh,https://www.journaldemontreal.com/2020/12/30/coronavirus-feu-vert-au-vaccin-astrazeneca-oxford-au-royaume-uni,0,2020-12-30 10:33:17,,KuduIO,0.81,/r/Quebec/comments/kn4azh/feu_vert_au_vaccin_astrazenecaoxford_au_royaumeuni/,t5_2qhh9
38,AstraZeneca: La campagne sans rendez-vous déjà terminée à Montréal,17,mx4lch,https://www.lapresse.ca/covid-19/2021-04-23/astrazeneca/la-campagne-sans-rendez-vous-deja-terminee-a-montreal.php,3,2021-04-23 16:40:42,,Environmental-Dig797,0.78,/r/Quebec/comments/mx4lch/astrazeneca_la_campagne_sans_rendezvous_déjà/,t5_2qhh9
39,AstraZeneca | Québec suspend l’utilisation du vaccin chez les 55 ans et moins,16,mfwwl9,https://www.lapresse.ca/covid-19/2021-03-29/astrazeneca/quebec-suspend-l-utilisation-du-vaccin-chez-les-55-ans-et-moins.php,23,2021-03-29 15:06:26,,DarknessFalls21,0.75,/r/Quebec/comments/mfwwl9/astrazeneca_québec_suspend_lutilisation_du_vaccin/,t5_2qhh9
40,"COVID-19: 71 nouveaux cas, 4 décès, -2 hospitalisations",12,oaa3xn,https://www.reddit.com/r/Quebec/comments/oaa3xn/covid19_71_nouveaux_cas_4_décès_2_hospitalisations/,10,2021-06-29 11:05:07,"Québec, le 29 juin 2021

Les plus récentes données sur l’évolution de la COVID‑19, pour les dernières 24 h, au Québec, font état de :

    71 nouveaux cas, pour un total de 374 731 personnes infectées;
    362 646 personnes rétablies;
    4 nouveaux décès – pour un total de 11 207 décès, soit :
        0 décès dans les dernières 24 heures,
        4 décès entre le 22 et le 27 juin,
    122 hospitalisations, soit une diminution de 2 par rapport à la veille;
    31 personnes aux soins intensifs, resté stable par rapport à la veille;
    15 252 prélèvements réalisés le 27 juin.

Vaccination

    107 827 doses administrées s'ajoutent, soit 102 841 dans les dernières 24 heures et 4 986 avant le 28 juin, pour un total de 8 161 356 doses administrées au Québec. Hors Québec, ce sont 21 945 doses au total qui ont été administrées, pour un total cumulé de 8 183 301 doses reçues par les Québécois.
    9 937 295 doses reçues au total.
    Hier, 494 910 doses de Pfizer ont été reçues.
    Ce qui est encore attendu cette semaine :
        52 650 doses de Pfizer,
        1 744 820 doses de Moderna,
        120 000 doses d’AstraZeneca.

https://www.msss.gouv.qc.ca/ministere/salle-de-presse/communique-3008/",Underpressure_111,0.73,/r/Quebec/comments/oaa3xn/covid19_71_nouveaux_cas_4_décès_2_hospitalisations/,t5_2qhh9
41,Un comité fédéral recommande de ne pas donner le vaccin d'AstraZeneca aux 55 ans et moins | Coronavirus,13,mfunkw,https://ici.radio-canada.ca/nouvelle/1780821/comite-immunisation-recommande-pause-vaccin-astrazeneca,15,2021-03-29 13:26:36,,Aabbaac,0.88,/r/Quebec/comments/mfunkw/un_comité_fédéral_recommande_de_ne_pas_donner_le/,t5_2qhh9
42,Vaccins | Les catholiques invités à éviter AstraZeneca et Johnson & Johnson,14,m26ncc,https://www.lapresse.ca/covid-19/2021-03-10/vaccins/les-catholiques-invites-a-eviter-astrazeneca-et-johnson-johnson.php,37,2021-03-10 14:49:22,,rockstarnrg88,0.73,/r/Quebec/comments/m26ncc/vaccins_les_catholiques_invités_à_éviter/,t5_2qhh9
43,"Le vaccin d’AstraZeneca pas pour les aînés, dit un comité d’experts",10,lvr6r6,https://www.lapresse.ca/covid-19/2021-03-01/le-vaccin-d-astrazeneca-pas-pour-les-aines-dit-un-comite-d-experts.php,15,2021-03-01 20:58:59,,SpendingSpree,0.78,/r/Quebec/comments/lvr6r6/le_vaccin_dastrazeneca_pas_pour_les_aînés_dit_un/,t5_2qhh9
44,13 900 doses du vaccin d'AstraZeneca disponibles en «sans rendez-vous» à Québec. Deux cliniques spécifiquement ouvertes pour l’occasion à Beauport et à L’Ancienne-Lorette,11,mmdxzd,https://www.journaldequebec.com/2021/04/07/13-900-doses-dastrazeneca-disponibles-en-sans-rendez-vous-a-quebec,16,2021-04-07 18:43:24,,Environmental-Dig797,0.77,/r/Quebec/comments/mmdxzd/13_900_doses_du_vaccin_dastrazeneca_disponibles/,t5_2qhh9
45,Cas de caillots sanguins | Nouvelle enquête de l’UE sur les vaccins d’AstraZeneca et Johnson & Johnson,9,mnts9d,https://www.lapresse.ca/international/europe/2021-04-09/cas-de-caillots-sanguins/nouvelle-enquete-de-l-ue-sur-les-vaccins-d-astrazeneca-et-johnson-johnson.php,3,2021-04-09 19:56:09,,marct10,0.77,/r/Quebec/comments/mnts9d/cas_de_caillots_sanguins_nouvelle_enquête_de_lue/,t5_2qhh9
46,"Suspension du vaccin AstraZeneca : l'engagement de vaccination avant la Fête nationale est compromis, et les personnes de 55 ans et plus pourront le refuser à l'avance",12,mg7ifx,https://www.lapresse.ca/covid-19/2021-03-29/astrazeneca/un-vaccin-suspendu-un-engagement-compromis.php,63,2021-03-30 00:06:51,,KuduIO,0.8,/r/Quebec/comments/mg7ifx/suspension_du_vaccin_astrazeneca_lengagement_de/,t5_2qhh9
47,Le vaccin d’AstraZeneca boudé en Beauce: Le centre de vaccination de Saint-Georges de Beauce pourrait recevoir un plus grand volume de personnes.,9,mrc7ll,https://www.journaldequebec.com/2021/04/14/des-vaccins-boudes-en-beauce,19,2021-04-15 06:55:32,,Environmental-Dig797,0.77,/r/Quebec/comments/mrc7ll/le_vaccin_dastrazeneca_boudé_en_beauce_le_centre/,t5_2qhh9
48,Québec aura l'avis d'experts sur le vaccin d'AstraZeneca mardi,10,mu20nd,https://ici.radio-canada.ca/nouvelle/1785984/vaccin-christian-dube-astrazeneca-40-ans-coronavirus-quebec-pandemie,23,2021-04-19 10:38:39,,Environmental-Dig797,0.86,/r/Quebec/comments/mu20nd/québec_aura_lavis_dexperts_sur_le_vaccin/,t5_2qhh9
49,National vaccine panel recommends Canadians aged 30 and older can receive AstraZeneca vaccine,11,mx1res,https://www.ctvnews.ca/health/coronavirus/national-vaccine-panel-recommends-canadians-aged-30-and-older-can-receive-astrazeneca-vaccine-1.5399901,17,2021-04-23 14:26:40,,coexistwiththechill,0.71,/r/Quebec/comments/mx1res/national_vaccine_panel_recommends_canadians_aged/,t5_2qhh9
50,La France et l'Italie suspendent le vaccin AstraZeneca,10,m5rd0k,https://www.tvanouvelles.ca/2021/03/15/quels-pays-ont-suspendu-le-vaccin-astrazeneca,0,2021-03-15 14:29:09,,pointdexter33,0.73,/r/Quebec/comments/m5rd0k/la_france_et_litalie_suspendent_le_vaccin/,t5_2qhh9
51,Un troisième décès lié au vaccin d'AstraZeneca au Canada,12,n5lydk,https://www.tvanouvelles.ca/2021/05/05/un-troisieme-deces-lie-au-vaccin-dastrazeneca-au-canada,10,2021-05-05 13:48:17,,SpendingSpree,0.69,/r/Quebec/comments/n5lydk/un_troisième_décès_lié_au_vaccin_dastrazeneca_au/,t5_2qhh9
52,L’Ontario interrompt l’administration du vaccin d’AstraZeneca,7,na764k,https://news.ontario.ca/fr/statement/1000103/lontario-interrompt-ladministration-du-vaccin-dastrazeneca,15,2021-05-11 16:42:15,,DecentLurker96,0.78,/r/Quebec/comments/na764k/lontario_interrompt_ladministration_du_vaccin/,t5_2qhh9
53,"Le vaccin AstraZeneca change de nom et devient ""Vaxzevria""",10,mgis8h,https://www.ladepeche.fr/2021/03/30/le-vaccin-astrazeneca-change-de-nom-et-devient-vaxzevria-9458956.php,15,2021-03-30 11:38:26,,French-Vanilla-ice,0.73,/r/Quebec/comments/mgis8h/le_vaccin_astrazeneca_change_de_nom_et_devient/,t5_2qhh9
54,Des centaines de Québécois refusent le vaccin AstraZeneca,8,m5xdsn,https://www.ledevoir.com/societe/sante/596947/des-centaines-de-quebecois-refusent-le-vaccin-d-astrazeneca,15,2021-03-15 21:12:09,,dornorax,0.9,/r/Quebec/comments/m5xdsn/des_centaines_de_québécois_refusent_le_vaccin/,t5_2qhh9
55,Vaccin AstraZeneca | Un premier cas de thrombose au Québec,9,mq7l7s,https://www.lapresse.ca/covid-19/2021-04-13/vaccin-astrazeneca/un-premier-cas-de-thrombose-au-quebec.php,34,2021-04-13 13:51:06,,Doudelidou25,0.7,/r/Quebec/comments/mq7l7s/vaccin_astrazeneca_un_premier_cas_de_thrombose_au/,t5_2qhh9
56,AstraZeneca | L'Allemagne déconseille le vaccin pour les plus de 65 ans,7,l70z45,https://www.lapresse.ca/covid-19/2021-01-28/astrazeneca/l-allemagne-deconseille-le-vaccin-pour-les-plus-de-65-ans.php,6,2021-01-28 11:14:46,,throwaway9f5z,1.0,/r/Quebec/comments/l70z45/astrazeneca_lallemagne_déconseille_le_vaccin_pour/,t5_2qhh9
57,Flambée de cas en Beauce : « une peur » du vaccin AstraZeneca inquiète,8,mr5gqm,https://ici.radio-canada.ca/nouvelle/1784850/une-peur-du-vaccin-astrazeneca-inquiete-en-beauce-,9,2021-04-14 22:13:09,,TortuouslySly,0.75,/r/Quebec/comments/mr5gqm/flambée_de_cas_en_beauce_une_peur_du_vaccin/,t5_2qhh9
58,"Le Canada recevra 500 000 doses d&#x27;AstraZeneca, dont 300 000 bientôt périmées | Coronavirus",8,lwe0db,https://ici.radio-canada.ca/nouvelle/1774480/vaccin-approvisionnement-distribution-provinces-territoires-covid-19,4,2021-03-02 17:14:49,,marct10,0.78,/r/Quebec/comments/lwe0db/le_canada_recevra_500_000_doses_dx27astrazeneca/,t5_2qhh9
59,Des milliers de doses du vaccin AstraZeneca à écouler sans rendez-vous,5,mpdart,https://ici.radio-canada.ca/nouvelle/1784040/vaccin-astrazeneca-sans-rendez-vous-vaccin-capitale-nationale,48,2021-04-12 08:58:20,,Environmental-Dig797,0.67,/r/Quebec/comments/mpdart/des_milliers_de_doses_du_vaccin_astrazeneca_à/,t5_2qhh9
60,Deuxième dose d’AstraZeneca : dois-je recevoir le même vaccin ou choisir Pfizer ou Moderna ?,6,ntra38,https://theconversation.com/deuxieme-dose-dastrazeneca-dois-je-recevoir-le-meme-vaccin-ou-choisir-pfizer-ou-moderna-162196,2,2021-06-06 13:49:15,,Tapverte,0.8,/r/Quebec/comments/ntra38/deuxième_dose_dastrazeneca_doisje_recevoir_le/,t5_2qhh9
61,P'tite question sur la vaccination parce que je suis perdue,5,mqrveh,https://www.reddit.com/r/Quebec/comments/mqrveh/ptite_question_sur_la_vaccination_parce_que_je/,14,2021-04-14 10:35:35,"Salut Air Québec,  


Je suis juste vraiment confuse face à l'intervalle de temps entre les doses de vaccin pis j'aimerais qu'on m'explique. Je ne suis plus vraiment les nouvelles aussi assidûment qu'avant, ma dernière session universitaire m'occupant pas mal. Si quelqu'un peut m'éclairer, j'apprécierais vraiment.  


Me semble qu'on se fait dire depuis le début qu'il doit y avoir deux-trois semaines entre les deux doses de vaccin, alors pourquoi nous autres au Québec on attend des mois? Mon père de 56 ans est allé se faire vacciner dimanche passé quand ils donnaient sans rendez-vous des doses d'AstraZeneca (donc le dimanche 11 avril). Son prochain rendez-vous a été programmé, pour début août. On parle d'environ quatre mois, et non de deux-trois semaines. De quossé?! Comment ça c'est aussi loin?  À ce compte là, est-ce que le vaccin va fonctionner/être efficace avec autant d'attente?  


Merci",Elyzevae,0.63,/r/Quebec/comments/mqrveh/ptite_question_sur_la_vaccination_parce_que_je/,t5_2qhh9
62,Vaccination: deuxième dose disponible pour Moderna et AstraZeneca,3,o0k7ve,https://www.journaldequebec.com/2021/06/15/astrazeneca-la-vaccination-avec-un-autre-vaccin-possible-1,4,2021-06-15 13:49:15,,Environmental-Dig797,0.62,/r/Quebec/comments/o0k7ve/vaccination_deuxième_dose_disponible_pour_moderna/,t5_2qhh9
63,Coronavirus: EU to tighten vaccine exports amid row with AstraZeneca,4,l54peh,https://www.bbc.com/news/world-europe-55805903,1,2021-01-25 22:04:52,,Environmental-Dig797,0.7,/r/Quebec/comments/l54peh/coronavirus_eu_to_tighten_vaccine_exports_amid/,t5_2qhh9
64,"Salut r/québec, petite question sur la prise de rendez-vous pour la vaccination et astrazeneca",3,mm8d3s,https://www.reddit.com/r/Quebec/comments/mm8d3s/salut_rquébec_petite_question_sur_la_prise_de/,19,2021-04-07 14:19:03,"Mes parents sont parmi ceux qui pourront se faire vacciner dans le prochain groupe, mais ils hésitent à prendre un rendez-vous puisqu'ils ont peur de se faire administrer le vaccin d'astrazeneca. Savez-vous si on peut ""opt out"" de ce vaccin? J'aimerais vraiment qu'ils se fassent vacciner aussitôt que possible, étant donné la santé un peu fragile de mon père.",SoberUpBoi,0.64,/r/Quebec/comments/mm8d3s/salut_rquébec_petite_question_sur_la_prise_de/,t5_2qhh9
65,Frustration chez des plus de 45 ans qui ont choisi l’AstraZeneca,3,n5f9t2,https://lp.ca/3V1SXB,29,2021-05-05 08:56:27,,JeNiqueTaMere,0.57,/r/Quebec/comments/n5f9t2/frustration_chez_des_plus_de_45_ans_qui_ont/,t5_2qhh9
66,AstraZeneca | Un deuxième Canadien a eu un caillot sanguin après avoir reçu le vaccin,5,mt1zau,https://www.lapresse.ca/covid-19/2021-04-17/astrazeneca/un-deuxieme-canadien-a-eu-un-caillot-sanguin-apres-avoir-recu-le-vaccin.php,12,2021-04-17 19:52:08,,SpendingSpree,0.63,/r/Quebec/comments/mt1zau/astrazeneca_un_deuxième_canadien_a_eu_un_caillot/,t5_2qhh9
67,L'Alberta cesse de donner des premières doses du vaccin d'AstraZeneca,3,n9xnks,https://www.lapresse.ca/covid-19/2021-05-11/premieres-doses/l-alberta-cesse-d-utiliser-le-vaccin-d-astrazeneca.php,3,2021-05-11 10:00:21,,KuduIO,0.67,/r/Quebec/comments/n9xnks/lalberta_cesse_de_donner_des_premières_doses_du/,t5_2qhh9
68,Astrazeneca | Feu vert du CCNI au mélange de doses,2,npylhq,https://www.lapresse.ca/covid-19/2021-06-01/vaccination/feu-vert-du-ccni-au-melange-de-doses.php,8,2021-06-01 12:53:06,,SpendingSpree,1.0,/r/Quebec/comments/npylhq/astrazeneca_feu_vert_du_ccni_au_mélange_de_doses/,t5_2qhh9
69,Norvège: des d'experts préconisent de renoncer aux vaccins d'AstraZeneca et Johnson & Johnson,2,n93vxj,https://www.tvanouvelles.ca/2021/05/10/norvege-des-dexperts-preconisent-de-renoncer-aux-vaccins-dastrazeneca-et-johnson--johnson,11,2021-05-10 09:01:02,,Keenoz,0.58,/r/Quebec/comments/n93vxj/norvège_des_dexperts_préconisent_de_renoncer_aux/,t5_2qhh9
70,AstraZeneca et le discours sanitaire officiel | Isabelle Hachey,1,n660co,https://www.lapresse.ca/actualites/2021-05-06/astrazeneca-et-le-discours-sanitaire-officiel.php,9,2021-05-06 08:22:05,,KuduIO,0.57,/r/Quebec/comments/n660co/astrazeneca_et_le_discours_sanitaire_officiel/,t5_2qhh9
71,500 000 doses attendues mercredi | Qui recevra le vaccin d’AstraZeneca ?,3,lwhj6t,https://www.lapresse.ca/covid-19/2021-03-02/500-000-doses-attendues-mercredi/qui-recevra-le-vaccin-d-astrazeneca.php,2,2021-03-02 20:10:47,,SpendingSpree,0.71,/r/Quebec/comments/lwhj6t/500_000_doses_attendues_mercredi_qui_recevra_le/,t5_2qhh9
72,Vaccin d’AstraZeneca | Une Québécoise est décédée d’une thrombose,5,mzw6wk,https://www.lapresse.ca/covid-19/2021-04-27/vaccin-d-astrazeneca/une-quebecoise-est-decedee-d-une-thrombose.php,10,2021-04-27 15:15:59,,Joedassinestjesus,0.6,/r/Quebec/comments/mzw6wk/vaccin_dastrazeneca_une_québécoise_est_décédée/,t5_2qhh9
73,Britons have bought into the AstraZeneca plan without hesitation,1,n6yluj,https://www.theglobeandmail.com/world/article-britons-have-bought-into-the-astrazeneca-plan-without-hesitation/,1,2021-05-07 09:33:36,,KuduIO,0.55,/r/Quebec/comments/n6yluj/britons_have_bought_into_the_astrazeneca_plan/,t5_2qhh9
74,Santé Canada défend son approvisionnement en AstraZeneca,1,myk4km,https://www.tvanouvelles.ca/2021/04/25/sante-canada-defend-son-approvisionnement-en-astrazeneca-1,8,2021-04-25 19:12:06,,SpendingSpree,0.67,/r/Quebec/comments/myk4km/santé_canada_défend_son_approvisionnement_en/,t5_2qhh9
75,Un responsable de l'EMA confirme un lien entre AstraZeneca et les thromboses,3,ml910d,https://www.sciencesetavenir.fr/sante/un-responsable-de-l-ema-confirme-un-lien-entre-astrazeneca-et-les-thromboses_153247,24,2021-04-06 07:00:23,,Psychological-Win136,0.55,/r/Quebec/comments/ml910d/un_responsable_de_lema_confirme_un_lien_entre/,t5_2qhh9
76,AstraZeneca: le Dr Arruda répond aux interrogations sur la 2e dose,1,o2o2xg,https://www.journaldequebec.com/2021/06/17/astrazeneca-quebec-fait-marche-arriere-sur-le-vaccin-a-prioriser-en-deuxieme-dose,4,2021-06-18 08:34:45,,French-Vanilla-ice,0.6,/r/Quebec/comments/o2o2xg/astrazeneca_le_dr_arruda_répond_aux/,t5_2qhh9
77,Doses de vaccin sans rendez-vous: ça marche comment?,1,nnaoz7,https://www.reddit.com/r/Quebec/comments/nnaoz7/doses_de_vaccin_sans_rendezvous_ça_marche_comment/,6,2021-05-28 19:38:56,"Le centre de vaccination de mon coin va avoir des 2e doses de AstraZeneca sans rendez-vous pour 2 journées dans les prochains jours. Je sais que quand ils faisaient des blitz pour les 45+ yavait une tente qui donnait les coupons pour les heures, mais je sais pas si je devrais me pointer bin tôt pour avoir des places pour mes vieux parents éligibles. Yen a qui ont l'expérience avec ça?",Mokmo,0.57,/r/Quebec/comments/nnaoz7/doses_de_vaccin_sans_rendezvous_ça_marche_comment/,t5_2qhh9
78,Le vaccin anti-COVID-19 d’AstraZeneca est au centre d’un débat scientifique sur son efficacité chez les plus âgés,1,lahtcn,https://www.lapresse.ca/covid-19/2021-02-01/vaccin-astrazeneca/l-age-un-facteur-crucial-et-contentieux.php,2,2021-02-01 18:42:57,,Environmental-Dig797,0.67,/r/Quebec/comments/lahtcn/le_vaccin_anticovid19_dastrazeneca_est_au_centre/,t5_2qhh9
79,est-il possible de choisir son vaccin quand on prend rendez-vous par clic santé?,3,n6xeb6,https://www.reddit.com/r/Quebec/comments/n6xeb6/estil_possible_de_choisir_son_vaccin_quand_on/,13,2021-05-07 08:31:47,"je viens de prendre rendez vous (j'ai 36 ans) par clic santé mais à aucun moment on ne m'a proposé de choix de vaccin.

je suis pas mal indifférent à ça sauf pour l'astra zeneca qui me tente moins. Etes vous parvenu à choisir de votre côté ou est-ce que c'est au hasard?",bagou01,0.63,/r/Quebec/comments/n6xeb6/estil_possible_de_choisir_son_vaccin_quand_on/,t5_2qhh9
80,Jeudi est le jour J,1,mlmdzz,https://www.reddit.com/r/Quebec/comments/mlmdzz/jeudi_est_le_jour_j/,7,2021-04-06 17:36:37,"Plusieurs groupes différents seront en mesure de prendre des rendez-vous pour la vaccination contre la Covid-19 où se faire vacciner sans rendez-vous à partir de jeudi matin. Le ministre Dubé va annoncer plus de détails mercredi, dont les groupes de moins de 55 ans qui seront priorisés et des cliniques sans rendez-vous qui vont administrer le vaccin AstraZeneca aux 55 ans et plus.",Environmental-Dig797,0.57,/r/Quebec/comments/mlmdzz/jeudi_est_le_jour_j/,t5_2qhh9
81,Trudeau et Legault défendent le vaccin d&amp;#x27;AstraZeneca | Coronavirus,0,m5t4b4,https://ici.radio-canada.ca/nouvelle/1777407/coronavirus-vaccination-astrazeneca-europe-suspension-precaution,4,2021-03-15 15:46:33,,pointdexter33,0.5,/r/Quebec/comments/m5t4b4/trudeau_et_legault_défendent_le_vaccin/,t5_2qhh9
82,Nouvelles déconvenues pour le vaccin d’AstraZeneca,0,m4zqwg,https://www.lapresse.ca/international/europe/2021-03-14/covid-19/nouvelles-deconvenues-pour-le-vaccin-d-astrazeneca.php,20,2021-03-14 13:38:04,,SpendingSpree,0.5,/r/Quebec/comments/m4zqwg/nouvelles_déconvenues_pour_le_vaccin_dastrazeneca/,t5_2qhh9
83,Mort d’un étudiant nantais : l’autopsie renforce l’hypothèse d’un lien de causalité entre l’injection d’AstraZeneca et le décès,0,n64d1i,https://www.lemonde.fr/planete/article/2021/05/05/mort-d-un-etudiant-nantais-l-autopsie-renforce-l-hypothese-d-un-lien-de-causalite-entre-l-injection-d-astrazeneca-et-le-deces_6079265_3244.html,7,2021-05-06 06:41:02,,French-Vanilla-ice,0.44,/r/Quebec/comments/n64d1i/mort_dun_étudiant_nantais_lautopsie_renforce/,t5_2qhh9
84,Health Canada says AstraZeneca vaccine safe after countries suspend use,2,m39diq,https://globalnews.ca/news/7690215/astrazeneca-vaccine-denmark-canada/,18,2021-03-11 23:12:08,,SpendingSpree,0.58,/r/Quebec/comments/m39diq/health_canada_says_astrazeneca_vaccine_safe_after/,t5_2qhh9
85,Le clergé demande d’éviter les vaccins d’AstraZeneca et de Johnson & Johnson,0,m2o4nw,https://www.ledevoir.com/societe/sante/596659/le-clerge-demande-d-eviter-les-vaccins-les-moins-moralement-acceptables,20,2021-03-11 06:30:40,,ProfProof,0.41,/r/Quebec/comments/m2o4nw/le_clergé_demande_déviter_les_vaccins/,t5_2qhh9
86,Les 30 ans et plus pourront recevoir le vaccin AstraZeneca | Radio Canada,0,mx88m1,https://www.youtube.com/watch?v=DPtCuw2ZFhU,6,2021-04-23 19:50:58,,THhhaway,0.42,/r/Quebec/comments/mx88m1/les_30_ans_et_plus_pourront_recevoir_le_vaccin/,t5_2qhh9
87,Femme morte d'une thrombose | Bérubé compare le vaccin d'AstraZeneca à une « loterie »,0,n0gh2a,https://www.lapresse.ca/covid-19/2021-04-28/femme-morte-d-une-thrombose/berube-compare-le-vaccin-d-astrazeneca-a-une-loterie.php,33,2021-04-28 10:48:39,,ouatedephoque,0.48,/r/Quebec/comments/n0gh2a/femme_morte_dune_thrombose_bérubé_compare_le/,t5_2qhh9
88,"Italy launches manslaughter probe into death of teacher, 57, who died a day after being given AstraZeneca vaccine as country re-enters lockdown and EU turns its back on the jab",0,m5rd1w,https://www.reddit.com/r/Quebec/comments/m5rd1w/italy_launches_manslaughter_probe_into_death_of/,2,2021-03-15 14:29:12,[https://www.dailymail.co.uk/news/article-9363963/Europe-Covid-wave-Italy-enters-lockdown-cases-soar.html](https://www.dailymail.co.uk/news/article-9363963/Europe-Covid-wave-Italy-enters-lockdown-cases-soar.html),The_Starkman,0.36,/r/Quebec/comments/m5rd1w/italy_launches_manslaughter_probe_into_death_of/,t5_2qhh9
89,Le vaccin le plus dangereux,0,mcaeir,https://www.reddit.com/r/Quebec/comments/mcaeir/le_vaccin_le_plus_dangereux/,33,2021-03-24 12:44:35,"J'ai écrit ce texte il y a une semaine pour me vider la tête. Je me suis dit qu'il avait suffisamment de valeur pour le partager ici. Il explique les fondements de mon opposition à certaines mesures sanitaires. Toute critique est la bienvenue, surtout si elle est constructive.

***

Imaginons un vaccin fictif contre le SARS-CoV-2 qui aurait été inventé vers janvier 2020. Développé en Chine, il est rapidement exporté dans tous les pays du monde. À partir de la mi-mars, presque tous les gouvernements décident de l'administrer à leur population pour contrer la propagation de la nouvelle maladie.

Ce vaccin n'a pas été rigoureusement testé. Les Chinois semblent l'avoir jugé utile, alors on imite leur exemple sans faire de vérifications supplémentaires. Les agences de santé comme Santé Canada ne prennent aucun moment pour évaluer l'efficacité ou les effets secondaires du vaccin. Au contraire, elles le recommandent immédiatement : la situation est trop urgente, la COVID-19, trop inquiétante. En quelques jours, grâce à une technologie révolutionnaire et l'activation de l'article de la Loi sur la santé publie qui permet de rendre la vaccination obligatoire, la quasi totalité des Québécois ont été inoculés.

Le vaccin nécessite deux semaines pour faire effet. Est-ce à dire que la pandémie, vers le mois d'avril, est terminée? Hélas non. La situation semble au contraire empirer de jour en jour. Les morts s'accumulent, surtout dans les CHSLD. On comprend rapidement que le vaccin n'est pas efficace à 100%. Heureusement, on en a tellement de doses qu'il est aisé de l'administrer à tout le monde encore une fois. On le fera toutes les deux semaines s'il le faut.

Alors que l'été approche, l'épidémie semble sous contrôle. On réduit grandement les doses bihebdomadaires du vaccin, puis on cesse de l'administrer. Il a bien fonctionné, croit-on, mais on ne peut pas le donner à tout le monde indéfiniment. Il faut dire qu'il coûte cher, car il empêche de nombreuses personnes de travailler, et le gouvernement doit les soutenir financièrement. On soupçonne également qu'il entraîne des effets secondaires assez peu souhaitables.

C'est à l'automne, alors que l'épidémie reprend de la vigueur et que le gouvernement décide de lancer une nouvelle campagne de vaccination bihebdomadaire, qu'on commence à mesurer l'ampleur de ces effets secondaires. 

Stress accru. Anxiété et dépression, notamment chez les jeunes. Pratique de l'exercice physique plus difficile; prise de poids, diminution générale de la santé physique. Difficulté à se concentrer. Diminution de la productivité au travail. Consommation accrue d'alcool et de drogue. Augmentation des épisodes violents. Aggravation des cas de démence et de la maladie d'Alzheimer. Chances plus élevées d'avoir un cancer non détecté. Perte de qualité de vie en général.

Tout le monde n'est pas touché par ces effets, mais ils ont réels. On commence même à croire que la vaccin a causé, indirectement, des morts. Peut-être à cause de surdoses, peut-être des suicides, peut-être la violence. Peut-être autre chose — on ne le saura jamais avec certitude.

Or, la pandémie risque de submerger le système de santé et de causer un nombre bien plus grand de morts. Alors le gouvernement ne renonce pas à utiliser le vaccin, surtout qu'il ne dispose de rien d'autre pour combattre la COVID-19. D'autres vaccins sont en développement, mais ils sont loin d'être prêts. Pour ceux-là, on a choisi de faire très attention et de les tester rigoureusement. On est déjà allés vite avec le premier vaccin, ce n'est pas le temps de prendre d'autres risques!

Alors on continue. On en oublie presque de mesurer l'efficacité du vaccin. Plusieurs mois après le deuxième début de son utilisation en octobre 2020, la pandémie continue de faire des ravages, ce qui laisse entendre une efficacité au mieux passable. Le gouvernement et les médias choisissent de blâmer la minorité grandissante de gens qui refusent de se le laisser injecter dans leurs veines.

En fait, il est impossible de démontrer l'efficacité de ce vaccin. Les pays qui en ont administré des doses moins fortes, ou qui ont choisi de ne pas s'en servir, ont des résultats similaires à ceux qui en ont fait usage. Cela n'empêche pas le gouvernement d'affirmer à répétition que le vaccin a permis de sauver de nombreuses vies. L'analyse coût-bénéfice n'ira jamais plus loin.

***

On l'aura compris, le « vaccin » dont je parle n'est pas un vrai vaccin, mais une référence aux mesures sanitaires qui demandent de réduire les contacts. Je parle donc de l'interdiction de fréquenter des gens hors de sa bulle familiale. De l'obligation du télétravail. Du couvre-feu. De la fermeture des restaurants, cafés et bars, des gyms, des salles de spectacle et des cinémas, des commerces « non-essentiels ». De l'interdiction des grands événements et des activités sociales. Des restrictions pour les voyageurs.

Il est tout à fait plausible que plusieurs de ces mesures, voire toutes, aient en effet sauvé des vies et permis d'éviter une catastrophe.

Il est aussi bien plus que plausible — il est, en fait, certain — que ces mesures ont causé les effets secondaires mentionnés plus haut.

J'ai choisi de décrire les mesures comme un vaccin pour souligner le contraste saisissant entre les vaccins réels et les « interventions non-pharmaceutiques ». Lorsqu'on invente un traitement qui doit entrer dans le corps, comme un vaccin, on fait preuve d'une immense prudence : on le soumet à plusieurs phases d'essais cliniques et on scrute le moindre effet secondaire. On a également (avec raison) une grande réticence à rendre un vaccin obligatoire, car on accorde de la valeur à l'autonomie corporelle.

Ainsi, le vaccin de Moderna a été créé sur deux jours en janvier 2020; le délai jusqu'en décembre, c'était pour faire des tests et obtenir les approbations des agences de santé. S'il avait causé un seul mort, il n'aurait sans doute pas été approuvé. On voit avec le vaccin d'AstraZeneca que même un lien ténu (voire imaginaire) avec des thromboses mène à une remise en question de son utilisation.

Mais pour les interventions non-pharmaceutiques, la prudence n'est apparemment pas de mise. On les recommande sans savoir si elles fonctionnent, même en sachant les coûts et les effets secondaires qu'elles entraînent. On les applique à tout le monde sans demander à quiconque son consentement.

Les mesures de réduction des contacts, répétons-le, ont causé des morts. Elles ont causé des problèmes de santé mentale et physique, imposé des coûts économiques immenses et diminué notre qualité de vie. Elles ont signifié un recul — temporaire, on l'espère, mais un recul quand même — de nos libertés les plus fondamentales.

Si *une seule de ces choses* était avérée pour un vaccin, il ne passerait même pas une évaluation préliminaire par un comité d'éthique. 

***

[Fin février](https://www.journaldequebec.com/2021/02/27/nous-avons-ete-les-plus-prudents), le premier ministre Legault disait ne pas voir comment il aurait pu faire mieux dans sa gestion de la pandémie.

> « Qu’est-ce que j’aurais pu faire de plus, étant donné que c’est nous qui avons été les plus prudents ? »

J'ai bondi de ma chaise en lisant ceci. Ça ne semblait même pas avoir traversé l'esprit du premier ministre qu'il était possible d'être trop prudent! On aurait dit que plus il y avait de restrictions, mieux c'était — peu importe l'efficacité et les coûts desdites restrictions.

Mais depuis, j'ai changé mon fusil d'épaule. L'imposition de mesures de réduction des contacts depuis l'automne 2020 n'était pas un excès de prudence. C'était plutôt comme administrer un traitement jamais testé, aux effets secondaires nocifs et à l'efficacité passable. C'était risqué, c'était dangereux; ça l'est toujours. La possibilité *existe* que le risque en valait la peine, mais la démonstration n'en a jamais été faite.

Ceux qui ont pris la décision d'administrer ce traitement à tous les Québécois, avec ou sans leur consentement, pendant des mois, ont un sérieux examen de conscience à faire. Ceux qui les conseillent et ceux qui les défendent aussi.",stebanaute,0.45,/r/Quebec/comments/mcaeir/le_vaccin_le_plus_dangereux/,t5_2qhh9
90,Vaccin d’AstraZeneca | Trudeau et Legault réitèrent leur confiance,0,m5qf94,https://www.lapresse.ca/covid-19/2021-03-15/vaccin-d-astrazeneca/trudeau-et-legault-reiterent-leur-confiance.php,48,2021-03-15 13:49:06,,susprout,0.38,/r/Quebec/comments/m5qf94/vaccin_dastrazeneca_trudeau_et_legault_réitèrent/,t5_2qhh9
91,Savez-vous ils donnent quel vaccin à l'Université Laval ?,0,myv1qs,https://www.reddit.com/r/Quebec/comments/myv1qs/savezvous_ils_donnent_quel_vaccin_à_luniversité/,7,2021-04-26 06:59:49,"À part les quelques pharmacies dans mon coin qui donne le AstraZeneca pour les 45 ans et plus, y'a l'Université Laval par loin de chez moi. Je suis dans le groupe à risque (32 ans).",Alastor3,0.13,/r/Quebec/comments/myv1qs/savezvous_ils_donnent_quel_vaccin_à_luniversité/,t5_2qhh9
92,Lequel est le plus risqué ?,0,m8ko1s,https://www.reddit.com/r/Quebec/comments/m8ko1s/lequel_est_le_plus_risqué/,4,2021-03-19 12:11:02,"AstraZeneca/Oxford emploie un adénovirus de chimpanzé auquel les humains n’ont jamais été exposés

Sputnik V utilise, pour ses deux doses, deux adénovirus humains différents, pour que les défenses générées contre le premier virus ne puissent pas « bloquer » le vecteur lors de la seconde dose

Johnson & Johnson fait appel à un adénovirus de type 26, moins fréquent dans la population humaine.",Psychological-Win136,0.33,/r/Quebec/comments/m8ko1s/lequel_est_le_plus_risqué/,t5_2qhh9
93,Envoyez moi ca en Inde pis ca presse. Doses du litigieux programme Covax......,0,nayu0n,https://www.reddit.com/r/Quebec/comments/nayu0n/envoyez_moi_ca_en_inde_pis_ca_presse_doses_du/,13,2021-05-12 16:40:56,Arrivage de 655 000 doses d’AstraZeneca la semaine prochaine: https://lp.ca/v4IrbX,delphie77,0.15,/r/Quebec/comments/nayu0n/envoyez_moi_ca_en_inde_pis_ca_presse_doses_du/,t5_2qhh9
94,AstraZeneca suspendu : que faire si vous avez reçu la première dose ?,0,m68vtn,https://www.nouvelobs.com/vaccination-anti-covid-19/20210316.OBS41440/astrazeneca-suspendu-que-faire-si-vous-avez-recu-la-premiere-dose.html,5,2021-03-16 09:19:28,,gobiba,0.06,/r/Quebec/comments/m68vtn/astrazeneca_suspendu_que_faire_si_vous_avez_reçu/,t5_2qhh9
