,title,score,id,url,comms_num,created,body,author,upvote_ratio,permalink,subreddit_id
0,J'veux pas être alarmiste mais le variant indien fait peur si on regarde le UK,0,ngws9m,https://www.reddit.com/r/Quebec/comments/ngws9m/jveux_pas_être_alarmiste_mais_le_variant_indien/,13,2021-05-20 06:39:11,"[https://www.standard.co.uk/news/uk/indian-variant-cases-u-boris-johnson-vaccines-virus-pandemic-b936103.html](https://www.standard.co.uk/news/uk/indian-variant-cases-u-boris-johnson-vaccines-virus-pandemic-b936103.html)

En gros, plus de 2300 nouveaux cas en 1 à 2 semaines. Pour un pays qui à la même stratégie que nous (2e dose à 12 semaines d'intervale) et qui à près de 90% de sa population au dessus de 40 ans qui ont reçu la première dose, avoir 2000-3000 cas en 2 semaines ça fait peur.   


Je sais pas ce que ça veux dire : soit ça touche plus les personnes qui n'ont pas encore été vacciné, soit ça bypass le vaccin, soit je vois encore le verre à moitier vide pis je m'inquiète déjà trop tôt, I guess qu'on va en savoir plus dans 1-2 semaines...",Alastor3,0.29,/r/Quebec/comments/ngws9m/jveux_pas_être_alarmiste_mais_le_variant_indien/,t5_2qhh9
