,title,score,id,url,comms_num,created,body,author,upvote_ratio,permalink,subreddit_id
0,"COVID 24 mars: 783 cas, -11 hospitalisations, 8 décès",21,mc8htv,https://www.reddit.com/r/Quebec/comments/mc8htv/covid_24_mars_783_cas_11_hospitalisations_8_décès/,71,2021-03-24 11:23:02,"Québec, le 24 mars 2021

Les plus récentes données sur l’évolution de la COVID‑19, dans les 24 dernières heures, au Québec, font état de :

    783 nouveaux cas, pour un total de 304 490 personnes infectées;
    286 946 personnes rétablies;
    8 nouveaux décès – pour un total de 10 626 décès –, soit :
        0 décès dans les 24 dernières heures,
        6 décès entre le 17 et le 22 mars,
        2 décès survenus avant le 17 mars;
    508 hospitalisations, soit une diminution de 11;
    118 personnes aux soins intensifs, soit une augmentation de 5;
    36 381 prélèvements réalisés le 22 mars.

Vaccination

    31 025 doses de vaccin administrées dans les 24 dernières heures, pour un total de 1 024 713;
    1 321 795 doses reçues au total;
        58 500 doses Moderna s’ajouteront au total. Elles sont toujours à recevoir cette semaine.
        271 440 doses Pfizer reçues aujourd’hui. Ces doses sont présentement en transit dans le réseau;
        Aucune dose de COVISHIELD (développé par AstraZeneca) ne s’ajoutera au total cette semaine.


https://www.msss.gouv.qc.ca/ministere/salle-de-presse/communique-2714/",Underpressure_111,0.75,/r/Quebec/comments/mc8htv/covid_24_mars_783_cas_11_hospitalisations_8_décès/,t5_2qhh9
1,Avis du CIQ du 20 avril 2021: Signal de cas de thromboses avec thrombocytopénie après l’administration des vaccins contre la COVID-19 d’AstraZeneca et du Covishield,14,muwo6e,https://www.inspq.qc.ca/publications/3124-thromboses-astrazeneca-covishield,7,2021-04-20 14:16:17,,TortuouslySly,0.79,/r/Quebec/comments/muwo6e/avis_du_ciq_du_20_avril_2021_signal_de_cas_de/,t5_2qhh9
