,title,score,id,url,comms_num,created,body,author,upvote_ratio,permalink,subreddit_id
0,"Scientist awarded over $1M, after getting fired, for blowing the whistle on Pfizer Cover-up for colleagues contracting Engineered ""AIDS LIKE"" Virus",109,blsr5,http://rawstory.com/rs/2010/0402/pfizer-ordered-pay-virus-infection/,22,2010-04-02 18:27:58,,filmfiend999,0.9,/r/reddit.com/comments/blsr5/scientist_awarded_over_1m_after_getting_fired_for/,t5_6
1,"Homeowners in New London, CT saw their homes condemned for a private development project for pharmaceutical giant Pfizer. After a 2005 Supreme Court ruling against the homeowners, the entire neighborhood was bulldozed. This week Pfizer announced it is shutting down its research center.",89,a434q,http://arborupdate.com/article/1867/pfizer-to-leave-land-won-in-kelo-case,17,2009-11-13 12:19:09,,KazamaSmokers,0.88,/r/reddit.com/comments/a434q/homeowners_in_new_london_ct_saw_their_homes/,t5_6
2,Pfizer pfucks a town over,55,a40sm,http://s.nyt.com/u/D6b,24,2009-11-13 09:02:41,,lofi76,0.85,/r/reddit.com/comments/a40sm/pfizer_pfucks_a_town_over/,t5_6
3,"World's Largest Drug Company, Pfizer Sued for $7 Billion US Over 'Illegal' Tests on Children",44,1w235,"http://www.guardian.co.uk/medicine/story/0,,2095955,00.html",6,2007-06-05 09:11:01,,gregwont,0.81,/r/reddit.com/comments/1w235/worlds_largest_drug_company_pfizer_sued_for_7/,t5_6
4,Pfizer sued for 8 billion dollars for killing 200 kids in Nigerian drug trial,28,1w1ld,http://www.smh.com.au/news/world/pfizer-sued-for-8-billion-over-deadly-drug-test/2007/06/05/1180809486635.html,2,2007-06-05 07:46:59,,cojoco,0.75,/r/reddit.com/comments/1w1ld/pfizer_sued_for_8_billion_dollars_for_killing_200/,t5_6
5,Pfizer's lawyers hired a detective who ended up intimidating a witness the day before he was due to testify.,25,99lg3,http://www.groklaw.net/article.php?story=20090809231252693,0,2009-08-11 11:06:54,,epasveer,0.76,/r/reddit.com/comments/99lg3/pfizers_lawyers_hired_a_detective_who_ended_up/,t5_6
6,Pfizer PCs hijacked to send Viagra spam,24,2mg80,http://www.techworld.com/security/news/index.cfm?newsID=10006,9,2007-09-06 12:23:28,,kurtz,0.74,/r/reddit.com/comments/2mg80/pfizer_pcs_hijacked_to_send_viagra_spam/,t5_6
7,"Dear Reddit: For the first time in my life that I'm aware of, I've decided to take up a cause.  Please help educate people on donation scams.",19,btgno,https://www.reddit.com/r/reddit.com/comments/btgno/dear_reddit_for_the_first_time_in_my_life_that_im/,3,2010-04-20 03:11:55,"Every few weeks, a thread catches my eye.  These threads are about donations.  We Redditor have made donations to such things as Haiti, various patients of disease, various charity organizations, etc.  I have no problem with this but ask that people do their homework.  Perhaps moderators could help?

Here's what I'm asking.

Let's say you want to donate to a specific cause.  Be prepared to prove that cause or your thread gets removed.  Does hope4cancer cure cancer?  Of course it does.  That's what the website says.  Not so fast there, Reddit is going to need some proof.  Something peer-reviewed and in a decent journal.  What's this?  Conspiracy theories about UFOs and Pfizer spooks shooting up treatment clinics with AK-47s?  Post is removed.

Want to donate to the Red Cross?  Show us how much of our money that could be going towards video games and food will make it through the administrative costs and end up doing some real good.  Anything under 80% or so and it's torn down.

Normally I would say everyone should do the research and figure out if donating is really right for them.  But after seeing TONS of people buy this crap tonight, I don't think that the average Redditor really cares whether their money goes to starting Haitian children in Haiti or to the valet parking guy outside of a ritzy New York hotel when a VP visits.",Hristix,0.82,/r/reddit.com/comments/btgno/dear_reddit_for_the_first_time_in_my_life_that_im/,t5_6
8,How Pfizer and the US Gov't set up a fake subsidiary to take the brunt of lawsuit over falsely marketed drugs,17,bo6ua,http://techdirt.com/articles/20100402/1844298860.shtml,0,2010-04-08 11:08:34,,skwigger,0.77,/r/reddit.com/comments/bo6ua/how_pfizer_and_the_us_govt_set_up_a_fake/,t5_6
9,"US Supreme Court rejects Pfizer Nigeria lawsuit appeal: Nigerians can now sue Pfizer for conducting drug trials on children, paralyzing, blinding or killing them.",19,ckbob,http://news.bbc.co.uk/2/hi/world/us_and_canada/10454982.stm,0,2010-06-29 18:33:34,,freemorons,0.8,/r/reddit.com/comments/ckbob/us_supreme_court_rejects_pfizer_nigeria_lawsuit/,t5_6
10,"GOP 'Pledge To America' Director Lobbied For AIG, Exxon, Pfizer, Chamber",15,di3tg,http://www.huffingtonpost.com/2010/09/22/pledge-for-america-brian-wild-lobbyist_n_735911.html?ref=fb&src=sp,1,2010-09-23 20:51:34,,stevemallen23,0.86,/r/reddit.com/comments/di3tg/gop_pledge_to_america_director_lobbied_for_aig/,t5_6
11,Bilderberg 2011: Full Official Attendee List. ,13,hwgeb,https://www.reddit.com/r/reddit.com/comments/hwgeb/bilderberg_2011_full_official_attendee_list/,5,2011-06-10 11:51:12,"Bilderberg 2011: Full Official Attendee List 


**Belgium**

Coene, Luc, Governor, National Bank of Belgium

Davignon, Etienne, Minister of State

Leysen, Thomas, Chairman, Umicore


**China**

Fu, Ying, Vice Minister of Foreign Affairs

Huang, Yiping, Professor of Economics, China Center for Economic Research, Peking University 



**Denmark**

Eldrup, Anders, CEO, DONG Energy

Federspiel, Ulrik, Vice President, Global Affairs, Haldor Topsøe A/S

Schütze, Peter, Member of the Executive Management, Nordea Bank AB 


**Germany**

Ackermann, Josef, Chairman of the Management Board and the Group Executive Committee, Deutsche Bank

Enders, Thomas, CEO, Airbus SAS

Löscher, Peter, President and CEO, Siemens AG

Nass, Matthias, Chief International Correspondent, Die Zeit

Steinbrück, Peer, Member of the Bundestag; Former Minister of Finance 


**Finland**

Apunen, Matti, Director, Finnish Business and Policy Forum EVA

Johansson, Ole, Chairman, Confederation of the Finnish Industries EK

Ollila, Jorma, Chairman, Royal Dutch Shell

Pentikäinen, Mikael, Publisher and Senior Editor-in-Chief, Helsingin Sanomat 


**France**

Baverez, Nicolas, Partner, Gibson, Dunn & Crutcher LLP

Bazire, Nicolas, Managing Director, Groupe Arnault /LVMH

Castries, Henri de, Chairman and CEO, AXA

Lévy, Maurice, Chairman and CEO, Publicis Groupe S.A.

Montbrial, Thierry de, President, French Institute for International Relations

Roy, Olivier, Professor of Social and Political Theory, European University Institute 


**Great Britain**

Agius, Marcus, Chairman, Barclays PLC

Flint, Douglas J., Group Chairman, HSBC Holdings

Kerr, John, Member, House of Lords; Deputy Chairman, Royal Dutch Shell

Lambert, Richard, Independent Non-Executive Director, Ernst & Young

Mandelson, Peter, Member, House of Lords; Chairman, Global Counsel

Micklethwait, John, Editor-in-Chief, The Economist

Osborne, George, Chancellor of the Exchequer

Stewart, Rory, Member of Parliament

Taylor, J. Martin, Chairman, Syngenta International AG 


**Greece**

David, George A., Chairman, Coca-Cola H.B.C. S.A.

Hardouvelis, Gikas A., Chief Economist and Head of Research, Eurobank EFG

Papaconstantinou, George, Minister of Finance

Tsoukalis, Loukas, President, ELIAMEP Grisons 


**International Organizations**

Almunia, Joaquín, Vice President, European Commission

Daele, Frans van, Chief of Staff to the President of the European Council

Kroes, Neelie, Vice President, European Commission; Commissioner for Digital Agenda

Lamy, Pascal, Director General, World Trade Organization

Rompuy, Herman van, President, European Council

Sheeran, Josette, Executive Director, United Nations World Food Programme

Solana Madariaga, Javier, President, ESADEgeo Center for Global Economy and Geopolitics

Trichet, Jean-Claude, President, European Central Bank

Zoellick, Robert B., President, The World Bank Group 


**Ireland**

Gallagher, Paul, Senior Counsel; Former Attorney General

McDowell, Michael, Senior Counsel, Law Library; Former Deputy Prime Minister

Sutherland, Peter D., Chairman, Goldman Sachs International 


**Italy**

Bernabè, Franco, CEO, Telecom Italia SpA

Elkann, John, Chairman, Fiat S.p.A.

Monti, Mario, President, Univers Commerciale Luigi Bocconi

Scaroni, Paolo, CEO, Eni S.p.A.

Tremonti, Giulio, Minister of Economy and Finance 


**Canada**

Carney, Mark J., Governor, Bank of Canada

Clark, Edmund, President and CEO, TD Bank Financial Group

McKenna, Frank, Deputy Chair, TD Bank Financial Group

Orbinksi, James, Professor of Medicine and Political Science, University of Toronto

Prichard, J. Robert S., Chair, Torys LLP

Reisman, Heather, Chair and CEO, Indigo Books & Music Inc. Center, Brookings Institution 


**Netherlands**

Bolland, Marc J., Chief Executive, Marks and Spencer Group plc

Chavannes, Marc E., Political Columnist, NRC Handelsblad; Professor of Journalism

Halberstadt, Victor, Professor of Economics, Leiden University; Former Honorary Secretary General of Bilderberg Meetings

H.M. the Queen of the Netherlands

Rosenthal, Uri, Minister of Foreign Affairs

Winter, Jaap W., Partner, De Brauw Blackstone Westbroek 


**Norway**

Myklebust, Egil, Former Chairman of the Board of Directors SAS, sk Hydro ASA

H.R.H. Crown Prince Haakon of Norway

Ottersen, Ole Petter, Rector, University of Oslo

Solberg, Erna, Leader of the Conservative Party 


**Austria**

Bronner, Oscar, CEO and Publisher, Standard Medien AG

Faymann, Werner, Federal Chancellor

Rothensteiner, Walter, Chairman of the Board, Raiffeisen Zentralbank Österreich AG

Scholten, Rudolf, Member of the Board of Executive Directors, Oesterreichische Kontrollbank AG


**Portugal**

Balsemão, Francisco Pinto, Chairman and CEO, IMPRESA, S.G.P.S.; Former Prime Minister

Ferreira Alves, Clara, CEO, Claref LDA; writer

Nogueira Leite, António, Member of the Board, José de Mello Investimentos, SGPS, SA 


**Sweden**

Mordashov, Alexey A., CEO, Severstal

Bildt, Carl, Minister of Foreign Affairs

Björling, Ewa, Minister for Trade

Wallenberg, Jacob, Chairman, Investor AB 


**Switzerland**

Brabeck-Letmathe, Peter, Chairman, Nestlé S.A.

Groth, Hans, Senior Director, Healthcare Policy & Market Access, Oncology Business Unit, Pfizer Europe

Janom Steiner, Barbara, Head of the Department of Justice, Security and Health, Canton

Kudelski, André, Chairman and CEO, Kudelski Group SA

Leuthard, Doris, Federal Councillor

Schmid, Martin, President, Government of the Canton Grisons

Schweiger, Rolf, Ständerat

Soiron, Rolf, Chairman of the Board, Holcim Ltd., Lonza Ltd.

Vasella, Daniel L., Chairman, Novartis AG

Witmer, Jürg, Chairman, Givaudan SA and Clariant AG 


**Spain**

Cebrián, Juan Luis, CEO, PRISA

Cospedal, María Dolores de, Secretary General, Partido Popular

León Gross, Bernardino, Secretary General of the Spanish Presidency

Nin Génova, Juan María, President and CEO, La Caixa

H.M. Queen Sofia of Spain 


**Turkey**

Ciliv, Süreyya, CEO, Turkcell Iletisim Hizmetleri A.S.

Gülek Domac, Tayyibe, Former Minister of State

Koç, Mustafa V., Chairman, Koç Holding A.S.

Pekin, Sefika, Founding Partner, Pekin & Bayar Law Firm 


**USA**

Alexander, Keith B., Commander, USCYBERCOM; Director, National Security Agency

Altman, Roger C., Chairman, Evercore Partners Inc.

Bezos, Jeff, Founder and CEO, Amazon.com

Collins, Timothy C., CEO, Ripplewood Holdings, LLC

Feldstein, Martin S., George F. Baker Professor of Economics, Harvard University

Hoffman, Reid, Co-founder and Executive Chairman, LinkedIn

Hughes, Chris R., Co-founder, Facebook

Jacobs, Kenneth M., Chairman & CEO, Lazard

Johnson, James A., Vice Chairman, Perseus, LLC

Jordan, Jr., Vernon E., Senior Managing Director, Lazard Frères & Co. LLC

Keane, John M., Senior Partner, SCP Partners; General, US Army, Retired

Kissinger, Henry A., Chairman, Kissinger Associates, Inc.

Kleinfeld, Klaus, Chairman and CEO, Alcoa

Kravis, Henry R., Co-Chairman and co-CEO, Kohlberg Kravis, Roberts & Co.

Kravis, Marie-Josée, Senior Fellow, Hudson Institute, Inc.

Li, Cheng, Senior Fellow and Director of Research, John L. Thornton China Center, Brookings Institution

Mundie, Craig J., Chief Research and Strategy Officer, Microsoft Corporation

Orszag, Peter R., Vice Chairman, Citigroup Global Markets, Inc.

Perle, Richard N., Resident Fellow, American Enterprise Institute for Public Policy Research

Rockefeller, David, Former Chairman, Chase Manhattan Bank

Rose, Charlie, Executive Editor and Anchor, Charlie Rose

Rubin, Robert E., Co-Chairman, Council on Foreign Relations; Former Secretary of the Treasury

Schmidt, Eric, Executive Chairman, Google Inc.

Steinberg, James B., Deputy Secretary of State

Thiel, Peter A., President, Clarium Capital Management, LLC

Varney, Christine A., Assistant Attorney General for Antitrust

Vaupel, James W., Founding Director, Max Planck Institute for Demographic Research

Warsh, Kevin, Former Governor, Federal Reserve Board

Wolfensohn, James D., Chairman, Wolfensohn & Company, LLC",Miniboss210,0.8,/r/reddit.com/comments/hwgeb/bilderberg_2011_full_official_attendee_list/,t5_6
12,PFIZER Pharmaceuticals caught breaking laws meant to protect comsumers by selling illegal drug,15,bltor,http://www.cnn.com/2010/HEALTH/04/02/pfizer.bextra/index.html?hpt=T2,1,2010-04-02 20:22:43,,zappafrank,0.74,/r/reddit.com/comments/bltor/pfizer_pharmaceuticals_caught_breaking_laws_meant/,t5_6
13,What if Muslim clerics were held to the same standards as Pfizer?,11,21nde,http://american.com/archive/2007/june-0607/double-standards-in-nigerian-health,1,2007-06-27 09:34:00,,Sidewinder77,0.67,/r/reddit.com/comments/21nde/what_if_muslim_clerics_were_held_to_the_same/,t5_6
14,Nigeria Issues Arrest Warrants for Top Pfizer Officials After Drug Experiments Conducted on Children ,10,6sibu,http://www.naturalnews.com/023654.html,0,2008-07-19 03:32:02,,jivebotic,0.75,/r/reddit.com/comments/6sibu/nigeria_issues_arrest_warrants_for_top_pfizer/,t5_6
15,Feds found Pfizer 'too big to nail.' So they helped set up a dummycorp to prosecute for Pfizer's malfeasance.,10,bm2m1,http://www.cnn.com/2010/HEALTH/04/02/pfizer.bextra/?hpt=Sbin,0,2010-04-03 14:41:11,,kloo2yoo,0.76,/r/reddit.com/comments/bm2m1/feds_found_pfizer_too_big_to_nail_so_they_helped/,t5_6
16,Pfizer gives free drugs to hurricane survivors,9,4441,http://www.pfizer.com/pfizer/are/news_releases/2005pr/katrina.jsp,0,2005-09-08 17:42:29,,AaronSw,0.92,/r/reddit.com/comments/4441/pfizer_gives_free_drugs_to_hurricane_survivors/,t5_6
17,Judge dismisses molecular biologist claims  of willful and wanton misconduct by Pfizer partly because of workman compensation laws...,8,bd8aw,"http://www.courant.com/news/connecticut/hc-pfizer-virus-lawsuit-0314.artmar14,0,5614508,print.story",0,2010-03-14 10:09:55,,tmwctr,0.91,/r/reddit.com/comments/bd8aw/judge_dismisses_molecular_biologist_claims_of/,t5_6
18,Pfizer's Chemical/Biological Weapons Program for the U.S. Military--from 1964,6,ahun,http://www.thememoryhole.org/mil/cbr/pfizer-cw.htm,0,2006-07-19 09:34:13,,souldrift,0.67,/r/reddit.com/comments/ahun/pfizers_chemicalbiological_weapons_program_for/,t5_6
19,"What if your company paid you more if you opted out of the company healthcare plan?  You’d make more money if you paid into a public system, and get better and more reliable care too.",4,9h7vz,https://www.reddit.com/r/reddit.com/comments/9h7vz/what_if_your_company_paid_you_more_if_you_opted/,2,2009-09-04 03:41:03,"It’s now or never for health care reform it seems.  After months of intense negative campaigning from big insurance companies to derail reform by painting it as costly and dangerous, President Obama is set to deliver a speech next week which will focus on the particulars of what America needs to do to achieve a level playing field in the profit driven health care market.  Every statistical analysis of the private health care system in the US shows spiraling costs and mounting ethics violations, yet Big Insurance continues to inundate the media with utterly false claims and outrageous hyperbole regarding the proposals by the House and Senate to quell these anti-consumer practices.

American health care consumers are being hoodwinked by the very same free market players that were overrun with corruption and caused the all-too-recent economic disaster scare.  The same free market principles that insurance companies apply to their customers threaten to bankrupt Americans further in the wake of troubling credit practices, yet because health insurance companies remain flush with cash they can afford to fire up a propaganda machine that knows no boundaries in terms of honesty, fairness, or reality.

Major media outlets like Fox News have become an unheralded mouth piece for private insurance company dollars and willingly and seemingly without reflection, trumpet extremist and unfounded claims about the dangers of a health care system with more than one player providing care.  Obama’s administration it seems, has failed at countering these claims point by point, allowing inane hyperbole to dominate the discussion while ignoring the basic facts.  Simple facts, like the lack of any death panels in any proposed plan, or the continuance of disgustingly unethical rescission practices, or the stark reality of fifty million uninsured and countless more underinsured.  There has been an inexplicable media blackout regarding the treatment of supposedly insured citizens who face a legal battle at every turn when trying to make claims on their baffling policies, policies designed to deny care under any feasible legal stipulation, all in the name of padding profit margins.

Whatever solution is proposed, the Democratic majority in the House and Senate face an uphill battle when it comes to passing reform legislation.  Special interest groups with untold influence continue to bombard the collective psyche of the country with propaganda designed to distort the realities of private health care’s extreme costs and unethical practices, painting government intervention as a socialist takeover that will degrade care to something akin to the Canadian system, a system that ranks higher than the American one in terms of patient satisfaction, and certainly outranks US private care in terms of coverage.  Fifty million citizens are uninsured, and countless more are burdened with policies that have exorbitant premiums and legal loopholes, loopholes that are exploited again and again to avoid providing care.  The cost of this is lives, plain and simple.  America’s citizens cannot afford to plow ahead with a system designed to exploit them for money at the cost of care, it is simply unethical and dangerous to the stability of the nation.

The argument that the cost of a government system would burden the tax system to the point of failure is also inarguably invalid.  The current system is already based on a payment scheme with almost no regulation on cost, costs that if channeled into a public system with less overhead would more than cover the needs of the entire country.  The notion that a decrease in the profits of health care providers would result in less incentive to provide optimal care is also unfounded, as shown by the success of treatment in countries that already operate under a nationalized system.  Many of the best innovations in care arise from research done in nations with a public system.  What Americans stand to lose is funneling of profits into unnecessary pharmaceutical research and advertising.  Drug company giant Pfizer was recently hit with a gigantic lawsuit for propping up dangerous designer drugs that contribute nothing to quality of care, but rather target a niche consumer market where profits are highest.   Indeed, the rationality of a public system seems almost too obvious to those aware of the abuses of the private providers.  The battle is in convincing those with corporate care plans that the reliability and quality of their care is danger with every tick of the market, that their costs don’t reflect the benefits and care they receive.  Unfortunately, the sad reality that profit driven health care is unsustainable and unethical might not be accepted until the system breaks down and it’s too late.  The fight to avoid this fate however, is one that is worth every ounce of energy possible. 
",palindromic,0.63,/r/reddit.com/comments/9h7vz/what_if_your_company_paid_you_more_if_you_opted/,t5_6
20,Nigeria sues Pfizer for $7 billion in damages,5,21ikv,http://news.bbc.co.uk/2/hi/africa/6241322.stm,1,2007-06-26 18:50:16,,rmuser,0.69,/r/reddit.com/comments/21ikv/nigeria_sues_pfizer_for_7_billion_in_damages/,t5_6
21,Japan's health ministry has halted the use of vaccines made by Pfizer Inc and Sanofi-Aventis SA to prevent meningitis and pneumonia following the deaths of four children.,3,fzpx8,http://news.yahoo.com/s/nm/20110307/ts_nm/us_japan_vaccine,0,2011-03-08 07:46:00,,nicasucio,0.64,/r/reddit.com/comments/fzpx8/japans_health_ministry_has_halted_the_use_of/,t5_6
22,Pfizer to pay record $2.3B penalty over promotions,6,9go9q,http://finance.yahoo.com/news/Pfizer-to-pay-record-23B-apf-1176280604.html?x=0,3,2009-09-02 15:08:12,,paizon,1.0,/r/reddit.com/comments/9go9q/pfizer_to_pay_record_23b_penalty_over_promotions/,t5_6
23,Huh? Why is Pfizer Netherlands targetting Erection Problem ads at a Pokemon site where the primary audience is under 12?,5,a4lfv,http://imgur.com/uxnGf.jpg,2,2009-11-15 09:51:29,,brianfit,0.67,/r/reddit.com/comments/a4lfv/huh_why_is_pfizer_netherlands_targetting_erection/,t5_6
24,Pfizer Wants to Kill Your Grandfather- Viagra death rate higher than abortion pill,4,xz0d,http://www.reason.com/blog/show/117841.html,2,2007-01-11 18:52:25,,lgv,0.67,/r/reddit.com/comments/xz0d/pfizer_wants_to_kill_your_grandfather_viagra/,t5_6
25,Prosecutor reveals how the world's largest drug company (Pfizer) broke the law,3,a2kai,http://rawstory.com/2009/11/prosecutor-reveals-worlds-largest-drug-company-broke-law/,0,2009-11-09 13:29:24,,TruthinessHurts,0.6,/r/reddit.com/comments/a2kai/prosecutor_reveals_how_the_worlds_largest_drug/,t5_6
26,"$200,000 a year for a drug? Pfizer is really going after the high end market now.",4,a9wmq,http://www.nytimes.com/2009/12/02/business/02drug.html,2,2009-12-01 11:07:23,,fdat,0.75,/r/reddit.com/comments/a9wmq/200000_a_year_for_a_drug_pfizer_is_really_going/,t5_6
27,Pfizer: The Drug Giant That Makes Bank from Drugs That Can Kill You,3,co7tq,http://www.alternet.org/story/147467/pfizer%3A_the_drug_giant_that_makes_bank_from_drugs_that_can_kill_you/,1,2010-07-10 23:04:53,,MercatorWhite,0.62,/r/reddit.com/comments/co7tq/pfizer_the_drug_giant_that_makes_bank_from_drugs/,t5_6
28,"Pfizer makes big headlines with ""FREE DRUGS FOR THE UNEMPLOYED"" but FUCK YOU if you weren't already on the prescription 3 months prior to losing your job!! (they leave that part out in the news)",5,8kngc,http://www.pfizer.com/news/press_releases/pfizer_press_releases.jsp?rssUrl=http://mediaroom.pfizer.com/portal/site/pfizer/index.jsp?ndmViewId=news_view&ndmConfigId=1016273&newsId=20090514005582&newsLang=en,0,2009-05-15 02:41:38,,BecuzURaFool,0.66,/r/reddit.com/comments/8kngc/pfizer_makes_big_headlines_with_free_drugs_for/,t5_6
29,Pfizer Faces Criminal Charges in Nigeria for the company's alleged role in the deaths of children who received an unapproved drug during a meningitis epidemic,3,1v17l,http://www.washingtonpost.com/wp-dyn/content/article/2007/05/29/AR2007052902107.html,0,2007-05-31 15:24:35,,keen75,0.67,/r/reddit.com/comments/1v17l/pfizer_faces_criminal_charges_in_nigeria_for_the/,t5_6
30,"Pfizer pleads guilty to felony crime in fraudulent marketing of Bextra, pays billions in fines \",3,9gt0j,http://waronyou.com/topics/pfizer-pleads-guilty-to-felony-crime-in-fraudulent-marketing-of-bextra-pays-billions-in-fines/,1,2009-09-02 23:58:40,,holohoxshooter,0.81,/r/reddit.com/comments/9gt0j/pfizer_pleads_guilty_to_felony_crime_in/,t5_6
31,Pfizer Ordered To Pay £50 Million For Using Nigerian children In Drug Experiments,5,8aq3a,http://www.organichealthwellness.com/?p=332,2,2009-04-07 14:22:41,,peterlepacus,0.7,/r/reddit.com/comments/8aq3a/pfizer_ordered_to_pay_50_million_for_using/,t5_6
32,"Re-Post from r/economics. ""Feds found Pfizer too big to nail."" Something is happening here.",3,c9um8,http://edition.cnn.com/2010/HEALTH/04/02/pfizer.bextra/index.html,0,2010-05-31 05:39:10,,Vietnom,1.0,/r/reddit.com/comments/c9um8/repost_from_reconomics_feds_found_pfizer_too_big/,t5_6
33,"Pfizer, Doctors, Sales and Trust",3,tm8p,http://trustedadvisor.com/blog/32/,0,2006-12-04 17:29:10,,IWelsh,0.71,/r/reddit.com/comments/tm8p/pfizer_doctors_sales_and_trust/,t5_6
34,Did Pfizer Intimidate a Key Plaintiffs Witness on the Eve of the Neurontin Trial?,3,99mg6,http://www.law.com/jsp/article.jsp?id=1202432898903&Why_Did_Pfizer_Resort_to_Michael_Clayton_Tactics_at_First_Neurontin_Trial,0,2009-08-11 12:28:48,,TruthinessHurts,0.61,/r/reddit.com/comments/99mg6/did_pfizer_intimidate_a_key_plaintiffs_witness_on/,t5_6
35,"From shady company practices to law suits to a mystery donation to a former CIA agent allegedly getting his hands dirty in the name of Big Pharma, If the story of Pfizer's Neurontin doesn't read like a Hollywood script, I don't know what does.",3,9a7xh,http://www.dailyfinance.com/2009/08/12/pfizers-neurontin-epilepsy-meds-have-never-been-this-sexy/,0,2009-08-13 04:54:01,,nomdeweb,0.72,/r/reddit.com/comments/9a7xh/from_shady_company_practices_to_law_suits_to_a/,t5_6
36,"Pfizer, Ignoring Evidence, Says Chantix OK For People With Mental Health Issues",3,6maxv,http://www.furiousseasons.com/archives/2008/06/pfizer_ignoring_evidence_says_chantix_ok_for_people_with_mental_health_issues.html,4,2008-06-06 12:02:50,,gatesclone,0.63,/r/reddit.com/comments/6maxv/pfizer_ignoring_evidence_says_chantix_ok_for/,t5_6
37,Pfizer Details Payments to Doctors and Researchers - NYTimes.com,3,bku82,http://www.nytimes.com/2010/04/01/business/01payments.html?hp,0,2010-03-31 16:14:39,,vertigo1,0.81,/r/reddit.com/comments/bku82/pfizer_details_payments_to_doctors_and/,t5_6
38,Pfizer to Pay Tens of Millions for Deaths of Nigerian Children in Drug Trial Experiment,3,94bbs,http://www.naturalnews.com/026685_Pfizer_Nigeria_United_States.html,0,2009-07-24 16:48:30,,SovereignMan,0.64,/r/reddit.com/comments/94bbs/pfizer_to_pay_tens_of_millions_for_deaths_of/,t5_6
39,Corporate Drug Trials in Africa: Panel Faults Pfizer in '96 Clinical Trial In Nigeria,4,5kvt,http://www.washingtonpost.com/wp-dyn/content/article/2006/05/06/AR2006050601338.html?nav=most_emailed,0,2006-05-08 11:35:33,,alecb,0.7,/r/reddit.com/comments/5kvt/corporate_drug_trials_in_africa_panel_faults/,t5_6
40,Pfizer's bid for Wyeth: Taking something for it,3,7sr6h,http://www.economist.com/business/displayStory.cfm?story_id=13007939&source=features_box3,1,2009-01-27 08:20:51,,dwayneAnderson,0.8,/r/reddit.com/comments/7sr6h/pfizers_bid_for_wyeth_taking_something_for_it/,t5_6
41,Japan Suspends Pfizer Vaccine Amidst Unexplained Deaths,3,fz6g3,http://www.medicalnewstoday.com/articles/218398.php,0,2011-03-07 13:40:03,,tyrryt,0.8,/r/reddit.com/comments/fz6g3/japan_suspends_pfizer_vaccine_amidst_unexplained/,t5_6
42,The Mystery Of Pfizer's Toxic Pill,3,1cyrw,http://www.forbes.com/home/business/2007/03/25/pfizer-cardiology-lipitor-biz-cx_mh_0326pfizer.html,0,2007-03-26 12:04:46,,tlc,0.67,/r/reddit.com/comments/1cyrw/the_mystery_of_pfizers_toxic_pill/,t5_6
43,"At Pfizer, we're inspired by a single goal: your health. That's why we're dedicated to developing new, safe medicines and trading hundreds of images of children engaged in sexual acts.",0,6dqh1,http://pedowar.com/view/1113#1,0,2008-03-28 11:10:52,,fooka,0.5,/r/reddit.com/comments/6dqh1/at_pfizer_were_inspired_by_a_single_goal_your/,t5_6
44,"Pfizer voluntarily withdraws Lipitor advertising featuring Dr Robert Jarvik, inventor of Jarvik artificial heart",1,69xpv,http://www.newsobserver.com/1566/story/964762.html,2,2008-02-25 14:58:39,,crazybones,0.57,/r/reddit.com/comments/69xpv/pfizer_voluntarily_withdraws_lipitor_advertising/,t5_6
45,Pfizer's New HIV Drug Celsentri Gets Approval In Europe,2,2sw76,http://money.cnn.com/news/newsfeeds/articles/djf500/200709240315DOWJONESDJONLINE000051_FORTUNE5.htm,1,2007-09-24 08:48:21,,Moldavite,1.0,/r/reddit.com/comments/2sw76/pfizers_new_hiv_drug_celsentri_gets_approval_in/,t5_6
46,Hyperinflation? Former VP of Pfizer talks about the next 20 years. ,2,b5d90,http://www.youtube.com/user/ChrisMartensondotcom,1,2010-02-23 03:12:22,,nonopec,1.0,/r/reddit.com/comments/b5d90/hyperinflation_former_vp_of_pfizer_talks_about/,t5_6
47,Pfizer making a Viagra Spray?,2,14imt,http://biohealthinvestor.com/2007/02/are-novadel-and-pfizer-collaborating-on.html,3,2007-02-14 07:28:43,,biohish,1.0,/r/reddit.com/comments/14imt/pfizer_making_a_viagra_spray/,t5_6
48,"4 years after Kelo v. New London, the Supreme Court's ruling on eminent domain, Pfizer is closing their New London research facility.",3,a582f,http://www.google.com/hostednews/ap/article/ALeqM5h-8jPanN1GEdIODTloKXtpQlKI9QD9C0OV702,0,2009-11-17 06:28:26,,FANGO,0.61,/r/reddit.com/comments/a582f/4_years_after_kelo_v_new_london_the_supreme/,t5_6
49,Pfizer viagra ad. Very Funny Ads!,2,65eva,http://medexp.info/comment_1200295331.html,0,2008-01-14 02:39:39,,paxa7,0.62,/r/reddit.com/comments/65eva/pfizer_viagra_ad_very_funny_ads/,t5_6
50,Pfizer To Roll Out Chantix Ads Today,2,6l9l2,http://www.furiousseasons.com/archives/2008/05/pfizer_to_roll_out_chantix_ads_today.html,0,2008-05-29 12:21:38,,gatesclone,1.0,/r/reddit.com/comments/6l9l2/pfizer_to_roll_out_chantix_ads_today/,t5_6
51,Pfizer introduces a drug to treat fibromyalgia. Some doctors say that the disease does not exist.,2,65fkq,http://www.nytimes.com/2008/01/14/health/14pain.html,1,2008-01-14 08:53:38,,keen75,0.58,/r/reddit.com/comments/65fkq/pfizer_introduces_a_drug_to_treat_fibromyalgia/,t5_6
52,Pfizer Running Stealth Chantix TV Ads,2,6m2q2,http://www.furiousseasons.com/archives/2008/06/pfizer_running_stealth_chantix_tv_ads.html,0,2008-06-04 12:08:27,,gatesclone,1.0,/r/reddit.com/comments/6m2q2/pfizer_running_stealth_chantix_tv_ads/,t5_6
53,Now that's a stimulus package: Pfizer to give free Viagra to the unemployed,2,8knfi,http://www.nypost.com/seven/05142009/news/nationalnews/pfizer_to_give_free_viagra_to_unemployed_169265.htm,1,2009-05-15 02:37:50,,slf67,1.0,/r/reddit.com/comments/8knfi/now_thats_a_stimulus_package_pfizer_to_give_free/,t5_6
54,"WP: Pfizer faces criminal charges in Nigeria - Children received unapproved drug, authorities allege",2,1uome,http://www.msnbc.msn.com/id/18910694/,0,2007-05-30 13:53:44,,scylla,1.0,/r/reddit.com/comments/1uome/wp_pfizer_faces_criminal_charges_in_nigeria/,t5_6
55,Pfizer launches campaign to warn users away from their generic competitor,2,5zx2x,http://consumerist.com/consumer/drugs/pfizer-launches-campaign-to-warn-users-away-from-generic-competitor-319145.php,0,2007-11-05 23:14:52,,rmuser,0.63,/r/reddit.com/comments/5zx2x/pfizer_launches_campaign_to_warn_users_away_from/,t5_6
56,"An open letter to Jeff Kindler - CEO of Pfizer - If PFE was a restaurant, it would take $1,000,000 AND TWO MONTHS TO COOK A HAMBURGER",2,6143l,http://www.arsgeek.com/?p=2943,1,2007-11-21 09:32:17,,arsgeek,0.54,/r/reddit.com/comments/6143l/an_open_letter_to_jeff_kindler_ceo_of_pfizer_if/,t5_6
57,The real drug cartel busted again - Pfizer fined $2.3 billion in drug-marketing case - ,3,9hfgm,"http://articles.moneycentral.msn.com/Investing/Dispatch/market-dispatches.aspx?post=1247520&_blg=1,1247520",0,2009-09-04 17:11:37,,29bobby,0.71,/r/reddit.com/comments/9hfgm/the_real_drug_cartel_busted_again_pfizer_fined_23/,t5_6
58,Why Are Pfizers Ghostwritten Hormone Therapy Articles Not Retracted?,2,axrfp,http://newsblaze.com/story/20100203073033rose.nb/topstory.html,2,2010-02-03 18:11:00,,LyssaLovelyRedhead,0.67,/r/reddit.com/comments/axrfp/why_are_pfizers_ghostwritten_hormone_therapy/,t5_6
59,Pfizer and the New England Journal of Medicine are fighting it out in court this afternoon,2,6bxg8,http://pipeline.corante.com/archives/2008/03/13/pfizer_vs_the_nejm_a_legal_showdown.php,0,2008-03-13 09:59:22,,dblowe,1.0,/r/reddit.com/comments/6bxg8/pfizer_and_the_new_england_journal_of_medicine/,t5_6
60,These Are The Ones Who Make it All Possible for FOX NEWS.,1,99g6p,https://www.reddit.com/r/reddit.com/comments/99g6p/these_are_the_ones_who_make_it_all_possible_for/,0,2009-08-11 00:34:13,"CURRENT ADVERTISERS: (as of 8/9/09)

60Plus.org 

AARP Insurance 

Accu Chek Aviva 

ADT Security 

Ally Bank (allybank.com) 

Apple 

Avodart 

Brita Filter 

Broadview Security

Conservatives for Patients Rights 

Ditech (ditech.com) 

Forex.com 

Golden Corral 

Healthy Choice 

HSBC Life Insurance 

Mens Warehouse 

Mercedes-Benz 

Metastock 

Nexium 

Pepboys 

Radio Shack 

Rapid Bath (not Rapid Wash)

Red Lobster 

Sargento Cheese 

Super8 motels (super8.com) 

Superior Gold Group 

United Healthcare Insurance

Wallstreet Journal 

Weitz&Luxemburg 

---------------------------------------

COMPANIES WHO HAVE DECIDED TO BOYCOTT FOX NEWS:

Campbell Soup 

Chrysler 

General Motors 

Kellogg 

Kraft Foods

Lawyers.com

Nestle

Pfizer 

Proctor & Gamble 

Progressive Insurance

Walmart 
",backpackwayne,1.0,/r/reddit.com/comments/99g6p/these_are_the_ones_who_make_it_all_possible_for/,t5_6
61,Pfizer pays record 2.3 billion dollar fine for illegal promotions,1,9gqa6,http://www.cbc.ca/health/story/2009/09/02/pfizer-record-fine-us.html,0,2009-09-02 18:26:13,,travisjudegrant,0.6,/r/reddit.com/comments/9gqa6/pfizer_pays_record_23_billion_dollar_fine_for/,t5_6
62,Former Pfizer Scientist's Lawsuit Against Company Goes To Trial,1,be0x3,"http://www.courant.com/news/connecticut/hc-mcclain-pfizer-safety0316.artmar16,0,5536291.story",0,2010-03-16 08:36:19,,tmwctr,0.66,/r/reddit.com/comments/be0x3/former_pfizer_scientists_lawsuit_against_company/,t5_6
63,"Pfizer, docs: New cancer pill gives hope, strategy",1,jzgkv,http://www.wfaa.com/news/national/128687198.html,0,2011-08-30 17:20:40,,angria,1.0,/r/reddit.com/comments/jzgkv/pfizer_docs_new_cancer_pill_gives_hope_strategy/,t5_6
64,Pfizer Withdraws Thelin from the Market,1,enuxf,http://sideeffects.net/medication-recalls/2010/12/pfizer-withdraws-thelin-from-the-market-800285958/,0,2010-12-18 04:46:57,,smithmark02,0.67,/r/reddit.com/comments/enuxf/pfizer_withdraws_thelin_from_the_market/,t5_6
65,Pfizer pulls out of over-the-counter Viagra bid,1,7ephf,http://news.bbc.co.uk/2/hi/health/7739420.stm,0,2008-11-20 20:09:15,,mellowmonk,1.0,/r/reddit.com/comments/7ephf/pfizer_pulls_out_of_overthecounter_viagra_bid/,t5_6
66,Former Pfizer VP Ordered to Pay Victim in Child Pornography Case,1,7zznw,http://legal.realdealdocs.com/index.php/2009/02/24/former-pfizer-vp-ordered-to-pay-victim-in-child-pornography-case/,1,2009-02-24 16:36:13,,LawDog54,1.0,/r/reddit.com/comments/7zznw/former_pfizer_vp_ordered_to_pay_victim_in_child/,t5_6
67,Pfizer Faces Criminal Charges in Nigeria,1,1und0,http://www.washingtonpost.com/wp-dyn/content/article/2007/05/29/AR2007052902107.html?referrer=reddit,0,2007-05-30 11:45:24,,jaxum3,1.0,/r/reddit.com/comments/1und0/pfizer_faces_criminal_charges_in_nigeria/,t5_6
68,GSK and Pfizer Create New HIV Company,1,8d4mr,http://www.businessweek.com/globalbiz/blog/europeinsight/archives/2009/04/gsk_and_pfizer.html?chan=top+news_top+news+index+-+temp_global+business,0,2009-04-16 22:35:44,,xbillybobx,1.0,/r/reddit.com/comments/8d4mr/gsk_and_pfizer_create_new_hiv_company/,t5_6
69,Yes ! Pfizer gets it in the face...,1,9gnr6,http://www.npr.org/blogs/health/2009/09/pfizer_bextra_settlement_.html,1,2009-09-02 14:22:53,,cacofonix,0.57,/r/reddit.com/comments/9gnr6/yes_pfizer_gets_it_in_the_face/,t5_6
70,Pfizer PCs used to send Viagra spam,1,2nauj,http://technologyexpert.blogspot.com/2007/09/pfizer-pcs-used-to-send-viagra-spam.html,6,2007-09-08 21:43:13,,Iria,0.6,/r/reddit.com/comments/2nauj/pfizer_pcs_used_to_send_viagra_spam/,t5_6
71,Pfizer buys Wyeth for $68 billion...Big Pharma conspiracists' heads explode,1,7sea9,http://www.nytimes.com/2009/01/26/business/26drug.html?_r=1&hp,0,2009-01-25 22:16:49,,aenea,1.0,/r/reddit.com/comments/7sea9/pfizer_buys_wyeth_for_68_billionbig_pharma/,t5_6
72,"Pfizer Breach Exposes Data on 34,000 People",1,2nmgg,http://www.computerworld.com/action/article.do?command=viewArticleBasic&articleId=302419&source=rss_topic82,0,2007-09-10 02:33:00,,floatnsink,1.0,/r/reddit.com/comments/2nmgg/pfizer_breach_exposes_data_on_34000_people/,t5_6
73,Pfizer goes Intergalactic with new Alien Health division,1,2pjuz,http://impactiviti.wordpress.com/2007/09/14/pfizer-launches-new-alien-health-division/,0,2007-09-14 14:49:17,,impactiviti,1.0,/r/reddit.com/comments/2pjuz/pfizer_goes_intergalactic_with_new_alien_health/,t5_6
74,Dr Peter Rost:Black Monday coming up at Pfizer . . . Italy starts early: Strike,1,zjxg,http://peterrost.blogspot.com/2007/01/black-monday-coming-up-at-pfizer-italy.html,0,2007-01-21 12:51:44,,pppkkk,0.6,/r/reddit.com/comments/zjxg/dr_peter_rostblack_monday_coming_up_at_pfizer/,t5_6
75,Pfizer wins Lipitor patent case in Ireland,1,251fn,http://www.sharekhan.com,0,2007-07-10 07:59:37,,stephthom,1.0,/r/reddit.com/comments/251fn/pfizer_wins_lipitor_patent_case_in_ireland/,t5_6
76,Pfizer Offers Free Medication To Unemployed Or Uninsured Patients,1,8kkbd,http://consumerist.com/5254712/pfizer-offers-free-medication-to-unemployed-or-uninsured-patients,0,2009-05-14 17:57:59,,Ein2015,1.0,/r/reddit.com/comments/8kkbd/pfizer_offers_free_medication_to_unemployed_or/,t5_6
77,Pfizer Sells Capsugel Unit to KKR for $2.4 Billion - WSJ.com,1,gikd1,http://online.wsj.com/article/SB10001424052748703806304576242421427821678.html?mod=rss_Health&utm_source=feedburner&utm_medium=feed&utm_campaign=Feed%3A+wsj%2Fxml%2Frss%2F3_7089+%28WSJ.com%3A+Health%29,0,2011-04-04 16:03:45,,jessicisei,1.0,/r/reddit.com/comments/gikd1/pfizer_sells_capsugel_unit_to_kkr_for_24_billion/,t5_6
78,Study shows more risk with Pfizer antibiotic: FDA: Scientific American,1,1b9aw,http://www.sciam.com/article.cfm?articleID=B92D0FCBC8D2624A2EA66907FEB8D8DE,0,2007-03-19 02:39:05,,azareei,1.0,/r/reddit.com/comments/1b9aw/study_shows_more_risk_with_pfizer_antibiotic_fda/,t5_6
79,Pfizer get approval for kids cholesterol drug,1,cn8u3,http://news.yahoo.com/s/ap/20100706/ap_on_bi_ge/us_pfizer_lipitor_for_kids,0,2010-07-08 07:20:21,,searchlackey,1.0,/r/reddit.com/comments/cn8u3/pfizer_get_approval_for_kids_cholesterol_drug/,t5_6
80,Chantix's Ugly Side Effects And Pfizer's Responsible Behavior,1,6keg6,http://www.furiousseasons.com/archives/2008/05/chantixs_ugly_side_effects_and_pfizers_responsible_behavior.html,0,2008-05-22 12:19:13,,gatesclone,0.67,/r/reddit.com/comments/6keg6/chantixs_ugly_side_effects_and_pfizers/,t5_6
81,"It has finally happened, McDonald's is merging with Pfizer, the drug company that makes Lipitor, the cholesterol medication!",1,h9trf,http://www.thefinaledition.com/article/from-pharma-to-table-the-mcdonalds-pfizer-merger.html,0,2011-05-12 11:32:36,,ecmay,0.67,/r/reddit.com/comments/h9trf/it_has_finally_happened_mcdonalds_is_merging_with/,t5_6
82,AIDS group to sue Pfizer over Viagra ads,1,zwuo,http://today.reuters.com/news/articlenews.aspx?type=healthNews&storyid=2007-01-22T150216Z_01_N17369073_RTRUKOC_0_US-PFIZER-VIAGRA-LAWSUIT.xml&src=rss&rpc=22,2,2007-01-22 23:22:29,,reneesubscribes,1.0,/r/reddit.com/comments/zwuo/aids_group_to_sue_pfizer_over_viagra_ads/,t5_6
83,"Pfizer and 1,400 Jobs to Leave New London, Connecticut , the City That Won Supreme Court Eminent Domain Case [Kelo]",1,a3z3z,http://www.nytimes.com/2009/11/13/nyregion/13pfizer.html?partner=rss&emc=rss,0,2009-11-13 05:56:39,,bobcat,0.66,/r/reddit.com/comments/a3z3z/pfizer_and_1400_jobs_to_leave_new_london/,t5_6
84,Pfizer to Pay $68 Billion for Wyeth - WSJ.com,1,7shgf,http://online.wsj.com/article/SB123297107149615079.html,0,2009-01-26 09:14:17,,scbalazs,1.0,/r/reddit.com/comments/7shgf/pfizer_to_pay_68_billion_for_wyeth_wsjcom/,t5_6
85,"""For all the scientists at Pfizer with integrity and good sense - my condolences. Your company isn't doing you any favors. . .""",1,6d6zx,http://pipeline.corante.com/archives/2008/03/13/pfizer_vs_the_nejm_a_legal_showdown.php?,0,2008-03-24 12:40:31,,dblowe,1.0,/r/reddit.com/comments/6d6zx/for_all_the_scientists_at_pfizer_with_integrity/,t5_6
86,Even more losing jobs; Sandwich Pfizer Plant closure,1,fnek6,http://www.bbc.co.uk/news/uk-england-kent-12401589,0,2011-02-17 14:50:01,,slavomirrawicz,1.0,/r/reddit.com/comments/fnek6/even_more_losing_jobs_sandwich_pfizer_plant/,t5_6
87,Nigeria files criminal charges against Pfizer over clinical trial,1,1umjr,http://www.sfgate.com/cgi-bin/article.cgi?f=/c/a/2007/05/30/MNGSVQ3P8N1.DTL&type=health,0,2007-05-30 10:15:36,,gregwont,1.0,/r/reddit.com/comments/1umjr/nigeria_files_criminal_charges_against_pfizer/,t5_6
88,Pfizer faces losses as Lipitor patent set to expire - CBS News,1,g1tnp,http://www.cbsnews.com/stories/2011/03/10/business/main20041502.shtml,0,2011-03-11 04:04:27,,ehoisttise,0.66,/r/reddit.com/comments/g1tnp/pfizer_faces_losses_as_lipitor_patent_set_to/,t5_6
89,Pfizer Targets Cape Codders With Depression Mongering,1,6pmrb,http://www.furiousseasons.com/archives/2008/06/pfizer_targets_cape_codders_with_depression_mongering.html,0,2008-06-30 12:57:07,,gatesclone,1.0,/r/reddit.com/comments/6pmrb/pfizer_targets_cape_codders_with_depression/,t5_6
90,URCH Publishing: GlaxoSmithKline Will Overtake Pfizer to Become World's Largest Pharmaceutical Company by 2012,1,7hb01,http://news.alibaba.com/article/detail/pharmaceuticals/100021570-1-urch-publishing%3A-glaxosmithkline-overtake-pfizer.html,0,2008-12-04 04:33:18,,grieron53,1.0,/r/reddit.com/comments/7hb01/urch_publishing_glaxosmithkline_will_overtake/,t5_6
91,AIDS treatment group to sue Pfizer over Viagra ads marketing it as a lifestyle drug to enhance sex life.,1,znfn,http://money.cnn.com/2007/01/21/news/companies/viagra_lawsuit.reut/index.htm?cnn=yes,1,2007-01-21 23:37:23,,emiller40,1.0,/r/reddit.com/comments/znfn/aids_treatment_group_to_sue_pfizer_over_viagra/,t5_6
92,Pfizer Announces Shift In BS Marketing,1,thuf,http://sirened.com/congress/pfizer-announces-shift-in-bullshit-marketing,0,2006-12-03 19:40:07,,clisted,1.0,/r/reddit.com/comments/thuf/pfizer_announces_shift_in_bs_marketing/,t5_6
93,Pfizer on Achieving 113% ROI with EMC Documentum,1,168pk,http://www.podtech.net/home/technology/2184/pfizer-on-achieving-113-roi-with-emc-documentum,1,2007-02-23 13:54:17,,ijoomla,1.0,/r/reddit.com/comments/168pk/pfizer_on_achieving_113_roi_with_emc_documentum/,t5_6
94,"Dr Peter Rost:""Pfizer Cuts Marketing Execs, Not Marketing""",1,mvb0,http://peterrost.blogspot.com/2006/09/pfizer-cuts-marketing-execs-not.html,0,2006-10-19 10:48:05,,echin,1.0,/r/reddit.com/comments/mvb0/dr_peter_rostpfizer_cuts_marketing_execs_not/,t5_6
95,"NIH on Chantix (Varenicline), a nicotine-free brain changing Pfizer drug that helps people quit smoking: 
",0,i21zl,https://www.reddit.com/r/reddit.com/comments/i21zl/nih_on_chantix_varenicline_a_nicotinefree_brain/,0,2011-06-17 07:46:57,"It may take several weeks for you to feel the full benefit of varenicline. You may slip and smoke during your treatment. If this happens, you may still be able to stop smoking. Continue to take varenicline and to try not to smoke.

You will probably take varenicline for 12 weeks. If you have completely stopped smoking at the end of 12 weeks, your doctor may tell you to take varenicline for another 12 weeks. This may help keep you from starting to smoke again.

Also, it may make you crazy and kill yourself.  [See warning.](http://www.ncbi.nlm.nih.gov/pubmedhealth/PMH0000351/)",Your_Black_Friend,0.5,/r/reddit.com/comments/i21zl/nih_on_chantix_varenicline_a_nicotinefree_brain/,t5_6
96,Pharmagossip:Pfizer - torcetrapib: what a week!,0,xtue,http://pharmagossip.blogspot.com/2006/12/pfizer-torcetrapib-what-week.html,0,2007-01-10 20:33:09,,Maniek,0.5,/r/reddit.com/comments/xtue/pharmagossippfizer_torcetrapib_what_a_week/,t5_6
97,Former Pfizer CEO saw 2010 compensation swell,0,gpmlm,http://www.huffingtonpost.com/huff-wires/20110322/us-pfizer-executive-compensation,0,2011-04-13 23:44:49,,luke184lisa,0.5,/r/reddit.com/comments/gpmlm/former_pfizer_ceo_saw_2010_compensation_swell/,t5_6
98,Pfizer scientist awarded $1.37 mil but fails in getting precise info on DNA sequencing of engineered lentivirus...,0,blll0,"http://www.courant.com/business/hc-pfizer-verdict-0402.artapr02,0,3735869,print.story",0,2010-04-02 08:25:31,,tmwctr,0.5,/r/reddit.com/comments/blll0/pfizer_scientist_awarded_137_mil_but_fails_in/,t5_6
99,Neurontin Class Action Lawsuit Filed in Florida Against Pfizer,0,yput,http://www.legalnewswatch.com/421/neurontin-class-action-lawsuit-filed-in-florida-against-pfizer,1,2007-01-16 16:28:42,,Iwears0x,0.5,/r/reddit.com/comments/yput/neurontin_class_action_lawsuit_filed_in_florida/,t5_6
100,Pfizer Sues Teva Over Generic Viagra - WSJ.com,0,bkwo7,http://online.wsj.com/article/SB10001424052702304252704575155960248987120.html?mod=WSJ_latestheadlines,0,2010-03-31 19:37:59,,required3,0.5,/r/reddit.com/comments/bkwo7/pfizer_sues_teva_over_generic_viagra_wsjcom/,t5_6
101,Pharmagossip:Pfizer - who will go?,0,zq1e,http://pharmagossip.blogspot.com/2007/01/pfizer-who-will-go.html,1,2007-01-22 09:24:42,,boston01,0.5,/r/reddit.com/comments/zq1e/pharmagossippfizer_who_will_go/,t5_6
102,Pfizer discounts and news that never happened - The Spam Omelette #39,0,9encb,http://www.malwarecity.com/blog/the-spam-omelette-39-pfizer-discounts-and-news-that-never-happened-520.html,0,2009-08-27 07:55:04,,partz,0.5,/r/reddit.com/comments/9encb/pfizer_discounts_and_news_that_never_happened_the/,t5_6
103,Pfizer Paid An Ex-CIA Agent To “Terrify” Whistleblower ,0,a2m7h,http://industry.bnet.com/pharma/10003548/pfizer-defends-ex-cia-agent-who-terrified-neurontin-witness/,2,2009-11-09 16:22:05,,unheeding,0.47,/r/reddit.com/comments/a2m7h/pfizer_paid_an_excia_agent_to_terrify/,t5_6
104,An ACORN Amendment for Pfizer,0,9rq74,http://www.thenation.com/doc/20091019/scahill,0,2009-10-07 11:30:00,,elvisliveson,0.5,/r/reddit.com/comments/9rq74/an_acorn_amendment_for_pfizer/,t5_6
105,"What Pfizer hides from us and what illegal ""Viagra pharmacies"" do to keep their business going. Conclusion: Viagra === Sildenafil Citrate.",1,5zga0,http://pufone.org/blog/viagra-from-pfizer-vs-generic-sildenafil/,2,2007-10-30 13:14:25,,tntnews,0.53,/r/reddit.com/comments/5zga0/what_pfizer_hides_from_us_and_what_illegal_viagra/,t5_6
106,Pfizer shouts its message to the world,0,7no8v,http://www.todaysfinancialnews.com/us-stocks-and-markets/pfizer-shouts-to-the-world-6975.html,0,2009-01-06 01:04:30,,ClydeShane,0.5,/r/reddit.com/comments/7no8v/pfizer_shouts_its_message_to_the_world/,t5_6
107,Nigeria Takes On Pfizer over 'Killer Drug',0,60zc3,"http://www.spiegel.de/international/world/0,1518,517805,00.html",0,2007-11-19 20:13:15,,longlivereddit,0.5,/r/reddit.com/comments/60zc3/nigeria_takes_on_pfizer_over_killer_drug/,t5_6
108,Pfizer pays $2.3bn in record fine - Al Jazeera English ,0,9gsnz,http://english.aljazeera.net/news/europe/2009/09/200992171921356890.html,0,2009-09-02 23:16:59,,Dorcus0,0.5,/r/reddit.com/comments/9gsnz/pfizer_pays_23bn_in_record_fine_al_jazeera_english/,t5_6
109,US court protects Pfizer's Lipitor patent,0,no0p,http://www.pharmaceutical-business-review.com/article_news.asp?guid=7D417BC3-A38A-4086-9D4A-11207348949F,0,2006-10-25 06:25:33,,robbyyy,0.5,/r/reddit.com/comments/no0p/us_court_protects_pfizers_lipitor_patent/,t5_6
110,"Free Viagra for the unemployed, says Pfizer",0,8n7zm,http://www.newscientist.com/article/mg20227093.600-free-viagra-for-the-unemployed-says-pfizer.html?DCMP=OTC-rss&nsref=online-news,0,2009-05-26 00:52:25,,charlatan,0.4,/r/reddit.com/comments/8n7zm/free_viagra_for_the_unemployed_says_pfizer/,t5_6
111,Pfizer pharmaceutical accused of murdering 11 children: arrests sought in Nigeria,0,63tos,http://news.bbc.co.uk/2/hi/business/7159671.stm,0,2007-12-25 02:46:59,,335589,0.43,/r/reddit.com/comments/63tos/pfizer_pharmaceutical_accused_of_murdering_11/,t5_6
112,Nigeria sues Pfizer for $7bn over 'illegal' tests on children,0,1w3m5,"http://www.guardian.co.uk/medicine/story/0,,2095955,00.html?gusrc=rss&feed=12",0,2007-06-05 12:13:41,,jaycliche,0.4,/r/reddit.com/comments/1w3m5/nigeria_sues_pfizer_for_7bn_over_illegal_tests_on/,t5_6
113,"Pfizer introduces pill that promises to wipe out all addictions. More chemicals, please!",0,254df,http://www.huffingtonpost.com/huff-wires/20070710/anti-addiction-pill/,3,2007-07-10 12:30:19,,kimbele,0.33,/r/reddit.com/comments/254df/pfizer_introduces_pill_that_promises_to_wipe_out/,t5_6
114,Pfizer s cuts blindside Ann Arbor workers,0,1bmbq,http://www.mlive.com/business/kzgazette/index.ssf?/base/business-3/116957280214420.xml&coll=7,0,2007-03-20 14:00:04,,sorge4,0.33,/r/reddit.com/comments/1bmbq/pfizer_s_cuts_blindside_ann_arbor_workers/,t5_6
115,FDA Approves Pfizer’s Drug Sutent for Steve Job’s Type of Cancer,0,hlyam,http://drsamgirgis.com/2011/05/21/fda-approves-pfizer%e2%80%99s-drug-sutent-for-steve-job%e2%80%99s-type-of-cancer/,2,2011-05-27 21:31:50,,drsamgirgis,0.33,/r/reddit.com/comments/hlyam/fda_approves_pfizers_drug_sutent_for_steve_jobs/,t5_6
116,Pfizer lefilm,0,j3u1r,http://www.youtube.com/watch?v=lvAQ7rqBdKw,0,2011-07-29 22:59:18,,ryderbasketballthrow,0.33,/r/reddit.com/comments/j3u1r/pfizer_lefilm/,t5_6
117,"A court case brought by Nigeria against Pfizer resumes on Wednesday, with allegations that Pfizer deceived patients and caused undue harm in 1996 when it performed clinical trials for a new drug",0,2v3xn,http://news.yahoo.com/s/nm/20070930/bs_nm/pfizer_nigeria_dc,0,2007-09-30 13:52:19,,duncanmc,0.38,/r/reddit.com/comments/2v3xn/a_court_case_brought_by_nigeria_against_pfizer/,t5_6
118,"A security guard in this dusty Nigerian city is living with tragedy — a 14-year-old son whose dazed eyes, slow speech and uneven gait signal brain damage. Mustapha Mohammed says he knows who to blame — Pfizer Inc., the world's largest drug maker.",0,2eaxh,http://news.yahoo.com/s/ap/20070811/ap_on_he_me/nigeria_drugs_and_suspicion;_ylt=AkXBvMM_cso4r5vyX953uACs0NUE,0,2007-08-11 10:28:16,,garyp714,0.33,/r/reddit.com/comments/2eaxh/a_security_guard_in_this_dusty_nigerian_city_is/,t5_6
119,Pfizer CEO to get 180 million for retirement. The stock since he took control? Down about 10 points.,0,vp6o,http://biz.yahoo.com/ap/061221/pfizer_mckinnell.html?.v=9,1,2006-12-21 19:16:17,,mynameishere,0.42,/r/reddit.com/comments/vp6o/pfizer_ceo_to_get_180_million_for_retirement_the/,t5_6
120,Chantrix Drug Stop Smoking Pill by Pfizer,0,2ugvx,http://www.chantrix.co.uk/,0,2007-09-28 11:10:04,,michelle_s_lopez,0.25,/r/reddit.com/comments/2ugvx/chantrix_drug_stop_smoking_pill_by_pfizer/,t5_6
