,title,score,id,url,comms_num,created,body,author,upvote_ratio,permalink,subreddit_id
0,You can actually see the sun sitting in space like a ball bearing sitting on a pillow... you can see space folding around it...,26,9zqxm,https://www.reddit.com/r/reddit.com/comments/9zqxm/you_can_actually_see_the_sun_sitting_in_space/,22,2009-10-31 16:36:13,"I was fooling around at work one day and editing astronomy pictures in paint.net to see if I could make a cooler wallpaper for my computer... and I loaded this famous picture of the sun and inverted the colors [and the result blew me away!](http://imgur.com/h1nEt.jpg) Inverting the corona shows the lines of force that matter follows as it is ejected from the sun. I realize that this is a 2d representation, but it is amazing to see. Einstein said that space was distorted like this, but I had never actually seen it before. Anyways, I thought I'd share it with reddit. 

Edit: I'm not saying that I know what this is... I'm not a scientist... I'm just saying that it looks like a gravity well - and it's cool.",porscheguy19,0.69,/r/reddit.com/comments/9zqxm/you_can_actually_see_the_sun_sitting_in_space/,t5_6
1,I just did something moderately cool,25,dayl1,https://www.reddit.com/r/reddit.com/comments/dayl1/i_just_did_something_moderately_cool/,17,2010-09-08 01:13:51,"I am in Las Vegas for work.  I had nothing going on, so went out to find a geocache or two.  I passed a culvert where some guys were speaking spanish and fairly obviously drinking.  I sort of had a flash of 'what would Bukowski do?'  And then I did it.  

Stopped in the local convenience store, bought a 6 of Corona and walked in to their ditch.  'Hola?  Anyone speak English?'  

Passed around beer, sat and tried to overcome the language barrier for a bit.  They were good guys, one or two were homeless.  A couple Mexicans and a Salvadoran.  I'm a pretty average middle class white guy.  This was way out of my comfort zone.  I had fun.  I might go back tomorrow night.  

I don't think I was being all multi-culti.  Or slumming it.  I just was looking for something to do out of the ordinary that i wouldn't do.  Walking up to a group of men speaking a foreign language(or even english really) and making friends was that thing tonight.   Thought I would share because it was fun and interesting.   


EDIT:: I'm not sure I'm painting the picture right or if it needs more painting at all.  The ditch smelled like pee.  It was sort of hidden and if not for their loud voices I wouldn't have heard them there.  I'm still a bit buzzed.  ",MrSpaceYeti,0.81,/r/reddit.com/comments/dayl1/i_just_did_something_moderately_cool/,t5_6
2,"""America's Sheriff"" Mike Corona sentenced to 66 months in a PITA Prision",26,8fzbi,http://latimesblogs.latimes.com/lanow/2009/04/carona-sentence.html,4,2009-04-27 21:25:15,,maddmike,0.74,/r/reddit.com/comments/8fzbi/americas_sheriff_mike_corona_sentenced_to_66/,t5_6
3,"Bar offers ""Wetback Wednesdays"" special: five Coronas for $7 and 75-cent tacos",16,6bpyw,http://www.msnbc.msn.com/id/23507396/,11,2008-03-11 19:04:50,,rmuser,0.71,/r/reddit.com/comments/6bpyw/bar_offers_wetback_wednesdays_special_five/,t5_6
4,"ATTENTION Non US Citizens of the world -- if you think all American beer is poop, then you're drinking the wrong American beers.",13,9k1p2,https://www.reddit.com/r/reddit.com/comments/9k1p2/attention_non_us_citizens_of_the_world_if_you/,97,2009-09-13 04:25:43,"Seriously -- this is a stereotype that has run its course.  It may very well have been valid 20 years ago before the craft-brewing boom in the US, but these days, there are hundreds of specialty breweries throughout the country serving beer the way God intended it.

.

Yes -- Budweiser, Busch, Coors and Miller all blow goats.  We know this.  That's why we don't drink them.  But most mass-produced and heavily exported beers are.  I mean...Heineken, St Pauli Girl, Stella Artois,  Peroni and Becks all ship in green bottles?!?  Skunky like a monkey by the time they hit our shelves!  Canadians, I love you -- but Labatts and Molson are on the poop list right next to PBR and Schlitz.  Corona, Pacifico, Tecate -- poop, poop and poop.  Fosters?  Australian for poop.  

.

There are plenty of beer lovers in the US who take our beers very seriously.  And if you think all American beers are poop, then you are drinking the wrong American beers.  Try the Stone Brewery, Port Brewing, Ommegang, Mad River, Shipyard, Bells Brewery, Dogfish Head, etc, etc, etc -- there are literally hundreds to chose from!  I'd put some of the finer craft beers of this nation up against anything the world has to offer.

.

Alls I'm sayin' is that the stereotype is bunk and that you look silly repeating it.  Do a little poking around and you will find yourself pleasantly surprised by the results -- I promise!  Now let's all have another round -- the Reddit Alien is buyin', but he says he'll knife-fight anyone caught drinking a Budweiser!

.

**EDIT:**  Adding a visual aid to the discussion: [Beer Data](http://www.mikewirthart.com/wp-content/uploads/2009/05/2009gabfgmedalmap.jpg)",tpaulman,0.59,/r/reddit.com/comments/9k1p2/attention_non_us_citizens_of_the_world_if_you/,t5_6
5,From the WikiLeaks Files: Distaste for Corona saves geologist from assassination - Boing Boing,11,cw3qf,http://www.boingboing.net/2010/07/28/distaste-for-corona.html,1,2010-08-01 10:29:44,,umbrae,0.86,/r/reddit.com/comments/cw3qf/from_the_wikileaks_files_distaste_for_corona/,t5_6
6,Mystery of Sun's Superhot Corona May Be Whipped,9,2sy1n,http://sciam.com/article.cfm?articleID=B8846D2C-E7F2-99DF-3A324674FBF4FB3D&ec=su_astro2,0,2007-09-24 11:44:07,,spyderiii,0.71,/r/reddit.com/comments/2sy1n/mystery_of_suns_superhot_corona_may_be_whipped/,t5_6
7,"All 20 beers listed are lagers. That the appalling likes of Corona, Coors, Brahma, Budweiser and Bud Light occupy five of the top ten positions, however, tells you just how desperate the situation now is.",8,d57k8,http://www.guardian.co.uk/lifeandstyle/wordofmouth/2010/aug/25/stella-artois-black-lager,2,2010-08-25 05:57:39,,spainguy,0.65,/r/reddit.com/comments/d57k8/all_20_beers_listed_are_lagers_that_the_appalling/,t5_6
8,planking on Coronas,6,l6goj,http://imgur.com/tnQJ6,3,2011-10-09 19:35:54,,lasmilpas,0.65,/r/reddit.com/comments/l6goj/planking_on_coronas/,t5_6
9,"Sydneysbottle.org:
How to make a little girl happy with a Corona Bottle and a Camera (SFW)",4,c72y5,http://www.sydneysbottle.org/,4,2010-05-22 15:53:47,,mangotiger,0.67,/r/reddit.com/comments/c72y5/sydneysbottleorg_how_to_make_a_little_girl_happy/,t5_6
10,"When I Google for ""corona wire,"" the Adwords have candles next to them. WTF?",6,64ia1,http://www.shaunc.com/static/Google-Gives-me-Candles-with-Adwords-Ads_547.html,6,2008-01-04 01:06:03,,shaunc,0.6,/r/reddit.com/comments/64ia1/when_i_google_for_corona_wire_the_adwords_have/,t5_6
11,Westboro Baptist Church to protest Corona del Mar High's 'Rent' ,6,8ezxb,"http://www.latimes.com/news/local/la-me-rent23-2009apr23,0,2018823.story",3,2009-04-23 21:08:09,,PatioLantern,0.87,/r/reddit.com/comments/8ezxb/westboro_baptist_church_to_protest_corona_del_mar/,t5_6
12,"Every time a bartender in New York City puts a lime slice in that Corona with bare hands, he or she is breaking the law.",3,5zxhg,http://www.nytimes.com/2007/11/06/nyregion/06tongs.html,1,2007-11-06 03:24:56,,ninzee,0.62,/r/reddit.com/comments/5zxhg/every_time_a_bartender_in_new_york_city_puts_a/,t5_6
13,Corona woman says her father was the Zodiac killer,4,8gqxo,"http://www.latimes.com/news/local/la-me-zodiac30-2009apr30,0,11410.story",0,2009-04-30 09:22:11,,vajav,0.84,/r/reddit.com/comments/8gqxo/corona_woman_says_her_father_was_the_zodiac_killer/,t5_6
14,Ever Wonder Why You're Drinking Those Corona and Dos Equis Today?,5,1nw3h,http://www.vivacincodemayo.org/history.htm,0,2007-05-05 16:33:39,,boxofrain,0.86,/r/reddit.com/comments/1nw3h/ever_wonder_why_youre_drinking_those_corona_and/,t5_6
15,Mystery of Galaxies Full of Dark Matter Solved -- Small galaxies' visible gas may have been scoured away by million-degree coronas of nearby big galaxies,4,151xz,http://www.sciam.com/article.cfm?articleid=CC0885E4-E7F2-99DF-3F9286C5AEB3C58F,0,2007-02-17 08:25:02,,Maxcactus,0.75,/r/reddit.com/comments/151xz/mystery_of_galaxies_full_of_dark_matter_solved/,t5_6
16,You will teach me to Reddit?,3,jtoff,https://www.reddit.com/r/reddit.com/comments/jtoff/you_will_teach_me_to_reddit/,5,2011-08-25 00:04:07,"I'm a 26 year old male.  I browse Reddit because...well....yeah.  Lots of reasons..

ANYWHO...as an unemployed (as of August 1) and recent college graduate (as of May 11), I feel like there is SO MUCH I should actually be doing with my life.

With the exception of a couple posts (literally, two posts), I haven't done anything on here...

But I have this constant theme in my head as I browse....like someone (Jesus?)  standing behind me telling me ""Ur doin it wrong"" (Fuck off, Jesus)

What is my point?  Oh God...I don't know....I've had a few Coronas and I'm in Los Angeles (Granada Hills) helping a friend remodel a town home. (I reside in Atlanta, an the opportunity afforded itself after I quit my job; FATE!)

Uhh....so...yeah...I feel like the new kid in school.  Except unlike school, I don't find myself explaining a meme to someone and having them look at me like I'm a complete maniac.  

Typing this gave me a boner.  :( ",jmt1676,0.8,/r/reddit.com/comments/jtoff/you_will_teach_me_to_reddit/,t5_6
17,Stars and Dust Across Corona Australis [1920×1277],3,iatio,http://apod.nasa.gov/apod/image/1106/ngc6727_julio_1929.jpg,0,2011-06-27 20:17:54,,Maddoktor2,0.64,/r/reddit.com/comments/iatio/stars_and_dust_across_corona_australis_19201277/,t5_6
18,"NYPD ""Call In All Troops to Times Square"", NYPD scanner feed and live streams here",4,ldkr8,https://www.reddit.com/r/reddit.com/comments/ldkr8/nypd_call_in_all_troops_to_times_square_nypd/,3,2011-10-15 19:15:48,"I'll add more links as I get them. Everyone post anything/everything they have on the worldwide occupy protests

http://occupystream.com/ - 36+ live streams worldwide

http://occupystreams.org/ - 100+ live streams worldwide

http://www.earthcam.com/usa/newyork/timessquare/ - Times Square Live Cams

http://www.radioreference.com/apps/audio/?feedId=8905 - NYC Police Scanner feed

http://www.stickam.com/corona_dave - Helicopter View Times Square

http://theintelhub.com/2011/10/15/nypd-criminals-arrest-protesters-for-trying-to-close-their-citibank-accounts/ - NYC Citibank Arrests Protesters Trying to close accounts

http://www.livestream.com/undergroundreports - BERLIN

http://www.youtube.com/watch?v=SjUIEAZr4Yo - STREETS PACKED IN MADRID

http://www.cnn.com/2011/10/15/world/meast/yemen-unrest/index.html - 10 killed in Yemen protest

[http://www.livestream.com/occupytv](http://www.livestream.com/occupytv) - 3 police scanners + live stream

http://img442.imageshack.us/img442/563/nytimessquareoct15.jpg - Aerial view pic of Time Square

http://photos.denverpost.com/mediacenter/2011/10/live-camera-view-of-the-occupy-denver-protesters/ - Occupy Denver Live Feed, cops are lining up

http://www.myfoxny.com/subindex/video/live_video_2 - Live feed from Local Fox 5 NYC

http://www.youtube.com/watch?v=h2tfSlMsGkc&amp - Occupy Paris video
",highasballz,0.75,/r/reddit.com/comments/ldkr8/nypd_call_in_all_troops_to_times_square_nypd/,t5_6
19,NASA and NSF Computers Simulate Sun's Corona,4,8s5r,http://www.nasa.gov/vision/universe/solarsystem/corona_telecon.html,0,2006-06-27 05:03:16,,ratatask,0.7,/r/reddit.com/comments/8s5r/nasa_and_nsf_computers_simulate_suns_corona/,t5_6
20,No one's probably gonna see this but just letting reddit know I'm officially and Australian adult today just had my first legal beer. ,1,ketvz,https://www.reddit.com/r/reddit.com/comments/ketvz/no_ones_probably_gonna_see_this_but_just_letting/,6,2011-09-13 20:55:44,"The corona tasted dam good

*Edit - Dammit a typo in Title. Oh well have a good day all",BessyBossman,0.52,/r/reddit.com/comments/ketvz/no_ones_probably_gonna_see_this_but_just_letting/,t5_6
21,My experience with Corona SDK and Lua.,2,h3g2n,http://blueglutton.com/2011/05/03/lua-and-corona/,1,2011-05-03 16:56:37,,BlueGlutton,0.67,/r/reddit.com/comments/h3g2n/my_experience_with_corona_sdk_and_lua/,t5_6
22,"46.8 miles today, towing my 9-year-old niece on a trail-a-bike.  I'm beat.",2,iyy8i,https://www.reddit.com/r/reddit.com/comments/iyy8i/468_miles_today_towing_my_9yearold_niece_on_a/,0,2011-07-25 02:02:38,"Started on the Santa Ana River Bike Trail near where it meets the 91 freeway, took that to PCH, then down to Corona Del Mar beach.  Then back the same way.",chilehead,0.63,/r/reddit.com/comments/iyy8i/468_miles_today_towing_my_9yearold_niece_on_a/,t5_6
23,Stars and Dust Across Corona Australis,2,ia8u2,http://apod.nasa.gov/apod/ap110627.html,0,2011-06-27 07:14:08,,Maddoktor2,0.6,/r/reddit.com/comments/ia8u2/stars_and_dust_across_corona_australis/,t5_6
24,corona cigars offers tiger a 100k sponsorship.,2,agom8,http://www.cigarinspector.com/news-of-the-week/100k-offer-from-corona-cigars-to-tiger-woods,1,2009-12-20 01:52:55,,palmerjp,0.75,/r/reddit.com/comments/agom8/corona_cigars_offers_tiger_a_100k_sponsorship/,t5_6
25,"Reddit,  I wanted to drink my Corona correctly but only had lemons.  Was I out of lime?",4,dnydw,https://www.reddit.com/r/reddit.com/comments/dnydw/reddit_i_wanted_to_drink_my_corona_correctly_but/,1,2010-10-07 03:07:41,Free cake for everyone!,ch13fw,0.64,/r/reddit.com/comments/dnydw/reddit_i_wanted_to_drink_my_corona_correctly_but/,t5_6
26,Corona Indie Bundle: 5 Indie Games for $0.99,2,l63ju,https://www.reddit.com/r/reddit.com/comments/l63ju/corona_indie_bundle_5_indie_games_for_099/,0,2011-10-09 12:21:41,"Five of us indie game developers have teamed up to bundle five of our indie games together for $0.99. The games include:

* The Secret of Grisly Manor   (Fire Maple Games)
* Chickens Quest    (GuGu Games)
* Robot 99    (Fu Design)
* Walkabout   (Base 2 Solutions)
* Float    (Crawl Space Games)

**17% of proceeds are going to Charity (Bliss, Child's Play, Dispensario de Managua)**


Trailer
http://www.youtube.com/watch?v=S845rnbX_uU


App Store
http://itunes.apple.com/us/app/corona-indie-bundle/id469265146?mt=8


* Android version will be available in a couple days.*

Help promote indie developers and if we hit 100,000 downloads we will unlock another game!",brock555,0.75,/r/reddit.com/comments/l63ju/corona_indie_bundle_5_indie_games_for_099/,t5_6
27,How much does climate change your taste in beer?,2,kmkfu,https://www.reddit.com/r/reddit.com/comments/kmkfu/how_much_does_climate_change_your_taste_in_beer/,2,2011-09-21 05:05:31,"I just moved from Oregon to southern California, and my taste in beer has move as well. The cold and rain of Oregon always felt like good Ale weather. Nothing like sitting on the porch as the clouds rolled in (and then out and in again) with a Rogue in my hand. But summer if California (and even now, as it's still pretty warm) has had me hankerin for lagers. I never thought I'd really want a Corona, but then it was 90+ and I went through a lime a week and loved every swig. The pumpkin ales are turning up at BevMo now. They're good, but the cold Oregon weather made them better. ",quoadish,1.0,/r/reddit.com/comments/kmkfu/how_much_does_climate_change_your_taste_in_beer/,t5_6
28,Best of NY: The Lemon Ice King of Corona ,1,kkgcg,http://soc.li/WzQNDAV,0,2011-09-19 09:33:25,,josterhout,1.0,/r/reddit.com/comments/kkgcg/best_of_ny_the_lemon_ice_king_of_corona/,t5_6
29,Hundreds of thousands protesting across the world. LINKS TO LIVE STREAMS HERE,1,ldiyu,https://www.reddit.com/r/reddit.com/comments/ldiyu/hundreds_of_thousands_protesting_across_the_world/,0,2011-10-15 18:13:34,"I'll add more links as I get them. Everyone post anything/everything they have on the worldwide occupy protests

[http://occupystream.com/](http://occupystream.com/) - 36+ live streams worldwide

[http://occupystreams.org/](http://occupystreams.org/) - 100+ live streams worldwide

[http://www.earthcam.com/usa/newyork/timessquare/](http://www.earthcam.com/usa/newyork/timessquare/) - Times Square Live Cams

[http://www.radioreference.com/apps/audio/?feedId=8905](http://www.radioreference.com/apps/audio/?feedId=8905) - NYC Police Scanner feed

[http://www.stickam.com/corona_dave](http://www.stickam.com/corona_dave) - Helicopter View Times Square

[http://theintelhub.com/2011/10/15/nypd-criminals-arrest-protesters-for-trying-to-close-their-citibank-accounts/](http://theintelhub.com/2011/10/15/nypd-criminals-arrest-protesters-for-trying-to-close-their-citibank-accounts/) - NYC Citibank Arrests Protesters Trying to close accounts

[http://www.livestream.com/undergroundreports](http://www.livestream.com/undergroundreports) - BERLIN

[http://www.youtube.com/watch?v=SjUIEAZr4Yo](http://www.youtube.com/watch?v=SjUIEAZr4Yo) - STREETS PACKED IN MADRID

[http://www.cnn.com/2011/10/15/world/meast/yemen-unrest/index.html](http://www.cnn.com/2011/10/15/world/meast/yemen-unrest/index.html) - 10 killed in Yemen protest

",popwesa,0.67,/r/reddit.com/comments/ldiyu/hundreds_of_thousands_protesting_across_the_world/,t5_6
30,Have you ever come to realise you may have become a 'victim' of product placement?,1,iyfy6,https://www.reddit.com/r/reddit.com/comments/iyfy6/have_you_ever_come_to_realise_you_may_have_become/,0,2011-07-24 12:42:36,"For me, I always drank Coronas and inexplicably, I didn't know why.
No-one else I know drinks Coronas, parents, friends etc.

Watching Two and a Half Men one night I noticed this:
http://www.productplacements.com/images/prod_placement/tv/twoandahalf.jpg

Well done sir.
Still love the stuff though.",STiX360,1.0,/r/reddit.com/comments/iyfy6/have_you_ever_come_to_realise_you_may_have_become/,t5_6
31, Corona man held in stabbing deaths of his 2 daughters,1,8jhaw,"http://www.latimes.com/news/local/la-me-kids-stabbed10-2009may10,0,6643338.story",0,2009-05-11 04:37:43,,bigsmile,0.66,/r/reddit.com/comments/8jhaw/corona_man_held_in_stabbing_deaths_of_his_2/,t5_6
32,Good day reddit! Today I found out I have a high tolerance for alcohol. How about you?,1,cm3kd,https://www.reddit.com/r/reddit.com/comments/cm3kd/good_day_reddit_today_i_found_out_i_have_a_high/,8,2010-07-05 06:46:28,"Im 22 and this july 4th was my first time drinking and i got slightly buzzed. I had 2 shots of tequila, 1 long island iced tea, 1 shot of jack daniels, 1 shot of bacardi, 1 corona beer, 1 shot of hennesey, and 2 shots of some minty tasting drink (80 proof) that some dude ordered for me and my buddy. My friend was impressed that i could hold so much liquor in me without getting drunk. Reddit, what does it take you to get drunk?",lettersandnumb3r5,0.6,/r/reddit.com/comments/cm3kd/good_day_reddit_today_i_found_out_i_have_a_high/,t5_6
33,"Should he? Indicted OC Sheriff Corona returning to work-Orange County, California",1,64ix4,http://www.sacbee.com/114/story/609464.html,0,2008-01-04 07:12:19,,jack_alexander,0.67,/r/reddit.com/comments/64ix4/should_he_indicted_oc_sheriff_corona_returning_to/,t5_6
34,Corona del Mar HS senior prank may lead to suspensions or expulsion,1,8ysdu,http://daily-practical-jokes.blogspot.com/2009/07/corona-del-mar-hs-senior-prank-may-lead.html,1,2009-07-06 20:51:20,,stinkysteven,1.0,/r/reddit.com/comments/8ysdu/corona_del_mar_hs_senior_prank_may_lead_to/,t5_6
35,High resolution image of inner corona,1,80ivy,http://www.zam.fme.vutbr.cz/~druck/Eclipse/Ecl2008m/Tse2008_1250_mo1/0-info.htm,1,2009-02-26 12:35:37,,lilalis,0.6,/r/reddit.com/comments/80ivy/high_resolution_image_of_inner_corona/,t5_6
36,Kink In The Sun's Corona - Astrophysics Gets Steamier,1,6b5mh,http://www.scientificblogging.com/news_releases/kink_in_the_suns_corona_astrophysics_gets_steamier,0,2008-03-06 17:31:38,,WhirlingVortex,0.67,/r/reddit.com/comments/6b5mh/kink_in_the_suns_corona_astrophysics_gets_steamier/,t5_6
37,Smith-Corona fanboy types while drunk,0,15hha,http://juliegomoll.typepad.com/jules_says/2007/02/what_you_couldn.html,0,2007-02-19 18:29:37,,jgomoll,0.5,/r/reddit.com/comments/15hha/smithcorona_fanboy_types_while_drunk/,t5_6
38,"Created my own Corona commercial on the new iPhone4. What do you think? No editting experience, anyone wanna make it look plush?",0,cm7qh,https://www.reddit.com/r/reddit.com/comments/cm7qh/created_my_own_corona_commercial_on_the_new/,2,2010-07-05 14:45:10,"EDIT: HERE IS THE LINK TO THE VIDEO:  http://www.youtube.com/watch?v=fBYV6yEWQ6g

Was down at Bradford Beach in Milwaukee with some of the guys drinking Coronas when a great idea to make a Corona commercial popped into my head. What do you think? This is the first and only take. Don't have much video editting experience... anyone wanna have some fun editting it? Ill gladly send you the .MOV!",akribz08,0.5,/r/reddit.com/comments/cm7qh/created_my_own_corona_commercial_on_the_new/,t5_6
39,Tax/Business License Warning for Independent Contractors,0,94ikc,https://www.reddit.com/r/reddit.com/comments/94ikc/taxbusiness_license_warning_for_independent/,0,2009-07-25 13:49:49,"I was recently contacted by the City of Corona (CA) because I had claimed income/loss on 1040 line 12. They are apparently trying to generate some revenue by reviewing tax records and making sure people have an appropriate business license. Check your local city regulations and make sure you have a business license if needed. 

Fortunately for me, I have never lived in Corona and my tax returns were never sent there, but my in-laws do live there and we sometimes receive mail there. ",jrdche,0.5,/r/reddit.com/comments/94ikc/taxbusiness_license_warning_for_independent/,t5_6
40,"Tieni a me, Corona poliziotto sul set ad agosto",0,6oje0,http://www.televisionando.it/articolo/tieni-a-me-corona-poliziotto-sul-set-ad-agosto/6860/,0,2008-06-23 04:32:48,,giada,0.5,/r/reddit.com/comments/6oje0/tieni_a_me_corona_poliziotto_sul_set_ad_agosto/,t5_6
41,Britney Spears in a bikini drinks corona's on a yacht with new kfed look alike,0,xjrn,http://www.starsareblind.com/2007/01/08/britney-spears-with-new-kfed-look-alike-in-bikini/,0,2007-01-08 18:42:11,,britneyspearsfan,0.5,/r/reddit.com/comments/xjrn/britney_spears_in_a_bikini_drinks_coronas_on_a/,t5_6
42,The CORONA Story,0,eb2h,http://www.geog.ucsb.edu/~kclarke/Corona/story.htm,0,2006-08-20 20:03:19,,global360,0.5,/r/reddit.com/comments/eb2h/the_corona_story/,t5_6
43,Hinode Space Telescope Images the Solar Corona,0,xe25,http://www.tfot.info/index.php?option=com_rsgallery2&page=inline&id=119&catid=1&limitstart=103,0,2007-01-07 15:12:39,,iddo12,0.5,/r/reddit.com/comments/xe25/hinode_space_telescope_images_the_solar_corona/,t5_6
44,Area Man Can Tell Commercial Will Be For Corona ,0,6cenw,http://www.theonion.com/content/news_briefs/area_man_can_tell?utm_source=slate_rss_1,0,2008-03-17 15:38:21,,bobcat,0.5,/r/reddit.com/comments/6cenw/area_man_can_tell_commercial_will_be_for_corona/,t5_6
45,Blog Post/Meme Becomes Corona Beer Commercial,0,74e5,http://blog.cognitivelabs.com/2006/06/blog-post-about-brain-becomes-beer.html,0,2006-06-02 15:23:15,,neotrantor,0.38,/r/reddit.com/comments/74e5/blog_postmeme_becomes_corona_beer_commercial/,t5_6
46,"Annual report design, company annual reports, annual report service – Corona Media Uk",0,96eqj,http://www.coronamedia.co.uk/services/annual-report-design-development.php,1,2009-07-31 14:12:47,,seocoronamedia,0.33,/r/reddit.com/comments/96eqj/annual_report_design_company_annual_reports/,t5_6
47,Students rise to support the controversial production of “Rent” at Corona del Mar High,0,8fodq,http://www.examiner.com/examiner/x-8751-DC-Community-Theaters-Examiner~y2009m4d26-Students-rise-to-support-the-controversial-production-of-Rent-at-Corona-del-Mar-High,0,2009-04-26 21:23:34,,Desdamona,0.33,/r/reddit.com/comments/8fodq/students_rise_to_support_the_controversial/,t5_6
48,Did you know that helicopter rotors create fiery corona effect when operated in sandy conditions?,0,jop4l,http://realitypod.com/2011/03/helicopter-static-electricity-phenomenon-explained-corona-effect/,0,2011-08-20 03:41:47,,mdw,0.4,/r/reddit.com/comments/jop4l/did_you_know_that_helicopter_rotors_create_fiery/,t5_6
49,Corona Light leva você ao Times Square,0,dttl5,https://www.reddit.com/r/reddit.com/comments/dttl5/corona_light_leva_você_ao_times_square/,0,2010-10-20 09:11:59,"Na corrida pela preferência e ""likes"" no Facebook, a cerveja Corona Light realiza uma ação inédita direcionada aos seus consumidores.",nanopublicidade,0.4,/r/reddit.com/comments/dttl5/corona_light_leva_você_ao_times_square/,t5_6
50,Corona+woman+elaborates+on+her+claim+that+the+Zodiac+killer+was+her+father,0,8qvfi,http://articles.latimes.com/2009/may/01/local/me-zodiac-killer1,2,2009-06-08 20:35:30,,pagankate,0.25,/r/reddit.com/comments/8qvfi/coronawomanelaboratesonherclaimthatthezodiackiller/,t5_6
51,this is a damned sexy ad (Corona),0,o3dk,http://newsheltonwetdry.blogspot.com/2006/10/light-on-lascivious.html,1,2006-10-27 08:01:44,,eloissmit,0.29,/r/reddit.com/comments/o3dk/this_is_a_damned_sexy_ad_corona/,t5_6
52,Hey Reddit! What are you drinking NAO?!,0,jiasr,https://www.reddit.com/r/reddit.com/comments/jiasr/hey_reddit_what_are_you_drinking_nao/,4,2011-08-14 02:37:14,I'm just chilling with Coronas...,mince10,0.3,/r/reddit.com/comments/jiasr/hey_reddit_what_are_you_drinking_nao/,t5_6
