,title,score,id,url,comms_num,created,body,author,upvote_ratio,permalink,subreddit_id
0,AstraZeneca pay over half a billion dollars in settlement over illegal advertising. ,4,bwwd9,http://www.nytimes.com/2010/04/28/business/28drug.html?src=busln,4,2010-04-27 15:46:49,,aschifter,0.76,/r/reddit.com/comments/bwwd9/astrazeneca_pay_over_half_a_billion_dollars_in/,t5_6
1,"GlaxoSmithKline, AstraZeneca and Eli Lilly being investigated for paying Saddam kickbacks",4,646zk,http://www.cnn.com/2007/BUSINESS/12/30/britain.oilforfood.ap/index.html,0,2007-12-31 01:55:57,,fordnut,0.66,/r/reddit.com/comments/646zk/glaxosmithkline_astrazeneca_and_eli_lilly_being/,t5_6
2,UPDATE: Arkansas Sues AstraZeneca Over Seroquel For Illegal Marketing And Fraud,3,6k9ol,http://www.furiousseasons.com/archives/2008/05/arkansas_sues_astrazeneca_over_seroquel_for_illegal_marketing_and_fraud.html,0,2008-05-21 14:08:05,,gatesclone,0.72,/r/reddit.com/comments/6k9ol/update_arkansas_sues_astrazeneca_over_seroquel/,t5_6
3,"AstraZeneca Suppressed Information about Seroquel Link to Diabetes, Told Sales Reps to Lie",1,80wbx,http://www.NaturalNews.com/025744.html,0,2009-02-27 18:36:29,,skygrl37,0.54,/r/reddit.com/comments/80wbx/astrazeneca_suppressed_information_about_seroquel/,t5_6
4,Arkansas AG Sues AstraZeneca Over Seroquel,1,6k93n,http://www.furiousseasons.com/archives/2008/05/arkansas_ag_sues_astrazeneca_over_seroquel.html,0,2008-05-21 12:14:49,,gatesclone,1.0,/r/reddit.com/comments/6k93n/arkansas_ag_sues_astrazeneca_over_seroquel/,t5_6
5,"AstraZeneca Seroquel Studies ‘Buried,’ Papers Show (Update3) ",1,80wcx,http://www.bloomberg.com/apps/news?pid=20601087&sid=aS_.NqzMArG8&refer=home,1,2009-02-27 18:40:52,,Drugfree_Joe,0.66,/r/reddit.com/comments/80wcx/astrazeneca_seroquel_studies_buried_papers_show/,t5_6
6,"AstraZeneca admits to illegally marketing Seroquel, expected to pay $520M in fines.",1,bwux6,http://abcnews.go.com/Politics/Health/astrozeneza-admits-illegally-marketing-seroquel-schizophrenia-drug/story?id=10488647,1,2010-04-27 14:10:43,,AFlyingToaster,1.0,/r/reddit.com/comments/bwux6/astrazeneca_admits_to_illegally_marketing/,t5_6
7,AstraZeneca Papers Raise Seroquel Issues,1,80tiu,http://online.wsj.com/article/SB123570604586190627.html?mod=yahoo_buzz,0,2009-02-27 12:51:17,,skygrl37,1.0,/r/reddit.com/comments/80tiu/astrazeneca_papers_raise_seroquel_issues/,t5_6
8,"Pharmagossip:ARISE at AstraZeneca, or maybe a fall?",1,z6vl,http://pharmagossip.blogspot.com/2007/01/arise-at-astrazeneca-or-maybe-fall.html,0,2007-01-19 13:55:07,,crm,1.0,/r/reddit.com/comments/z6vl/pharmagossiparise_at_astrazeneca_or_maybe_a_fall/,t5_6
9,AstraZeneca UK IT Crew Charity Walk,0,jmqzr,http://www.flickr.com/photos/martynmac/6017146549/,0,2011-08-18 10:16:00,,mashcrisp_252,0.29,/r/reddit.com/comments/jmqzr/astrazeneca_uk_it_crew_charity_walk/,t5_6
