,title,score,id,url,comms_num,created,body,author,upvote_ratio,permalink,subreddit_id
0,Durham couple who contracted UK COVID variant charged after allegedly misleading contact tracers,457,l2dq7x,https://www.cp24.com/news/durham-couple-who-contracted-uk-covid-variant-charged-after-allegedly-misleading-contact-tracers-1.5276975,60,2021-01-21 21:15:55,,PullTilItHurts,0.97,/r/toronto/comments/l2dq7x/durham_couple_who_contracted_uk_covid_variant/,t5_2qi63
1,"UK variant now expected to be dominant strain of COVID19 in Ontario in March, health officials say, citing today's uptick in cases as ""concerning"" after steady declines. Possible to open schools if careful, but will be a ""challenge.""",347,l77lla,https://twitter.com/robferguson1/status/1354883888892563456?s=21,85,2021-01-28 15:21:04,,CranberryNapalm,0.94,/r/toronto/comments/l77lla/uk_variant_now_expected_to_be_dominant_strain_of/,t5_2qi63
2,680News Reporting: New Coronavirus Strain / Variant Identified In Ontario,229,kkpmdu,https://www.reddit.com/r/toronto/comments/kkpmdu/680news_reporting_new_coronavirus_strain_variant/,170,2020-12-26 15:47:32,"Via their [Twitter Feed](https://twitter.com/680NEWS/status/1342933498462687235) \- More to come

>Health officials in Ontario say two cases of the COVID-19 variant that first showed up in the UK have been confirmed in the province. The cases are a couple from Durham with no known travel history, exposure or high-risk contacts, according to provincial officials.",true_nexus,0.94,/r/toronto/comments/kkpmdu/680news_reporting_new_coronavirus_strain_variant/,t5_2qi63
3,3 new cases of UK variant of COVID-19 detected in Greater Toronto Area,148,kqkp8q,https://www.cp24.com/news/3-new-cases-of-uk-variant-of-covid-19-detected-in-greater-toronto-area-1.5253105,49,2021-01-04 18:17:18,,PullTilItHurts,0.91,/r/toronto/comments/kqkp8q/3_new_cases_of_uk_variant_of_covid19_detected_in/,t5_2qi63
