,title,score,id,url,comms_num,created,body,author,upvote_ratio,permalink,subreddit_id
0,"Bet y'all anti vaxxers are panicking over the corona virus, hoping your kids don't catch it. I'd say we told you so, but.... your kids probably already died a while back",35,fjyzmi,https://www.reddit.com/r/TrueAntiVaccination/comments/fjyzmi/bet_yall_anti_vaxxers_are_panicking_over_the/,52,2020-03-17 00:20:41,,kiasilverstar5653,0.89,/r/TrueAntiVaccination/comments/fjyzmi/bet_yall_anti_vaxxers_are_panicking_over_the/,t5_2gr7v3
1,"The Fauci/COVID-19 Dossier, vaccine patents, gene sequences, bioweapons - Dr. David E. Martin",7,oi43v8,https://www.reddit.com/r/TrueAntiVaccination/comments/oi43v8/the_faucicovid19_dossier_vaccine_patents_gene/,0,2021-07-11 09:05:04,"*SARS coronavirus is a new topic for many individuals. Since 1999, the ability to manipulate and exploit coronavirus for a variety of purposes has attracted the attention of individuals, institutions and commercial organizations in public, private, and not-for-profit sectors. The following is the list of over 5,100 patents and patent applications filed for the express purpose of controlling some aspect of the SARS coronavirus.*

[https://www.davidmartin.world/wp-content/uploads/2021/01/The\_Fauci\_COVID-19\_Dossier.pdf](https://www.davidmartin.world/wp-content/uploads/2021/01/The_Fauci_COVID-19_Dossier.pdf)

You can also see a full interview here describing the events:

[https://odysee.com/@Corona-Ausschuss:3/Sitzung-60-Die-Zeit-ist-kein-flacher-Kreis-5-Martin:f](https://odysee.com/@Corona-Ausschuss:3/Sitzung-60-Die-Zeit-ist-kein-flacher-Kreis-5-Martin:f)

The \~2hrs video is segmented in order to translate Dr Martin's remarks to German during the interview. So feel free to skip to the associated English speaking segments.",whosthetard,0.89,/r/TrueAntiVaccination/comments/oi43v8/the_faucicovid19_dossier_vaccine_patents_gene/,t5_2gr7v3
2,"Cell biologist ⁣Dr. Vanessa Schmidt-Krüger informs and warns the german Corona Ausschuss with Dr. Reiner Füllmich and team, session 37. A very detailed information. Be warned!",2,md83mm,https://dein.tube/watch/szWxUMvSU933K1e,0,2021-03-25 16:51:16,,Philosophyoffreehood,0.67,/r/TrueAntiVaccination/comments/md83mm/cell_biologist_dr_vanessa_schmidtkrüger_informs/,t5_2gr7v3
3,Black microscopic fillaments on corona test swabs,2,mfepg9,/r/conspiracy/comments/md6zsc/black_microscopic_fillaments_on_corona_test_swabs/,0,2021-03-28 21:23:40,,polymath22,0.67,/r/TrueAntiVaccination/comments/mfepg9/black_microscopic_fillaments_on_corona_test_swabs/,t5_2gr7v3
4,so china beat corona without a vaccine but america and the rest of the world need a vaccine,2,ifa0ny,https://www.reddit.com/r/VACCINES/comments/if37fk/phase_iii_clinical_trial_of_several_covid19/,19,2020-08-23 15:57:43,,Philosophyoffreehood,0.76,/r/TrueAntiVaccination/comments/ifa0ny/so_china_beat_corona_without_a_vaccine_but/,t5_2gr7v3
5,Virologists - initiators of the corona virus have been clearly identified.,1,mp1xg6,https://ia601502.us.archive.org/19/items/virologists/Virologists%20ENG%20FINAL.pdf,0,2021-04-11 19:22:42,,wanamoka,0.67,/r/TrueAntiVaccination/comments/mp1xg6/virologists_initiators_of_the_corona_virus_have/,t5_2gr7v3
6,"Interview with Dr. Vanessa Schmidt-Kruger, Hearing # 37 of German Corona Extra-Parliamentary Inquiry Committee",0,lzn8jq,http://enformtk.u-aizu.ac.jp/howard/gcep_dr_vanessa_schmidt_krueger/,27,2021-03-07 04:26:52,,loopfission,0.46,/r/TrueAntiVaccination/comments/lzn8jq/interview_with_dr_vanessa_schmidtkruger_hearing/,t5_2gr7v3
7,At the anti-corona lockdown rally,0,g608tt,https://i.redd.it/iz7si03hy6u41.jpg,10,2020-04-22 08:29:28,,EnoughNoLibsSpam,0.48,/r/TrueAntiVaccination/comments/g608tt/at_the_anticorona_lockdown_rally/,t5_2gr7v3
