,title,score,id,url,comms_num,created,body,author,upvote_ratio,permalink,subreddit_id
0,My teachers’ experiences with Coronavirus vaccinations in the previous year.,22,p3fglt,https://www.reddit.com/r/VaccineDiscussion/comments/p3fglt/my_teachers_experiences_with_coronavirus/,17,2021-08-12 23:31:29,"I’m a high school student, and about halfway through last year all the teachers at my school were required to get vaccinated. I remember about half of them were so sick they had to call a substitute in, and these were teachers who never missed days before. Many of them said they were bed ridden and couldn’t even get on their laptop. Another one of my teachers casually mentioned that my other teacher had to go to the ER because of a reaction to the vaccination. 
A huge part of the reason I don’t want to get vaccinated yet is the disconnect between reported side effects and actual side effects. On the CDC website common side effects are reported to be mild, yet so many people that I know have been bed ridden for a week. Is this just me?",myppveryhard69,1.0,/r/VaccineDiscussion/comments/p3fglt/my_teachers_experiences_with_coronavirus/,t5_11zwbe
1,‘Absolutely remarkable’: No one who got Moderna’s vaccine in trial developed severe COVID-19,19,k4mn7o,https://www.reddit.com/r/VaccineDiscussion/comments/k4mn7o/absolutely_remarkable_no_one_who_got_modernas/,19,2020-12-01 10:11:09,"[https://www.sciencemag.org/news/2020/11/absolutely-remarkable-no-one-who-got-modernas-vaccine-trial-developed-severe-covid-19](https://www.sciencemag.org/news/2020/11/absolutely-remarkable-no-one-who-got-modernas-vaccine-trial-developed-severe-covid-19)

>Continuing the spate of stunning news about COVID-19 vaccines, the  biotech company Moderna announced the final results of the 30,000-person  efficacy trial for its candidate in a press release today: Only 11  people who received two doses of the vaccine developed COVID-19 symptoms  after being infected with the pandemic coronavirus, versus 185  symptomatic cases in a placebo group. That is an efficacy of 94.1%, the  company says, far above what many vaccine scientists were expecting just  a few weeks ago.  
>  
>More impressive still, Moderna’s candidate had 100% efficacy against  severe disease. There were zero such COVID-19 cases among those  vaccinated, but 30 in the placebo group. The company today plans to file  a request for emergency use authorization (EUA) for its vaccine with  the U.S. Food and Drug Administration (FDA), and is also seeking a  similar green light from the European Medicines Agency",yzq12,0.95,/r/VaccineDiscussion/comments/k4mn7o/absolutely_remarkable_no_one_who_got_modernas/,t5_11zwbe
2,Study finds Pfizer and Moderna vaccine 90% effective against asymptomatic infection among healthcare workers,16,mlyalf,https://www.reddit.com/r/VaccineDiscussion/comments/mlyalf/study_finds_pfizer_and_moderna_vaccine_90/,0,2021-04-07 05:26:30,[https://www.sciencenews.org/article/coronavirus-covid-vaccine-moderna-pfizer-transmission-disease](https://www.sciencenews.org/article/coronavirus-covid-vaccine-moderna-pfizer-transmission-disease),yzq12,0.9,/r/VaccineDiscussion/comments/mlyalf/study_finds_pfizer_and_moderna_vaccine_90/,t5_11zwbe
3,The Spike Protein might be the culprit of the vaccine-related deaths and side effects.,17,nj6uzz,https://www.reddit.com/r/VaccineDiscussion/comments/nj6uzz/the_spike_protein_might_be_the_culprit_of_the/,66,2021-05-23 08:33:33,"It is clear from the scientific literature that the Spike Protein is a pathogen that hampers the proper functioning of the vascular system and the mitochondria, dismantles the blood brain barrier and can pass through the immune system barrier via camouflage. Yet the CDC has claimed the spike protein is completely ""harmless"": [*""COVID-19 mRNA vaccines give instructions for our cells to make a harmless piece of what is called the “spike protein.” The spike protein is found on the surface of the virus that causes COVID-19.""*](https://www.cdc.gov/coronavirus/2019-ncov/vaccines/different-vaccines/mRNA.html)  
[**The Spike Protein Promotes Lung Injury by Downregulating ACE2**](https://www.ahajournals.org/doi/10.1161/CIRCRESAHA.121.318902)

[**The Spike Protein Causes The Blood Clots**](https://www.medrxiv.org/content/10.1101/2021.03.05.21252960v1.full)

[**The Spike Protein Damages Cells**](https://www.salk.edu/news-release/the-novel-coronavirus-spike-protein-plays-additional-key-role-in-illness/)

[**The Spike Protein Causes Vascular Damage**](https://pubmed.ncbi.nlm.nih.gov/33300001/) hence the [*""dozens of reports of heart inflammation in teenagers and young adults that occur four days after their second dose of Moderna or Pfizer vaccines""*](https://www.dailymail.co.uk/news/article-9608675/CDC-investigating-heart-problems-teenagers-young-adults-Moderna-Pfizer-vaccine.html)*)*",SignalSignificance71,0.87,/r/VaccineDiscussion/comments/nj6uzz/the_spike_protein_might_be_the_culprit_of_the/,t5_11zwbe
4,"Vaccine requirement for healthcare workers in Greece prompts protests, police respond with tear gas after protests turn violent",14,oqz0e7,https://www.reddit.com/r/VaccineDiscussion/comments/oqz0e7/vaccine_requirement_for_healthcare_workers_in/,10,2021-07-24 17:53:06,"[https://thehill.com/policy/international/564688-protestors-in-greece-demonstrating-against-vaccine-mandates-teargassed](https://thehill.com/policy/international/564688-protestors-in-greece-demonstrating-against-vaccine-mandates-teargassed)

>Police on Saturday teargassed  demonstrators in Greece who were protesting against a coronavirus  vaccine mandate for some workers.  
>  
>There  were more than 4,000 protesters in central Athens outside of the  parliament building calling for the vaccincation requirement for  healthcare workers to be dropped, Reuters [reported](https://www.reuters.com/world/europe/greek-police-clash-with-protesters-rally-against-mandatory-vaccinations-2021-07-24/).  
>  
>A police official told Reuters that some protesters threw petrol bombs at authorities, so police responded with tear gas.   
>  
>This is the third time this month that there have been protests against mandatory vaccines.

&#x200B;

>Greece wasn't the only country that experience protests on Saturday; [in France](https://thehill.com/policy/international/thehill.com/policy/international/564686-protestors-continue-to-rail-against-frances-covid-19-measures?rnd=1627158532),  there were around 160,000 people who protested against a bill being  discussed in the Senate that would require COVID-19 passes to get into  all restaurants and bars in the country, and [in Australia](https://thehill.com/policy/international/thehill.com/policy/international/564660-thousands-participate-in-anti-lockdown-protests-in-australia),  thousands of protesters took to the streets of Sydney and other cities  across the country to push back on continued COVID-19 lockdown orders.  
>  
>Although the protests were mostly peaceful, some protesters got violent with police responding with water cannons and tear gas. 

&#x200B;",yzq12,1.0,/r/VaccineDiscussion/comments/oqz0e7/vaccine_requirement_for_healthcare_workers_in/,t5_11zwbe
5,MMR booster proposed for prevention of severe COVID-19,11,hc8t8m,https://www.reddit.com/r/VaccineDiscussion/comments/hc8t8m/mmr_booster_proposed_for_prevention_of_severe/,0,2020-06-19 17:08:56,"[https://www.cnn.com/2020/06/19/health/mmr-vaccine-immunity-coronavirus/index.html](https://www.cnn.com/2020/06/19/health/mmr-vaccine-immunity-coronavirus/index.html)

Basically it is because MMR is a live virus vaccine, and research has shown that live vaccines can prevent death from other infections that they weren't even designed to prevent [https://www.youtube.com/watch?v=\_d8PNlXHJ48&feature=emb\_title](https://www.youtube.com/watch?v=_d8PNlXHJ48&feature=emb_title) (on the other hand, non-live vaccines may prevent the target infection while increasing overall risk of infection)

However, not mentioned in the CNN article is the fact that MMR can cause temporary arthritis in adult women and teen girls [https://www.who.int/vaccine\_safety/initiative/tools/MMR\_vaccine\_rates\_information\_sheet.pdf?ua=1](https://www.who.int/vaccine_safety/initiative/tools/MMR_vaccine_rates_information_sheet.pdf?ua=1)",yzq12,0.87,/r/VaccineDiscussion/comments/hc8t8m/mmr_booster_proposed_for_prevention_of_severe/,t5_11zwbe
6,Doctors say CDC should warn people the side effects from Covid vaccine shots won’t be ‘a walk in the park’,12,k07ndx,https://www.reddit.com/r/VaccineDiscussion/comments/k07ndx/doctors_say_cdc_should_warn_people_the_side/,1,2020-11-24 11:00:19,"[https://www.cnbc.com/2020/11/23/covid-vaccine-cdc-should-warn-people-the-side-effects-from-shots-wont-be-walk-in-the-park-.html](https://www.cnbc.com/2020/11/23/covid-vaccine-cdc-should-warn-people-the-side-effects-from-shots-wont-be-walk-in-the-park-.html)

* The  CDC must be transparent about the side effects people may experience  after getting their first shot of a coronavirus vaccine, doctors urged  during a meeting Monday with CDC advisors.
* Dr. Sandra Fryhofer  said that both Pfizer’s and Moderna’s Covid-19 vaccines require two  doses and she worries whether her patients will come back for a second  dose because of potentially unpleasant side effects after the first  shot.
* Both companies acknowledged that their vaccines could  induce side effects that are similar to symptoms associated with mild  Covid-19, such as muscle pain, chills and headache.",yzq12,1.0,/r/VaccineDiscussion/comments/k07ndx/doctors_say_cdc_should_warn_people_the_side/,t5_11zwbe
7,Not antivax just have a question,9,ou3n9u,https://www.reddit.com/r/VaccineDiscussion/comments/ou3n9u/not_antivax_just_have_a_question/,38,2021-07-29 14:48:51,"I’m not anti vaccine at all, I’m actually fully vaccinated and everyone I know is as well. I just have a question about ADE (antibody dependent enhancement) 

https://www.chop.edu/centers-programs/vaccine-education-center/vaccine-safety/antibody-dependent-enhancement-and-vaccines

I’ve spent the last few days researching this topic. Most studies and articles are from very early on and yes at the time they did not find anything that leads to ADE. However, from what I understand ADE happens when the number of neutralizing antibodies drops and non-neutralizing antibodies are high. Isn’t this what is happening now 6+ months later? Protection is dropping and companies are wondering about a booster shot? 

I would assume that front line workers who were one of the first people to get vaccinated would be the first ones dying from ADE soon if it was a problem? Especially since we are now seeing protection levels dropping. Seems like a perfect storm for ADE? 

It seems like most papers and articles I’ve read say they knew about ADE from previous coronavirus vaccine attempts and this vaccine doesn’t have that after effect. But they never explain how or why they are so sure about it. 

So in short, yes there was no ADE found in the short term tests when antibodies were still high. What about when they aren’t high?",t3rHyy30f8qllGpHEC,0.85,/r/VaccineDiscussion/comments/ou3n9u/not_antivax_just_have_a_question/,t5_11zwbe
8,Idaho Becomes Fourth State To Ban Coronavirus Vaccine Passports — See The Full List Here,10,mneunf,https://www.reddit.com/r/VaccineDiscussion/comments/mneunf/idaho_becomes_fourth_state_to_ban_coronavirus/,0,2021-04-09 07:09:47,[https://www.forbes.com/sites/carlieporterfield/2021/04/07/idaho-becomes-fourth-state-to-ban-coronavirus-vaccine-passports---see-the-full-list-here/?sh=e32667c591fe](https://www.forbes.com/sites/carlieporterfield/2021/04/07/idaho-becomes-fourth-state-to-ban-coronavirus-vaccine-passports---see-the-full-list-here/?sh=e32667c591fe),yzq12,0.82,/r/VaccineDiscussion/comments/mneunf/idaho_becomes_fourth_state_to_ban_coronavirus/,t5_11zwbe
9,"Oxford covid vaccine shows effectiveness, and unpleasant, but not dangerous, side effects",8,hvl3wp,https://www.reddit.com/r/VaccineDiscussion/comments/hvl3wp/oxford_covid_vaccine_shows_effectiveness_and/,2,2020-07-21 22:11:48,"[https://www.wired.com/story/covid-19-vaccines-with-minor-side-effects-could-still-be-pretty-bad/](https://www.wired.com/story/covid-19-vaccines-with-minor-side-effects-could-still-be-pretty-bad/)

>On Monday, vaccine researchers from Oxford University and the pharmaceutical company AstraZeneca announced [results](https://www.washingtonpost.com/world/europe/oxford-coronavirus-vaccine-phase-1-lancet/2020/07/20/12fbbc92-c857-11ea-a825-8722004e4150_story.html) from a “Phase I/II trial,” suggesting their product might be able to generate immunity without causing serious harm. Similar, but smaller-scale results, were [posted](https://www.statnews.com/2020/07/14/moderna-covid19-vaccine-first-data-show-spurs-immune-response/) just last week for another candidate vaccine produced by the biotech firm Moderna, in collaboration with the US National Institutes of Health.  
>  
>As both these groups and [others](https://www.nytimes.com/interactive/2020/science/coronavirus-vaccine-tracker.html) push ahead into the final phase of testing, it’s vital that the public has a clear and balanced understanding of this work—one that cuts through all the marketing and hype. But we’re not off to a good start. The evidence so far suggests that we’re getting blinkered by these groups’ PR, and so seduced by stories of their amazing speed that we’re losing track of everything else. In particular, neither the mainstream media nor the medical press has given much attention to the two vaccines’ potential downsides—in particular, their risk of nasty adverse effects, even if they’re not life-threatening. This sort of puffery doesn’t only help to build a false impression; it may also dry the tinder for the future spread of vaccine fearmongering.",yzq12,1.0,/r/VaccineDiscussion/comments/hvl3wp/oxford_covid_vaccine_shows_effectiveness_and/,t5_11zwbe
10,Joint statement by CDC and FDA says boosters are not needed at this time,8,oh5j0s,https://www.reddit.com/r/VaccineDiscussion/comments/oh5j0s/joint_statement_by_cdc_and_fda_says_boosters_are/,1,2021-07-09 17:49:15,[https://www.npr.org/sections/coronavirus-live-updates/2021/07/08/1014438902/despite-new-covid-variants-cdc-says-you-dont-need-any-booster-doses-right-now](https://www.npr.org/sections/coronavirus-live-updates/2021/07/08/1014438902/despite-new-covid-variants-cdc-says-you-dont-need-any-booster-doses-right-now),yzq12,1.0,/r/VaccineDiscussion/comments/oh5j0s/joint_statement_by_cdc_and_fda_says_boosters_are/,t5_11zwbe
11,"Fauci says he does not see US mandating COVID-19 vaccination for most of the public “They have the right to refuse a vaccine.""",5,ict6ec,https://www.reddit.com/r/VaccineDiscussion/comments/ict6ec/fauci_says_he_does_not_see_us_mandating_covid19/,8,2020-08-19 14:20:46,"[https://www.newsweek.com/government-wont-mandate-coronavirus-vaccines-americans-fauci-predicts-1525945](https://www.newsweek.com/government-wont-mandate-coronavirus-vaccines-americans-fauci-predicts-1525945)

>""I don't think you'll ever see a mandating of the vaccine particularly for the general public,"" Fauci said during a Healthline town hall on Tuesday. ""When you're in the medical sector, the hospital may say if you refuse to take a given vaccine ... you might not be able to have person-to-person contact with patients.""

[https://thehill.com/policy/healthcare/512542-fauci-says-he-does-not-see-us-mandating-covid-19-vaccination-for-general](https://thehill.com/policy/healthcare/512542-fauci-says-he-does-not-see-us-mandating-covid-19-vaccination-for-general)

>Asked what the U.S. could do about people who refuse to get vaccinated, Fauci replied: “They have the right to refuse a vaccine. I don't think you need a contingency plan. If someone refuses the vaccine in the general public, then there's nothing you can do about that. You cannot force someone to take a vaccine.” 

However, schools and colleges can mandate vaccines for students",yzq12,0.79,/r/VaccineDiscussion/comments/ict6ec/fauci_says_he_does_not_see_us_mandating_covid19/,t5_11zwbe
12,Got vaccinated despite my own issues: An Opinionated story,5,p02cu8,https://www.reddit.com/r/VaccineDiscussion/comments/p02cu8/got_vaccinated_despite_my_own_issues_an/,14,2021-08-07 18:01:14,"So, I have put information on this very subreddit because I myself was considering not getting vaccinated. There is a lot of ‘noise’ from both sides and both sides, vaccinated and not tend to not talk about the downsides. Instead they tend to point fingers, get angry and use emotions to talk about their decisions in why they are or are not going to get vaccinated. So, here is my emotional feelings on why I got vaccinated despite me being against the ones who are pushing the vaccine. 

First, I’m not against getting the shots. I was and still am against the ones who push it, because I know everything will get political and sides will form and it will always go down hill. I also feel that I need to look out for my best interests and despite other’s feelings, I will do what I feel is right. 

Second, I honestly felt what was right even up until a few weeks ago, was to wait it out. See the results of the shots and watch the news with a moral filter on it. There is a lot of  so called fear mongering that people fear that comes from the media and there is so called media that is pushing back. There will always be two sides to everything because the fight for freedom and the fight for complicit behavior will always be questioned on how far things can get pushed. In the end this was my conclusion 

Third, yes, you can get Covid still even when vaccinated. If the multi-billion dollar drug companies could make a vaccine in less than a year, other things like free health care would have been figured out already. Yeah, we live in a greedy country. But, and again, I can’t stress this enough, the numbers don’t lie. A virus kills. This virus is killing, mutating and killing again and the only way to be safe is to get vaccinated. The only way to keep our family and friends safe is to stay masked, stay home and do our best to lay low. Take this for a hospice worker who can kill someone by breathing on them Even if I have a cold. Get Vaccinated! Mask up for others and be patient. Please.  [Covid](https://www.cdc.gov/coronavirus/2019-ncov/vaccines/effectiveness/why-measure-effectiveness/breakthrough-cases.html)[wear a mask](https://www.cdc.gov/coronavirus/2019-ncov/vaccines/effectiveness/why-measure-effectiveness/breakthrough-cases.html)",WaBearUltra,0.65,/r/VaccineDiscussion/comments/p02cu8/got_vaccinated_despite_my_own_issues_an/,t5_11zwbe
13,There is no U.S. Food and Drug Administration (FDA) approved vaccine to prevent COVID-19.,7,mt0sre,https://www.reddit.com/r/VaccineDiscussion/comments/mt0sre/there_is_no_us_food_and_drug_administration_fda/,50,2021-04-17 18:41:32,"This is why people need to read and research these things and not trust the TV. The mainstream news is **NOT** a source of truth or facts. This post title is directly from the first paragraphs of the pdfs on [fda.gov](https://fda.gov) of the vaccines currently available. The mainstream media, govt. + politicians are sinister snakes who are openly manipulating and lying to the masses. This is not a conspiracy, it is a fact if people would ACTUALLY look at the OFFICIAL DOCUMENTS directly from the FDA, CDC and vaccine companies who like the snakes they are will say one thing on the TV but **PUT THE OPPOSITE IN THEIR OFFICIAL PAPERWORK PUBLISHED ONLINE.** So if you have a reaction to the vaccine or still get covid-19 after being vaccinated they say ""oh, well the main paperwork says there is no approved vaccine to prevent covid-19.""   
Keep in mind the CDC actually gets Royalty Payments for every vaccine purchased and used. YES, royalty payments like a Shark Tank Deal for a BUSINESS. The fact is these vaccines are (EUA) only which means Emergency Use Authorization. The whole baffling part of this is the FDA says an actual oxymoron **(this is the freaking Food & Drug Administration who is supposed to be responsible for our Food and Medicine!)** when stating this -   


**""FACT SHEET FOR RECIPIENTS AND CAREGIVERS** **EMERGENCY USE AUTHORIZATION (EUA) OF**  
**THE MODERNA COVID-19 VACCINE TO PREVENT CORONAVIRUS DISEASE 2019 (COVID-19) IN                              INDIVIDUALS 18 YEARS OF AGE AND OLDER**  


The Moderna COVID-19 Vaccine is a vaccine and may prevent you from getting COVID-19. **There is no** U.S. Food and Drug Administration (FDA) ***approved vaccine to prevent COVID-19.""***  
[https://www.fda.gov/media/144638/download#page=2](https://www.fda.gov/media/144638/download#page=2)  


Wait so all we here on the TV allllllll day is these vaccines have 90 so and so % success rates at preventing you from getting covid-19 but the official documents actually do not and will not state that anywhere. Forget the fact the FDA has approved drugs that have killed many and then had to have them pulled from the market but the fact they are not even approving these vaccines should be a huge red flag. Here is another oxymoron from the FDA itself on the Johnson & Johnson vaccine - ""The U.S. Food and Drug Administration (FDA) **has issued an Emergency Use Authorization (EUA) to permit the emergency use of the** ***unapproved product***, Janssen COVID-19 Vaccine, for active immunization to prevent COVID-19 in individuals 18 years of age and older.""  
[https://www.janssenlabels.com/emergency-use-authorization/Janssen+COVID-19+Vaccine-HCP-fact-sheet.pdf](https://www.janssenlabels.com/emergency-use-authorization/Janssen+COVID-19+Vaccine-HCP-fact-sheet.pdf)  
What in the actual ???  


What are the 3 things nicknamed ""shots"" in our world? Gunfire, High-Alcohol Content doses of liquid and Vaccines.",Healith,0.64,/r/VaccineDiscussion/comments/mt0sre/there_is_no_us_food_and_drug_administration_fda/,t5_11zwbe
14,"COVID-19 Vaccine Shipped, and Drug Trials Start",7,fbnzz1,https://www.reddit.com/r/VaccineDiscussion/comments/fbnzz1/covid19_vaccine_shipped_and_drug_trials_start/,1,2020-02-29 22:12:41,"[https://time.com/5790545/first-covid-19-vaccine/](https://time.com/5790545/first-covid-19-vaccine/)

>Moderna Therapeutics, a biotech company based in Cambridge, Mass., has shipped the first batches of its COVID-19 vaccine. The [vaccine](https://time.com/5775784/coronavirus-vaccine-research/) was created just 42 days after the genetic sequence of the COVID\_19 virus, called SARS-CoV-2, was released by Chinese researchers in mid-January. The [first vials were sent](https://investors.modernatx.com/news-releases/news-release-details/moderna-ships-mrna-vaccine-against-novel-coronavirus-mrna-1273) to the National Institute of Allergy and Infectious Diseases (NIAID), part of the National Institutes of Health (NIH) in Bethesda, MD, which will ready the vaccine for human testing as early as April.  
>  
>NIH scientists [also began testing an antiviral drug](https://www.nih.gov/news-events/news-releases/nih-clinical-trial-remdesivir-treat-covid-19-begins) called remdesivir that had been developed for Ebola, on a patient infected with SARS-CoV-2. The trial is the first to test a drug for treating COVID-19, and will be led by a team at the University of Nebraska Medical Center.",yzq12,1.0,/r/VaccineDiscussion/comments/fbnzz1/covid19_vaccine_shipped_and_drug_trials_start/,t5_11zwbe
15,"Alberta premier says government has "" no intention"" of mandating COVID-19 vaccine if one is approved",6,gns4sh,https://www.reddit.com/r/VaccineDiscussion/comments/gns4sh/alberta_premier_says_government_has_no_intention/,2,2020-05-21 03:10:42,[https://globalnews.ca/news/6967266/kenney-covid-coronavirus-vaccine-alberta-law/](https://globalnews.ca/news/6967266/kenney-covid-coronavirus-vaccine-alberta-law/),yzq12,1.0,/r/VaccineDiscussion/comments/gns4sh/alberta_premier_says_government_has_no_intention/,t5_11zwbe
16,"CDC says vaccinated people can safely ditch masks and end social distancing (but don't throw out your mask, mask wearing is still the law in many places)",6,nc18wj,https://www.reddit.com/r/VaccineDiscussion/comments/nc18wj/cdc_says_vaccinated_people_can_safely_ditch_masks/,4,2021-05-14 01:32:36,[https://www.cdc.gov/coronavirus/2019-ncov/vaccines/fully-vaccinated.html#vaccinated](https://www.cdc.gov/coronavirus/2019-ncov/vaccines/fully-vaccinated.html#vaccinated),yzq12,1.0,/r/VaccineDiscussion/comments/nc18wj/cdc_says_vaccinated_people_can_safely_ditch_masks/,t5_11zwbe
17,"After Admitting Mistake, AstraZeneca Faces Difficult Questions About Its Vaccine",7,k1kmxi,https://www.reddit.com/r/VaccineDiscussion/comments/k1kmxi/after_admitting_mistake_astrazeneca_faces/,0,2020-11-26 13:31:52,"[https://www.nytimes.com/2020/11/25/business/coronavirus-vaccine-astrazeneca-oxford.html](https://www.nytimes.com/2020/11/25/business/coronavirus-vaccine-astrazeneca-oxford.html)

>since unveiling the preliminary results,  AstraZeneca has acknowledged a key mistake in the vaccine dosage  received by some study participants, adding to questions about whether  the vaccine’s apparently spectacular efficacy will hold up under  additional testing.  
>  
>Scientists and industry experts said the error and a[ series of other irregularities and omissions](https://www.nytimes.com/2020/11/24/world/what-we-know-about-astrazenecas-head-scratching-vaccine-results.html) in the way AstraZeneca initially disclosed the data have eroded their confidence in the reliability of the results.  
>  
>Officials  in the United States have noted that the results were not clear. It was  the head of the flagship federal vaccine initiative — not the company —  who first disclosed that the vaccine’s most promising results did not  reflect data from older people.",yzq12,1.0,/r/VaccineDiscussion/comments/k1kmxi/after_admitting_mistake_astrazeneca_faces/,t5_11zwbe
18,Trump administration had the official overseeing COVID-19 vaccine development demoted for blowing the whistle on Trump's promotion of an untested COVID treatment,6,gns1fm,https://www.reddit.com/r/VaccineDiscussion/comments/gns1fm/trump_administration_had_the_official_overseeing/,2,2020-05-21 03:02:57,"[https://www.cbsnews.com/news/rick-bright-whistleblower-trump-administration-coronavirus-pandemic-response/](https://www.cbsnews.com/news/rick-bright-whistleblower-trump-administration-coronavirus-pandemic-response/)

>Norah O'Donnell: Did you ever think that hydroxychloroquine would be a game changer?  
>  
>Rick Bright: No. Never. And the limited data available told us that it could be dangerous. It could have negative side effects. And it could even lead to death.  
>  
>According to Bright's whistleblower complaint, ""on March 23… Dr. Bright received an urgent directive… passed down from the White House, to drop everything and make"" the drug ""widely available to the American public.""    
>  
>Norah O'Donnell: What was the reaction of your lead coronavirus scientist when you got this directive, ""You've got to drop everything?""  
>  
>Rick Bright: I believe his expression was at the time that, you know, we've been hit by a bus.  
>  
>Bright says his team tried to limit access to the drugs to hospital patients only, and he shared his concerns with a reporter. On April 21, he was reassigned to what he considered a lesser role at the National Institutes of Health.    
>  
>Norah O'Donnell: You believe you were retaliated against because you raised concerns about hydroxychloroquine?  
>  
>Rick Bright: Yes. I do. I believe my last ditch effort to protect Americans from that drug was the final straw that they used and believed was essential to push me out.

&#x200B;",yzq12,0.88,/r/VaccineDiscussion/comments/gns1fm/trump_administration_had_the_official_overseeing/,t5_11zwbe
19,FDA investigating allergic reactions to Pfizer vaccine,5,kgeiwi,https://www.reddit.com/r/VaccineDiscussion/comments/kgeiwi/fda_investigating_allergic_reactions_to_pfizer/,2,2020-12-19 14:33:37,"[https://thehill.com/policy/healthcare/530966-fda-investigating-allergic-reactions-to-pfizer-vaccine-reported-in-multiple](https://thehill.com/policy/healthcare/530966-fda-investigating-allergic-reactions-to-pfizer-vaccine-reported-in-multiple)

>The  Food and Drug Administration (FDA) is investigating allergic reactions  to the Pfizer coronavirus vaccine that were reported in multiple states  after it began to be administered this week.  
>  
>Peter Marks, director of the FDA’s Center for Biologics Evaluation and Research, [told reporters](https://www.youtube.com/watch?v=NI3Tm0Tg5WY&feature=emb_logo)  late Friday that the reactions had been reported in more than one state  besides Alaska and that the FDA is probing five reactions.

&#x200B;",yzq12,0.86,/r/VaccineDiscussion/comments/kgeiwi/fda_investigating_allergic_reactions_to_pfizer/,t5_11zwbe
20,Should employers force workers to get COVID-19 vaccine?,5,ih5elp,https://www.reddit.com/r/VaccineDiscussion/comments/ih5elp/should_employers_force_workers_to_get_covid19/,18,2020-08-26 15:19:38,"[https://www.usatoday.com/story/money/2020/08/26/coronavirus-vaccine-mandates-covid-19/3346210001/](https://www.usatoday.com/story/money/2020/08/26/coronavirus-vaccine-mandates-covid-19/3346210001/)

>Employers grappling with COVID-19's impact on the workplace may soon be forced to make another tough decision after months of agonizing over layoffs, furloughs and the right strategies to keep their businesses afloat during the pandemic.  
>  
>The next challenge? Should they require workers to take vaccines?  
>  
>Some companies concerned about liability issues, health and safety may need to decide whether to force their employees to get vaccinated if they want to continue working or return to the office, experts say.  
>  
>And some experts are already calling on employers to make it mandatory, which, they say, would generally be legal. But others caution against mandates, saying that they could backfire by making Americans more resistant to a vaccine they're already concerned about and more likely to embrace anti-vaxxer sentiment.",yzq12,0.86,/r/VaccineDiscussion/comments/ih5elp/should_employers_force_workers_to_get_covid19/,t5_11zwbe
21,"CDC tells states to prepare for vaccine distribution by November 1st, meanwhile Pfizer announces plans to submit a vaccine for emergency approval as soon as trials are completed, potentially in October",5,imo3ir,https://www.reddit.com/r/VaccineDiscussion/comments/imo3ir/cdc_tells_states_to_prepare_for_vaccine/,1,2020-09-04 16:53:58,"[https://www.npr.org/sections/coronavirus-live-updates/2020/09/04/909655696/states-prepare-for-potential-fall-vaccine-distribution-under-pressure-from-cdc](https://www.npr.org/sections/coronavirus-live-updates/2020/09/04/909655696/states-prepare-for-potential-fall-vaccine-distribution-under-pressure-from-cdc)

[https://www.cnbc.com/2020/09/03/pfizer-ceo-confirms-coronavirus-vaccine-trial-may-have-results-in-october.html](https://www.cnbc.com/2020/09/03/pfizer-ceo-confirms-coronavirus-vaccine-trial-may-have-results-in-october.html)",yzq12,0.86,/r/VaccineDiscussion/comments/imo3ir/cdc_tells_states_to_prepare_for_vaccine/,t5_11zwbe
22,Pfizer vaccine now authorized for ages 12 and up,5,n9ig4k,https://www.reddit.com/r/VaccineDiscussion/comments/n9ig4k/pfizer_vaccine_now_authorized_for_ages_12_and_up/,27,2021-05-10 18:50:57,[https://www.washingtonpost.com/health/2021/05/10/coronavirus-vaccine-for-kids/](https://www.washingtonpost.com/health/2021/05/10/coronavirus-vaccine-for-kids/),yzq12,0.73,/r/VaccineDiscussion/comments/n9ig4k/pfizer_vaccine_now_authorized_for_ages_12_and_up/,t5_11zwbe
23,Most unvaccinated Americans don’t want shots;AP-NORC poll,5,oqq8zp,https://www.reddit.com/r/VaccineDiscussion/comments/oqq8zp/most_unvaccinated_americans_dont_want_shotsapnorc/,1,2021-07-24 09:40:28,"&#x200B;

https://preview.redd.it/9t47lqzuy5d71.png?width=800&format=png&auto=webp&s=69e2e5a5a13c66cab73c6f89caf8c5514d647810

 Most Americans who haven’t been vaccinated against COVID-19 say they are unlikely to get the shots and doubt they would work against the aggressive delta variant despite evidence they do, according to a new poll that underscores the challenges facing public health officials amid soaring infections in some states. 

 Among American adults who have not yet received a vaccine, 35% say they probably will not, and 45% say they definitely will not, according to a poll from The Associated Press-NORC Center for Public Affairs Research. Just 3% say they definitely will get the shots, though another 16% say they probably will. 

 That means “that there will be more preventable cases, more preventable hospitalizations and more preventable deaths,” said Dr. Amesh Adalja, an infectious disease specialist at Johns Hopkins University. 

 We always knew some proportion of the population would be difficult to persuade no matter what the data showed, (and) a lot of people are beyond persuasion,” Adalja said. He echoed Centers for Disease Control and Prevention Director Rochelle Walensky in calling the current surge [“a pandemic of the unvaccinated”](https://apnews.com/article/business-health-pandemics-coronavirus-pandemic-c053fae3d462705c39e3ffcd612d8a50) because nearly all hospital admissions and deaths have been among those who weren’t immunized.",Brown_George20,1.0,/r/VaccineDiscussion/comments/oqq8zp/most_unvaccinated_americans_dont_want_shotsapnorc/,t5_11zwbe
24,How Can We Combat Misinformation About CoronaVirus Vaccines and Other Future Vaccines?,5,gfdxnv,https://www.reddit.com/r/VaccineDiscussion/comments/gfdxnv/how_can_we_combat_misinformation_about/,2,2020-05-07 15:58:59,,CosterTwo,1.0,/r/VaccineDiscussion/comments/gfdxnv/how_can_we_combat_misinformation_about/,t5_11zwbe
25,Federal government says it will pay for any future coronavirus vaccine for all Americans,4,jkkk2d,https://www.reddit.com/r/VaccineDiscussion/comments/jkkk2d/federal_government_says_it_will_pay_for_any/,0,2020-10-29 18:40:44,"[https://www.cnn.com/2020/10/28/health/cms-medicare-covid-vaccine-treatment/index.html](https://www.cnn.com/2020/10/28/health/cms-medicare-covid-vaccine-treatment/index.html)

>The Centers for Medicare and Medicaid Services said it will pay for any Covid-19 vaccine that is authorized or approved by the US Food and Drug Administration to allow for ""broad vaccine access and coverage for all Americans.""  
>  
>The agency also announced it will help cover a larger portion of the cost of new Covid-19 treatments that may be coming down the pipeline for Medicare recipients.""There are several vaccines in Phase 3 trials, production and distribution plans are well underway, and CMS is doing its part by laying the essential groundwork for coverage and payment when a vaccine does arise. It'll be widely available and accessible to seniors and every American,"" CMS administrator Seema Verma said during a briefing Wednesday.She said that while the federal government is paying for the vaccine, insurers including Medicare, Medicaid and private plans must cover the cost of administering it.",yzq12,0.83,/r/VaccineDiscussion/comments/jkkk2d/federal_government_says_it_will_pay_for_any/,t5_11zwbe
26,HEALTH AND SCIENCE CDC says U.S. should have enough coronavirus vaccine to return to ‘regular life’ by third quarter of 2021,3,iu1v4o,https://www.reddit.com/r/VaccineDiscussion/comments/iu1v4o/health_and_science_cdc_says_us_should_have_enough/,0,2020-09-16 14:50:38,"[https://www.cnbc.com/2020/09/16/coronavirus-cdc-says-us-should-have-enough-vaccine-to-return-to-regular-life-by-third-quarter-of-2021.html](https://www.cnbc.com/2020/09/16/coronavirus-cdc-says-us-should-have-enough-vaccine-to-return-to-regular-life-by-third-quarter-of-2021.html)

>CDC Director Dr. Robert Redfield told a Senate panel he expects vaccinations to begin in November or December, but in limited quantities with those most in need getting the first doses, such as health-care workers. He said it will take about “six to nine months” to get the entire American public vaccinated.  
>  
>“If you’re asking me when is it going to be generally available to the American public so we can begin to take advantage of vaccine to get back to our regular life, I think we’re probably looking at third ... late second quarter, third quarter 2021,” he told the U.S. Senate Appropriations subcommittee on labor, health and human services, education, and related agencies",yzq12,0.81,/r/VaccineDiscussion/comments/iu1v4o/health_and_science_cdc_says_us_should_have_enough/,t5_11zwbe
27,Vaccine effectiveness against variants,4,oamv18,https://www.reddit.com/r/VaccineDiscussion/comments/oamv18/vaccine_effectiveness_against_variants/,1,2021-06-29 21:52:15,"[https://www.npr.org/sections/coronavirus-live-updates/2021/06/08/1004597294/the-highly-contagious-delta-variant-of-covid-is-on-the-rise-in-the-u-s](https://www.npr.org/sections/coronavirus-live-updates/2021/06/08/1004597294/the-highly-contagious-delta-variant-of-covid-is-on-the-rise-in-the-u-s)

* the  Pfizer-BioNTech vaccine was 88% effective against symptomatic  disease  from the B.1.617.2 variant 2 weeks after the second dose,  compared to  93% effectiveness against the B.1.1.7 variant
* 2  doses of the AstraZeneca vaccine were 60% effective against   symptomatic disease from the B.1.617.2 variant compared to 66%   effectiveness against the B.1.1.7 variant
* both  vaccines were 33% effective against symptomatic disease from   B.1.617.2, 3 weeks after the first dose compared to around 50%   effectiveness against the B.1.1.7 variant",yzq12,0.83,/r/VaccineDiscussion/comments/oamv18/vaccine_effectiveness_against_variants/,t5_11zwbe
28,"White House vaccine chief says first Americans could be vaccinated for COIVD Dec 11th, with herd immunity by May",4,jza4n4,https://www.reddit.com/r/VaccineDiscussion/comments/jza4n4/white_house_vaccine_chief_says_first_americans/,2,2020-11-22 22:41:10,"[https://www.cnn.com/2020/11/22/politics/operation-warp-speed-vaccine-timeline/index.html](https://www.cnn.com/2020/11/22/politics/operation-warp-speed-vaccine-timeline/index.html)

>Moncef Slaoui, the head of the US government's effort to develop a [vaccine against Covid-19](https://www.cnn.com/2020/11/16/health/vaccines-coronavirus-covid-19-questions-answered-wellness/index.html),  said the first Americans to receive a vaccine -- if all things go  according to plan -- could be as early as the second week of December.  
>  
>""Our  plan is to be able to ship vaccines to the immunization sites within 24  hours from the approval, so I would expect maybe on day two after  approval, on the 11th or on the 12th of December, hopefully, the first  people will be immunized across the United States, across all states, in  all the areas where the State Departments of Health will have told us  where to deliver the vaccine,"" Slaoui told CNN's Jake Tapper on ""State  of the Union"" Sunday.On  Friday, Pfizer submitted an application to the US Food and Drug  Administration for emergency use authorization for its Covid-19 vaccine  candidate, and an FDA vaccine advisory committee is slated to meet  December 10.Slaoui said that means, if authorized, the vaccine could be rolled out the next day.Slaoui  also said that based on plans, the amount of the population who need to  be vaccinated for life to return to normal is likely to happen in May.   Slaoui  told Tapper that with the level of efficacy that has been shown in both  Pfizer and Moderna's vaccines, ""70% or so of the population being  immunized would allow for true herd immunity to take place, that is  likely to happen somewhere in the month of May, or something like that  based on our plans.""Following  Slaoui's comments on Sunday, Dr. Anthony Fauci, the nation's top  infectious disease expert, told CBS' Margaret Brennan on ""Face The  Nation,"" that while he ""totally agree\[s\]"" with Slaoui that there could  be herd immunity by May, it would require that a majority of the country  be vaccinated.""If you have a  highly efficacious vaccine, and only a relatively small 40, 50% of the  people get vaccinated, you're not going to get the herd immunity you  need,"" Fauci said. ""What we do need is we need to get as many people as  possible vaccinated.""",yzq12,0.83,/r/VaccineDiscussion/comments/jza4n4/white_house_vaccine_chief_says_first_americans/,t5_11zwbe
29,FDA is open to the idea of approving COVID vaccine before phase 3 clinical trials are completed,5,ijjfoz,https://www.reddit.com/r/VaccineDiscussion/comments/ijjfoz/fda_is_open_to_the_idea_of_approving_covid/,3,2020-08-30 16:04:58,"[https://www.cnbc.com/2020/08/30/fda-willing-to-fast-track-coronavirus-vaccine-before-phase-three-trials.html](https://www.cnbc.com/2020/08/30/fda-willing-to-fast-track-coronavirus-vaccine-before-phase-three-trials.html)

>The chief of the U.S. Food and Drug Administration is prepared to bypass the full federal approval process in order to make a Covid-19 vaccine available as soon as possible, [according to an interview in The Financial Times.](https://www.ft.com/content/f8ecf7b5-f8d2-4726-ba3f-233b8497b91a)  
>  
>Insisting that the move would not be due to pressure from the Trump administration to fast track a vaccine, FDA Commissioner Stephen Hahn told the publication that an emergency authorization could be appropriate before phase three clinical trials are completed if the benefits outweigh the risks.  
>  
>“It is up to the \[vaccine developer\] to apply for authorization or approval, and we make an adjudication of their application,” Hahn told The Financial Times. “If they do that before the end of phase three, we may find that appropriate. We may find that inappropriate, we will make a determination.”",yzq12,1.0,/r/VaccineDiscussion/comments/ijjfoz/fda_is_open_to_the_idea_of_approving_covid/,t5_11zwbe
30,Philly vaccine pioneer: We can’t rush a coronavirus vaccine,5,fgyvbq,https://www.inquirer.com/health/coronavirus/coronavirus-covid-19-vaccine-trump-paul-offit-20200306.html,1,2020-03-11 11:26:20,,yzq12,1.0,/r/VaccineDiscussion/comments/fgyvbq/philly_vaccine_pioneer_we_cant_rush_a_coronavirus/,t5_11zwbe
31,Economist suggests paying people $1K to take a coronavirus vaccine instead of forcing them,4,igqkkj,https://finance.yahoo.com/news/economist-pay-people-1-k-to-take-a-coronavirus-vaccine-instead-of-forcing-them-222034662.html,1,2020-08-25 22:32:41,,yzq12,1.0,/r/VaccineDiscussion/comments/igqkkj/economist_suggests_paying_people_1k_to_take_a/,t5_11zwbe
32,An anecdotal take on why the risks of vaccines are minuscule to the risks of COVID,4,nr2c8u,https://www.reddit.com/r/VaccineDiscussion/comments/nr2c8u/an_anecdotal_take_on_why_the_risks_of_vaccines/,22,2021-06-02 22:06:06,"For what it’s worth, I am 19M, fully vaccinated with Pfizer. No side effects besides feeling warm the evening of my shot. 

I have a pretty large social network between my family, friends, classmates, and coworkers. I can think of 3 people who aren’t vaccinated out of that group (1 is an antivaxxer, 1 cant find the time off school+work, and 1 has allergies so is waiting to be administered in a doctor’s office). Nobody had side effects worse than a 100 degree fever and major chills, and when I ask about their families, they say nobody had a worse reaction than a fever. At this point, we’re talking about probably 300 people I’m associated or mutuals with that had very few side effects. 

To be clear, I’m not dismissing the existence of adverse reactions. It’s a travesty that the J+J, AZ had terrible side effects in a select group of recipients — the women who died while doing their civic duty to get vaccinated will never be replaced and I truly cannot imagine the pain and loss of their families. 

I also had over a dozen friends and mutuals get COVID. Of them, over half lost their sense of smell/taste, many of them had a brutal cough that lasted over a week, and a friend experienced two deaths within her social network. One of my friends’ coworkers caught COVID twice. Most of these people got vaccinated and experienced less than a day of side effects, and have gladly moved on from this chapter of their life. I’m beyond happy to be vaccinated and hanging out with friends in large groups again. 

I understand caution over the vaccine. But some ~160 million Americans have been at least partially vaccinated and the CDC has established no direct correlation between the vaccines and death, outside the select J/J cases (https://www.cdc.gov/coronavirus/2019-ncov/vaccines/safety/adverse-events.html). The CDC has also demonstrated its commitment to ensuring the vaccines are safe by heavily investigating the deaths of blood clot victims to find out why some people are more at risk (https://www.kptv.com/news/oha-cdc-investigating-death-of-woman-following-johnson-johnson-covid-19-vaccination/article_46743f32-a3bb-11eb-b151-7fcd5c70b445.html). Just based on my experience alone and the hundreds of people I’ve heard get vaccinated compared to the brutal consequences of COVID on my friends and mutuals, it’s really a no-brainer what to do.

TLDR; nobody I know has a had a reaction to the vaccine. Anecdotal takes don’t mean much, but that also goes for the examples of people claiming they know multiple people who died of the vaccine…when the truth is, there isn’t any evidence to back that up.",marks31,0.64,/r/VaccineDiscussion/comments/nr2c8u/an_anecdotal_take_on_why_the_risks_of_vaccines/,t5_11zwbe
33,Tennessee’s governor says that COVID vaccines will not be mandatory in K-12 public schools,5,k0j0nc,https://www.reddit.com/r/VaccineDiscussion/comments/k0j0nc/tennessees_governor_says_that_covid_vaccines_will/,0,2020-11-24 21:09:50,"[https://apnews.com/article/philippines-china-coronavirus-pandemic-rodrigo-duterte-46788b112c760c557cbc926c11a71cfd](https://apnews.com/article/philippines-china-coronavirus-pandemic-rodrigo-duterte-46788b112c760c557cbc926c11a71cfd)

>Tennessee’s governor  says that once coronavirus vaccines become available, they will be  optional in the state’s K-12 public schools.  
>  
>Gov.  Bill Lee said Tuesday that vaccines will be very important for  Tennessee to “ultimately really be able to handle” the pandemic. But he  says he doesn’t foresee vaccine mandates for school districts in  Tennessee.  
>  
>In his  words, “Vaccines are a choice and people have the choice and will have  the choice in this state as to whether or not they should take that  vaccine.”  
>  
>The  state’s health commissioner says the first doses could arrive in  Tennessee around Dec. 15. The first wave will be reserved for frontline  health care workers and first responders. She says widespread  availability would likely be in late spring or early summer.",yzq12,1.0,/r/VaccineDiscussion/comments/k0j0nc/tennessees_governor_says_that_covid_vaccines_will/,t5_11zwbe
34,NYC to workers: Get vaccine or face weekly tests,3,osjbb6,https://www.reddit.com/r/VaccineDiscussion/comments/osjbb6/nyc_to_workers_get_vaccine_or_face_weekly_tests/,5,2021-07-27 05:11:17,"&#x200B;

https://preview.redd.it/8sfbvk0l1qd71.png?width=800&format=png&auto=webp&s=45e511175c2fd9003fbb4fd06113dd183e989711

 California and New York City announced Monday that they would require all government employees to get the coronavirus vaccine or face weekly COVID-19 testing, and the Department of Veterans Affairs became the first major federal agency to require health care workers to receive the shot. 

 Meanwhile, in a possible sign that increasingly dire health warnings are getting through to more Americans, vaccination rates began to creep up again, offering hope that the nation could yet break free of the coronavirus if people who have been reluctant to receive the shot are finally inoculated. 

 In New York City, Mayor Bill de Blasio [announced ](https://apnews.com/article/government-and-politics-health-coronavirus-pandemic-662b50089c314a8083a1aa0be26549bd)that all municipal workers — including teachers and police officers — will be required to get vaccinated by mid-September or face weekly COVID-19 testing, making the city one of the largest employers in the U.S. to take such action. 

 California said it will [similarly require](https://apnews.com/article/government-and-politics-health-california-coronavirus-pandemic-c2c3dbfcf66e41ef77f3f0dbb15ca12f) proof of vaccination or weekly testing for all state workers and millions of public- and private-sector health care employees starting next month. The VA’s [move](https://apnews.com/article/government-and-politics-business-health-coronavirus-pandemic-92751d50b5919525e4033c63c1b4695f) came on a day when nearly 60 leading medical and health care organizations issued a call through the American Medical Association for health care facilities to require their workers to get vaccinated.",Brown_George20,0.71,/r/VaccineDiscussion/comments/osjbb6/nyc_to_workers_get_vaccine_or_face_weekly_tests/,t5_11zwbe
35,New universal vaccine effectively targets coronaviruses,3,o5oqhq,https://uncnews.unc.edu/2021/06/22/coronavirus-vaccine/,1,2021-06-22 10:42:36,,ErwinFurwinPurrwin,0.71,/r/VaccineDiscussion/comments/o5oqhq/new_universal_vaccine_effectively_targets/,t5_11zwbe
36,The most promising coronavirus vaccine you’ve never heard of,3,n19elw,https://www.reddit.com/r/VaccineDiscussion/comments/n19elw/the_most_promising_coronavirus_vaccine_youve/,0,2021-04-29 13:24:48," 

## [https://www.politico.com/news/2021/04/27/novavax-coronavirus-vaccine-484731](https://www.politico.com/news/2021/04/27/novavax-coronavirus-vaccine-484731)",Tradition_Important,1.0,/r/VaccineDiscussion/comments/n19elw/the_most_promising_coronavirus_vaccine_youve/,t5_11zwbe
37,COVID19 Vaccination sentiments survey,3,ke8fzj,https://www.reddit.com/r/VaccineDiscussion/comments/ke8fzj/covid19_vaccination_sentiments_survey/,1,2020-12-16 07:38:24,"Dear all,

We have prepared a short #survey, where you can express your opinion about the #COVID19Vaccine #CoronaVaccine.

If you are living in the #USA, we will be grateful if you will participate and share:
[COVID19 Vaccination survey](https://forms.office.com/Pages/ResponsePage.aspx?id=IYhnPFB3o0eTfyZhQ5q7eqGjfqSLSvhBqoV3r-scx2hUNkZGQlpBRDNMWTdTU1I0QUhESjhNWURPNC4u)

#COVID19 #vaccine #vaccination #coronavirus #pandemic #covid #research #publichealth #health #medicine #covid19insights

Thanks for taking and sharing this survey!

The Investigators

Prof. Abraham Seidmann, Boston University, Boston, MA, USA,
Dr. Arriel Benis and Prof. Shai Ashkenazi, Holon Institute of Technology, Tel-Aviv, Israel",Big_Debate2256,0.71,/r/VaccineDiscussion/comments/ke8fzj/covid19_vaccination_sentiments_survey/,t5_11zwbe
38,Ticketmaster is working on a plan to require proof of COVID vaccination or negative test in order to attend concerts,3,jt24wj,https://www.reddit.com/r/VaccineDiscussion/comments/jt24wj/ticketmaster_is_working_on_a_plan_to_require/,0,2020-11-12 15:10:02,"[https://www.billboard.com/articles/business/touring/9481166/ticketmaster-vaccine-check-concerts-plan](https://www.billboard.com/articles/business/touring/9481166/ticketmaster-vaccine-check-concerts-plan)

Ticketmaster has been working on a framework for post-pandemic fan safety that uses smart phones to verify fans' vaccination status or whether they've tested negative for the coronavirus within a 24 to 72 hour window.

Many details of the plan, which is still in development phase, will rely on three separate components -- the Ticketmaster digital ticket app, third party health information companies like CLEAR Health Pass or IBM's Digital Health Pass and testing and vaccine distribution providers like Labcorp and the CVS Minute Clinic.",yzq12,1.0,/r/VaccineDiscussion/comments/jt24wj/ticketmaster_is_working_on_a_plan_to_require/,t5_11zwbe
39,Trump Asks Experts If Flu Vaccine Could Help Prevent Coronavirus (it can't),3,fdae9k,https://www.ibtimes.com/trump-mishandling-coronavirus-outbreak-president-asks-pharma-experts-if-flu-vaccine-2933215,3,2020-03-04 04:05:56,,yzq12,1.0,/r/VaccineDiscussion/comments/fdae9k/trump_asks_experts_if_flu_vaccine_could_help/,t5_11zwbe
40,Vaccine for new Chinese coronavirus in the works,3,es6qh7,https://www.reddit.com/r/VaccineDiscussion/comments/es6qh7/vaccine_for_new_chinese_coronavirus_in_the_works/,2,2020-01-21 23:20:24,"[https://www.cnn.com/2020/01/20/health/coronavirus-nih-vaccine-development/index.html](https://www.cnn.com/2020/01/20/health/coronavirus-nih-vaccine-development/index.html)

[https://q13fox.com/2020/01/20/vaccine-for-new-chinese-coronavirus-in-the-works/](https://q13fox.com/2020/01/20/vaccine-for-new-chinese-coronavirus-in-the-works/)",yzq12,1.0,/r/VaccineDiscussion/comments/es6qh7/vaccine_for_new_chinese_coronavirus_in_the_works/,t5_11zwbe
41,Bill to mandate covid vaccine proposed in Ny state legislature,3,kauc0e,https://www.reddit.com/r/VaccineDiscussion/comments/kauc0e/bill_to_mandate_covid_vaccine_proposed_in_ny/,2,2020-12-10 22:05:21," [https://www.wgrz.com/article/news/health/coronavirus/bill-in-new-york-state-assembly-seeks-to-empower-health-department-to-mandate-covid-19-vaccine/71-f7a1e142-a9a6-4d60-a1db-b40a61d3f3ed](https://www.wgrz.com/article/news/health/coronavirus/bill-in-new-york-state-assembly-seeks-to-empower-health-department-to-mandate-covid-19-vaccine/71-f7a1e142-a9a6-4d60-a1db-b40a61d3f3ed)

>BUFFALO, N.Y. — Amid concern over whether enough people will trust the soon to be distributed coronavirus vaccine, there is[ a bill in the New York State Legislature ](https://www.nysenate.gov/legislation/bills/2019/A11179)which, if passed, would empower state officials to make the vaccine mandatory if not enough people voluntarily take it.  
>  
>  
>  
>Entitled, ""AN ACT to amend the public health law in relation to  administering a COVID-19 vaccine"" the bill contains language which  states, ""If public health officials determine that residents of the  state are not developing sufficient immunity from COVID-19, the  department shall mandate vaccination for all individuals or groups of  individuals who, as shown by clinical data, are proven to be safe to  receive such vaccine.""",yzq12,1.0,/r/VaccineDiscussion/comments/kauc0e/bill_to_mandate_covid_vaccine_proposed_in_ny/,t5_11zwbe
42,"Trump says he is mobilizing the military to distribute 300,000,000 doses of coronavirus vaccine by the end of the year, while Fauci says that we cannot expect a vaccine by September",3,gjz2bg,https://www.reddit.com/r/VaccineDiscussion/comments/gjz2bg/trump_says_he_is_mobilizing_the_military_to/,11,2020-05-14 20:45:09,[https://www.usnews.com/news/health-news/articles/2020-05-14/trump-predicts-coronavirus-vaccine-by-end-of-2020-military-will-help-with-distribution](https://www.usnews.com/news/health-news/articles/2020-05-14/trump-predicts-coronavirus-vaccine-by-end-of-2020-military-will-help-with-distribution),yzq12,0.81,/r/VaccineDiscussion/comments/gjz2bg/trump_says_he_is_mobilizing_the_military_to/,t5_11zwbe
43,“Novel Coronavirus Spike protein plays additional key role in illness.”Interesting how this is one of the main ingredients in the vaccine itself. Is it really safe?,3,ngn2i2,https://www.salk.edu/news-release/the-novel-coronavirus-spike-protein-plays-additional-key-role-in-illness/,88,2021-05-19 21:29:08,,ChristYESHUAlovesyou,0.71,/r/VaccineDiscussion/comments/ngn2i2/novel_coronavirus_spike_protein_plays_additional/,t5_11zwbe
44,Which body cells produce virus proteins after mRNA vaccination for SARS-CoV-2?,3,nhvzd8,https://www.reddit.com/r/VaccineDiscussion/comments/nhvzd8/which_body_cells_produce_virus_proteins_after/,7,2021-05-21 12:00:22,"I read this conversation with [Sanjay Mishra](https://theconversation.com/how-mrna-vaccines-from-pfizer-and-moderna-work-why-theyre-a-breakthrough-and-why-they-need-to-be-kept-so-cold-150238) who said: ""... When these genetic instructions are injected into the upper arm, the **muscle cells** translate them to make the viral protein directly in the body"".
On the other hand, there is this [article in CDC website](https://www.cdc.gov/coronavirus/2019-ncov/vaccines/different-vaccines/mrna.html) which says: ""... First, COVID-19 mRNA vaccines are given in the upper arm muscle. Once the instructions (mRNA) are inside the **immune cells**, the cells use them to make the protein piece"".
So, **which one, Muscle cells or Immune cells, produce virus proteins?**


Edit: Thanks for all the replies and sorry for my stupid question.",returnofdinosaurs,1.0,/r/VaccineDiscussion/comments/nhvzd8/which_body_cells_produce_virus_proteins_after/,t5_11zwbe
45,"Novel coronavirus' spike protein plays additional key role in illness: Researchers show how the protein damages cells, confirming COVID-19 as a primarily vascular disease",3,n8is3l,https://www.sciencedaily.com/releases/2021/04/210430120408.htm,23,2021-05-09 13:19:09,,Lizzylizardx,0.71,/r/VaccineDiscussion/comments/n8is3l/novel_coronavirus_spike_protein_plays_additional/,t5_11zwbe
46,Beware of coronavirus misinformation,2,etz939,https://www.reddit.com/r/VaccineDiscussion/comments/etz939/beware_of_coronavirus_misinformation/,0,2020-01-25 19:27:09,[https://www.usatoday.com/story/news/nation/2020/01/25/wuhan-coronavirus-bogus-conspiracy-theory-spreads-social-media/4569180002/](https://www.usatoday.com/story/news/nation/2020/01/25/wuhan-coronavirus-bogus-conspiracy-theory-spreads-social-media/4569180002/),yzq12,0.67,/r/VaccineDiscussion/comments/etz939/beware_of_coronavirus_misinformation/,t5_11zwbe
47,Link between high vaccination rates and number of COVID-19 cases.,2,meume4,https://www.reddit.com/r/VaccineDiscussion/comments/meume4/link_between_high_vaccination_rates_and_number_of/,4,2021-03-28 00:40:19,"So I'm sure that everyone is well aware that vaccinations is ongoing across the world (I'm still waiting for mines soon, it's only about time) however I want to take a moment to basically share a crucial data that actually boosted my confidence a bit in hopes to received the COVID-19 vaccines very much soon.

As some of you guys are aware, Israel is currently leading the world in terms of vaccination numbers for COVID-19 since they first administered it on January 1st, 2021, then followed by the UAE on January 5th, the UK on Jan 10th as well as others but that would be the focus according to this source here: [https://ourworldindata.org/explorers/coronavirus-data-explorer?zoomToSelection=true&time=346..latest&pickerSort=desc&pickerMetric=population&Metric=Vaccinations&Interval=Cumulative&Relative+to+Population=true&Align+outbreaks=false&country=USA\~ISR\~GBR\~ARE\~OWID\_WRL\~EuropeanUnion\~BRA\~CHN\~IDN\~BGD\~RUS\~MEX\~CHL](https://ourworldindata.org/explorers/coronavirus-data-explorer?zoomToSelection=true&time=346..latest&pickerSort=desc&pickerMetric=population&Metric=Vaccinations&Interval=Cumulative&Relative+to+Population=true&Align+outbreaks=false&country=USA~ISR~GBR~ARE~OWID_WRL~EuropeanUnion~BRA~CHN~IDN~BGD~RUS~MEX~CHL).

The results? Well according to this source ([https://www.worldometers.info/coronavirus](https://www.worldometers.info/coronavirus)), Israel COVID-19 rates are down from it third wave of 83,104 in January 16th to a staggering 10,713 from March 27th ([https://www.worldometers.info/coronavirus/country/israel/](https://www.worldometers.info/coronavirus/country/israel/)). UAE, from it peak of 27,054 to 5,421in February 27th ([https://www.worldometers.info/coronavirus/country/united-arab-emirates/](https://www.worldometers.info/coronavirus/country/united-arab-emirates/)) although it have seen an uptick which I would mentioned in the end and the UK, from 2,036,6 to 415,295 from March 27th ([https://www.worldometers.info/coronavirus/country/uk/](https://www.worldometers.info/coronavirus/country/uk/)). 

So what does this shows? This shows that countries who've at least done mass vaccinations at some degree have seen cases of COVID-19 dropped significantly to a level that enabled to achieve herd immunity and because of that, it make me more confident to accept the vaccines when it available publicly.",ttbro1,0.75,/r/VaccineDiscussion/comments/meume4/link_between_high_vaccination_rates_and_number_of/,t5_11zwbe
48,"Initial Batch Of COVID-19 Vaccines Will Go To States Based On Population, Not Risk",2,k0kqe5,https://www.reddit.com/r/VaccineDiscussion/comments/k0kqe5/initial_batch_of_covid19_vaccines_will_go_to/,8,2020-11-24 23:02:09,"[https://www.npr.org/sections/health-shots/2020/11/24/938617836/initial-batch-of-covid-19-vaccines-will-go-to-states-based-on-population-not-ris](https://www.npr.org/sections/health-shots/2020/11/24/938617836/initial-batch-of-covid-19-vaccines-will-go-to-states-based-on-population-not-ris)

>Top officials from [Operation Warp Speed,](https://www.defense.gov/Explore/Spotlight/Coronavirus/Operation-Warp-Speed/)  the government's program to fast-track the development and delivery of  COVID-19 vaccines, announced they've allocated 6.4 million doses of  COVID-19 vaccines to states based on their total populations.   
>  
>Once a COVID-19 vaccine is authorized by the [Food and Drug Administration,](https://www.fda.gov/emergency-preparedness-and-response/mcm-legal-regulatory-and-policy-framework/emergency-use-authorization) allocations will be made based on the total number of adults in the state. ""We wanted to keep this simple,"" [Alex Azar, Secretary of Health and Human Services](https://www.hhs.gov/about/leadership/secretary/alex-m-azar/index.html) said at a media briefing Tuesday, ""We thought it would be the fairest approach, and the most consistent.""   
>  
>The allocation-by-population policy is a departure from earlier distribution plans, and it downplays the role of the [Advisory Committee on Immunization Practices](https://www.cdc.gov/vaccines/acip/index.html).  The independent vaccine advisory group for the Centers for Disease  Control and Prevention has proposed allocations based on high-risk  groups. The CDC advisory committee had previously been central to the  government's vaccine distribution plans.",yzq12,1.0,/r/VaccineDiscussion/comments/k0kqe5/initial_batch_of_covid19_vaccines_will_go_to/,t5_11zwbe
49,Will a vaccine for Coronavirus be made?,2,et138x,https://www.reddit.com/r/VaccineDiscussion/comments/et138x/will_a_vaccine_for_coronavirus_be_made/,1,2020-01-23 17:59:38,,follower888,0.75,/r/VaccineDiscussion/comments/et138x/will_a_vaccine_for_coronavirus_be_made/,t5_11zwbe
50,Indiana University Can Require Students to Get Coronavirus Vaccines,2,ootlv6,https://www.nytimes.com/2021/07/19/education/vaccine-mandate-indiana-university.html,2,2021-07-21 12:36:30,,vaxxerman,0.58,/r/VaccineDiscussion/comments/ootlv6/indiana_university_can_require_students_to_get/,t5_11zwbe
51,Virginia Health Commissioner says he’ll mandate a COVID-19 vaccine,2,ievn5c,https://www.reddit.com/r/VaccineDiscussion/comments/ievn5c/virginia_health_commissioner_says_hell_mandate_a/,0,2020-08-22 22:41:22,"[https://www.wric.com/news/virginia-news/virginia-commissioner-of-health-plans-to-mandate-coronavirus-vaccinations-once-available-to-public/](https://www.wric.com/news/virginia-news/virginia-commissioner-of-health-plans-to-mandate-coronavirus-vaccinations-once-available-to-public/)

>State Health Commissioner Dr. Norman Oliver told 8News on Friday that he plans to mandate coronavirus vaccinations for Virginians once one is made available to the public.  
Virginia state law gives the Commissioner of Health the authority to mandate immediate immunizations during a public health crisis if a vaccine is available. Health officials say an immunization could be released as early as 2021.  
Dr. Oliver says that, as long as he is still the Health Commissioner, he intends to mandate the coronavirus vaccine.",yzq12,1.0,/r/VaccineDiscussion/comments/ievn5c/virginia_health_commissioner_says_hell_mandate_a/,t5_11zwbe
52,Health secretary Alex Azar won’t promise that a coronavirus vaccine would be affordable,2,fbs12b,https://www.theverge.com/2020/2/27/21155879/alex-azar-coronavirus-vaccine-affordable-insurance,0,2020-03-01 05:01:48,,yzq12,1.0,/r/VaccineDiscussion/comments/fbs12b/health_secretary_alex_azar_wont_promise_that_a/,t5_11zwbe
53,Oxford-AstraZeneca COVID vaccine trials on hold in the US as experts express concerns over transverse myelitis and transparency,3,ix42l2,https://www.reddit.com/r/VaccineDiscussion/comments/ix42l2/oxfordastrazeneca_covid_vaccine_trials_on_hold_in/,0,2020-09-21 12:44:02,"[https://www.telegraph.co.uk/news/2020/09/20/human-trials-oxford-vaccine-hold-us-spinal-cord-disease-fears/](https://www.telegraph.co.uk/news/2020/09/20/human-trials-oxford-vaccine-hold-us-spinal-cord-disease-fears/)

Note that this is confusingly worded, they are talking about 1 vaccine that Oxford and AstraZenaca are working on together, the ""Oxford and AstraZeneca coronavirus vaccine"" is one vaccine

>Human trials of the Oxford and AstraZeneca coronavirus vaccine are yet to resume in the US over concerns the jab may cause adverse reactions.  
>  
>Trials of the Oxford vaccine have been paused twice after two participants, both British women, sequentially developed transverse myelitis, an inflammation of the spinal cord that can cause paralysis.  
>  
>The first pause, in July, was not publicly revealed and the trial was restarted after it was determined the volunteer had multiple sclerosis, a condition that can cause the same neurological reaction.  
>  
>The second pause, widely reported two weeks ago, followed the second suspected case of the condition in a volunteer who is said to have been hospitalised but now recovered.  
>  
>Trails of the vaccine have since been restarted in Britain, Brazil, India and South Africa, but are still on pause in the US where the legal and historical context means regulators tend to take a tougher stance.  
>  
>On Saturday, AstraZeneca released further data on its trial protocols, but US experts continued to raise concerns.",yzq12,0.64,/r/VaccineDiscussion/comments/ix42l2/oxfordastrazeneca_covid_vaccine_trials_on_hold_in/,t5_11zwbe
54,Britain grants Pfizer coronavirus vaccine emergency authorization,2,k56e5e,https://www.reddit.com/r/VaccineDiscussion/comments/k56e5e/britain_grants_pfizer_coronavirus_vaccine/,0,2020-12-02 04:46:19,"[https://www.washingtonpost.com/world/europe/britain-pfizer-coronavirus-vaccine/2020/12/02/90f7276e-3470-11eb-9699-00d311f13d2d\_story.html](https://www.washingtonpost.com/world/europe/britain-pfizer-coronavirus-vaccine/2020/12/02/90f7276e-3470-11eb-9699-00d311f13d2d_story.html)

>Britain granted emergency approval on Wednesday to the [coronavirus](https://www.washingtonpost.com/coronavirus/?itid=lk_inline_manual_2) vaccine developed by Pfizer and BioNTech, becoming the first country to do so. Distribution is expected to begin next week.  
>  
>In  a statement, Britain’s Department of Health and Social Care said that  the decision to approve the vaccine “follows months of rigorous clinical  trials and a thorough analysis of the data” by a panel of experts who  concluded that it met the standards for safety and effectiveness. Data  previously released from large-scale clinical trials showed that the  vaccine had nearly 95 percent efficacy and people who were immunized  displayed no serious side effects.

&#x200B;",yzq12,1.0,/r/VaccineDiscussion/comments/k56e5e/britain_grants_pfizer_coronavirus_vaccine/,t5_11zwbe
55,Today FDA announces that it will meet on Dec 10th to review Pfizer's covid vaccine,2,jy4ft2,https://www.reddit.com/r/VaccineDiscussion/comments/jy4ft2/today_fda_announces_that_it_will_meet_on_dec_10th/,0,2020-11-20 23:16:53,"[https://www.foxbusiness.com/economy/fda-will-consider-pfizer-vaccine-december-10th](https://www.foxbusiness.com/economy/fda-will-consider-pfizer-vaccine-december-10th)

>An FDA spokesperson told FOX Business the three-week window is  necessary because ""this amount of time will allow the FDA to thoroughly  evaluate the data and information submitted in the EUA request before  the meeting, and to be prepared for a robust public discussion with the  advisory committee members.""  
>  
>Before  the FDA's Vaccines and Related Biological Products Advisory Committee  meets next month, the agency intends to make background materials  available to the public.  
>  
>""While  we cannot predict how long the FDA’s review will take, the FDA will  review the request as expeditiously as possible, while still doing so in  a thorough and science-based manner, so that we can help make available  a vaccine that the American people deserve as soon as possible,"" FDA  Commissioner [Stephen M. Hahn said](http://www.fda.gov/news-events/press-announcements/coronavirus-covid-19-update-fda-announces-advisory-committee-meeting-discuss-covid-19-vaccine) Friday.",yzq12,1.0,/r/VaccineDiscussion/comments/jy4ft2/today_fda_announces_that_it_will_meet_on_dec_10th/,t5_11zwbe
56,"Prime minister of Australia now says COVID vaccine will be ""strongly encouraged"" but ""we can’t hold someone down and make them take it""",2,icrej0,https://www.reddit.com/r/VaccineDiscussion/comments/icrej0/prime_minister_of_australia_now_says_covid/,0,2020-08-19 12:50:47,"[https://www.news.com.au/world/coronavirus/pm-backtracks-on-mandatory-vaccine-comments/news-story/d113bd48509db44a9c1210fc8d620a08](https://www.news.com.au/world/coronavirus/pm-backtracks-on-mandatory-vaccine-comments/news-story/d113bd48509db44a9c1210fc8d620a08)

>Australia’s Prime Minister Scott Morrison has backtracked on comments he made saying that he planned to make coronavirus vaccinations as mandatory as possible.  
>  
>“Can I be really clear to everyone? It’s not going to be compulsory to have the vaccine, OK?” Morrison said Wednesday on [Australian radio station 2GB](https://www.2gb.com/prime-minister-rejects-compulsory-covid-19-vaccine/).   
>  
>Morrison thought there had been a bit of an “overreaction” to the comments he made earlier that day on [Australian radio station 3AW](https://www.3aw.com.au/scott-morrison-expects-covid-19-vaccine-will-be-as-mandatory-as-you-can-possibly-make-it/), when he stated that he expected to make a vaccine “as mandatory as you can possibly make it.”  
>  
>He said there would be “a lot of encouragement and measures to get as high a rate of acceptance as usual.”  
>  
>The Australian leader has since said, however, that there are no mechanisms in place to ensure coronavirus vaccinations are compulsory for Australian citizens. “We can’t hold someone down and make them take it,” Morrisson told 2GB later in the day.",yzq12,0.75,/r/VaccineDiscussion/comments/icrej0/prime_minister_of_australia_now_says_covid/,t5_11zwbe
57,Coronavirus vaccine test opens with 1st doses,2,fjpcb7,https://abcnews.go.com/Business/wireStory/coronavirus-vaccine-test-opens-us-volunteer-1st-shot-69624041,4,2020-03-16 14:04:43,,yzq12,1.0,/r/VaccineDiscussion/comments/fjpcb7/coronavirus_vaccine_test_opens_with_1st_doses/,t5_11zwbe
58,Robin Swann concerned by rise in Covid-19 cases North Ireland,1,olcjbv,https://www.reddit.com/r/VaccineDiscussion/comments/olcjbv/robin_swann_concerned_by_rise_in_covid19_cases/,1,2021-07-16 04:16:38,"&#x200B;

https://preview.redd.it/iris4jym9jb71.png?width=976&format=png&auto=webp&s=813ae965b26b8bad95dfd31c70a2bebadabd7c23

 There are 80 patients being treated for coronavirus in hospitals and two people are in intensive care. The highest incidence rate is in the Derry City and Strabane District council area, with 372 positive cases per 100,000. 

 Almost three-quarters of the positive cases across Northern Ireland are in people aged 39 or younger.  Mr Swann said: ""We have seen the numbers climb in recent weeks but today's spike in cases is cause for concern. 

 Covid-19 has left many with debilitating long-term health issues - don't put yourself at risk, get the vaccine. More than [**1,000 new cases of Covid-19 have been reported**](https://www.bbc.co.uk/news/uk-northern-ireland-57853951) over the past 24 hours. """,Missmorgan45,0.67,/r/VaccineDiscussion/comments/olcjbv/robin_swann_concerned_by_rise_in_covid19_cases/,t5_11zwbe
59,What do you think of this roadmap of european commission and WHO ?,1,p7djw8,https://www.reddit.com/r/VaccineDiscussion/comments/p7djw8/what_do_you_think_of_this_roadmap_of_european/,8,2021-08-19 08:08:51,"What do you think of this roadmap of european commission and WHO (and others) ?  

It's an OFFICIAL roadmap for a coronavirus pandemic.  

[https://ec.europa.eu/health/sites/default/files/vaccination/docs/2019-2022\_roadmap\_en.pdf](https://ec.europa.eu/health/sites/default/files/vaccination/docs/2019-2022_roadmap_en.pdf)  

[https://ec.europa.eu/health/vaccination/ev\_20190912\_en](https://ec.europa.eu/health/vaccination/ev_20190912_en)  

[https://ec.europa.eu/health/sites/default/files/vaccination/docs/ev\_20190912\_rt1\_en.pdf](https://ec.europa.eu/health/sites/default/files/vaccination/docs/ev_20190912_rt1_en.pdf)

Those documents are dated on september 2019, 3 months before the 1st COVID case. You can check it on [ec.europa.eu](https://ec.europa.eu) website  
It already speaks about world vaccine passport, what will be misinformations, studies on vaccin trust in the world, how to manage information via Google Twitter Facebook.

Those documents CLEARLY say that they were prepared for a world pandemic.  
I don't say in any means that they created covid or whatever, I'm affirming by those sources that they were fully prepared right before (2months) the pandemic, and they knew how to manage this pandemic, and how to use it.   
And, whether it was an hypothetical or known arriving pandemic, they are following this particular roadmap, in time.  


Let's discuss about this

Edit:typo",karjin2,0.6,/r/VaccineDiscussion/comments/p7djw8/what_do_you_think_of_this_roadmap_of_european/,t5_11zwbe
60,"Studies find Pfizer vaccine 72-75% effective against even the worst variant of concern, and over 9o% effective against severe illness from any variant",1,n5tj56,https://www.reddit.com/r/VaccineDiscussion/comments/n5tj56/studies_find_pfizer_vaccine_7275_effective/,25,2021-05-05 19:19:53,[https://www.nytimes.com/2021/05/05/health/coronavirus-pfizer-vaccine-variants.html](https://www.nytimes.com/2021/05/05/health/coronavirus-pfizer-vaccine-variants.html),yzq12,0.6,/r/VaccineDiscussion/comments/n5tj56/studies_find_pfizer_vaccine_7275_effective/,t5_11zwbe
61,Reaching herd immunity unlikely in US,1,n4swyu,https://www.reddit.com/r/VaccineDiscussion/comments/n4swyu/reaching_herd_immunity_unlikely_in_us/,9,2021-05-04 12:40:46,# [https://www.boston.com/news/coronavirus/2021/05/02/reaching-herd-immunity-unlikely-in-us](https://www.boston.com/news/coronavirus/2021/05/02/reaching-herd-immunity-unlikely-in-us),Tradition_Important,0.67,/r/VaccineDiscussion/comments/n4swyu/reaching_herd_immunity_unlikely_in_us/,t5_11zwbe
62,"Denmark passed bill authorizing mandatory coronavirus vaccines, despite the fact that no vaccine has been developed yet",1,fjo6ih,https://www.reddit.com/r/VaccineDiscussion/comments/fjo6ih/denmark_passed_bill_authorizing_mandatory/,1,2020-03-16 12:57:11,[https://www.thelocal.dk/20200313/denmark-passes-far-reaching-emergency-coronavirus-law](https://www.thelocal.dk/20200313/denmark-passes-far-reaching-emergency-coronavirus-law),yzq12,1.0,/r/VaccineDiscussion/comments/fjo6ih/denmark_passed_bill_authorizing_mandatory/,t5_11zwbe
63,"Johnson & Johnson announced Wednesday its early-stage human trial for a potential coronavirus vaccine will begin in the second half of July, earlier than its initial forecast of September.",1,had40g,https://www.cnbc.com/2020/06/10/johnson-johnson-to-begin-human-trials-for-coronavirus-vaccine-in-late-july-earlier-than-expected.html,0,2020-06-16 17:23:44,,yzq12,1.0,/r/VaccineDiscussion/comments/had40g/johnson_johnson_announced_wednesday_its/,t5_11zwbe
64,"COVID-19 vaccines are “flame retardants, not impenetrable firewalls, when it comes to the coronavirus. Some vaccinated people are still getting infected, and a small subset of these individuals is still getting sick - and this is completely expected.”",1,op1fqj,https://www.theatlantic.com/science/archive/2021/07/coronavirus-breakthrough-infections/619416/,2,2021-07-21 19:11:28,,vaxxerman,0.55,/r/VaccineDiscussion/comments/op1fqj/covid19_vaccines_are_flame_retardants_not/,t5_11zwbe
65,US intelligence community warns of devastating long-term impact of coronavirus pandemic,1,mq4vyz,https://www.cnn.com/2021/04/13/politics/us-intel-report-coronavirus/,2,2021-04-13 11:43:19,,Glittering_Layer_681,0.67,/r/VaccineDiscussion/comments/mq4vyz/us_intelligence_community_warns_of_devastating/,t5_11zwbe
66,Harvard’s Joseph Allen says it’s time to ‘start embracing’ vaccine mandates,1,ox7k2q,https://www.reddit.com/r/VaccineDiscussion/comments/ox7k2q/harvards_joseph_allen_says_its_time_to_start/,6,2021-08-03 12:51:29,[https://www.boston.com/news/coronavirus/2021/08/03/joseph-allen-covid-vaccine-mandates/?p1=hp\_featurestack](https://www.boston.com/news/coronavirus/2021/08/03/joseph-allen-covid-vaccine-mandates/?p1=hp_featurestack),Tradition_Important,0.57,/r/VaccineDiscussion/comments/ox7k2q/harvards_joseph_allen_says_its_time_to_start/,t5_11zwbe
67,can someone explain why the US has a patent on the Coronavirus??? More info if you go to google patents and type in the number,0,fsg8fq,https://i.redd.it/r5c9n52ud1q41.jpg,3,2020-03-31 12:40:02,,jackstack2491,0.5,/r/VaccineDiscussion/comments/fsg8fq/can_someone_explain_why_the_us_has_a_patent_on/,t5_11zwbe
68,Human challenge trials of COVID vaccine being considered in US,0,jlts5s,https://www.reddit.com/r/VaccineDiscussion/comments/jlts5s/human_challenge_trials_of_covid_vaccine_being/,0,2020-10-31 21:01:31,"[https://abc7news.com/coronavirus-vaccine-human-challenge-trials-covid-19-research-united-kingdom/7430280/](https://abc7news.com/coronavirus-vaccine-human-challenge-trials-covid-19-research-united-kingdom/7430280/)

>""We don't know how much virus to give people, or whether it's enough or too much. Whether giving them virus is different than how they naturally acquire the virus,"" said Dr. Maldonado.  
Another Stanford colleague, Dr. Phil Grant, believes there are ethical lines when dealing with a virus as new as COVID-19.  
  
>  
>""For me even if participants were willing to undergo challenge, that would go beyond what I would consider a reasonable risk,"" said Dr. Grant.  
  
>  
>But supporters argue that new coronavirus treatments like the monoclonal antibody drug given to President Donald Trump are evidence of a changing landscape that could make a challenge trial safer. And with standard trials advancing or nearing completion, supporters believe smaller challenge trials could help scientists hone in on the most effective vaccines more quickly.",yzq12,0.5,/r/VaccineDiscussion/comments/jlts5s/human_challenge_trials_of_covid_vaccine_being/,t5_11zwbe
69,Dr. Paul Offit and ZDoggMD on coronavirus vaccine,0,g216pz,https://www.youtube.com/watch?v=cbTNPsbAThk,0,2020-04-15 17:29:22,,yzq12,0.5,/r/VaccineDiscussion/comments/g216pz/dr_paul_offit_and_zdoggmd_on_coronavirus_vaccine/,t5_11zwbe
70,"CALIFORNIA COVID VACCINE INFO <= update April 6, 2021",0,mljuyh,https://www.reddit.com/r/VaccineDiscussion/comments/mljuyh/california_covid_vaccine_info_update_april_6_2021/,0,2021-04-06 15:38:50,"VACCINE INFO => I’ve updated new links and Kaiser's phone number for vaccine booking on the Medium link.

[https://bebe-jacobs.medium.com/when-is-it-finally-my-turn-california-50a3c8102617](https://bebe-jacobs.medium.com/when-is-it-finally-my-turn-california-50a3c8102617)

Starting April 6, anyone 16 years or older (with underlying health conditions) will be eligible to schedule a #COVID19 vaccination appointment at UC Davis Health.  
  [https://health.ucdavis.edu/coronavirus/covid-19-vaccine/my-turn/eligibility-acknowledgement.html](https://health.ucdavis.edu/coronavirus/covid-19-vaccine/my-turn/eligibility-acknowledgement.html)   
 

UC Davis Health patients can schedule here: [https://ucdavis.health/3sOOR7o](https://ucdavis.health/3sOOR7o)   
 

NON-UC Davis Health patients can schedule here: [https://ucdavis.health/3mjLItY](https://ucdavis.health/3mjLItY)",BeBeJacobs,0.33,/r/VaccineDiscussion/comments/mljuyh/california_covid_vaccine_info_update_april_6_2021/,t5_11zwbe
