,title,score,id,url,comms_num,created,body,author,upvote_ratio,permalink,subreddit_id
0,"I'm surprised and upset by the differing understandings and opinions of friends and family from different countries, on the vaccine - slight outsider's perspective",7,olmabm,https://www.reddit.com/r/VaccineDiscussion/comments/olmabm/im_surprised_and_upset_by_the_differing/,9,2021-07-16 14:00:31,"I'm a US citizen living in the UK. Vaccines only just became available to my husband and my age group recently, so we only have our first dose.

I'll be totally honest and say that I was nervous about getting it. I didn't jump at the first opportunity, which was actually AstraZeneca as I was eligible while living in Scotland briefly at one point over the winter - this was right around the time the side effects became a concern, and I fell pretty much right into the health profile of those most at risk for it. I rejected the appointment and just days after, they stopped giving it to our age group. I wound up moving back to London and was no longer eligible for any vaccine on the same niche basis, so I had to wait. 

Around this time, my family in America were shocked that I would deny any opportunity for a vaccine at all and were trying everything that they could to encourage me to get it. I just wanted to wait, and see, and while I was waiting it was taken off the market for me. I'm glad that I made that decision. 

My friends and family in the UK were less gung-ho and a lot more open to debate and conversation. Pretty much everyone that I knew felt uncomfortable with not knowing the long-term effects of the vaccine, the possibility of vaccine passports, mandates, and so on. I'll say that most of these people are now vaccinated with at least one dose, some two, nobody wasn't going to get, they just had understandable skepticism.

My husband and I did just get vaccinated, we're a week or two after a lot of our peers because we were ill one week (might have been covid) and had a lot of busy plans another. I guess I'm glad to have started the process and gotten it out of the way but never before have I felt more social and political pressure from my American tribe. 

The big drama at the moment revolves around a wedding on the west coast. My husband and I are flying to the US, quarantining in the east to visit my parents and some friends while we have the chance, and then flying again to the west for this thing. My parents were the first to go absolutely ballistic about our vaccination status, at one point my mother even called us in a fit saying that we MUST be double vaccinated or else we can't stay in their home. Period. We're all going to the same wedding and the hosts have decided that they'll be separating all unvaccinated guests (basically two other people, and us) and there's a lot of drama surround *why* these people aren't vaccinated. They aren't requiring any of the guests to test prior to the event even though many of them will be partaking in air travel that also doesn't require prior testing within the US.

I've resolved the situation with my parents after having a calm conversation about the facts and protocols. My husband and I are required to have a negative test to board our flight to the US. Upon arrival, we have quarantine arrangements for seven days. At the end of which, we'll take another test.

I can't figure out the wedding situation... and my mother has already ruined accommodation arrangements with some other family by telling them that we're *unvaccinated* even though we've both had a dose of Moderna and will be testing before and after our domestic flight. 

My family in the US is pretty liberal, and I used to consider myself the same but they basically all take only government words or information put out by pharmaceutical companies alone, they haven't even looked into the possibility of any other concern being legitimate. They believe that vaccine = total protection, no possibility of catching or transmitting - or that the tiny shred of possibility that these companies have published is accurate.

I live at the epicenter of the Delta variant. I do have some friends who are double vaccinated, one of them a while back due to increased risk for something, and two of these friends have gotten covid, full-blown, not the possible ""mild illness"" that is promised with full vaccination. I've explained this to my family and they just don't believe me. 

The UK is about to open up, but they've shelved the possibility of vaccine passports at the moment, and everyone regardless of vaccination status is still subject to testing for travel, because they recognize that even though vaccines still offer some protection, this isn't the end and there very well may come another variant that is even more resistant to the vaccine. Pretty much everyone that I speak to shares this understanding and acceptance, yet, we're going about with our lives because a lot of us in the city are young, and will be ok.

In the US, it really does seem like everyone that I speak to is adamant that the vaccine is the way, that it offers full protection, that you can't catch or spread the disease or that ""decreased risk"" is significant. The most shocking thing is the treatment that we're getting from friends and family who learn that we're only on our first dose. Maybe it's because we're on the timeline of our peers here that there isn't so much discrimination or skepticism towards those who don't yet have two, but my US family is treating it like hot gossip and using it against us (even though, we will literally keep testing before seeing my parents or going to these events). 

It's like the US doesn't believe in or understand the Delta variant. I'm surprised and dismayed with how heavily politicized it has gotten there as well.

My husband and I will both get our second dose of the vaccine, because, socially, we have to. Protection? I hope it works, but it hasn't worked for some of our friends. 

I'll also mention that I don't think that the UK is the high and mighty golden standard here. When I moved a year ago, pandemic in full swing, all I knew was that the US was in total shambles, via the news. It was all anyone talked about, there or here, how bad the US covid situation was. When I got to the UK? It was chaos, restaurants were wide open, only a few people wore masks in stores, it was like it hadn't even happened but it was in the midst of driving itself into a second wave. The news never talked about how the UK was an absolute mess with it either because the US news always took the top slot... leaving people here to think that they were doing better than the states, even though I witnessed firsthand that they were not.

Has anyone else had this experience? Either through being between countries throughout this crazy year and a half or through having friends with varying perspectives around the globe? Does my impression sound accurate to you? If so, what do you think is causing such a militant, black and white attitude about vaccines in the US, while the outlook is so different in the UK?",pigstakeflight,0.82,/r/VaccineDiscussion/comments/olmabm/im_surprised_and_upset_by_the_differing/,t5_11zwbe
