,title,score,id,url,comms_num,created,body,author,upvote_ratio,permalink,subreddit_id
0,"U.S. government secures 100 million doses of Pfizer, BioNTech vaccine for $2 billion: The U.S. has already ordered experimental shots developed by the University of Oxford and AstraZeneca Plc. The vaccine would be available to the American people for free, according to the government.",24,hvu8jd,https://fortune.com/2020/07/22/pfizer-biontech-coronavirus-vaccine-purchase/,19,2020-07-22 09:58:10,,dannylenwinn,0.96,/r/Vaccine/comments/hvu8jd/us_government_secures_100_million_doses_of_pfizer/,t5_36bc6
1,Recently received first dose of COVID vaccine trials (AstrazaZeneca) AMA,16,kfdwyc,https://www.reddit.com/r/Vaccine/comments/kfdwyc/recently_received_first_dose_of_covid_vaccine/,14,2020-12-17 23:18:00,"I am a 30M (healthy weight, no health conditions) who recently received first dose of COVID vaccine through the AstraZeneca vaccine trials in NYC. I subsequently took an antibody test to confirm I received the vaccine and not the placebo.

Ask Me Anything!
_______________________________________
My story:
I had previously tried signing up for previous COVID vaccine trials for Moderna and Pfizer but was not chosen to participate. My handler told me that AstraZeneca had screwed up the initial Phase III trials and was scrambling to find participants last minute. I was told that I was chosen because I have been fairly active through this pandemic having traveled to multiple countries and states living a nomadic lifestyle and therefore at a high risk of exposure.

Before the trials, I was given an info packet and asked to sign multiple waivers then had an initial phone screening with one of the lab interns. I then scheduled my first dose of the vaccine a week later that occurred this past Saturday (12/12) at Columbia University medical center in Washington Heights. 

The entire visit took ~2 hours during which I was asked to fill out more forms and had a long discussion about what to expect. They then gave me a nasal swap to test for COVID (negative) and took 2 vials of blood. After some more waiting around, I was finally given the vaccine (a small shot that was delivered to the nurse in a brown bag from a lower floor). It was quick, relatively painless and forgettable.

I started to experience symptoms starting the next day (slight fever at 99.5 degrees and lethargy but nothing serious). In addition, the injection site grew very sore to the point where picking up anything heavy was painful (worst symptom IMO). The symptoms got worse over the next two days then disappeared though the fever and lethargy would come and go. By the way, I confirmed I had the vaccine through an antibody test a few days ago that I just received results for today (previous antibody test in summer was negative). There was a 2/3 chance I got the vaccine, 1/3 placebo.

I have been in near constant touch with the vaccine administrators to discuss symptoms and have scheduled my second dose on Jan 9th. I'll post an update to this then.",deezsnyder,1.0,/r/Vaccine/comments/kfdwyc/recently_received_first_dose_of_covid_vaccine/,t5_36bc6
2,Unsure about second astra Zeneca dose.,11,nltghx,https://www.reddit.com/r/Vaccine/comments/nltghx/unsure_about_second_astra_zeneca_dose/,24,2021-05-26 18:40:13,"25 year old here and I’m due to get my second dose of the astra Zeneca vaccine soon, however I’m a bit nervous with everything surrounding this particular vaccine. I’m in no way anti-vax but covid and the vaccinations don’t sit well with me. 
I quite regret getting my first as I felt a bit pressured into getting it. 
Unsure what to do, my gut tells me not to but my head says fuck it, I’ve already had one shot, whatever’s in me already haha.",eoiill,1.0,/r/Vaccine/comments/nltghx/unsure_about_second_astra_zeneca_dose/,t5_36bc6
3,EU advises against second AstraZeneca shot for people with blood clots,8,niseyr,https://www.reuters.com/business/healthcare-pharmaceuticals/eu-regulator-advices-against-second-astrazeneca-shot-those-with-blood-clots-2021-05-21/,2,2021-05-22 17:20:51,,ExcitingPush,1.0,/r/Vaccine/comments/niseyr/eu_advises_against_second_astrazeneca_shot_for/,t5_36bc6
4,"Italy halts the use of AstraZeneca’s vaccine in those under 60, and other news from around the world.",8,o511jm,https://www.nytimes.com/2021/06/11/world/italy-astrazeneca-covid-vaccine.html,1,2021-06-21 13:51:27,,ExcitingPush,1.0,/r/Vaccine/comments/o511jm/italy_halts_the_use_of_astrazenecas_vaccine_in/,t5_36bc6
5,Will AstraZeneca or other companies be liable for blood clots?,7,ns21o4,https://www.reddit.com/r/Vaccine/comments/ns21o4/will_astrazeneca_or_other_companies_be_liable_for/,8,2021-06-04 06:37:23,Since I read somewhere that there was a link between AstraZeneca and blood clots and I also read that companies are somewhat not liable for consequences then I would like to know if they will be liable for these cases. I read that some people at the age of 30 died because of these blood clots. Will AstraZeneca face charges for this?,Nightkickman,1.0,/r/Vaccine/comments/ns21o4/will_astrazeneca_or_other_companies_be_liable_for/,t5_36bc6
6,Trying to decide which vaccine for my second dose,5,nxfoff,https://www.reddit.com/r/Vaccine/comments/nxfoff/trying_to_decide_which_vaccine_for_my_second_dose/,2,2021-06-11 09:12:50,"I recieved AstraZeneca as my first vaccine several months ago, however because of the blood clotting issues the health board has decided here that we can choose between AstraZeneca, Pfizer, or Moderna for our second dose. My question is, should I recieved AstraZeneca again, and if not which do you all think is the better alternative?",dakotaclarke33,1.0,/r/Vaccine/comments/nxfoff/trying_to_decide_which_vaccine_for_my_second_dose/,t5_36bc6
7,Coronavirus vaccine status: Pfizer's vaccine could be ready by Christmas before Oxford-AstraZeneca's,5,jk49v8,https://www.livemint.com/news/world/coronavirus-vaccine-status-pfizer-vaccine-could-be-ready-by-christmas-before-oxford-astrazeneca-11603944920875.html,0,2020-10-29 01:20:22,,Tubaai,1.0,/r/Vaccine/comments/jk49v8/coronavirus_vaccine_status_pfizers_vaccine_could/,t5_36bc6
8,Sinovac vs no vaccine,5,ojmmdq,https://www.reddit.com/r/Vaccine/comments/ojmmdq/sinovac_vs_no_vaccine/,4,2021-07-13 15:12:10,"Since there are only three vaccine brands available in my country:
1. Sinovac (most commonly used)
2. AstraZeneca (Not as commonly used)
3. Moderna (Reserved for healthcare workers)
Should I get the Sinovac first while waiting for the other vaccines to come (Pfizer) or just skip it? COVID cases here are bad. Would Sinovac be better than nothing? I can always get a booster shot from Pfizer or Moderna when it is available.",marieregally,1.0,/r/Vaccine/comments/ojmmdq/sinovac_vs_no_vaccine/,t5_36bc6
9,Regulators mull restricting Astrazeneca jab for under-40s over blood clot fears,4,mybify,https://www.cityam.com/regulators-mull-restricting-astrazeneca-jab-for-under-40s-over-blood-clot-fears/,1,2021-04-25 12:15:16,,Newsjunkeefromlondon,0.84,/r/Vaccine/comments/mybify/regulators_mull_restricting_astrazeneca_jab_for/,t5_36bc6
10,Biden drops AstraZeneca vaccine from latest donation,4,o6w0mv,https://www.politico.com/news/2021/06/21/biden-astrazeneca-vaccine-donation-scrapped-495342,0,2021-06-24 03:33:59,,ExcitingPush,0.71,/r/Vaccine/comments/o6w0mv/biden_drops_astrazeneca_vaccine_from_latest/,t5_36bc6
11,Are there any published papers available on AstraZeneca's covid 19 vaccine?,3,lvjmx1,https://www.reddit.com/r/Vaccine/comments/lvjmx1/are_there_any_published_papers_available_on/,4,2021-03-01 15:28:55,,aforakshit,0.72,/r/Vaccine/comments/lvjmx1/are_there_any_published_papers_available_on/,t5_36bc6
12,European Union signs contract with British pharmaceutical giant AstraZeneca to provide possible COVID-19 vaccine to its member states,5,ii83il,https://lasvegassun.com/news/2020/aug/27/the-latest-eu-signs-contract-with-british-drug-com/,1,2020-08-28 10:32:35,,dannylenwinn,1.0,/r/Vaccine/comments/ii83il/european_union_signs_contract_with_british/,t5_36bc6
13,AstraZeneca,4,knbc2c,https://www.reddit.com/r/Vaccine/comments/knbc2c/astrazeneca/,1,2020-12-30 16:32:32,"They say the efficacy of the AZ Vaccine is something inbetween 70-90% depending on the dosage. However, I am wondering what 70% means practicaly. Does it mean that after getring the vaccine, there is a 30% chance getting the virus? Or that there are  30 from 100 people vaccinated who will get infected? 
What happens, if i take both AZ vaccineshots, and let my blood test on antibodies (titer). If I have a lot of antibodies, can I still get infected with a 30% chance? or does it mean there is a 30% chance, to not build antibodies after the vaccination.

Thanks for helping me out.",mihoooo,1.0,/r/Vaccine/comments/knbc2c/astrazeneca/,t5_36bc6
14,How Europe soured on the AstraZeneca vaccine,3,p0b930,https://news.yahoo.com/how-europe-soured-on-the-astra-zeneca-vaccine-090034721.html,0,2021-08-08 04:52:07,,ExcitingPush,0.8,/r/Vaccine/comments/p0b930/how_europe_soured_on_the_astrazeneca_vaccine/,t5_36bc6
15,Blood clot from Astra zeneca?,3,mrasik,https://www.reddit.com/r/Vaccine/comments/mrasik/blood_clot_from_astra_zeneca/,2,2021-04-15 04:53:51,"My dad had taken the astra zeneca vaccine roughly a month ago, he's 56 but in very good health. A few days later his blood pressure increases and we eventually realise that the blood pressure is higher in one arm than another. Coincidentally this is the same arm that he had the vaccination in. He's been to the hospital but according to them nothing has happened but he's now afraid to get the second dose of the astra zeneca vaccine.",stretch_reza,1.0,/r/Vaccine/comments/mrasik/blood_clot_from_astra_zeneca/,t5_36bc6
16,AstraZeneca first dose Pfizer second dose reactions?,3,o14jw1,https://www.reddit.com/r/Vaccine/comments/o14jw1/astrazeneca_first_dose_pfizer_second_dose/,6,2021-06-16 09:12:32,"Had AZ for my first shot in April, getting my second shot Sunday with Pfizer. If you got this combo did you have any reaction on your second?

My first shot I has a slight fever and fatigue which was manageable, but the headache was so intense. Should I expect the same for my second dose?",epoch555,1.0,/r/Vaccine/comments/o14jw1/astrazeneca_first_dose_pfizer_second_dose/,t5_36bc6
17,Help!! Fatigued all the time.,4,p9723c,https://www.reddit.com/r/Vaccine/comments/p9723c/help_fatigued_all_the_time/,3,2021-08-22 01:48:48,"I had my first shot of the vaccine (Covishield - Indian version of the AstraZeneca Vax) in May. My second shot was about 4 days back. Ever since the first shot, I've felt extremely tired and sleepy all the time, and I've had to fight it with extra coffee every single day so I can get thru work (cos hey, I've got bills to pay). Plus, I've noticed some weight gain around the abdomen area and the thighs. Is this something that anyone else has observed or is it just me? Any recommendations on how i regain my energy?",pearlcurls,0.83,/r/Vaccine/comments/p9723c/help_fatigued_all_the_time/,t5_36bc6
18,Sore arm 3 weeks after Vaccine?,3,oe7iwr,https://www.reddit.com/r/Vaccine/comments/oe7iwr/sore_arm_3_weeks_after_vaccine/,3,2021-07-05 09:35:35,"Hi everyone,

I got my 2nd dose of AstraZeneca 3 weeks ago and my arm where I got the jab is still quite sore. It feels almost like a muscle pain like I’ve hurt it working out (I haven’t been working out). It hurts when I put my arm over my head to put on/take off my top and it hurts in my when I sleep on it too. 

In saying that, it’s not unbearably sore or anything, but not ideal either. Have any of you experienced this? Did anything help the pain to ease? 

-edited to add that I didn’t experience a sore arm for long after my first shot.

Thanks in advance :)",awishtheheartmakes,0.8,/r/Vaccine/comments/oe7iwr/sore_arm_3_weeks_after_vaccine/,t5_36bc6
19,Dark side of Russia’s Sputnik V sparks division in Brazil,3,ngvgv3,https://www.reddit.com/r/Vaccine/comments/ngvgv3/dark_side_of_russias_sputnik_v_sparks_division_in/,24,2021-05-20 05:20:01,"On April 26, after anonymous vote, Anvisa rejected the request initiated by ten Brazilian states on the  import of 30 million doses of Russian coronavirus vaccine Sputnik V.  The agency expressed concerns regarding the quality, effectiveness and  safety of the vaccine. The concerns were based on the lack of accurate  data on the development, testing and production of the vaccine, which  the Russian developer (Gamaleya National Center of Epidemiology and  Microbiology) failed to provide. Moreover, there was no or insufficient  information on the effectiveness of the vaccine, as well as its safety  and quality control standards. In its official statements Anvisa ensured  that it did not conduct its own microbiological study of the product  but only analyzed documentation provided by the Russian developer. For  this reason Antonio Barra Torres, head of Brazil’s federal health regulator Anvisa  claimed: “We will not allow millions of Brazilians to use a drug, the  effectiveness, quality and safety of which have not been confirmed.”

Russia-developed  vaccine Sputnik V that is called by Moscow nothing short of a miracle  and scientific breakthrough, has caused serious disagreements and even  division among politicians and federal health regulator, the Brazilian  National Health Surveillance Agency (Anvisa).

A  few days later three Brazilian states Bahia, Maranhão and Sergipe  represented new documents on the vaccine and demanded Anvisa to revise  the decision. However, the regulative body claimed the additional  information was, though, incomplete and upheld the decision. In  particular, Anvisa believes that Sputnik V contains adenoviruses able to  replicate, and it means the drug may harm recipients.

“The  data we evaluated shows the presence of replicating virus,” Gustavo  Mendes, general manager of medicines and biological products at Anvisa,  said at the press conference held in April. Moreover, Mendes noted that  Anvisa has analyzed the quality control documentation on other  adenovirus-based coronavirus vaccines, for instance, those made by  AstraZeneca and Johnson&Johnson, and found no evidence of  replication-competent viruses in those companies’ final products.  Gustavo Mendes added that Anvisa would not accept the vaccine until  further studies’ results indicating safety of vaccine are obtained.

In  April, the agency applied to Gamaleya National Center of Epidemiology  and Microbiology asking to answer about 100 questions. The volume of[ missing information ](https://www.gov.br/anvisa/pt-br/assuntos/noticias-anvisa/2021/analise-da-vacina-sputnik-v-nota-de-esclarecimento)was  important and was related to vaccine safety for the fetus, reproductive  organs, elderly people, those who have already contracted coronavirus,  the data on adenoviruses etc . The request ended with nothing.

Anvisa  also reported on the lack of detailed information on the 63 cases of  adverse effects and four deaths during the clinical trial. The Lancet  article on Sputnik V’s efficacy trial mentioned no serious adverse  effects or fatalities were deemed to be related to vaccination, reports [Science](https://www.sciencemag.org/news/2021/04/russias-covid-19-vaccine-safe-brazils-veto-sputnik-v-sparks-lawsuit-threat-and).

Despite  the fact that the worldwide standard has been intolerant for the  presence of replicating adenovirus in the vaccines, Russian developers  established an “acceptable” limit of 5000 replication-capable virus  particles per one dose and claimed that each dose of Sputnik V contains  “less than 100” such particles. “The limit for us is zero,” noted Anvisa  during the press conference.

Both  of the adenoviruses that make up Sputnik V, known as Ad5 and Ad26, are  churned out by cultured human cells called HEK293 cells. The  adenoviruses ferry the coronavirus spike gene to the vaccine recipient’s  cells, which then make spike, prompting an immune response. To stop the  adenoviruses from replicating once inside their human host, the vaccine  developers removed a gene they need for reproduction, called *E1*. The viruses can copy themselves in HEK293 cells, which are engineered to have a stand-in *E1*  gene, but they are not supposed to be able to replicate once they are  separated from the human cells and packaged in the final vaccine  product.

It’s long been known that Ad5 can on rare occasions acquire the *E1*  gene from the HEK293 cells, converting what is supposed to be a  crippled virus into RCA. Although adenoviruses typically cause mild  colds, they can rarely kill people, and immunocompromised people who  receive a vaccine that inadvertently contains RCAs could be at serious  risk.

Angela  Rasmussen, a virologist at the Vaccine and Infectious Disease  Organization at the University of Saskatchewan criticized Sputnik V on [Twitter](https://twitter.com/angie_rasmussen/status/1387397186372005893)  saying: “The Sputnik V vaccine Ad5 vector is evidently replication  competent. The makers apparently neglected to delete E1, so getting this  vaccine means being infected with live adenovirus 5. Hence Brazil’s  regulator correctly rejected it.”

Indeed,  the stakes are high. Russia’s Sputnik V has been authorized and  accepted in more than 60 countries that have adopted the vaccine and  shown their interest in the purchase, and despite the fact that neither  the World Health Organization nor the European Medicines Agency (EMA), a  regulative body responsible for medicine’s verification in Europe, have  not given their “green light” for Sputnik V yet.

Mr.  Mendes specified that many of the countries that have authorized  Sputnik V didn’t analyze the data themselves, but based their decision  on its existing approval by other countries. Many Brazilian scientists  have backed Anvisa’s decision, despite the urgency of the public-health  crisis in the country, where Covid-19 has killed over 400,000 people.

Some  other countries have cited similar problems connected with Russian  vaccine. Last month, Slovakia’s drug agency refused to authorize the  vaccine, saying that the developers of Sputnik V failed to provide 80%  of the requested data. Sputnik V’s developers have called Slovakia’s  decision an act of sabotage and breach of contract. The doubt in quality  and safety of Sputnik V was originated from Slovakia’s State Institute  for Drug Control (SUKL). Slovak regulative body concluded that the doses  supplied to the country do not match the samples examined by EMA.  “These vaccines have only the name in common,” the Slovak regulative  body concluded.

The  Brazilian politicians went further — they used justice to make pressure  upon Anvisa. The Brazilian Supreme Court has ordered Anvisa to justify  within 48 hours claims of missing documents needed to conduct a  conclusive analysis of Sputnik V. It was made on the request filed by  the authorities of the Maranhão state, which, like several other  provincial governments, is waiting for the decision on the Russian  vaccine.

Russian  Direct Investment Fund (RDIF) which financed the development and the  promotion of Sputnik V blamed Anvisa of spreading fake news and making  “false accusations” regarding the presence of replicating adenoviruses  in Sputnik V, threatening they would sue Anvisa.

[Source](https://democratic-europe.eu/2021/05/19/dark-side-of-russias-sputnik-v-sparks-division-in-brazil/)",Alex82smirnov,0.8,/r/Vaccine/comments/ngvgv3/dark_side_of_russias_sputnik_v_sparks_division_in/,t5_36bc6
20,What happens to vaccinated cells with the J&J/AstraZeneca,3,oaw2br,https://www.reddit.com/r/Vaccine/comments/oaw2br/what_happens_to_vaccinated_cells_with_the/,2,2021-06-30 08:14:44,"Do the vaccinated cells die? When?

Do the vaccinated cells undergo mitosis whatsoever?

What happens to your own DNA that’s on the inside of the nucleus and now sharing space with the spike DNA?",BecauseRotor,0.81,/r/Vaccine/comments/oaw2br/what_happens_to_vaccinated_cells_with_the/,t5_36bc6
21,Egypt to purchase 20 million doses of Sinopharm,3,muo8ls,https://www.reddit.com/r/Vaccine/comments/muo8ls/egypt_to_purchase_20_million_doses_of_sinopharm/,2,2021-04-20 07:27:55,"&#x200B;

https://preview.redd.it/pzj8e900dbu61.png?width=670&format=png&auto=webp&s=71e350002d582e27fa83a818940439ff04305b9d

On Tuesday Egypt has agreed to purchase 20 million doses of the COVID-19 vaccine produced by China’s Sinopharm and expects to receive a batch of 500,000 shots this month, its health ministry said

**The agreement boosts vaccination efforts in Egypt, which has a population of 100 million and has so far received a total of just over 1.5 million doses of Sinopharm and of the AstraZeneca shot.**  
Earlier this month, Egypt announced it was preparing to produce up to 80 million doses of the vaccine produced by China’s Sinovac.",itsanamoore,1.0,/r/Vaccine/comments/muo8ls/egypt_to_purchase_20_million_doses_of_sinopharm/,t5_36bc6
22,Exclusive: French health body to say mRNA vaccine should be used as second dose after AstraZeneca,3,mnwypo,https://www.reuters.com/article/us-health-coronavirus-france-vaccines-ex/exclusive-french-health-body-to-say-mrna-vaccine-should-be-used-as-second-dose-after-astrazeneca-idUSKBN2BV2W7,9,2021-04-09 23:16:42,,ExcitingPush,0.8,/r/Vaccine/comments/mnwypo/exclusive_french_health_body_to_say_mrna_vaccine/,t5_36bc6
23,"Hello i have this question which vaccine would you chosse to get protected from covid 19? Pfizer, moderna, astrazeneca, J&J i would chosse pfizer to be honest",3,mghfht,https://www.reddit.com/r/Vaccine/comments/mghfht/hello_i_have_this_question_which_vaccine_would/,14,2021-03-30 10:34:52,,PretendStaff1825,0.72,/r/Vaccine/comments/mghfht/hello_i_have_this_question_which_vaccine_would/,t5_36bc6
24,"AstraZeneca Battles Supply Chain Issues, Denies Claims Its Covid-19 Vaccine Is Largely Ineffective In Seniors",3,l5hqfl,https://onlinemarketingscoops.com/astrazeneca-battles-supply-chain-issues-denies-claims-its-covid-19-vaccine-is-largely-ineffective-in-seniors/,0,2021-01-26 11:39:26,,arminham1967,1.0,/r/Vaccine/comments/l5hqfl/astrazeneca_battles_supply_chain_issues_denies/,t5_36bc6
25,Why wasn't the blood clot issue in the AstraZeneca vaccine noticed during trials?,2,p8k3y0,https://www.reddit.com/r/Vaccine/comments/p8k3y0/why_wasnt_the_blood_clot_issue_in_the_astrazeneca/,4,2021-08-20 23:25:40,"If this vaccine was trialled properly, then wouldn't this side effect have been documented ?

Also, can anyone link me to the papers for the side effect testing for the vaccine? (During and after trials)

&#x200B;

Thanks,",Abject_Debt,0.67,/r/Vaccine/comments/p8k3y0/why_wasnt_the_blood_clot_issue_in_the_astrazeneca/,t5_36bc6
26,Duration for the 2nd dose of AstraZeneca covid vaccine(Covishield in India),2,nnsrct,https://www.reddit.com/r/Vaccine/comments/nnsrct/duration_for_the_2nd_dose_of_astrazeneca_covid/,2,2021-05-29 13:57:04,"Hi,

Initially the duration in India for 2nd dose of Covishield was 28 days but was later changed to 6-8 weeks. I read a few articles which said it provides better protection if taken between 6-8 weeks.

&#x200B;

Lately the Indian government has increased the duration to 84 days minimum(12 weeks). It is not very clear if it is based on some scientific evidence of better protection or due to vaccine shortage. While I agree that with data coming everyday, regulations are bound to change,  but the current situation in India, its very difficult for me to blindly trust the government. I am yet to read any article from a genuine source suggesting that 12 weeks wait is worth.

I am yet to take my 2nd dose and a local hospital has promised that they can give it after 54 days if I want even if the government portal doesn't allow. So, if there's actual evidence and if its worth it, Im okay to wait, but if shortage is the reason, I don't mind taking it in 4-6 weeks.

TLDR: Is it worth waiting for 12 weeks for astrezeneca shot or 6-8 weeks is fine (Considering the situation in India is pretty bad even now)?

Since I couldn't find anything about this subject online, I would be really grateful if someone with knowledge could help out here

PS: I agree there's a vaccine shortage and if me delaying my shot helps save lives, I don't mind, but the amount of vaccine wastage in my state is almost 38.45%(reported. Actually might be different) so I really don't think me taking my shot would be stealing someone else's shot.",ved_lo,1.0,/r/Vaccine/comments/nnsrct/duration_for_the_2nd_dose_of_astrazeneca_covid/,t5_36bc6
27,AstraZeneca to produce 90 million COVID-19 vaccine shots in Japan,2,l75fva,https://www.japantimes.co.jp/news/2021/01/28/national/science-health/astrazeneca-japan-shots/,0,2021-01-28 14:03:54,,dannylenwinn,1.0,/r/Vaccine/comments/l75fva/astrazeneca_to_produce_90_million_covid19_vaccine/,t5_36bc6
28,Timeline of Effects - AstraZeneca,2,n3qbp1,https://www.reddit.com/r/Vaccine/comments/n3qbp1/timeline_of_effects_astrazeneca/,4,2021-05-03 03:24:03,"I have an appointment for AstraZeneca a day before I take my exams. Can someone detail me the effects of the vaccine day-by-day following the shot? I just want to make sure I can handle it or that it wouldn't affect me taking my online exam. I'm well aware of the controversy surrounding AZ but my country is handling Covid poorly and this is the only available vaccine at this time -- So please, no comments on that if you can.",Cenariusf96,1.0,/r/Vaccine/comments/n3qbp1/timeline_of_effects_astrazeneca/,t5_36bc6
29,What countries are giving the Oxford/AstraZeneca vaccine?,2,npv64i,https://www.reddit.com/r/Vaccine/comments/npv64i/what_countries_are_giving_the_oxfordastrazeneca/,1,2021-06-01 10:22:18,,mattyjoe0706,1.0,/r/Vaccine/comments/npv64i/what_countries_are_giving_the_oxfordastrazeneca/,t5_36bc6
30,Getting vaccine after being in a trial,2,mbfxqg,https://www.reddit.com/r/Vaccine/comments/mbfxqg/getting_vaccine_after_being_in_a_trial/,2,2021-03-23 10:28:54,"Has anyone gotten vaccinated after being in a trial?  I am currently in the AstraZeneca trial in the US and am about 99.99% sure I received the vaccine. (After-shot symptoms fever, fatigue, etc.  New York has just allowed age 50 and above to be eligible for the vaccine.  Obviously I'll discuss this with the AstraZeneca team but I was wondering if anyone has opted to get the vaccine even after a trial. To be honest, I wasn't considering it but I know in the future there will be places and experiences that require proof of vaccination.  Also, with all the bad press AstraZeneca has gotten, I'm starting to wonder about its efficacy.",Rheinhold,1.0,/r/Vaccine/comments/mbfxqg/getting_vaccine_after_being_in_a_trial/,t5_36bc6
31,South Africa may swap or sell AstraZeneca's Covid-19 vaccine,2,lgxvoe,https://www.yahoo.com/news/south-africa-may-swap-sell-103242181.html,0,2021-02-10 11:52:04,,Havvocck2,1.0,/r/Vaccine/comments/lgxvoe/south_africa_may_swap_or_sell_astrazenecas/,t5_36bc6
32,The young Australians choosing to get the AstraZeneca COVID-19 vaccine,2,p1kxg4,https://www.reddit.com/r/Vaccine/comments/p1kxg4/the_young_australians_choosing_to_get_the/,0,2021-08-10 04:14:17,[https://www.abc.net.au/news/2021-08-10/young-people-getting-the-astrazeneca-covid-19-vaccine/100364024](https://www.abc.net.au/news/2021-08-10/young-people-getting-the-astrazeneca-covid-19-vaccine/100364024),Hopeful_Proof_1336,0.67,/r/Vaccine/comments/p1kxg4/the_young_australians_choosing_to_get_the/,t5_36bc6
33,whats the difference between the first and second dose of the astrazeneca vaccine?,2,o8hpel,https://www.reddit.com/r/Vaccine/comments/o8hpel/whats_the_difference_between_the_first_and_second/,1,2021-06-26 15:47:43,"Does the first dose contain the same components as the second one? Or are they different?

Is it the same vaccine just given twice for it to work?",ClownOcean97,1.0,/r/Vaccine/comments/o8hpel/whats_the_difference_between_the_first_and_second/,t5_36bc6
34,please help! ): (astrazeneca),1,nvjel9,https://www.reddit.com/r/Vaccine/comments/nvjel9/please_help_astrazeneca/,2,2021-06-08 20:57:58,so im 19 (f) and i'm a type one diabetic. i know im high risk and i have had the first astrazeneca vaccine. all of this stuff about blood clots and things have come out and i'm now extremely scared to get the second vaccine. i want to know what you guys would do or if anyone is in a similar situation to me? i want to be fully protected but i'm not even sure if the vaccine itself is safe. i'm really torn and quite scared. any help or advice is really appreciated <3,crumbcakee,1.0,/r/Vaccine/comments/nvjel9/please_help_astrazeneca/,t5_36bc6
35,"‘Nonsense’ to think about a new vaccine contract with AstraZeneca, top EU official says",1,nr4f38,https://www.cnbc.com/2021/05/26/astrazeneca-vaccine-eu-says-nonsense-to-think-about-new-contract.html,0,2021-06-03 00:03:42,,ExcitingPush,0.57,/r/Vaccine/comments/nr4f38/nonsense_to_think_about_a_new_vaccine_contract/,t5_36bc6
36,European Union denies claim it blocked shipment of 3.1 million AstraZeneca COVID vaccines,1,mm018o,https://www.reddit.com/r/Vaccine/comments/mm018o/european_union_denies_claim_it_blocked_shipment/,0,2021-04-07 07:32:58,"&#x200B;

https://preview.redd.it/c01363iylqr61.png?width=555&format=png&auto=webp&s=891845e0e64a7eb0185b11bfa745c80347cf2f42

 

On Tuesday Prime Minister Scott Morrison said 3.1 million doses of the vaccine had been blocked from importation while defending accusations his government's vaccine rollout had been botched.

However the EU denied responsibility after Reuters reported an Australian government source had told them the EU had blocked 3.1 million shots of the vaccine.

The chief spokesman for the European Commission – the EU's executive branch – told a press conference on Tuesday (local time) that the only vaccine export authorisation request that had been denied  to Australia was the highly publicised one of 250,000 doses of the AstraZeneca vaccine from Italy last month.

>""There was, at that point in time only one request, which had been refused, which is the well-known request to Australia but for much, much smaller quantities which dates now back quite some time and there has been no further development since then,"" spokesman Eric Mamer said.

""So we certainly cannot confirm any new decision to block vaccine exports to Australia or to any other country for that matter.""

The federal government said the commission was ""arguing semantics"" and was not approving Australia's vaccine orders or a request for a million doses to be sent to Papua New Guinea.

""If you're not approving, it's the same as effectively you're blocking,"" Treasurer Josh Frydenberg said.

""The Europeans have made absolutely clear in both their public and private statements that no further doses of AstraZeneca will be flowing until they've met their own orders domestically, so this is the problem we have.""",bacheleonor,1.0,/r/Vaccine/comments/mm018o/european_union_denies_claim_it_blocked_shipment/,t5_36bc6
37,Vaccine mix and match,1,o2yk0v,https://www.reddit.com/r/Vaccine/comments/o2yk0v/vaccine_mix_and_match/,1,2021-06-18 15:45:26," 

Hello, both of my parents (60) has received' Pfizer 'as the second dose after receiving' AstraZeneca' because that was not available in my home country at that time. However, since Canada is allowing mix and match they took Pfizer since they think that is a better vaccine. Mainly high officials in my home country were able to take 'Pfizer' and I think this has made them think these more. After looking up various articles, I am thinking that this combination actually results in greater antibody which is good. But again since there no official data or news on that I am really scared at this mix and match. I tried to talk to them and told them not to try 'mix and match' now however they did not listen because they were biased towards Pfizer.

Any information would be helpful in this regard. Like, do you anyone who is 60 or above 60 has to opt for this combination. FYI, they have no underlying diseases other than diabetes.",hayat67,1.0,/r/Vaccine/comments/o2yk0v/vaccine_mix_and_match/,t5_36bc6
38,Astrazeneca effects (HELP!),1,nqqo0r,https://www.reddit.com/r/Vaccine/comments/nqqo0r/astrazeneca_effects_help/,13,2021-06-02 13:03:49,"Hi, I'm 18 and did my first AstraZeneca shot about 2 weeks ago and I still have swollen axillary lymph nodes.

Is this normal? How long should I wait for this to back as normal?",Skeid9,0.99,/r/Vaccine/comments/nqqo0r/astrazeneca_effects_help/,t5_36bc6
39,Oxford-AstraZeneca Vaccine,1,kdyg4r,https://www.reddit.com/r/Vaccine/comments/kdyg4r/oxfordastrazeneca_vaccine/,6,2020-12-15 19:38:16,What happened to the Oxford-AstraZeneca covid vaccine? Did a rival sabotage them?,sabasimorgh,0.67,/r/Vaccine/comments/kdyg4r/oxfordastrazeneca_vaccine/,t5_36bc6
40,AstraZeneca's magnetic effects (?),0,o63jxw,https://www.reddit.com/r/Vaccine/comments/o63jxw/astrazenecas_magnetic_effects/,10,2021-06-22 22:27:22,"I know, I know, you're probably thinking ""that's TikTok bullshit"", and it's ok because I thought it was as well, but then... a friend of mine recorded a video of her sticking metallic tweezers in her mom's arm (the same arm she took AztraZeneca's vaccine.) I've searched for reliable sources to understand why does that happen, but I couldn't find anything but news articles saying it is a hoax. Well, the video she sent to me was not a hoax, she even removed all kinds of oils that could be on the skin, by the way, she's at medical school and I do biomedical research — we're not interested in misinformation — so, can anyone explain this? And if you find a scientific paper about it, I would like to read.

Thank you in advance :)

(and please, don't come with pseudoscientific conspirations, I want to understand — scientifically — why it happens)",djohle,0.5,/r/Vaccine/comments/o63jxw/astrazenecas_magnetic_effects/,t5_36bc6
41,Should I get a second vaccine?,0,p7x7cg,https://www.reddit.com/r/Vaccine/comments/p7x7cg/should_i_get_a_second_vaccine/,1,2021-08-20 03:17:15,"So here's the thing, I did a clinical trial back in November for the AstraZeneca Vaccine, and I was recently released from the trial in which they told me I got the actual vaccine over a placebo. 

The problem is fast forward to the present and it's been over 9 months since I've got the vaccine. I've done some research and most covid vaccines last 6-8 months, which probably means I've lost most immunity. 

So should I get a second one?",ninjapig001,0.5,/r/Vaccine/comments/p7x7cg/should_i_get_a_second_vaccine/,t5_36bc6
