,title,score,id,url,comms_num,created,body,author,upvote_ratio,permalink,subreddit_id
0,"Russia claims to have approved for use the first coronavirus vaccine. Vladimir Putin said the jab, developed by Moscow’s Gamaleya Institute, had received the green light from the country’s health ministry even as human trials were still going on. It will be called Sputnik V.",10,i7qep2,https://www.independent.co.uk/news/health/coronavirus-news-live-update-uk-covid-cases-deaths-lockdown-stats-test-latest-today-a9664151.html,3,2020-08-11 07:52:30,,dannylenwinn,1.0,/r/Vaccine/comments/i7qep2/russia_claims_to_have_approved_for_use_the_first/,t5_36bc6
1,Moderna Coronavirus Vaccine Could be Ready by December,7,jfwxeu,https://www.nbcboston.com/news/coronavirus/moderna-coronavirus-vaccine-could-be-ready-by-december/2214923/,2,2020-10-22 06:12:31,,_miles854_,0.9,/r/Vaccine/comments/jfwxeu/moderna_coronavirus_vaccine_could_be_ready_by/,t5_36bc6
2,"Johnson & Johnson one-shot coronavirus vaccine generates immune response, few side effects",7,kxl9fg,https://www.mercurynews.com/2021/01/14/johnson-johnson-one-shot-coronavirus-vaccine-generates-immune-response-few-side-effects-in-early-trials/,0,2021-01-14 21:47:55,,dannylenwinn,1.0,/r/Vaccine/comments/kxl9fg/johnson_johnson_oneshot_coronavirus_vaccine/,t5_36bc6
3,The U.S. will share an additional 20 million doses of domestically authorized coronavirus vaccines with the rest of the world by the end of June,7,nen2me,https://www.msn.com/en-us/news/politics/white-house-to-send-us-authorized-vaccines-overseas-for-first-time/ar-BB1gPLdw?ocid=msedgntp,0,2021-05-17 13:57:03,,dannylenwinn,0.9,/r/Vaccine/comments/nen2me/the_us_will_share_an_additional_20_million_doses/,t5_36bc6
4,Important Information : Most people who have coronavirus disease 2019 (COVID-19) recover completely within a few weeks. But some people — even those who had mild versions of the disease — continue to experience symptoms after their initial recovery.,7,n67by6,https://youtu.be/Up3aZnumii4,2,2021-05-06 09:31:02,,thoughtctrl_official,1.0,/r/Vaccine/comments/n67by6/important_information_most_people_who_have/,t5_36bc6
5,Coronavirus infections three times lower in double vaccinated people - REACT,5,oydjdi,https://www.imperial.ac.uk/news/227713/coronavirus-infections-three-times-lower-double/,2,2021-08-05 04:54:02,,ErwinFurwinPurrwin,0.78,/r/Vaccine/comments/oydjdi/coronavirus_infections_three_times_lower_in/,t5_36bc6
6,Christian missionaries tell Brazilian tribes: You’ll ‘turn into alligators’ if you get vaccinated for coronavirus,6,ll6zo7,https://deadstate.org/christian-missionaries-tell-brazilian-tribes-youll-turn-into-alligators-if-you-get-vaccinated-for-coronavirus/,1,2021-02-16 11:06:10,,MasterfulBJJ,1.0,/r/Vaccine/comments/ll6zo7/christian_missionaries_tell_brazilian_tribes/,t5_36bc6
7,I'm writing about anti-vaxxers who plan on getting the COVID vaccine,6,l6jm4d,https://www.reddit.com/r/Vaccine/comments/l6jm4d/im_writing_about_antivaxxers_who_plan_on_getting/,7,2021-01-27 19:54:58,"Hi! I'm a science journalist -- [www.IsobelWhitcomb.com](https://www.IsobelWhitcomb.com) \-- I'm looking to speak with people who are vaccine hesitant or anti-vax (or were in the past) and are still getting the coronavirus vaccine. If this sounds like you and you're interested in sharing your story, send me a private message, or email me through the form on my website. I've written for the NYTimes, Daily Beast, and Atlantic. This piece is set to come out in the Daily Beast. Thanks!",PenAndInk1,1.0,/r/Vaccine/comments/l6jm4d/im_writing_about_antivaxxers_who_plan_on_getting/,t5_36bc6
8,Coronavirus vaccine status: Pfizer's vaccine could be ready by Christmas before Oxford-AstraZeneca's,4,jk49v8,https://www.livemint.com/news/world/coronavirus-vaccine-status-pfizer-vaccine-could-be-ready-by-christmas-before-oxford-astrazeneca-11603944920875.html,0,2020-10-29 01:20:22,,Tubaai,0.84,/r/Vaccine/comments/jk49v8/coronavirus_vaccine_status_pfizers_vaccine_could/,t5_36bc6
9,The 2021 Pneumonia Vaccine and Preventing the Flu,6,mw0zna,https://www.reddit.com/r/Vaccine/comments/mw0zna/the_2021_pneumonia_vaccine_and_preventing_the_flu/,2,2021-04-22 05:29:00," 

https://preview.redd.it/8lzqnlii1pu61.jpg?width=1200&format=pjpg&auto=webp&s=9af8ba39e08bfb005681ce347b3ddde65bc670f6

**Does one need the Pneumonia vaccine?**  
Though it's a fact that not every time can these vaccines offer the utmost protection or prevent all cases, but they can surely elevate one's immunity and lower the chances of getting infected. In the worst-case scenario even if one gets affected after the vaccine, they will contract the mildest of all cases.  


Older adults or immunologically weak adults are more prone to contracting the disease resulting in a lung infection that makes it harder to breathe. Hence it is all that one refers to [**Pneumonia Vaccination Hampton Wick**](https://www.herbertshrive.co.uk/page/pneumococcal-vaccine) for future details about the vaccine.  


**The 2021 Pneumonia Vaccine and who needs it the most:** 

**Elderly people:** mostly recommend that people above the age of 65 years need to get the pneumonia vaccine. Also given the spread of the Noble coronavirus, it becomes even more necessary to safeguard the elderly. As one ages, the immunity system begins to dwindle hence making it an utmost need to get vaccinated. 

**Immunologically** **compromised**: Those with weakened immune systems have a decreased ability to fight off bugs like pneumonia. 

**Chronic diseases:** If there's the presence of any chronic diseases like heart disease, diabetes, emphysema, asthma, COPD (chronic obstructive pulmonary disease), and so on, there's a sure shot need for you to get a pneumonia vaccine. A visit to the 

Pneumonia Vaccination Richmond**,** shall give you a clear insight into the process of vaccination. 

**Smokers:** Chronic long time smokers are at risk of damaging the small hairs that line the insides of the lungs and help filter out germs. When they’re damaged, they lack their ability to stop those harmful germs.

**The right time to get the vaccine :**  
There is nothing known as the pneumonia season. One can get it almost anywhere, anytime.  The first step to knowing How to Prevent Pneumonia is to believe in the power of getting vaccinated. 

**Can these vaccines prevent the flu?**  
There's a predominant question in terms of Does the pneumonia vaccine prevent flu? In this regard, one needs to keep in mind that the flu often goes on to become pneumonia. A single vaccine can be quite beneficial in warding off both flu and Pneumonia.",herbertShrive,1.0,/r/Vaccine/comments/mw0zna/the_2021_pneumonia_vaccine_and_preventing_the_flu/,t5_36bc6
10,"For the people who is denying or sceptical about the pandemic, this is a coronavirus death rate chart race with the countries where more than 0.1% total population died by Covid-19.",5,nn3rtb,https://www.youtube.com/watch?v=Ix-CYC0QAlw,21,2021-05-28 14:05:18,,LastFM-160R,0.73,/r/Vaccine/comments/nn3rtb/for_the_people_who_is_denying_or_sceptical_about/,t5_36bc6
11,"Seven Indian pharmaceutical companies race to develop vaccine for deadly coronavirus: Bharat Biotech, Serum Institute, Zydus Cadila, Panacea Biotec, Indian Immunologicals, Mynvax and Biological E are among the domestic pharma firms working on the coronavirus vaccines in India.",4,hukdcd,https://health.economictimes.indiatimes.com/news/pharma/seven-indian-pharmaceutical-companies-race-to-develop-vaccine-for-deadly-coronavirus/77051473,0,2020-07-20 08:28:03,,dannylenwinn,1.0,/r/Vaccine/comments/hukdcd/seven_indian_pharmaceutical_companies_race_to/,t5_36bc6
12,Pfizer now claims its coronavirus jab is 95% effective.. days after Moderna's breakthrough | Breaking news,4,jwf32f,https://www.latest-news.org/2020/11/pfizer-now-claims-its-coronavirus-jab.html,0,2020-11-18 07:41:38,,LatestNewsuk,1.0,/r/Vaccine/comments/jwf32f/pfizer_now_claims_its_coronavirus_jab_is_95/,t5_36bc6
13,Do you believe the vaccine from China?,4,ml6mm3,https://www.reddit.com/r/Vaccine/comments/ml6mm3/do_you_believe_the_vaccine_from_china/,6,2021-04-06 04:01:56,"People in China have started to get the vaccine for free, most are from 18 to 59 years old, but just take it remmeber that there are some conditions that you can't get vaccines.

1. Those who are allergic to any component in the vaccine, and those who have had severe allergic reactions to the vaccine in the past, such as acute allergic reactions, urticaria, skin eczema, dyspnea, angioedema or abdominal pain;
2. Those with fever, acute disease, severe chronic disease, and those in the acute stage of chronic disease;
3. Pregnant women and breast-feeding women should have a childbirth plan within 3 months of vaccination;
4. Those with a history or family history of convulsions, epilepsy, encephalopathy or mental illness; those with uncontrolled epilepsy and other progressive neurological diseases, and those with a history of Guillain-Barré syndrome;
5. Has been diagnosed with congenital or acquired immunodeficiency, HIV infection, lymphoma, leukemia or other autoimmune diseases;
6. Those who are known or suspected of suffering from severe respiratory diseases, severe cardiovascular diseases, liver and kidney diseases, and malignant tumors;
7. Those who use immunomodulators such as anti-tumor drugs;
8. Those who have a history of new coronavirus infection;
9. Patients who have been vaccinated with other vaccines are not recommended to vaccinate the two vaccines at the same time. It is best to be separated from other vaccines for at least two weeks to minimize unintended interactions.
10. Those who are deemed unsuitable for vaccination by clinicians or vaccination staff.

Do you believe in the vaccine in USA or China?",Judi0528,1.0,/r/Vaccine/comments/ml6mm3/do_you_believe_the_vaccine_from_china/,t5_36bc6
14,Newsom: California to review any FDA-approved coronavirus vaccine before distributing,4,jfwxad,https://www.sfchronicle.com/politics/article/California-will-review-any-FDA-approved-15658951.php,0,2020-10-22 06:12:11,,_miles854_,1.0,/r/Vaccine/comments/jfwxad/newsom_california_to_review_any_fdaapproved/,t5_36bc6
15,South African variant partly escapes vaccine immunity. What will be the impact?,3,l7m4sw,https://www.reddit.com/r/Vaccine/comments/l7m4sw/south_african_variant_partly_escapes_vaccine/,1,2021-01-29 02:07:09,"Questions for my scientist friends. So the ""South African"" coronavirus variant has been shown to partly escape the effect of vaccine-produced antibodies, and now the press release from Novavax confirms that their vaccine's efficacy is also reduced from 90% in the UK to 60% in South Africa (where the strain is now dominant). Taking for granted other potential confounds with that comparison and assuming the numbers continue to hold, what do you think the global impact of this variant will be? I've seen estimates that it is roughly 70% more infectious. So, even if we assume the whole world gets vaccinated against the original strain, that would still leave us with a new strain that is potentially somewhere around 68% as infectious as the original strain was without vaccines.

Do you think that is enough to spark another pandemic (or perhaps simply continue the current one) even after the current vaccines are widely distributed?",itsbabygravy,1.0,/r/Vaccine/comments/l7m4sw/south_african_variant_partly_escapes_vaccine/,t5_36bc6
16,"CALIFORNIA COVID VACCINE INFO <= update April 6, 2021",3,mljun7,https://www.reddit.com/r/Vaccine/comments/mljun7/california_covid_vaccine_info_update_april_6_2021/,0,2021-04-06 15:38:25,"VACCINE INFO => I’ve updated new links and Kaiser's phone number for vaccine booking on the Medium link.

[https://bebe-jacobs.medium.com/when-is-it-finally-my-turn-california-50a3c8102617](https://bebe-jacobs.medium.com/when-is-it-finally-my-turn-california-50a3c8102617)

Starting April 6, anyone 16 years or older (with underlying health conditions) will be eligible to schedule a #COVID19 vaccination appointment at UC Davis Health.  
  [https://health.ucdavis.edu/coronavirus/covid-19-vaccine/my-turn/eligibility-acknowledgement.html](https://health.ucdavis.edu/coronavirus/covid-19-vaccine/my-turn/eligibility-acknowledgement.html)   
 

UC Davis Health patients can schedule here: [https://ucdavis.health/3sOOR7o](https://ucdavis.health/3sOOR7o)   
 

NON-UC Davis Health patients can schedule here: [https://ucdavis.health/3mjLItY](https://ucdavis.health/3mjLItY)",BeBeJacobs,1.0,/r/Vaccine/comments/mljun7/california_covid_vaccine_info_update_april_6_2021/,t5_36bc6
17,Bonus immunity after infection in vaccinated people?,3,o9dl8e,https://www.reddit.com/r/Vaccine/comments/o9dl8e/bonus_immunity_after_infection_in_vaccinated/,4,2021-06-28 01:15:46,"I was thinking about how vaccine efficacy seems to be higher in people who were already infected (pre-vaccine). Made sense to me, we are giving our bodies a tiny bit of information to produce an immune response, so the virus itself would be able to give a much more diverse representation of the ways our bodies could recognize. Once a recovered person gets vaccinated? Oh baby, they're unstoppable. Sure can still propagate and spread the virus but at a reduced rate and you don't get sick at all.

But this led me to think, could this process still continue after we have both our doses? Would someone who has been fully vaccinated and who is subsequently infected with the coronavirus be able to gain even more immunity?

https://preview.redd.it/ht3o85331y771.jpg?width=700&format=pjpg&auto=webp&s=ef61365dec1094479cfb6e0d8bd441155928ca5d",Genghis-_-John,1.0,/r/Vaccine/comments/o9dl8e/bonus_immunity_after_infection_in_vaccinated/,t5_36bc6
18,Dark side of Russia’s Sputnik V sparks division in Brazil,2,ngvgv3,https://www.reddit.com/r/Vaccine/comments/ngvgv3/dark_side_of_russias_sputnik_v_sparks_division_in/,24,2021-05-20 05:20:01,"On April 26, after anonymous vote, Anvisa rejected the request initiated by ten Brazilian states on the  import of 30 million doses of Russian coronavirus vaccine Sputnik V.  The agency expressed concerns regarding the quality, effectiveness and  safety of the vaccine. The concerns were based on the lack of accurate  data on the development, testing and production of the vaccine, which  the Russian developer (Gamaleya National Center of Epidemiology and  Microbiology) failed to provide. Moreover, there was no or insufficient  information on the effectiveness of the vaccine, as well as its safety  and quality control standards. In its official statements Anvisa ensured  that it did not conduct its own microbiological study of the product  but only analyzed documentation provided by the Russian developer. For  this reason Antonio Barra Torres, head of Brazil’s federal health regulator Anvisa  claimed: “We will not allow millions of Brazilians to use a drug, the  effectiveness, quality and safety of which have not been confirmed.”

Russia-developed  vaccine Sputnik V that is called by Moscow nothing short of a miracle  and scientific breakthrough, has caused serious disagreements and even  division among politicians and federal health regulator, the Brazilian  National Health Surveillance Agency (Anvisa).

A  few days later three Brazilian states Bahia, Maranhão and Sergipe  represented new documents on the vaccine and demanded Anvisa to revise  the decision. However, the regulative body claimed the additional  information was, though, incomplete and upheld the decision. In  particular, Anvisa believes that Sputnik V contains adenoviruses able to  replicate, and it means the drug may harm recipients.

“The  data we evaluated shows the presence of replicating virus,” Gustavo  Mendes, general manager of medicines and biological products at Anvisa,  said at the press conference held in April. Moreover, Mendes noted that  Anvisa has analyzed the quality control documentation on other  adenovirus-based coronavirus vaccines, for instance, those made by  AstraZeneca and Johnson&Johnson, and found no evidence of  replication-competent viruses in those companies’ final products.  Gustavo Mendes added that Anvisa would not accept the vaccine until  further studies’ results indicating safety of vaccine are obtained.

In  April, the agency applied to Gamaleya National Center of Epidemiology  and Microbiology asking to answer about 100 questions. The volume of[ missing information ](https://www.gov.br/anvisa/pt-br/assuntos/noticias-anvisa/2021/analise-da-vacina-sputnik-v-nota-de-esclarecimento)was  important and was related to vaccine safety for the fetus, reproductive  organs, elderly people, those who have already contracted coronavirus,  the data on adenoviruses etc . The request ended with nothing.

Anvisa  also reported on the lack of detailed information on the 63 cases of  adverse effects and four deaths during the clinical trial. The Lancet  article on Sputnik V’s efficacy trial mentioned no serious adverse  effects or fatalities were deemed to be related to vaccination, reports [Science](https://www.sciencemag.org/news/2021/04/russias-covid-19-vaccine-safe-brazils-veto-sputnik-v-sparks-lawsuit-threat-and).

Despite  the fact that the worldwide standard has been intolerant for the  presence of replicating adenovirus in the vaccines, Russian developers  established an “acceptable” limit of 5000 replication-capable virus  particles per one dose and claimed that each dose of Sputnik V contains  “less than 100” such particles. “The limit for us is zero,” noted Anvisa  during the press conference.

Both  of the adenoviruses that make up Sputnik V, known as Ad5 and Ad26, are  churned out by cultured human cells called HEK293 cells. The  adenoviruses ferry the coronavirus spike gene to the vaccine recipient’s  cells, which then make spike, prompting an immune response. To stop the  adenoviruses from replicating once inside their human host, the vaccine  developers removed a gene they need for reproduction, called *E1*. The viruses can copy themselves in HEK293 cells, which are engineered to have a stand-in *E1*  gene, but they are not supposed to be able to replicate once they are  separated from the human cells and packaged in the final vaccine  product.

It’s long been known that Ad5 can on rare occasions acquire the *E1*  gene from the HEK293 cells, converting what is supposed to be a  crippled virus into RCA. Although adenoviruses typically cause mild  colds, they can rarely kill people, and immunocompromised people who  receive a vaccine that inadvertently contains RCAs could be at serious  risk.

Angela  Rasmussen, a virologist at the Vaccine and Infectious Disease  Organization at the University of Saskatchewan criticized Sputnik V on [Twitter](https://twitter.com/angie_rasmussen/status/1387397186372005893)  saying: “The Sputnik V vaccine Ad5 vector is evidently replication  competent. The makers apparently neglected to delete E1, so getting this  vaccine means being infected with live adenovirus 5. Hence Brazil’s  regulator correctly rejected it.”

Indeed,  the stakes are high. Russia’s Sputnik V has been authorized and  accepted in more than 60 countries that have adopted the vaccine and  shown their interest in the purchase, and despite the fact that neither  the World Health Organization nor the European Medicines Agency (EMA), a  regulative body responsible for medicine’s verification in Europe, have  not given their “green light” for Sputnik V yet.

Mr.  Mendes specified that many of the countries that have authorized  Sputnik V didn’t analyze the data themselves, but based their decision  on its existing approval by other countries. Many Brazilian scientists  have backed Anvisa’s decision, despite the urgency of the public-health  crisis in the country, where Covid-19 has killed over 400,000 people.

Some  other countries have cited similar problems connected with Russian  vaccine. Last month, Slovakia’s drug agency refused to authorize the  vaccine, saying that the developers of Sputnik V failed to provide 80%  of the requested data. Sputnik V’s developers have called Slovakia’s  decision an act of sabotage and breach of contract. The doubt in quality  and safety of Sputnik V was originated from Slovakia’s State Institute  for Drug Control (SUKL). Slovak regulative body concluded that the doses  supplied to the country do not match the samples examined by EMA.  “These vaccines have only the name in common,” the Slovak regulative  body concluded.

The  Brazilian politicians went further — they used justice to make pressure  upon Anvisa. The Brazilian Supreme Court has ordered Anvisa to justify  within 48 hours claims of missing documents needed to conduct a  conclusive analysis of Sputnik V. It was made on the request filed by  the authorities of the Maranhão state, which, like several other  provincial governments, is waiting for the decision on the Russian  vaccine.

Russian  Direct Investment Fund (RDIF) which financed the development and the  promotion of Sputnik V blamed Anvisa of spreading fake news and making  “false accusations” regarding the presence of replicating adenoviruses  in Sputnik V, threatening they would sue Anvisa.

[Source](https://democratic-europe.eu/2021/05/19/dark-side-of-russias-sputnik-v-sparks-division-in-brazil/)",Alex82smirnov,0.67,/r/Vaccine/comments/ngvgv3/dark_side_of_russias_sputnik_v_sparks_division_in/,t5_36bc6
19,"Why are the world’s top vaccine promoters, frantically warning us about the unique and frightening dangers inherent in developing a coronavirus vaccine?",2,g1zm56,https://www.reddit.com/r/Vaccine/comments/g1zm56/why_are_the_worlds_top_vaccine_promoters/,1,2020-04-15 16:06:11,"From:

[https://childrenshealthdefense.org/news/heres-why-bill-gates-wants-indemnity-are-you-willing-to-take-the-risk/](https://childrenshealthdefense.org/news/heres-why-bill-gates-wants-indemnity-are-you-willing-to-take-the-risk/)

Why are the world’s top vaccine promoters, like Paul Offit and Peter Hotez, frantically warning us about the unique and frightening dangers inherent in developing a coronavirus vaccine?

Scientists first attempted to [develop coronavirus vaccines](https://www.ncbi.nlm.nih.gov/pubmed/22536382) after China’s 2002 SARS-CoV outbreak. Teams of US & foreign scientists vaccinated animals with the four most promising vaccines. At first, the experiment seemed successful as all the animals developed a robust antibody response to coronavirus. However, when the scientists exposed the vaccinated animals to the wild virus, the results were horrifying. Vaccinated animals [suffered hyper-immune responses](https://www.ncbi.nlm.nih.gov/pubmed/22536382) including inflammation throughout their bodies, especially in their lungs. Researchers had seen this same “enhanced immune response” during human testing of the [failed RSV vaccine tests](https://cvi.asm.org/content/23/3/189) in the 1960s. [Two children died](https://cvi.asm.org/content/23/3/189).

In this video footage, Offit, Hotez and even Anthony Fauci (in an unguarded moment), warn that any new coronavirus vaccine could trigger lethal immune reactions “vaccine enhancement” when vaccinated people come in contact with the wild virus. Instead of proceeding with caution, Fauci has made the reckless choice to [fast track](https://www.businesswire.com/news/home/20200316005666/en/Moderna-Announces-Participant-Dosed-NIH-led-Phase-1) vaccines, partially [funded by Gates](https://www.kiro7.com/news/local/bill-gates-says-foundation-will-invest-billions-fight-stop-covid-19/MMAFTSVGKZHPTEGYKEQKMRWTWU/), without critical [animal studies](https://www.statnews.com/2020/03/11/researchers-rush-to-start-moderna-coronavirus-vaccine-trial-without-usual-animal-testing/) before moving into human clinical trials that could provide early warning of runaway immune response.

Gates (in the video) is so worried about the danger of adverse events that he says vaccines shouldn’t be distributed until governments [agree to indemnity](https://www.cnbc.com/video/2020/04/09/watch-cnbcs-full-interview-with-microsoft-co-founder-bill-gates-on-past-pandemic-warnings.html?__source=iosappshare%7Ccom.apple.UIKit.activity.Mail&fbclid=IwAR0RG79OtbdXUpY_ylULT6sY_Xo5D-cBQ0awSo6vGS19VnLGqB9z)against lawsuits. On February 4, 2020, according to the Centers for Disease Control (CDC) [website](https://www.cdc.gov/coronavirus/2019-ncov/cases-updates/cases-in-us.html), there were only [11 active CV cases](https://www.cdc.gov/coronavirus/2019-ncov/cases-updates/cases-in-us.html) in the USA, yet the U.S. quietly pushed through [Federal regulations](https://www.phe.gov/Preparedness/legal/prepact/Pages/COVID19.aspx) giving coronavirus vaccine makers full immunity from liability.",bitgun,0.75,/r/Vaccine/comments/g1zm56/why_are_the_worlds_top_vaccine_promoters/,t5_36bc6
20,Developing Coronavirus Vaccines Are Harming Shark Species,2,j1s7e0,https://www.sciencetimes.com/articles/27486/20200928/developing-coronavirus-vaccines-harming-shark-species.htm,1,2020-09-29 00:15:46,,honey_bees2020,0.75,/r/Vaccine/comments/j1s7e0/developing_coronavirus_vaccines_are_harming_shark/,t5_36bc6
21,"America is finally winning its fight against the coronavirus: Almost 60% of American adults have gotten at least one shot, and roughly 45% are fully vaccinated. The next step: vaxxing the 12- to 15-year-olds.",1,nblkn8,https://www.axios.com/coronavirus-cases-deaths-good-news-pandemic-dd3297c7-4b54-460b-93ca-45389f5d6389.html,6,2021-05-13 13:05:36,,dannylenwinn,0.53,/r/Vaccine/comments/nblkn8/america_is_finally_winning_its_fight_against_the/,t5_36bc6
22,The most promising coronavirus vaccine you’ve never heard of,2,mzxnxz,https://www.politico.com/news/2021/04/27/novavax-coronavirus-vaccine-484731,6,2021-04-27 16:22:02,,wewewawa,1.0,/r/Vaccine/comments/mzxnxz/the_most_promising_coronavirus_vaccine_youve/,t5_36bc6
23,Coronavirus doses,2,k8u29u,https://www.reddit.com/r/Vaccine/comments/k8u29u/coronavirus_doses/,10,2020-12-07 20:06:54,Do Health Experts know yet if the coronavirus with need to be taken every year in order to be effective? I haven’t heard anything on it. I heard it will need to be taken 2 times with a few days in between to be effective but not sure how long that immunity will last. I’m thinking about the Flu vaccine that needs to be taken every year because it mutates so it changes year by year.,JJ_gaget,1.0,/r/Vaccine/comments/k8u29u/coronavirus_doses/,t5_36bc6
24,Coronavirus Vaccination Rate: A Country to Country Comparison,2,lumzis,https://blog.nationalcoronavirushotline.com/coronavirus-vaccination-rate-a-country-to-country-comparison/,0,2021-02-28 13:37:44,,OmegaNutella,1.0,/r/Vaccine/comments/lumzis/coronavirus_vaccination_rate_a_country_to_country/,t5_36bc6
25,A VACCINE for Coronavirus? This is All we know right now.,2,girf2x,https://youtu.be/5pZTYE-BWKE,2,2020-05-12 23:56:32,,totallytonyavlogs,0.75,/r/Vaccine/comments/girf2x/a_vaccine_for_coronavirus_this_is_all_we_know/,t5_36bc6
26,White House Operation Warp Speed chief says that coronavirus variant 'should be under control' with vaccinations,1,kqbfzt,https://www.yahoo.com/news/white-house-operation-warp-speed-220801197.html,2,2021-01-04 10:57:13,,Havvocck2,1.0,/r/Vaccine/comments/kqbfzt/white_house_operation_warp_speed_chief_says_that/,t5_36bc6
27,"NO previous COVID experience, but worse side effects after first dose of Pfizer than after the second dose?",0,owxhme,https://www.reddit.com/r/Vaccine/comments/owxhme/no_previous_covid_experience_but_worse_side/,11,2021-08-03 02:20:18,"Hey all,

I hear that most people experience worse side effects after their second dose of Pfizer.
I also read that one would get worse side effect after the second dose because when the immune system first confronts coronavirus from the first dose, they don't know how to detect the virus nor have any antibodies against coronavirus in store (hence little to no side effects), but that the mRNA in the vaccine work up the immune system's ability to detect coronavirus and build up antibodies some time after that (probably in the time period between the first and the second dose), so by the time the second dose comes around the immune system is stocked up on the antibodies (read it in an article where an expert explained the vaccine side effects this way).
However, I experienced worse off effects after the first one. I had a bad headache (the kind of headache you get when you are sleep deprived, not at all like a normal headache or a migraine), fatigue, malaise, feeling sad, sore arm, and swelling on the injection area. I had no fever. The side effects lasted for about 3 days. I took panadol on the second day.
When I got my second dose, I only had a sore arm!
How does this happen if the Pfizer vaccine is BUILT in a way that will elicit a strong immune response only AFTER the second dose? 😞

Now I also read about how if you had COVID previously you can experience worse side effects after the first dose.
But I am sure I had no previous COVID experience as I was 
1. Never ill with a flu-like symptom 2019-2021.
2. I live with my family and all of them had worse side effects after their second dose of Pfizer. If I had COVID before, they should have also had worse side effects after their first dose, since they live with me and no one was in isolation.

I feel a little worried and left out that I only hear about people whose side effects were worse after their second dose of Pfizer.

Have anyone experienced worse side effects after their first dose of Pfizer with no previous COVID exposure?
And does anyone have any possible explanation or theory about why some people with no COVID experience might have worse side effects on their first dose of Pfizer?

Thank you",Antoinette5555,0.5,/r/Vaccine/comments/owxhme/no_previous_covid_experience_but_worse_side/,t5_36bc6
28,"SinoVac says coronavirus vaccine ready by early 2021; “Our goal is to provide the vaccine to the world including the U.S., EU and others,” Yin said. 'regulations in the US, EU, Japan and Australia have historically blocked the sale of Chinese vaccines. But Yin said that could change.'",0,j3eznb,https://www.clickorlando.com/business/2020/09/24/chinese-company-says-coronavirus-vaccine-ready-by-early-2021/,1,2020-10-01 15:05:55,,dannylenwinn,0.5,/r/Vaccine/comments/j3eznb/sinovac_says_coronavirus_vaccine_ready_by_early/,t5_36bc6
29,Scientists concerned that 7 newly discovered US coronavirus variants could be more contagious,0,lkj2hz,https://www.yahoo.com/news/scientists-concerned-7-newly-discovered-020558303.html,1,2021-02-15 13:00:08,,Havvocck2,0.5,/r/Vaccine/comments/lkj2hz/scientists_concerned_that_7_newly_discovered_us/,t5_36bc6
