,title,score,id,url,comms_num,created,body,author,upvote_ratio,permalink,subreddit_id
0,"U.S. government secures 100 million doses of Pfizer, BioNTech vaccine for $2 billion: The U.S. has already ordered experimental shots developed by the University of Oxford and AstraZeneca Plc. The vaccine would be available to the American people for free, according to the government.",25,hvu8se,https://fortune.com/2020/07/22/pfizer-biontech-coronavirus-vaccine-purchase/,0,2020-07-22 09:58:36,,dannylenwinn,1.0,/r/VACCINES/comments/hvu8se/us_government_secures_100_million_doses_of_pfizer/,t5_2r9k3
1,"Pfizer and BioNTech Receive FDA Advisory Committee Vote Supporting Potential First Emergency Use Authorization for Vaccine to Combat COVID-19 in the U.S. 'Additional studies are planned to evaluate BNT162b2 in pregnant women, children younger than 12 years, and those in special risk groups..'",11,kb3j2i,https://investors.biontech.de/news-releases/news-release-details/pfizer-and-biontech-receive-fda-advisory-committee-vote,3,2020-12-11 09:13:49,,dannylenwinn,0.93,/r/VACCINES/comments/kb3j2i/pfizer_and_biontech_receive_fda_advisory/,t5_2r9k3
2,Days for full efficacy of Pfizer Comirnaty after second dose?,8,omv9nb,https://www.reddit.com/r/VACCINES/comments/omv9nb/days_for_full_efficacy_of_pfizer_comirnaty_after/,3,2021-07-18 13:37:09,"I've seen quite a bit of confusion about the time requested for the second shot of the Pfizer-BioNTech COVID vaccine to reach the expected protection rate after the second dose, in relation to the effectiveness of the vaccine for the current discovered variants.

In particular:

* According to documentation from last year, the CDC indicates such time as 14 days.
* My country's FDA indicates the full protection is reached after 7 days with Pfizer, 14 with Moderna and J&J, 15 with AZ.
* At the vaccination centre, some months ago, a relative of mine has been said such latency is 10 days.
* I've googled for hours, but couldn't find any study (NIH, pubmed, etc..) reporting an historical series analysis of COVID antibody serological results over time.

Is there are recent resource about that you could indicate me, or any general consensus about the duration time?

Thanks",FancySource,1.0,/r/VACCINES/comments/omv9nb/days_for_full_efficacy_of_pfizer_comirnaty_after/,t5_2r9k3
3,First real-world UK data shows Pfizer-BioNTech vaccine provides high levels of protection from the first dose,8,lq2nfh,https://mpelembe.net/uk-business/?rkey=2021022220210222087&filter=9768#.YDQ3ty0QSP0.reddit,0,2021-02-22 18:02:40,,smbale,1.0,/r/VACCINES/comments/lq2nfh/first_realworld_uk_data_shows_pfizerbiontech/,t5_2r9k3
4,Biotech: Covid Vaccine Maker BioNTech Tackles Cancer,8,o3zhnl,https://www.thetechee.com/2021/06/biotech-covid-vaccine-maker-biontech.html,0,2021-06-20 02:46:08,,The-Techie,1.0,/r/VACCINES/comments/o3zhnl/biotech_covid_vaccine_maker_biontech_tackles/,t5_2r9k3
5,Pfizer vaccine and lactating patients,8,koxe1k,https://www.reddit.com/r/VACCINES/comments/koxe1k/pfizer_vaccine_and_lactating_patients/,3,2021-01-02 08:22:01,"The CDC website has no firm information on affects of the Pfizer/BioNTech vaccine on lactating women and infants. So, theoretically, what would be a realistic expectation in transmission? I feel like the actual mRNA would not transfer through the milk, but would the subsequent antibodies? Are there any open studies on this?",saltytac0,1.0,/r/VACCINES/comments/koxe1k/pfizer_vaccine_and_lactating_patients/,t5_2r9k3
6,"To speed up access to COVID-19 vaccinations in the developing world, on the eve of the new year, the UN health agency approved Pfizer and BioNTech’s vaccines for emergency use.",7,kod3vb,https://news.un.org/en/story/2020/12/1081232,0,2021-01-01 10:33:00,,dannylenwinn,1.0,/r/VACCINES/comments/kod3vb/to_speed_up_access_to_covid19_vaccinations_in_the/,t5_2r9k3
7,"Pfizer-BioNTech approved by FDA, Pentagon to mandate Covid-19 Vaccine for military.",6,pa7a8z,https://samthedoc.com/pfizer-approved-pentagon-to-mandate-covid-19-vaccine-for-military/,1,2021-08-23 15:45:01,,SamTheDocOfficial,0.75,/r/VACCINES/comments/pa7a8z/pfizerbiontech_approved_by_fda_pentagon_to/,t5_2r9k3
8,Why you can't ditch your mask even after you've been vaccinated :,5,kd3yom,https://www.reddit.com/r/VACCINES/comments/kd3yom/why_you_cant_ditch_your_mask_even_after_youve/,6,2020-12-14 14:02:32,"People who receive the coronavirus vaccine will still need to wear a mask and practice social distancing, experts say, because it’s not yet known whether the shots can prevent even vaccinated individuals from spreading the virus.
Vaccines can potentially serve three different purposes: they can prevent an infection by blocking a virus from invading cells in the body; they can reduce the risk of serious illness if a person is infected; or they can reduce the amount of virus a person “sheds,” essentially curbing a person’s ability to transmit the virus to others.
“The challenge is that not all vaccines can do all three,” said Dr. Bruce Y. Lee, a professor of health policy and management at the City University of New York. 
The Pfizer-BioNTech vaccine is 95 percent effective at preventing symptomatic Covid-19, and the Moderna vaccine is 94.5 percent effective at reducing infection, but neither of the trials were designed to focus on whether the shots could prevent infection altogether — or what effect they could have on transmission.
The
CDC has said
that until more is known about how the vaccines perform under real-life conditions, “it will be important for everyone to continue using all the tools available to us to help stop this pandemic.”
That includes wearing a mask, washing hands frequently and staying six feet apart from others.
“A vaccine is a very important tool in our arsenal, but we also can’t overestimate it,” Lee said. “We have to layer all these interventions on top of each other to make them more effective.”",Scuba_BK,0.78,/r/VACCINES/comments/kd3yom/why_you_cant_ditch_your_mask_even_after_youve/,t5_2r9k3
9,"Are there any real differences between the mRNA vaccines Pfizer and Moderna? The more I look into them, the more they seem the same (and both look like great vaccines)",5,nk9wwo,https://www.reddit.com/r/VACCINES/comments/nk9wwo/are_there_any_real_differences_between_the_mrna/,3,2021-05-24 18:14:59,"I've had a read on the HSE (official government) website and can't see any major ones

All info from here https://www2.hse.ie/screening-and-va...id-19-vaccine/

**Efficiency:**

Pfizer - 95%
Moderna - 94%

**Side effects:**

Both appear to be practically the same too with negligible side effects. Although for both the HSE website mentions ""More than 1 in 10,000 people may develop Bell’s palsy""

BP is usually temporary as far as I know


**Other:**

Both have a 4 week gap for the second shot

With Pfizer you're good to go a week after this and Moderna is two weeks after

Happy days

**Indian variant:**

Quote:
The Pfizer/BioNTech and Moderna coronavirus vaccines appear to protect against COVID variants B.1.617 and B.1.618 first identified in India, researchers have reported in a new pre-print paper, which has not yet been peer-reviewed, CNN reported
https://www.business-standard.com/ar...1800070_1.html

More good news there

**Miscellaneous:**

Quote:
New evidence

New evidence from Israel shows the risk of severe COVID-19 was reduced by 92%, 7 days after 2 doses of the Pfizer/BioNTech vaccine.
https://www2.hse.ie/screening-and-va...tech/immunity/

It's looking like almost all (if not all) 40-49 year olds in Ireland will get one of these two vaccines so I thought it'd be good to jump into the data

**TLDR:** On reading the information I've found, they seem to be pretty much the same Vaccine 

Thoughts?",MickeyMagicMoves,0.78,/r/VACCINES/comments/nk9wwo/are_there_any_real_differences_between_the_mrna/,t5_2r9k3
10,COVID-19 Vaccine From Pfizer And Biontech Was Authorized For Emergency Use In UK | Huateng Pharma,3,kjv1x7,https://en.huatengsci.com/article/284.html,0,2020-12-25 02:16:08,,sunnyfang14,1.0,/r/VACCINES/comments/kjv1x7/covid19_vaccine_from_pfizer_and_biontech_was/,t5_2r9k3
11,"Which vaccine should i get, Sinovac or BionTech?",3,mh2u04,https://www.reddit.com/r/VACCINES/comments/mh2u04/which_vaccine_should_i_get_sinovac_or_biontech/,2,2021-03-31 06:03:30,"My countries vaccine response started with the Sinovac vaccine. After the elderly got vaccinated, the government went ahead and bought the BionTech vaccine. I was going to get my Sinovac vaccine shot on 2nd of April but now i have the BionTech option too. I’m kind of confused.  (51F)",coolbeanash,0.81,/r/VACCINES/comments/mh2u04/which_vaccine_should_i_get_sinovac_or_biontech/,t5_2r9k3
12,The Advisory Committee on Immunization Practices’ Interim Recommendation for Use of Pfizer-BioNTech COVID-19 Vaccine. 'Adverse events that occur in a recipient after receipt of COVID-19 vaccine should be reported to the Vaccine Adverse Events Reporting System (VAERS).',3,kdsblo,https://www.cdc.gov/mmwr/volumes/69/wr/mm6950e2.htm,1,2020-12-15 14:18:36,,dannylenwinn,1.0,/r/VACCINES/comments/kdsblo/the_advisory_committee_on_immunization_practices/,t5_2r9k3
13,"Pfizer/BioNTech Say Vaccine Effective Against UK, SAfrica Virus Mutations",2,l7dtpp,https://www.advocatesomi.com/world/pfizer-biontech-say-vaccine-effective-against-uk-safrica-virus-mutations,0,2021-01-28 19:27:06,,Thinktoker,1.0,/r/VACCINES/comments/l7dtpp/pfizerbiontech_say_vaccine_effective_against_uk/,t5_2r9k3
14,I'd like to learn more about the differences between BioNTech and Sinovac vaccines and choose which one is better.,0,nxfhcs,https://www.reddit.com/r/VACCINES/comments/nxfhcs/id_like_to_learn_more_about_the_differences/,2,2021-06-11 09:02:57,"Since yesterday, me and my parents are planning to take the Covid vaccines. In Hong Kong, only BioNTech and Sinovac are available to choose (or only Sinovac being available post-September). 

Therefore, I'd like to learn more in-depth info and comparisons between BioNTech and Sinovac, the effectiveness and potential side effects of them, and the lethality of the said side effects of these two vaccines.

So, what are the major differences between them? How's the safeness of these two vaccines? Which one would you recommend?

Thanks.",ArmStoragePlus,0.5,/r/VACCINES/comments/nxfhcs/id_like_to_learn_more_about_the_differences/,t5_2r9k3
