,title,score,id,url,comms_num,created,body,author,upvote_ratio,permalink,subreddit_id
0,AstraZeneca vaccine done today.. Mild fever.. But okay overall.,30,lcmlrv,https://i.redd.it/qpwmyvrv9if61.jpg,6,2021-02-04 13:40:27,,kcburun,0.92,/r/VACCINES/comments/lcmlrv/astrazeneca_vaccine_done_today_mild_fever_but/,t5_2r9k3
1,"U.S. government secures 100 million doses of Pfizer, BioNTech vaccine for $2 billion: The U.S. has already ordered experimental shots developed by the University of Oxford and AstraZeneca Plc. The vaccine would be available to the American people for free, according to the government.",24,hvu8se,https://fortune.com/2020/07/22/pfizer-biontech-coronavirus-vaccine-purchase/,0,2020-07-22 09:58:36,,dannylenwinn,0.95,/r/VACCINES/comments/hvu8se/us_government_secures_100_million_doses_of_pfizer/,t5_2r9k3
2,I took the AstraZeneca Vaccine .,17,lzbyio,https://www.reddit.com/r/VACCINES/comments/lzbyio/i_took_the_astrazeneca_vaccine/,20,2021-03-06 16:46:59,"Yeah just like the title says i took my first shot today 8 hours ago and I am feeling great no side effects so far .. I know this vaccine isn't effective as the Pfizer one but it's the one my country has ..
I don't know why but I feel relieved that i took it without thinking about it too much   
I wanted to share my experience considering alot of people have been afraid to take any covid vaccines 
And Any questions you have I am happy to answer them",rasheeddemon,0.92,/r/VACCINES/comments/lzbyio/i_took_the_astrazeneca_vaccine/,t5_2r9k3
3,How I Overcame My Vaccine Hesitancy,21,nox3db,https://www.reddit.com/r/VACCINES/comments/nox3db/how_i_overcame_my_vaccine_hesitancy/,3,2021-05-31 02:54:01,"A year ago, I was very disinclined to take a covid-19 vaccine should one become available. Now, I've had my first dose and I'm planning to get my second.

In this post, I describe how my thinking shifted over the past year. I write this in the hope that it may be useful to other hesitant people, and maybe even to policymakers and communicators.


## About Me

I'm a young person living in Ontario, Canada, though I think the points in this post are broadly applicable, especially to young people.


## Part 1: The Hesitancy

I hold one group of people responsible for my hesitancy, and another for helping me overcome it.

I'll call the first group the ""establishment"". I'm including in it the political establishment (political leaders of most jurisdictions, including mine), the public health establishment (public health authorities of most jurisdictions, including mine), and the media establishment (the majority, though by no means all, of the commentators and experts who appear in mainstream media sources).

In other words, the people who determine the policy responses to the pandemic, and to a large extent the narratives and messaging around it in public discourse.

I've found the prevailing messaging about the pandemic to be very one-sided: all about the risks and dangers of covid-19, and fairly little about the risks and effects of the interventions taken against it.

As a young person, my risk of serious illness or death from covid-19 is very low. Yet, I've been asked to deprive myself of almost all in-person social contact, for (most of) what is now a period of 14 months and counting. Many young people have had their educations interrupted, or replaced with inferior online options. Many others lost their jobs and faced evictions and economic precarity.

And compounding all this was the moralizing attitude that pervaded the establishment narratives. Not only were we asked to cut out in-person social contact, we were asked as if that were _no big deal_. When we failed to completely suppress our fundamental human need for being with other people, we were called ""grandma killers"", or ""the people responsible for dragging this on"".

In some circles, if you didn't signal your virtue by emphasizing that every interaction you've had with another person has been virtual, and that you don't even go to the grocery store but get your groceries delivered (never mind that it's a _person_ who has to deliver it to you, doing the rounds in two hundred condo building corridors over the course of her day), you were considered part of the problem.

""Two weeks to flatten the curve"", they told us. But the message didn't change from the first two weeks, to the twentieth two weeks.

I didn't feel like what the establishment was asking of me was reasonable and proportionate, and I didn't feel like it was in my best interests.

I _resented_ being asked to make these sacrifices for the benefit of society, and as a result felt resentment and mistrust towards the establishment.

(Perhaps you, the reader, judge me for that. Perhaps you think I'm selfish and should instead meet society's needs with humility and grace rather than resentment. Maybe you're right. But that doesn't change the reality that there are people who think and feel as I do -- perhaps more than you might think -- and getting through to such people requires a change in approach, a change in messaging.)

What does this have to do with vaccine hesitancy? Simply that it was the same establishment -- that I distrusted and resented -- that was now asking me to get vaccinated.

If I felt that _one thing_ the establishment was asking of me (subjecting myself to strict lockdown measures) was not in my best interests, why would I trust that _another thing_ they were asking of me (getting vaccinated) was?


## Part 2: The Overcoming

Being so disillusioned with mainstream narratives, and feeling like the establishment was not a place for me to look to for sympathy or understanding, I started to look elsewhere.

I found the sympathy and understanding I was looking for from a group of people I started to follow on Twitter. Some of them were doctors (some even epidemiologists), others were lay commentators.

This group of people had a somewhat different perspective on the pandemic. They recognized that the pandemic and the responses to it created a _variety_ of challenges for people: the risk of illness and death from covid-19, but also social isolation, economic hardship, and many others. They showed _empathy_ to people facing any of these challenges.

To borrow a memorable turn of phrase employed by one member of this group, they did not subscribe to the [monomania](https://twitter.com/bergerbell/status/1362527692571119618) that afflicted the establishment, whereby all aspects of how we organize our society revolve around one consideration -- the risk of covid-19 -- to the exclusion of all others.

I want to be very clear: these people were **not** covid denialists or conspiracy theorists of any sort. The doctors among them were respected experts at major universities. They did not dispute the scientific consensus about questions like how covid-19 is transmitted or what its fatality rate is or whether PCR tests work. They just held a minority view about the **policy** aspects of our pandemic response, such as whether extended strict lockdowns were a proportionate intervention, or whether the benefits of school closures outweighed their harms to children.

These folks advocated for a _harm reduction_ approach to covid safety, rather than an _abstinence-only_ approach. They recognized that human beings have needs, and over a period of multiple months, some people _are_ going to meet up from time to time. They never once passed judgment or engaged in moralizing. They gave us the best scientific information available about the risks of various activities -- explaining, for example, how much safer the outdoors was than the indoors, and why -- and left it to us to use that information to make reasoned decisions about our behaviour. They treated us like the human beings possessing agency and autonomy that we are.

In these people, I found something I lacked when listening only to establishment voices. I found a perspective that didn't make me want to tear my hair out. I found values that I could identify with. I found guidance that I felt I could trust.

And now, we come to the crucial part: **this group, too, was enthusiastically pro-vaccine**.

The same message -- ""get vaccinated"" -- that meant next to nothing coming from the group I resented (the establishment), became trustworthy and valuable advice coming from this group of people I've come to trust.

Rather than sternly warning us that even after vaccination, we'd have to continue to socially distance until some nebulous unspecified time in the future -- which was the main message we heard from the establishment -- this group reassured us that vaccination is our way out of this pandemic, and that it was safe for vaccinated groups of people to do pretty much anything they could do pre-pandemic.

(They also advocated for recognition of this fact by establishment institutions, and were in some cases successful. When, on May 13 2021, the U.S. CDC finally announced that vaccinated people did not, in fact, have to socially distance from each other, that was in part thanks to the efforts of some members of this group to raise awareness about the accumulating evidence of the effectiveness of the vaccines at stopping transmission.)

When we had concerns about vaccine side effects, people in this group were generous in taking the time to share their expertise, point us to the latest available accurate information, and help allay our concerns. When reports of rare but serious side effects emerged, such as about the AstraZeneca vaccine causing rare blood clots (""VITT""), they didn't lecture us about how the risk of covid was surely higher. Rather, they recognized that VITT was indeed a scary outcome, and that if we felt more comfortable waiting a few weeks for an mRNA vaccine, that was a perfectly understandable personal choice. (Establishment guidance caught up here too, with AstraZeneca being discontinued for first doses just a few weeks later.)

This group of people helped me get over the fence, from being wholly uncertain that getting a covid-19 vaccine would be in my best interests, to being quite convinced that it was.

I won't list everyone I consider to be in this group, but I'll call out one person who stands out: [Dr. Monica Gandhi](https://twitter.com/MonicaGandhi9), an infectious diseases doctor at UCSF. I have nothing but admiration and deep gratitude for her. If you want to be part of an online community engaging in empathetic, optimistic, and empowering pandemic discourse, start by following her.


## Part 3: The Takeaways

Here's my theory for how most people who get entrenched in vaccine hesitancy come to hold their beliefs:

  1. Like me (and maybe for similar reasons), they feel disillusioned by the establishment.
  2. Like me, they search for other communities and sources of guidance and advice.
  3. Rather than encountering the group of people that I did, they encounter a different group -- people who are not only skeptical of the policy responses to the pandemic, but who also question the scientific consensus, and allege conspiracies and cover-ups at various institutional levels.
  4. They come to trust this group, because the narratives they offer are more comforting than the ones on offer from the establishment.
  5. This group advises them to be skeptical of and reject vaccines (I guess because that fits well with their conspiracy theorizing).

Most current efforts to combat vaccine hesitancy seem to focus on intervening at step (3) of this process -- banning the misinformation purveyors from social media, that sort of thing. We can debate how effective that is likely to be. (I'm personally skeptical that ramping up on censorship would foster trust in the establishment, but that's a topic for another time.)

But what if we intervened at step (1) instead? What if our establishment institutions engaged in the sort of messaging that fosters trust, so people didn't _feel the need_ to look elsehwere in the first place?

I'm not suggesting that authorities simply tell people what they want to hear. (I recognize the dangers of that, as e.g. when some scientists mistakenly claimed early in the pandemic that we were already close to herd immunity. We may have really wanted to believe that, but it wasn't the case.) Accurate, evidence-based information is key.

But there _is_ room to craft guidance and frame discourse in a more balanced, less one-sided way. To replace the shaming and the moralizing with universal compassion and empathy, towards the effects of disease _and_ the effects of interventions. To recognize that after 14 months of isolation, there is a limit to what you can reasonably expect from people, and what tradeoffs people are willing to make for public health. To acknowledge that people desperately need an endgame to this pandemic, to message such an endgame, and to make clear the vital role vaccines play in it.

A few subtle but important changes to our approach could go a long way towards putting a dent in vaccine hesitancy.",swannj,0.96,/r/VACCINES/comments/nox3db/how_i_overcame_my_vaccine_hesitancy/,t5_2r9k3
4,Petrified About My Vaccine,15,ngsonf,https://www.reddit.com/r/VACCINES/comments/ngsonf/petrified_about_my_vaccine/,19,2021-05-20 02:20:56,"Hi everyone, I am 29 years old, Male, and I am going to get my first vaccine dose tomorrow. I am having Pfizer one. I know I should “man up” but my stupid anxiety is ruling me completely right now. 

For me personally I feel I could cope with anything such as headaches, muscle pain, tiredness etc, all except from a fever/chills, getting a fever is what is worrying me the most, it’s hard to explain why but I just have a fear of fevers :/

But it is what it is, it definitely has to be done and I will get it done, can I please ask exactly how a fever feels? I haven’t been sick for literally 10+ years and only have a brief memory of how it felt to have a fever.

Sorry, I must come off as so ridiculous, but I genuinely am scared lol! 

I just keep telling myself that by being vaccinated there are so many benefits, I will be potentially stopping spreading actual virus to other people and if I ever was to get the actual virus, well I have some protection against it, but in all honesty I am getting it done so I have “done my part”, so I don’t go spreading it to other people, I haven’t actually caught Covid since it all began, I have been SO LUCKY! I haven’t been going out and mixing with anyone since it started but obviously have had to go out when essential such as for shopping, but somehow I have never caught it.

I just hear some people don’t get any side effects from the vaccine whilst others do, and also that I have heard of more people getting side effects from AstraZeneca compared to Pfizer :/ 

Enough of me rambling, I’m just going off my mind with worry, thank you for reading.",Visible_Sprinkles827,1.0,/r/VACCINES/comments/ngsonf/petrified_about_my_vaccine/,t5_2r9k3
5,Astrazeneca weird side effect after first dose,9,mpovh5,https://www.reddit.com/r/VACCINES/comments/mpovh5/astrazeneca_weird_side_effect_after_first_dose/,2,2021-04-12 18:20:16,"I (28/M) had the first AZ dose in saturday and the classic symptoms  showed by night. High fever, headache and all of it went away by sunday  afternoon. However at sunday night before sleep my right leg had some  weird feeling. Like pins and needles and like a little numb feeling  came. Today on monday i still feel the same. I'm checking for the  symptoms of swelling if it could be blood clot, but my leg and feet not  swelled at all. Is there anything to be concern about?",altoluce,1.0,/r/VACCINES/comments/mpovh5/astrazeneca_weird_side_effect_after_first_dose/,t5_2r9k3
6,Which vaccine to take?,8,mcgupq,https://www.reddit.com/r/VACCINES/comments/mcgupq/which_vaccine_to_take/,17,2021-03-24 17:14:10,"Someone reached out today and told me that she could get me vaccinated and all I really had to do was decide which road to go down. My choices are as follows.


*Sputnik

*AstraZeneca

*Sinopharm


I was aiming for the Moderna or Pfizer but those aren't in my country just yet. I have no problem waiting, as I am in isolation, and have been for the past year and change and will likely have to remain in isolation until August. Also, we have the South Africa and UK variants floating around freely and it's getting bad real fast. Real fast.


How would you approach this?",nicgentile,1.0,/r/VACCINES/comments/mcgupq/which_vaccine_to_take/,t5_2r9k3
7,Covid: South Africa halts AstraZeneca vaccine rollout over new variant,7,lgnzkr,https://www.google.co.za/amp/s/www.bbc.com/news/amp/world-africa-55975052,0,2021-02-10 01:47:56,,Shibbysnackz,1.0,/r/VACCINES/comments/lgnzkr/covid_south_africa_halts_astrazeneca_vaccine/,t5_2r9k3
8,"How exactly does the J&J (Janssen) vaccine convey immunity with only one shot, where the AZ vaccine uses the same technology but still requires two doses with several weeks in between?",6,os04jp,https://www.reddit.com/r/VACCINES/comments/os04jp/how_exactly_does_the_jj_janssen_vaccine_convey/,8,2021-07-26 10:44:05,"Been curious about this for a while, but when you google it, you get a bunch of results which tell you *that* the Johnson & Johnson vaccine only requires one dose, not *why*.

Considering it uses the same technology as the AstraZeneca vaccine, and this requires two shots spaced as far apart as possible (initially 12 weeks, this was reduced on the balance of risk in the interests of getting people vaccinated faster, but I understand with some trade-off in efficacy) - and both of the mRNA vaccines also require two shots, again spaced several weeks apart, in order to convey proper and long lasting immunity. 

This implies, at least to my mind, that the body's immune response to COVID requires multiple exposures to ""lock it in"" - in other words, that when the body first encounters the spike protein, it says ""huh, this is a weird new thing, we'll make a once off antibody suite to get rid of it"" but that it takes a second exposure for the body to say ""oh shit, this is an ongoing thing that might come back, we'd better make some antibodies and *keep* them around in case we need them again later"".

That's my understanding of how the current vaccines work and why there has to be a gap between shots - you're essentially waiting for the initial ""once off"" antibody response to fade, and then introducing the protein a second time to give your body the announcement of ""this isn't a once off thing, you need to prime yourself and *stay* primed"".

With all this in mind, how exactly have J&J circumvented this apparent limitation in the body's immune response, to create lasting immunity from a single shot? Is it a case of simply encoding a larger volume of spike proteins, thus causing a more severe reaction from the body? Is it some kind of slow release thing, wherein the body can't see or notice all of the proteins right away, and some of them only get actively introduced into the blood stream at a later date? Is it something else entirely which I haven't thought of? Or is that the J&J vaccine only as effective as a single shot of AZ, and no more than that?

Would love to get an answer as to the actual science of this, as I say the general advice seems to be ""it just works"" and I guess that's because those providing the info assume that your average punter isn't particularly interested in the biology. I, on the other hand, am a massive nerd for this stuff so I'd love it if someone could give a breakdown as to how J&J achieved what AstraZeneca couldn't - despite apparently using identical delivery technology to do it.",hatrickpatrick,0.88,/r/VACCINES/comments/os04jp/how_exactly_does_the_jj_janssen_vaccine_convey/,t5_2r9k3
9,Mixing Covid vaccine doses?,5,mztmnk,https://www.reddit.com/r/VACCINES/comments/mztmnk/mixing_covid_vaccine_doses/,3,2021-04-27 13:22:57,"I had the first dose of Oxford/AstraZeneca in the UK then emigrated before getting the second dose. It’s not available in my new location but Sinopharm and Pfizer are. It’ll be at least 5 months before I can return to the UK, if restrictions ease and then I’m not sure if still be eligible as an expat. Keen to be fully vaccinated and wondering if mixed vaccine doses would be effective or safe. Any suggestions?",Nickitynoo,0.79,/r/VACCINES/comments/mztmnk/mixing_covid_vaccine_doses/,t5_2r9k3
10,I saw this article in which a processor in neuroscience refutes the claim that the Pfizer & AstraZeneca vaccines enter DNA,7,ouou1n,https://qbi.uq.edu.au/article/2021/07/no-covid-19-does-not-enter-our-dna,4,2021-07-30 13:13:48,,lsws51,0.89,/r/VACCINES/comments/ouou1n/i_saw_this_article_in_which_a_processor_in/,t5_2r9k3
11,European Union signs contract with British pharmaceutical giant AstraZeneca to provide possible COVID-19 vaccine to its member states,4,ii83mw,https://lasvegassun.com/news/2020/aug/27/the-latest-eu-signs-contract-with-british-drug-com/,0,2020-08-28 10:32:45,,dannylenwinn,0.76,/r/VACCINES/comments/ii83mw/european_union_signs_contract_with_british/,t5_2r9k3
12,AstraZeneca says it has 'winning formula' for vaccine ahead of UK decision,7,kl4b6k,https://www.flashnewspk.com/2020/12/astrazeneca-says-it-has-winning-formula.html,0,2020-12-27 09:13:34,,RajpootRao,1.0,/r/VACCINES/comments/kl4b6k/astrazeneca_says_it_has_winning_formula_for/,t5_2r9k3
13,What is the effect on the immune system of getting multiple Covid vaccines?,4,ov8u26,https://www.reddit.com/r/VACCINES/comments/ov8u26/what_is_the_effect_on_the_immune_system_of/,1,2021-07-31 11:10:00,"There is plenty information online about mix-and-matching vaccine providers for the first and booster shot, but that's not my question. I mean if someone were to get fully vaccinated twice, with different providers.

Example: Get the J&J one-shot vaccine, and about two months later get both shots of Pfizer/Moderna/AstraZeneca (with the appropriate waiting time between those two doses).

Would there be negative effects to health and immunity? A marginal beneficial immunity effect? No effect at all?

I'm interested in understanding the interaction between different antigens in one given immune system.

Thanks",dodsferd22,0.75,/r/VACCINES/comments/ov8u26/what_is_the_effect_on_the_immune_system_of/,t5_2r9k3
14,I got very strong side effects after getting my 1st AstraZeneca shot. Should I expect the 2nd shot to be worse?,6,niunym,https://www.reddit.com/r/VACCINES/comments/niunym/i_got_very_strong_side_effects_after_getting_my/,3,2021-05-22 19:15:57,"So I got my first shot on Thursday (yayyy) and had a terrible night: very high fever, cold sweat and soreness everywhere. I had to call in sick on Friday because I just couldn’t bring myself to get out of bed.

I am feeling better today, but some people told me that the second shot usually has stronger side effects and now I’m a little worried, cause the last couple of days have been really bad and I’m still not a 100%.

I know every body is different, but for those of you who experienced strong side effects after the 1st shot, how did you feel after the second? Just want to be better prepared lol.",bomi321,1.0,/r/VACCINES/comments/niunym/i_got_very_strong_side_effects_after_getting_my/,t5_2r9k3
15,Exclusive: French health body to say mRNA vaccine should be used as second dose after AstraZeneca,3,mnwy7y,https://www.reuters.com/article/us-health-coronavirus-france-vaccines-ex/exclusive-french-health-body-to-say-mrna-vaccine-should-be-used-as-second-dose-after-astrazeneca-idUSKBN2BV2W7,0,2021-04-09 23:15:50,,ExcitingPush,0.72,/r/VACCINES/comments/mnwy7y/exclusive_french_health_body_to_say_mrna_vaccine/,t5_2r9k3
16,Vaccinating before coming to the US,6,otzkqt,https://www.reddit.com/r/VACCINES/comments/otzkqt/vaccinating_before_coming_to_the_us/,2,2021-07-29 11:22:32,"So basically I’m coming to the US for study in mid-Aug. The earliest vaccine available to me in my country is AstraZeneca, which unfortunately isn’t accepted by my school. My question is should I get the first Astra shot anw just to get some protection while traveling, then get 2 Pfizer shots (what my school offers) when I get to the US? Is there anything to worry about when doing this? I expect the side effects, but what about more permanent or dangerous risks?",BouncingJellyBall,1.0,/r/VACCINES/comments/otzkqt/vaccinating_before_coming_to_the_us/,t5_2r9k3
17,Crossvaccines differences between vaccine order?,3,ofgao0,https://www.reddit.com/r/VACCINES/comments/ofgao0/crossvaccines_differences_between_vaccine_order/,9,2021-07-07 06:36:38,"This Saturday I will get my first shot biontech and I would like to get my second shot AstraZeneca. When I read about the effectiveness they always mention people that got AstraZeneca first.
So my question is, does it make a difference to get AstraZeneca before biontech or biontech before AstraZeneca?",ressid37,0.81,/r/VACCINES/comments/ofgao0/crossvaccines_differences_between_vaccine_order/,t5_2r9k3
18,AZ - why 12 weeks?,5,nv6mxw,https://www.reddit.com/r/VACCINES/comments/nv6mxw/az_why_12_weeks/,4,2021-06-08 11:33:58,"
Got the following info from Ontario government website. Why those who have taken AZ need to wait for at least 12 weeks to get the 2nd dose while the Moderna and Pfizer folks 28 days only? Is it based on science or supply shortage concern? 
Thanks.

If your first dose was:

- AstraZeneca: you can get AstraZeneca, Moderna, or Pfizer for your second dose when you are eligible and it’s at least 12 weeks after your first dose.
- Moderna or Pfizer: you should get the same vaccine for your second dose when you are eligible and it’s at least 28 days after your first dose. You can switch between Moderna and Pfizer safely if the original vaccine you got is not readily available.",soca007,1.0,/r/VACCINES/comments/nv6mxw/az_why_12_weeks/,t5_2r9k3
19,What exactly is happening with AstraZeneca?,4,l4rkgc,https://www.reddit.com/r/VACCINES/comments/l4rkgc/what_exactly_is_happening_with_astrazeneca/,5,2021-01-25 11:38:52,"The news has been full of stories about AstraZeneca having slashed their initial vaccine deliveries to the EU by 60% and the knock on fallout from that. But what’s either being buried in all the reporting, or simply hasn’t been reported at all, is what exactly happened? What’s the reason for the delay? Technical, logistical, commercial, etc?

I assumed it was similar to what was happening with Pfizer, which is essentially an issue of manufacturing capacity being reduced by an upgrade to their production facility. But what seems odd about the AstraZeneca situation is the anger directed towards them from officials and leaders, plus public statements that “They must honour their delivery commitments”, indicating that this isn’t an act-of-God type mishap in manufacturing, but an act of incompetence and/or willful reneging on the agreement - perhaps their capacity has remained the same but they’ve “bumped” the EU’s order in priority because others are paying more, or something along these lines? 

Does anyone know what exactly the situation is? I can’t seem to find anything beyond extremely vague statements at the moment.",hatrickpatrick,1.0,/r/VACCINES/comments/l4rkgc/what_exactly_is_happening_with_astrazeneca/,t5_2r9k3
20,1 dose of Astrazeneca and 2 doses of Pfizer,4,p622tf,https://www.reddit.com/r/VACCINES/comments/p622tf/1_dose_of_astrazeneca_and_2_doses_of_pfizer/,7,2021-08-17 07:42:01,"Hi, 
I alr got one dose of Astrazeneca, followed by another dose of Pfizer. I’m coming to the US, so I need to get my second dose of Pfizer (third dose in general). The US doesn’t accept a mix of Astrazeneca and Pfizer. I’m kinda worried about that third dose. Has anyone been in a similar situation? Thanks.",frogkisser_,1.0,/r/VACCINES/comments/p622tf/1_dose_of_astrazeneca_and_2_doses_of_pfizer/,t5_2r9k3
21,Has anyone had this side effect?,3,nh0x43,https://www.reddit.com/r/VACCINES/comments/nh0x43/has_anyone_had_this_side_effect/,2,2021-05-20 09:57:25,"Got my first Astra Zeneca vaccine (yay!) a month ago. Felt a little off the next day but nothing too bad. About 2 weeks later, my vaccine site got really red, sore, warm to the touch and itchy. It’s no longer itchy or bright red, but still has a bit of a shadow mark, and is a bit sore/sensitive. But the strange thing is that there is a noticeable (to the touch, not the eye) divot (depression? Dent?) under the skin. Has anyone had a reaction like this? Don’t want to be a hypochondriac but it seems odd.... regardless, still so happy to have my first jab out of the way!",phrazina,0.72,/r/VACCINES/comments/nh0x43/has_anyone_had_this_side_effect/,t5_2r9k3
22,"30M, Bangladesh. The Oxford-Astrazeneca vaccine is the only one available. Should I take it, even though its suspended in a lot of countries?",3,mifcem,https://www.reddit.com/r/VACCINES/comments/mifcem/30m_bangladesh_the_oxfordastrazeneca_vaccine_is/,3,2021-04-02 03:31:22,"I am a 30 year old man. I work at a crowded retail bank branch with huge number of people coming in and not maintaining social distancing. There is a second wave of the pandemic and the spread of covid has increased to the highest levels it was the first time in June 2020, so they have intiated a milder form of lockdown of sorts.

I am otherwise healthy except for some weight loss recently. The only vaccine available in Bangladesh is the Oxford-Astrazeneca vaccine produced from India. The vaccine is freely given to anyone over 40, and those in public/high risk occupations such as banker it has started to be given to people below 40 as well now. India has stopped exports of the vaccine so there might be shortages in the future. Right now, due to shortages people are getting the second dose 8 weeks apart and for people who took the first dose in February, they still haven't gotten the second dose. So I will have to assume, that I might not get the second dose at all.

Now, I have read on how Canada, Germany and several countries has suspended the use of the vaccine in people below 50-60 years because of the deaths from blood clotting.

The doctors I talked over phone say that I should get the vaccine. But the problem is, the government and doctors here don't care much about safety and efficacy. They are willing to risk a few cases of vaccine deaths by side effects rather than suspend the vaccination altogether.",Experimentalphone,1.0,/r/VACCINES/comments/mifcem/30m_bangladesh_the_oxfordastrazeneca_vaccine_is/,t5_2r9k3
23,Mixing vaccines - AstraZeneca (Covishield) for first dose and Moderna/Pfizer for second dose,2,ns8bap,https://www.reddit.com/r/VACCINES/comments/ns8bap/mixing_vaccines_astrazeneca_covishield_for_first/,7,2021-06-04 11:50:10,"I am currently in India and am eligible to get the first dose of the AstraZeneca vaccine (Covishield). I am traveling back to Toronto, Canada in a 4 weeks. 
Canada has recently issued guidance that it is okay to mix vaccines but I wanted to ask this community if it is okay if I take one dose of Covishield and then take the second dose of Moderna/Pfizer in Canada? 
Advice is appreciated.",CoffeeAndData,1.0,/r/VACCINES/comments/ns8bap/mixing_vaccines_astrazeneca_covishield_for_first/,t5_2r9k3
24,Mixed vaccine doses in the US,1,nxb3nd,https://www.reddit.com/r/VACCINES/comments/nxb3nd/mixed_vaccine_doses_in_the_us/,8,2021-06-11 04:38:22,"Hi all. I'm a US citizen currently living in Germany, scheduled to get my first dose of the AstraZeneca vaccine in a few days. I'll be back in the US for most of August, and if possible I'd like to get Pfizer or Moderna for my second dose while I'm home.

&#x200B;

This approach has been [adopted pretty enthusiastically](https://www.cbc.ca/news/health/canada-mixing-covid-19-vaccines-astrazeneca-pfizer-moderna-naci-1.6048152) in places like Canada, where all three vaccines are available. But the US hasn't approved AstraZeneca, and I'm not aware of any official (or even unofficial) US policy on this.  


So I'm wondering: will someone in the US be willing to give me a second dose of Pfizer or Moderna in August? How hard should I expect this to be, and what sorts of issues might arise? Given the number of places in the US doing easy walk-in vaccinations these days, I'm optimistic that I could get it done somewhere, but it would be very helpful to know for sure in advance.",pythagorasjr,1.0,/r/VACCINES/comments/nxb3nd/mixed_vaccine_doses_in_the_us/,t5_2r9k3
25,"How AstraZeneca, GSK, Novartis and Roche react to Brexit and its possible impact on biotech",1,4pnnvb,http://www.biospace.com/News/astrazeneca-plc-glaxosmithkline-novartis-ag-roche/424394/source=TopBreaking,0,2016-06-24 12:08:59,,hiimsubclavian,0.67,/r/VACCINES/comments/4pnnvb/how_astrazeneca_gsk_novartis_and_roche_react_to/,t5_2r9k3
26,Mixing Vaccines - Yes or No?,1,ov2xkz,https://www.reddit.com/r/VACCINES/comments/ov2xkz/mixing_vaccines_yes_or_no/,2,2021-07-31 03:30:49,"I’m 19 and I got my first dose of the AstraZeneca/Oxford vaccine two months ago. I had strong side effects for 2 to 4 days, but nothing related with thrombosis.

I’ll be moving to the US mid-August.

My questions is, should I

1) get my second AstraZeneca dose in my country before moving ?

2) get one dose Pfizer vaccine once I arrive in the US ? 

3) get two doses of the Pfizer vaccine once I arrive in the US (in addition to the AstraZeneca I’ve already taken) ?",Environmental_Cold32,1.0,/r/VACCINES/comments/ov2xkz/mixing_vaccines_yes_or_no/,t5_2r9k3
