,title,score,id,url,comms_num,created,body,author,upvote_ratio,permalink,subreddit_id
0,Vaccine Ready?,2,gxa85g,https://www.reddit.com/r/Vaccine/comments/gxa85g/vaccine_ready/,0,2020-06-05 14:36:38,Any Vaccine that’s ready and if clinically proven to beat corona virus?,Mr-VIren,1.0,/r/Vaccine/comments/gxa85g/vaccine_ready/,t5_36bc6
1,CoronaVac vs BioNTech,1,mv2kk9,https://www.reddit.com/r/Vaccine/comments/mv2kk9/coronavac_vs_biontech/,9,2021-04-20 18:50:36,"I may have to make a choice between SinoVac’s Coronavac vs pfizer’s biontech. I have been researching but there are tons of conflicting opinions on media. I especially dont trust media in my country Turkey. 

I know biontech is mrna vaccine, a relatively new technology, seems more effective but read too many side effects studies. Media in my country says we don’t know long term effects however reddit says there won’t be any long term effects.

CoronaVac is more traditional, inactivated virus vaccine. This is why media seems to defend this. However media is biased in my country so they may be defending it just because government bought more of this. They say this is the safest vaccine. Reddit says less effective but still will do the job. If I catch the virus, it would have less symptoms.

My question is: which one would you prefer? And where should I do my research for reliable information?

Thank you very much",Elundir,0.6,/r/Vaccine/comments/mv2kk9/coronavac_vs_biontech/,t5_36bc6
