,title,score,id,url,comms_num,created,body,author,upvote_ratio,permalink,subreddit_id
0,"Japan has found a new Covid variant. Here's how it compares to virus strains in the UK, South Africa",5,kvu3j1,https://www.cnbc.com/2021/01/11/japan-covid-variant-how-it-compares-to-strains-in-uk-south-africa.html,0,2021-01-12 10:46:43,,Havvocck2,1.0,/r/Vaccine/comments/kvu3j1/japan_has_found_a_new_covid_variant_heres_how_it/,t5_36bc6
1,South African variant partly escapes vaccine immunity. What will be the impact?,3,l7m4sw,https://www.reddit.com/r/Vaccine/comments/l7m4sw/south_african_variant_partly_escapes_vaccine/,1,2021-01-29 02:07:09,"Questions for my scientist friends. So the ""South African"" coronavirus variant has been shown to partly escape the effect of vaccine-produced antibodies, and now the press release from Novavax confirms that their vaccine's efficacy is also reduced from 90% in the UK to 60% in South Africa (where the strain is now dominant). Taking for granted other potential confounds with that comparison and assuming the numbers continue to hold, what do you think the global impact of this variant will be? I've seen estimates that it is roughly 70% more infectious. So, even if we assume the whole world gets vaccinated against the original strain, that would still leave us with a new strain that is potentially somewhere around 68% as infectious as the original strain was without vaccines.

Do you think that is enough to spark another pandemic (or perhaps simply continue the current one) even after the current vaccines are widely distributed?",itsbabygravy,1.0,/r/Vaccine/comments/l7m4sw/south_african_variant_partly_escapes_vaccine/,t5_36bc6
2,Protection against variants?,2,nrd6ht,https://www.reddit.com/r/Vaccine/comments/nrd6ht/protection_against_variants/,1,2021-06-03 09:11:58,"Does moderna and pfizer give protection against the variants from UK,India,Brazil,Africa? If so how protected are you.",MotorWhich1553,0.75,/r/Vaccine/comments/nrd6ht/protection_against_variants/,t5_36bc6
