,title,score,id,url,comms_num,created,body,author,upvote_ratio,permalink,subreddit_id
0,What makes corona vaccine different when compared to ppl who got infected and cured,8,k79w1i,https://www.reddit.com/r/Vaccine/comments/k79w1i/what_makes_corona_vaccine_different_when_compared/,1,2020-12-05 10:58:35,So it is known that people who got infected and got cured will build up some antibodies (active immunity) there are some cases where infected patients got reinfected again. What makes the vaccine different from the above case where the dead or weakened  viruses are introduced into the body,satyakarthik1912,1.0,/r/Vaccine/comments/k79w1i/what_makes_corona_vaccine_different_when_compared/,t5_36bc6
1,Is asthma considered as high risk and eligible for corona vaccine?,4,mavjrz,https://www.reddit.com/r/Vaccine/comments/mavjrz/is_asthma_considered_as_high_risk_and_eligible/,6,2021-03-22 15:16:58,"Hi there, I am in the US and right now people between 16-65 with high-risk conditions can get vaccine appointments. Just want to know if asthma is one of the conditions? It did mention chronic obstructive pulmonary disease and chronic pulmonary disease but not sure if asthma is one of them. Any input would be helpful!",Kitther,0.84,/r/Vaccine/comments/mavjrz/is_asthma_considered_as_high_risk_and_eligible/,t5_36bc6
2,Vaccine Hesitant,5,msbtn2,https://www.reddit.com/r/Vaccine/comments/msbtn2/vaccine_hesitant/,60,2021-04-16 16:31:28,"(TLDR at the bottom) hey guys, I’m 18 and a female. I told my mother that I’d like to get the vaccine and this sparked a giant argument. She says there is no way I am getting the vaccine, but in reality it is my body. And I don’t need parent permission. My POV on the vaccine is that when you have a card, you can travel, and go to university much easier. I’m not sure if covid tracing still forces vaccinated people to quarantine though. Also, if this causes health affects, like “infertility” I truly do not care. It doesn’t concern me if I can’t bear children, I’ve already been holding back on the idea of kids. On top of that, I don’t treat my body like a temple. I vape, drink, eat once a day, and am on adderal and zoloft for mental health issues. If a vaccine is a cause of worry for the health of my body, then there is a longggg list of other things my mother should be worried about. She calls me a sheep and it just annoys me. Her best friend is in the hospital right now with covid, having a strong version of corona. And yet my mom acts like a vaccine is worse than that. She even said that she would rather get covid from me if I caught it than me getting the vaccine. Thoughts?
TL;DR 
should I go against my mother’s wishes to get the vaccine to make my life easier during this pandemic?",Curious-Humor-2502,0.7,/r/Vaccine/comments/msbtn2/vaccine_hesitant/,t5_36bc6
3,Vaccine of corona,5,l8t69x,https://youtu.be/TEWsyvEQ_Vg,0,2021-01-30 14:15:13,,SyedZaman4202,0.86,/r/Vaccine/comments/l8t69x/vaccine_of_corona/,t5_36bc6
4,Vaccine Ready?,2,gxa85g,https://www.reddit.com/r/Vaccine/comments/gxa85g/vaccine_ready/,0,2020-06-05 14:36:38,Any Vaccine that’s ready and if clinically proven to beat corona virus?,Mr-VIren,1.0,/r/Vaccine/comments/gxa85g/vaccine_ready/,t5_36bc6
5,Questions to ask to doctor who is anti corona vaccine ?,1,mo0f5x,https://www.reddit.com/r/Vaccine/comments/mo0f5x/questions_to_ask_to_doctor_who_is_anti_corona/,12,2021-04-10 03:44:41,,Snow_man17,1.0,/r/Vaccine/comments/mo0f5x/questions_to_ask_to_doctor_who_is_anti_corona/,t5_36bc6
6,CoronaVac vs BioNTech,1,mv2kk9,https://www.reddit.com/r/Vaccine/comments/mv2kk9/coronavac_vs_biontech/,9,2021-04-20 18:50:36,"I may have to make a choice between SinoVac’s Coronavac vs pfizer’s biontech. I have been researching but there are tons of conflicting opinions on media. I especially dont trust media in my country Turkey. 

I know biontech is mrna vaccine, a relatively new technology, seems more effective but read too many side effects studies. Media in my country says we don’t know long term effects however reddit says there won’t be any long term effects.

CoronaVac is more traditional, inactivated virus vaccine. This is why media seems to defend this. However media is biased in my country so they may be defending it just because government bought more of this. They say this is the safest vaccine. Reddit says less effective but still will do the job. If I catch the virus, it would have less symptoms.

My question is: which one would you prefer? And where should I do my research for reliable information?

Thank you very much",Elundir,0.6,/r/Vaccine/comments/mv2kk9/coronavac_vs_biontech/,t5_36bc6
