,title,score,id,url,comms_num,created,body,author,upvote_ratio,permalink,subreddit_id
0,Vaccines protection against variants?,9,nujk49,https://www.reddit.com/r/VACCINES/comments/nujk49/vaccines_protection_against_variants/,2,2021-06-07 14:23:08,"Hello does anyone know if the moderna and pfizer vaccines protect you against the variants from India,uk,South Africa,Brazil? If so how protected are you.",MotorWhich1553,0.91,/r/VACCINES/comments/nujk49/vaccines_protection_against_variants/,t5_2r9k3
1,Which vaccine to take?,7,mcgupq,https://www.reddit.com/r/VACCINES/comments/mcgupq/which_vaccine_to_take/,17,2021-03-24 17:14:10,"Someone reached out today and told me that she could get me vaccinated and all I really had to do was decide which road to go down. My choices are as follows.


*Sputnik

*AstraZeneca

*Sinopharm


I was aiming for the Moderna or Pfizer but those aren't in my country just yet. I have no problem waiting, as I am in isolation, and have been for the past year and change and will likely have to remain in isolation until August. Also, we have the South Africa and UK variants floating around freely and it's getting bad real fast. Real fast.


How would you approach this?",nicgentile,0.9,/r/VACCINES/comments/mcgupq/which_vaccine_to_take/,t5_2r9k3
2,Explaining Corona cases and hospitalizations in mostly vaccinated countries,6,obh2ba,https://www.reddit.com/r/VACCINES/comments/obh2ba/explaining_corona_cases_and_hospitalizations_in/,9,2021-07-01 04:05:41,"I'm seeing conflicting results about the extent to which Corona vaccines are working against Delta and other variants.   And yes, I have gotten both doses of the Pfizer vaccine.  On one hand, there's numerous reports Moderna, Pfizer and similar vaccines work against all variants including Delta.  That said, case numbers and cases requiring hospitalization are rising in nations such as the UK and Israel where most adults, including the vast majority of vulnerable adults, have gotten the vaccines.  In Israel, severe cases went up from 21 to 29 over a week and a half and UK is reporting similar numbers.   If the vaccine is protecting against severe illness from Delta and other new variants, how is this happening? Is the spread getting through the cracks among the unvaccinated somehow?",emaxwell13131313,0.88,/r/VACCINES/comments/obh2ba/explaining_corona_cases_and_hospitalizations_in/,t5_2r9k3
