,title,score,id,url,comms_num,created,body,author,upvote_ratio,permalink,subreddit_id
0,UK govt opts not to vaccinate low risk kids age 15 and under against covid,14,omhrkf,https://www.reddit.com/r/VaccineDiscussion/comments/omhrkf/uk_govt_opts_not_to_vaccinate_low_risk_kids_age/,1,2021-07-17 22:22:10,"[https://www.mylondon.news/news/uk-world-news/covid-jabs-will-only-offered-21081023](https://www.mylondon.news/news/uk-world-news/covid-jabs-will-only-offered-21081023)

>The Government has decided that children and teenagers will only be  vaccinated against Covid-19 if they are vulnerable to the virus, [The Telegraph reports](https://www.telegraph.co.uk/politics/2021/07/17/children-will-get-covid-vaccines-vulnerable/).   
>  
>Ministers have reportedly been advised by scientists on the Joint Committee on  Vaccination and Immunisation (JCVI) to avoid a mass vaccination  strategy, as favoured by teaching unions.  
>  
>They  will instead issue guidance on Monday that will see children aged 12 to 15 offered Pfizer-BioNTech jabs if they have pre-existing conditions  that leave them vulnerable to Covid or live with adults with weakened  immune systems who are also more susceptible to infection.  
>  
>Shots will also become available to everyone aged 17 within three months of them turning 18.  
>  
>The  JCVI's guidance is thought to be consistent with that already offered  by Germany's top scientists but breaks with consensus in Israel, the US  and France where jabs are being administered to most children aged 12  and above.  
>  
>The JCVI would like to wait for more evidence on the risks associated with vaccinating children, according to The Telegraph.",yzq12,0.94,/r/VaccineDiscussion/comments/omhrkf/uk_govt_opts_not_to_vaccinate_low_risk_kids_age/,t5_11zwbe
1,Just great.,11,o80q53,https://www.reddit.com/r/VaccineDiscussion/comments/o80q53/just_great/,9,2021-06-25 21:06:45,"""The Wall Street Journal reported Friday that about half of adults infected in an outbreak of the delta variant in Israel were fully vaccinated with the Pfizer-BioNTech vaccine, prompting the government there to reimpose an indoor mask requirement and other measures..""
https://www.google.com/amp/s/www.cnbc.com/amp/2021/06/25/delta-who-urges-fully-vaccinated-people-to-continue-to-wear-masks-as-variant-spreads.html",YaddaYaddaYadda00,0.82,/r/VaccineDiscussion/comments/o80q53/just_great/,t5_11zwbe
2,Pfizer and BioNTech say their COVID-19 vaccine is over 90% effective ― “a major victory in the fight against a pandemic that has killed over 1 million people”,6,jqzl8o,https://www.reuters.com/article/us-health-coronavirus-vaccines-pfizer/pfizer-biontech-say-their-covid-19-vaccine-is-more-than-90-effective-idUSKBN27P1CT,0,2020-11-09 10:26:49,,yzq12,1.0,/r/VaccineDiscussion/comments/jqzl8o/pfizer_and_biontech_say_their_covid19_vaccine_is/,t5_11zwbe
3,I'm getting vaccinated next week and I'm worried.,6,otwwsx,https://www.reddit.com/r/VaccineDiscussion/comments/otwwsx/im_getting_vaccinated_next_week_and_im_worried/,53,2021-07-29 08:53:42,"Basically my country has allowed vaccinations for people who are 17 and above and I got a text about getting the Pfizer-BioNTech vaccine. I've spoken to 2 friend's of mine and it said that it made them tired for a while but they was okay after it. I'm worried about side effects from it, plus I have a big fear of needles. Has anyone got anything to say about how I might feel after it? (Plus about if theres any pain when your getting the needle in your arm.), Thanks",Oniclipse,0.87,/r/VaccineDiscussion/comments/otwwsx/im_getting_vaccinated_next_week_and_im_worried/,t5_11zwbe
4,Vaccine effectiveness against variants,4,oamv18,https://www.reddit.com/r/VaccineDiscussion/comments/oamv18/vaccine_effectiveness_against_variants/,1,2021-06-29 21:52:15,"[https://www.npr.org/sections/coronavirus-live-updates/2021/06/08/1004597294/the-highly-contagious-delta-variant-of-covid-is-on-the-rise-in-the-u-s](https://www.npr.org/sections/coronavirus-live-updates/2021/06/08/1004597294/the-highly-contagious-delta-variant-of-covid-is-on-the-rise-in-the-u-s)

* the  Pfizer-BioNTech vaccine was 88% effective against symptomatic  disease  from the B.1.617.2 variant 2 weeks after the second dose,  compared to  93% effectiveness against the B.1.1.7 variant
* 2  doses of the AstraZeneca vaccine were 60% effective against   symptomatic disease from the B.1.617.2 variant compared to 66%   effectiveness against the B.1.1.7 variant
* both  vaccines were 33% effective against symptomatic disease from   B.1.617.2, 3 weeks after the first dose compared to around 50%   effectiveness against the B.1.1.7 variant",yzq12,0.83,/r/VaccineDiscussion/comments/oamv18/vaccine_effectiveness_against_variants/,t5_11zwbe
5,BNT162B2 effects on minority populations,3,kj4oh9,https://www.reddit.com/r/VaccineDiscussion/comments/kj4oh9/bnt162b2_effects_on_minority_populations/,3,2020-12-23 19:13:12,"Is there a reason to believe that the BNT162B2 vaccine (developed by Pfizer and BioNTech) will affect minorities differently than non-minorities? Wondering if results might be biased by race distribution among study participants:

https://preview.redd.it/ii316cr421761.png?width=1134&format=png&auto=webp&s=c2c5687139969fd642759b1c852e1fcfb7325c50

Link to the results: [https://www.nejm.org/doi/full/10.1056/NEJMoa2034577](https://www.nejm.org/doi/full/10.1056/NEJMoa2034577)",pris_pale_texts,1.0,/r/VaccineDiscussion/comments/kj4oh9/bnt162b2_effects_on_minority_populations/,t5_11zwbe
6,FDA implements new stricter criteria for COVID vaccine approval,2,j6ez64,https://www.reddit.com/r/VaccineDiscussion/comments/j6ez64/fda_implements_new_stricter_criteria_for_covid/,0,2020-10-06 18:22:49,"[https://www.statnews.com/2020/10/06/race-for-covid-19-vaccine-slows-as-regulators-top-warp-speed-official-tap-the-breaks/](https://www.statnews.com/2020/10/06/race-for-covid-19-vaccine-slows-as-regulators-top-warp-speed-official-tap-the-breaks/)

>The Food and Drug Administration released strengthened rules for authorizing any Covid-19 vaccine on an emergency basis. And Moncef Slaoui, co-chair of Operation Warp Speed, revealed that the government’s vaccine fast-tracking effort has urged manufacturers not to apply for emergency use authorization until they have significant amounts of vaccines to deploy.  
That could push back even the first such authorization — expected to be for a vaccine being made by Pfizer and BioNTech, if it proves to be effective — into sometime in mid- to late November.

&#x200B;

>Peter Marks, the FDA’s top vaccine regulator, insisted Tuesday that the two-month follow-up timeline was guided by data showing that the majority of adverse events occur roughly within two to three months after vaccine administration.",yzq12,1.0,/r/VaccineDiscussion/comments/j6ez64/fda_implements_new_stricter_criteria_for_covid/,t5_11zwbe
7,Britain grants Pfizer coronavirus vaccine emergency authorization,2,k56e5e,https://www.reddit.com/r/VaccineDiscussion/comments/k56e5e/britain_grants_pfizer_coronavirus_vaccine/,0,2020-12-02 04:46:19,"[https://www.washingtonpost.com/world/europe/britain-pfizer-coronavirus-vaccine/2020/12/02/90f7276e-3470-11eb-9699-00d311f13d2d\_story.html](https://www.washingtonpost.com/world/europe/britain-pfizer-coronavirus-vaccine/2020/12/02/90f7276e-3470-11eb-9699-00d311f13d2d_story.html)

>Britain granted emergency approval on Wednesday to the [coronavirus](https://www.washingtonpost.com/coronavirus/?itid=lk_inline_manual_2) vaccine developed by Pfizer and BioNTech, becoming the first country to do so. Distribution is expected to begin next week.  
>  
>In  a statement, Britain’s Department of Health and Social Care said that  the decision to approve the vaccine “follows months of rigorous clinical  trials and a thorough analysis of the data” by a panel of experts who  concluded that it met the standards for safety and effectiveness. Data  previously released from large-scale clinical trials showed that the  vaccine had nearly 95 percent efficacy and people who were immunized  displayed no serious side effects.

&#x200B;",yzq12,1.0,/r/VaccineDiscussion/comments/k56e5e/britain_grants_pfizer_coronavirus_vaccine/,t5_11zwbe
