,title,score,id,url,comms_num,created,body,author,upvote_ratio,permalink,subreddit_id
0,J&J vaccine/Moderna,22,lxn7ax,https://www.reddit.com/r/Vaccine/comments/lxn7ax/jj_vaccinemoderna/,22,2021-03-04 10:35:03,"I’m conflicted on which vaccine would be the best for me, I’m relatively healthy 24 female. I have the option to get the Moderna vaccine but something about it is scaring me, I’m wondering about the Johnson&Johnson one.",1ThrowawayAcc12340,0.92,/r/Vaccine/comments/lxn7ax/jj_vaccinemoderna/,t5_36bc6
1,F.D.A to attach warning of rare nerve syndrome to Johnson & Johnson vaccine,10,oj14ex,https://www.bsocialplus.com/post/f-d-a-to-attach-warning-of-rare-nerve-syndrome-to-johnson-johnson-vaccine-what-you-need-to-know,3,2021-07-12 17:39:54,,iamsaadb,0.82,/r/Vaccine/comments/oj14ex/fda_to_attach_warning_of_rare_nerve_syndrome_to/,t5_36bc6
2,BREAKING: CDC and FDA call for immediate halt on Johnson & Johnson vaccine,9,mq0fbc,https://www.reddit.com/r/Vaccine/comments/mq0fbc/breaking_cdc_and_fda_call_for_immediate_halt_on/,56,2021-04-13 07:36:34,[The CDC and FDA just announced that they are calling for the immediate pause on the use of Johnson & Johnson’s single-dose vaccine.](https://www.klkntv.com/breaking-cdc-and-fda-call-for-immediate-halt-on-johnson-johnson-vaccine/),emilyjlarson,0.91,/r/Vaccine/comments/mq0fbc/breaking_cdc_and_fda_call_for_immediate_halt_on/,t5_36bc6
3,Johnson and Johnson vaccine adverse reaction,7,mmlaru,https://www.reddit.com/r/Vaccine/comments/mmlaru/johnson_and_johnson_vaccine_adverse_reaction/,15,2021-04-08 02:00:33,"im 19f and got the johnson and johnson vaccine earlier today, and after about 6-7 hours i got an INTENSE fever (103.7° F)  with chills and muscle aches and a severe headache. I got the vaccine because i have awful asthma and im wondering if anyone else around my age range experienced the same symptoms? 
I'm not bashing the vaccine, i think its worth the discomfort, but i've never experienced such an awful fever before",janegayz,0.9,/r/Vaccine/comments/mmlaru/johnson_and_johnson_vaccine_adverse_reaction/,t5_36bc6
4,Merck to Help Johnson & Johnson Make Its Covid-19 Vaccine,6,lw5b7o,https://www.wsj.com/articles/biden-to-announce-merck-will-help-make-johnson-johnson-vaccine-11614693084,0,2021-03-02 11:00:00,,dannylenwinn,0.88,/r/Vaccine/comments/lw5b7o/merck_to_help_johnson_johnson_make_its_covid19/,t5_36bc6
5,"Johnson & Johnson one-shot coronavirus vaccine generates immune response, few side effects",7,kxl9fg,https://www.mercurynews.com/2021/01/14/johnson-johnson-one-shot-coronavirus-vaccine-generates-immune-response-few-side-effects-in-early-trials/,0,2021-01-14 21:47:55,,dannylenwinn,0.9,/r/Vaccine/comments/kxl9fg/johnson_johnson_oneshot_coronavirus_vaccine/,t5_36bc6
6,Johnson & Johnson side effects,5,mo3oy9,https://www.reddit.com/r/Vaccine/comments/mo3oy9/johnson_johnson_side_effects/,9,2021-04-10 08:21:57,Has anyone had the J&J vaccine? If so would you mind sharing your experience? Thank you!,Critical_Bicycle_626,1.0,/r/Vaccine/comments/mo3oy9/johnson_johnson_side_effects/,t5_36bc6
7,"Biden admin orders additional 200 million doses of Covid-19 vaccine: This is in addition to the 400 million combined doses the companies had already committed to providing to the US, he said. Johnson & Johnson said it will release data for its single-dose vaccine in the coming days.",5,l77lwv,https://www.cnbc.com/2021/01/26/biden-administration-orders-additional-200-million-doses-of-vaccine.html,0,2021-01-28 15:21:25,,dannylenwinn,0.86,/r/Vaccine/comments/l77lwv/biden_admin_orders_additional_200_million_doses/,t5_36bc6
8,How does Johnson & Johnson's COVID-19 vaccine stack up against shots from Pfizer and Moderna?,3,lveo1j,https://www.yahoo.com/news/does-johnson-johnsons-covid-19-190149869.html,2,2021-03-01 12:16:33,,Havvocck2,1.0,/r/Vaccine/comments/lveo1j/how_does_johnson_johnsons_covid19_vaccine_stack/,t5_36bc6
9,Burning smell after receiving the Johnson and Johnson vaccine.,2,o7g1sg,https://www.reddit.com/r/Vaccine/comments/o7g1sg/burning_smell_after_receiving_the_johnson_and/,6,2021-06-25 00:06:28,"About a month after getting the Johnson and Johnson vaccine I started smelling something burning. I went to the doctor and received the COVID antibody test, which was negative. Anyone else expertise this after being vaccinated?",Important-Reply-,0.63,/r/Vaccine/comments/o7g1sg/burning_smell_after_receiving_the_johnson_and/,t5_36bc6
10,Dark side of Russia’s Sputnik V sparks division in Brazil,4,ngvgv3,https://www.reddit.com/r/Vaccine/comments/ngvgv3/dark_side_of_russias_sputnik_v_sparks_division_in/,24,2021-05-20 05:20:01,"On April 26, after anonymous vote, Anvisa rejected the request initiated by ten Brazilian states on the  import of 30 million doses of Russian coronavirus vaccine Sputnik V.  The agency expressed concerns regarding the quality, effectiveness and  safety of the vaccine. The concerns were based on the lack of accurate  data on the development, testing and production of the vaccine, which  the Russian developer (Gamaleya National Center of Epidemiology and  Microbiology) failed to provide. Moreover, there was no or insufficient  information on the effectiveness of the vaccine, as well as its safety  and quality control standards. In its official statements Anvisa ensured  that it did not conduct its own microbiological study of the product  but only analyzed documentation provided by the Russian developer. For  this reason Antonio Barra Torres, head of Brazil’s federal health regulator Anvisa  claimed: “We will not allow millions of Brazilians to use a drug, the  effectiveness, quality and safety of which have not been confirmed.”

Russia-developed  vaccine Sputnik V that is called by Moscow nothing short of a miracle  and scientific breakthrough, has caused serious disagreements and even  division among politicians and federal health regulator, the Brazilian  National Health Surveillance Agency (Anvisa).

A  few days later three Brazilian states Bahia, Maranhão and Sergipe  represented new documents on the vaccine and demanded Anvisa to revise  the decision. However, the regulative body claimed the additional  information was, though, incomplete and upheld the decision. In  particular, Anvisa believes that Sputnik V contains adenoviruses able to  replicate, and it means the drug may harm recipients.

“The  data we evaluated shows the presence of replicating virus,” Gustavo  Mendes, general manager of medicines and biological products at Anvisa,  said at the press conference held in April. Moreover, Mendes noted that  Anvisa has analyzed the quality control documentation on other  adenovirus-based coronavirus vaccines, for instance, those made by  AstraZeneca and Johnson&Johnson, and found no evidence of  replication-competent viruses in those companies’ final products.  Gustavo Mendes added that Anvisa would not accept the vaccine until  further studies’ results indicating safety of vaccine are obtained.

In  April, the agency applied to Gamaleya National Center of Epidemiology  and Microbiology asking to answer about 100 questions. The volume of[ missing information ](https://www.gov.br/anvisa/pt-br/assuntos/noticias-anvisa/2021/analise-da-vacina-sputnik-v-nota-de-esclarecimento)was  important and was related to vaccine safety for the fetus, reproductive  organs, elderly people, those who have already contracted coronavirus,  the data on adenoviruses etc . The request ended with nothing.

Anvisa  also reported on the lack of detailed information on the 63 cases of  adverse effects and four deaths during the clinical trial. The Lancet  article on Sputnik V’s efficacy trial mentioned no serious adverse  effects or fatalities were deemed to be related to vaccination, reports [Science](https://www.sciencemag.org/news/2021/04/russias-covid-19-vaccine-safe-brazils-veto-sputnik-v-sparks-lawsuit-threat-and).

Despite  the fact that the worldwide standard has been intolerant for the  presence of replicating adenovirus in the vaccines, Russian developers  established an “acceptable” limit of 5000 replication-capable virus  particles per one dose and claimed that each dose of Sputnik V contains  “less than 100” such particles. “The limit for us is zero,” noted Anvisa  during the press conference.

Both  of the adenoviruses that make up Sputnik V, known as Ad5 and Ad26, are  churned out by cultured human cells called HEK293 cells. The  adenoviruses ferry the coronavirus spike gene to the vaccine recipient’s  cells, which then make spike, prompting an immune response. To stop the  adenoviruses from replicating once inside their human host, the vaccine  developers removed a gene they need for reproduction, called *E1*. The viruses can copy themselves in HEK293 cells, which are engineered to have a stand-in *E1*  gene, but they are not supposed to be able to replicate once they are  separated from the human cells and packaged in the final vaccine  product.

It’s long been known that Ad5 can on rare occasions acquire the *E1*  gene from the HEK293 cells, converting what is supposed to be a  crippled virus into RCA. Although adenoviruses typically cause mild  colds, they can rarely kill people, and immunocompromised people who  receive a vaccine that inadvertently contains RCAs could be at serious  risk.

Angela  Rasmussen, a virologist at the Vaccine and Infectious Disease  Organization at the University of Saskatchewan criticized Sputnik V on [Twitter](https://twitter.com/angie_rasmussen/status/1387397186372005893)  saying: “The Sputnik V vaccine Ad5 vector is evidently replication  competent. The makers apparently neglected to delete E1, so getting this  vaccine means being infected with live adenovirus 5. Hence Brazil’s  regulator correctly rejected it.”

Indeed,  the stakes are high. Russia’s Sputnik V has been authorized and  accepted in more than 60 countries that have adopted the vaccine and  shown their interest in the purchase, and despite the fact that neither  the World Health Organization nor the European Medicines Agency (EMA), a  regulative body responsible for medicine’s verification in Europe, have  not given their “green light” for Sputnik V yet.

Mr.  Mendes specified that many of the countries that have authorized  Sputnik V didn’t analyze the data themselves, but based their decision  on its existing approval by other countries. Many Brazilian scientists  have backed Anvisa’s decision, despite the urgency of the public-health  crisis in the country, where Covid-19 has killed over 400,000 people.

Some  other countries have cited similar problems connected with Russian  vaccine. Last month, Slovakia’s drug agency refused to authorize the  vaccine, saying that the developers of Sputnik V failed to provide 80%  of the requested data. Sputnik V’s developers have called Slovakia’s  decision an act of sabotage and breach of contract. The doubt in quality  and safety of Sputnik V was originated from Slovakia’s State Institute  for Drug Control (SUKL). Slovak regulative body concluded that the doses  supplied to the country do not match the samples examined by EMA.  “These vaccines have only the name in common,” the Slovak regulative  body concluded.

The  Brazilian politicians went further — they used justice to make pressure  upon Anvisa. The Brazilian Supreme Court has ordered Anvisa to justify  within 48 hours claims of missing documents needed to conduct a  conclusive analysis of Sputnik V. It was made on the request filed by  the authorities of the Maranhão state, which, like several other  provincial governments, is waiting for the decision on the Russian  vaccine.

Russian  Direct Investment Fund (RDIF) which financed the development and the  promotion of Sputnik V blamed Anvisa of spreading fake news and making  “false accusations” regarding the presence of replicating adenoviruses  in Sputnik V, threatening they would sue Anvisa.

[Source](https://democratic-europe.eu/2021/05/19/dark-side-of-russias-sputnik-v-sparks-division-in-brazil/)",Alex82smirnov,0.83,/r/Vaccine/comments/ngvgv3/dark_side_of_russias_sputnik_v_sparks_division_in/,t5_36bc6
11,Johnson & Johnson is no ok for people sick with asthma? Is true or gossip?,3,obg53r,https://www.reddit.com/r/Vaccine/comments/obg53r/johnson_johnson_is_no_ok_for_people_sick_with/,5,2021-07-01 02:51:37,Have you any experience with it vaccine?,boar60,1.0,/r/Vaccine/comments/obg53r/johnson_johnson_is_no_ok_for_people_sick_with/,t5_36bc6
12,Mixing Vaccines. sinovac with johnson and johnson,3,ookev4,https://www.reddit.com/r/Vaccine/comments/ookev4/mixing_vaccines_sinovac_with_johnson_and_johnson/,7,2021-07-21 02:28:40,i got a shot of sinovac last july 5 and now i was notified by another source thst i am eligible for a johnson and johnson shot in two days.  is it safe to take the johnson and johnson shot?,yosikiller,1.0,/r/Vaccine/comments/ookev4/mixing_vaccines_sinovac_with_johnson_and_johnson/,t5_36bc6
13,Johnson & Johnson Is the Cool Vaccine,2,n5odyq,https://slate.com/human-interest/2021/05/johnson-and-johnson-is-the-cool-vaccine.html,6,2021-05-05 15:31:19,,wewewawa,0.58,/r/Vaccine/comments/n5odyq/johnson_johnson_is_the_cool_vaccine/,t5_36bc6
14,Different Family Members of Varied Ages with 3 Different Shots,2,mplmfu,https://www.reddit.com/r/Vaccine/comments/mplmfu/different_family_members_of_varied_ages_with_3/,3,2021-04-12 15:42:13,"Mom, 51. No health issues except obesity and bipolar 2. No reaction for first Moderna shot. Painful soreness/slight swelling for second shot lasting 3 days. Tylenol helped. Fatigue

Grandma, 86: lots of health issues including dementia, heart murmur, high blood pressure, lung issues, arthritis, etc. No reaction for 1st or second Moderna

Me, 17. Health issues: overweight by ~15 lbs, PCOS, general anxiety/panic disorder, major depressive disorder: first shot of Pfizer. No major side effects! I had a huge rush of anxiety right after I got the shot, but that may be due to my anxiety issues. Soreness in arm lasting only 3 days. Fatigue.

Aunt 1: mid-50s. health issues include obesity. Johnson and Johnson vaccine with no side effects except for a bit of soreness for a little while

Aunt 2: late 50s without health issues. Johnson and Johnson. 0 side effects. She said that almost everyone else who got the shot at her location felt light-headed and/or had blood pressure issues, though",catlover906,0.76,/r/Vaccine/comments/mplmfu/different_family_members_of_varied_ages_with_3/,t5_36bc6
15,Johnson and Johnson help,2,p51w13,https://www.reddit.com/r/Vaccine/comments/p51w13/johnson_and_johnson_help/,4,2021-08-15 17:12:06,For those of you that you’re Johnson and Johnson. Did y’all get any mRNA boosters? How did y’all do it and how do you feel now?,Longjumping-Ad-3087,1.0,/r/Vaccine/comments/p51w13/johnson_and_johnson_help/,t5_36bc6
16,Moderna After Johnson & Johnson?,1,opqwn8,https://www.reddit.com/r/Vaccine/comments/opqwn8/moderna_after_johnson_johnson/,0,2021-07-22 20:33:51,"Some of my family members received the Johnson & Johnson vaccine back in March. Now with the Delta variant going around, they want to also get Moderna because we are traveling in the near future. Has anyone else done this?? Please advise, thank you in advance!!",bloopblooppeeppoop,0.67,/r/Vaccine/comments/opqwn8/moderna_after_johnson_johnson/,t5_36bc6
17,How can a company produce 15 MILLION vaccines before they do a quality control check?!?!,1,mi72yt,https://www.reddit.com/r/Vaccine/comments/mi72yt/how_can_a_company_produce_15_million_vaccines/,7,2021-04-01 18:48:30,Shouldn't Johnson & Johnson have done quality control checks long before they've produced **15 MILLION** vaccines?,pecansforall,0.6,/r/Vaccine/comments/mi72yt/how_can_a_company_produce_15_million_vaccines/,t5_36bc6
18,J&J vaccine after one dose of Moderna 2+ months ago?,1,nyzc5k,https://www.reddit.com/r/Vaccine/comments/nyzc5k/jj_vaccine_after_one_dose_of_moderna_2_months_ago/,5,2021-06-13 11:55:28,"I can’t seem to find the information I’m looking for by searching online about mixing vaccines. 

I got the first dose of Moderna on April 2. 

I unfortunately never got the second Moderna dose. 

I’ve found a place in a very convenient location, no appointment needed, offering the Johnson and Johnson vaccine. 

Is there any reason I can’t go get the J&J right now?",Maldonian,0.67,/r/Vaccine/comments/nyzc5k/jj_vaccine_after_one_dose_of_moderna_2_months_ago/,t5_36bc6
19,Janssen (Johnson and Johnson) Vaccine for COVID 19 mechanism of action EXPLAINED || [animated video],1,mxiv58,https://www.reddit.com/r/Vaccine/comments/mxiv58/janssen_johnson_and_johnson_vaccine_for_covid_19/,6,2021-04-24 08:20:04," Hello, guys!

My name is Andreea, I am a physician currently doing my 4th year of residency in Romania and I recently created a video with highly researched information about Janssen vaccine's mechanism of action trough an animated story.

Here is the link and I am waiting happily for the comments right on the YouTube channel where you will find other interesting videos :

 [Johnson and Johnson Vaccine for COVID 19 EXPLAINED - YouTube](https://www.youtube.com/watch?v=bi_1Rpop2uk&ab_channel=FlagshipMedicine)",Flagship_Medicine,0.67,/r/Vaccine/comments/mxiv58/janssen_johnson_and_johnson_vaccine_for_covid_19/,t5_36bc6
20,I’ve been vaccinated but don’t know how to show proof. Any help is greatly appreciated.,1,pb3mpb,https://www.reddit.com/r/Vaccine/comments/pb3mpb/ive_been_vaccinated_but_dont_know_how_to_show/,3,2021-08-25 00:07:58,"So I got the Johnson & Johnson single dose vaccine back in April from a third party(someone I knew worked in health care and provided me the shot). 
Since I received the shot in this manner I didn’t receive proof of vaccination and I am on no records. My college requires proof in order to play sports so how should I go about this? (Sadly, previously stated third party is no longer an option)",BwcBuddah,1.0,/r/Vaccine/comments/pb3mpb/ive_been_vaccinated_but_dont_know_how_to_show/,t5_36bc6
21,"GRAM (MI) partners with Johnson & Johnson (NJ) to support the manufacture of its SARS-CoV-2 vaccine candidate. 'both companies are working diligently to transfer the manufacturing process to GRAM's new, state-of-the-art facility, and are swiftly preparing for the start of vaccine production.'",1,ja67vo,https://www.prnewswire.com/news-releases/gram-partners-with-johnson--johnson-on-manufacturing-in-fight-against-covid-19-301137966.html,0,2020-10-13 00:05:21,,dannylenwinn,1.0,/r/Vaccine/comments/ja67vo/gram_mi_partners_with_johnson_johnson_nj_to/,t5_36bc6
22,Moderna After Johnson & Johnson?,0,opqws3,https://www.reddit.com/r/Vaccine/comments/opqws3/moderna_after_johnson_johnson/,5,2021-07-22 20:34:04,"Some of my family members received the Johnson & Johnson vaccine back in March. Now with the Delta variant going around, they want to also get Moderna because we are traveling in the near future. Has anyone else done this?? Please advise, thank you in advance!!",bloopblooppeeppoop,0.5,/r/Vaccine/comments/opqws3/moderna_after_johnson_johnson/,t5_36bc6
23,Need Vaccine Johnson y Johnson,0,miydlq,https://www.reddit.com/r/Vaccine/comments/miydlq/need_vaccine_johnson_y_johnson/,10,2021-04-02 21:20:27,"Hello need Vaccine Johnson y Johnson directly from seller please for governement.
Thank you",Own_Cap5236,0.25,/r/Vaccine/comments/miydlq/need_vaccine_johnson_y_johnson/,t5_36bc6
