,title,score,id,url,comms_num,created,body,author,upvote_ratio,permalink,subreddit_id
0,Informative Post : Covishield vs Covaxin : Which Vaccine for Covid is Best in India,3,n4otaz,https://youtu.be/4i7t1po9hZY,0,2021-05-04 09:51:19,,thoughtctrl_official,0.81,/r/Vaccine/comments/n4otaz/informative_post_covishield_vs_covaxin_which/,t5_36bc6
1,"India-based Covaxin, Ocugen is in discussions with potential purchase by US Gov and FDA emergency use authorization. 'The vaccine has already been approved in India. “We’re aiming to make up to 200 million doses available this year to support the U.S. COVID-19 immunization program,”",3,mmtnw2,https://vista.today/2021/04/malvern-company-readies-for-fda-submission-of-covid-19-vaccine/,0,2021-04-08 11:00:02,,dannylenwinn,1.0,/r/Vaccine/comments/mmtnw2/indiabased_covaxin_ocugen_is_in_discussions_with/,t5_36bc6
2,Covaxin Vs Covishield Vaccine - Which is Better,1,ocungu,https://digipatrika.com/covaxin-vs-covishield-vaccine/,2,2021-07-03 05:17:25,,Snehasharma8,0.6,/r/Vaccine/comments/ocungu/covaxin_vs_covishield_vaccine_which_is_better/,t5_36bc6
3,Covaxin Vs Covishield- which is better?,1,o1sepz,https://www.reddit.com/r/Vaccine/comments/o1sepz/covaxin_vs_covishield_which_is_better/,0,2021-06-17 04:42:30," The second phase of the covid vaccination drive has already kick-started in India, and many people are still in doubt regarding the two main vaccines – covaxin and covishield – and their differences from one another....Read more at:  [https://digipatrika.com/covaxin-vs-covishield-vaccine/](https://digipatrika.com/covaxin-vs-covishield-vaccine/)",Snehasharma8,0.6,/r/Vaccine/comments/o1sepz/covaxin_vs_covishield_which_is_better/,t5_36bc6
