,title,score,id,url,comms_num,created,body,author,upvote_ratio,permalink,subreddit_id
0,I got my vaccine!,25,ncpa9x,https://www.reddit.com/r/VACCINES/comments/ncpa9x/i_got_my_vaccine/,8,2021-05-14 22:52:21,"I went today and got my Johnson and Johnson vaccine, 1 poke and I'm done. Granted, I passed out from panic 😂 I'm a male, and there's a better chance of me winning the mega millions and or getting struck by lightning 🌩 than getting any serious adverse reactions or effects.

Get out there and get your vaccine!",confused_shrew,0.88,/r/VACCINES/comments/ncpa9x/i_got_my_vaccine/,t5_2r9k3
1,"Merck to Help Johnson & Johnson Make Its Covid-19 Vaccine. The assistance from a competitor, to be announced by President Biden, will help speed up production of vaccines.",18,lw5b0y,https://www.wsj.com/articles/biden-to-announce-merck-will-help-make-johnson-johnson-vaccine-11614693084,0,2021-03-02 10:59:46,,dannylenwinn,0.96,/r/VACCINES/comments/lw5b0y/merck_to_help_johnson_johnson_make_its_covid19/,t5_2r9k3
2,A heads up about Johnson (it hits hard!),10,mpb8bq,https://www.reddit.com/r/VACCINES/comments/mpb8bq/a_heads_up_about_johnson_it_hits_hard/,22,2021-04-12 06:44:10,"I tested positive for COVID two months ago, and was originally planning on riding out my three month immunity and then considering a vaccine, but due to my summer plans and a friend who (somewhat) bullied me into it, I went and got the Johnson yesterday around 4:25 PM. Felt fine for pretty much the rest of the day, and then at about 1 AM while working on some homework, it hit me like a truck. It felt like I had a mini bout of COVID again: shivering uncontrollably, feverish, 7 out of 10 headache. Led to me having the most miserable night I can remember for awhile, didn’t really sleep, just stayed curled up in a ball in my bed sipping water. It’s currently 6:41 AM and I’m partially over it; head still killing me and still feverish, but the shivers quit. 

This isn’t any anti-vaccine propaganda, as I’m of course very blessed and lucky to have the opportunity to get vaccinated, but it is a heads up for those considering it. Obviously it hits everyone differently, but just wanted to get a record of my case on the internet for anyone considering the Johnson. 

TL,DR: the Johnson hit me very, very hard, likely because I had COVID two months ago.

Edit: didn’t realize that having COVID less than 3 months before getting vaccinated led to having much worse symptoms after receiving a vaccination, changed TL,DR to reflect that.",swaHekuL,0.86,/r/VACCINES/comments/mpb8bq/a_heads_up_about_johnson_it_hits_hard/,t5_2r9k3
3,Still Feeling Fatigue a Month After Johnson & Johnson,11,mzwe3q,https://www.reddit.com/r/VACCINES/comments/mzwe3q/still_feeling_fatigue_a_month_after_johnson/,11,2021-04-27 15:24:51,"Anyone else experiencing prolonged tiredness, fatigue or just not 100%? 
I got the shot a little over a month ago and still feel so tired all the time. Yesterday I left work early, picked up my son and ended up napping from 2pm till 6pm then got up ate dinner then went back to bed about 10pm, this cycle has been going on ever since.",4thdegreeknight,1.0,/r/VACCINES/comments/mzwe3q/still_feeling_fatigue_a_month_after_johnson/,t5_2r9k3
4,Any sign of Johnson & Johnson / Janssen blood clot risks?,8,mispcj,https://www.reddit.com/r/VACCINES/comments/mispcj/any_sign_of_johnson_johnson_janssen_blood_clot/,12,2021-04-02 16:20:13,"From my (uneducated) readings, there are some similarities between the astrazeneca vaccine and j&j.  Namely the adenoviruses delivery vector.

[https://covid.cdc.gov/covid-data-tracker/#vaccinations](https://covid.cdc.gov/covid-data-tracker/#vaccinations) reports that 3.6 million people have received the j&j vaccine already in the USA.

[https://www.pei.de/SharedDocs/Downloads/DE/newsroom/meldungen/faq-temporaere-aussetzung-astrazeneca.pdf?\_\_blob=publicationFile&v=2](https://www.pei.de/SharedDocs/Downloads/DE/newsroom/meldungen/faq-temporaere-aussetzung-astrazeneca.pdf?__blob=publicationFile&v=2) indicates in point #3 (use Google translate if needed), that cases of CVT (brain blood clots) occurred within 4-16 days of receiving astrazeneca vaccine.

Could someone more educated help me understand if there are potential blood clot risks with J&J based on what it has in common with astrazeneca, and if enough time and people have already received it that if there were significant risks of CVT reports would have popped up already?

I understand the risk with astrazeneca can be seen as small/extremely rare.  But it's a touch more concerning if you (or someone you love) fits the ""young women"" category and you're prone to worrying.

&#x200B;

Edit:  Seems it's being checked out in some areas now:

* [https://www.denverpost.com/2021/04/08/colorado-johnson-johnson-vaccine-investigation/](https://www.denverpost.com/2021/04/08/colorado-johnson-johnson-vaccine-investigation/)",camhart73,0.84,/r/VACCINES/comments/mispcj/any_sign_of_johnson_johnson_janssen_blood_clot/,t5_2r9k3
5,Johnson and Johnson Vaccine for COVID 19 EXPLAINED || How It Works,8,mznge9,https://www.reddit.com/r/VACCINES/comments/mznge9/johnson_and_johnson_vaccine_for_covid_19/,6,2021-04-27 08:34:52,"Hello!

My name is Andreea, I am a physician currently doing my 4th year of residency in Romania and I recently created a video with highly researched information about Janssen vaccine's mechanism of action trough an animated story.

Here is the link and I am waiting happily for the comments right on the YouTube channel where you will find other interesting videos :

[Johnson and Johnson Vaccine for COVID 19 EXPLAINED - YouTube](https://www.youtube.com/watch?v=bi_1Rpop2uk&ab_channel=FlagshipMedicine)",Flagship_Medicine,0.91,/r/VACCINES/comments/mznge9/johnson_and_johnson_vaccine_for_covid_19/,t5_2r9k3
6,Which coronavirus vaccine should I preferably get?,7,o0d4zd,https://www.reddit.com/r/VACCINES/comments/o0d4zd/which_coronavirus_vaccine_should_i_preferably_get/,17,2021-06-15 08:25:16,"Hey guys. I need your advice on this. I'm 23 years old and in my country as of tomorrow people of my age will be able to choose among Johnson & Johnson, Pfizer and Moderna. 

I'm really torn between Pfizer and Johnson, because I read somewhere that Pfizer and Moderna have been proven to cause heart inflammation (myocarditis) to some of the young population (12-24 years old). Although Johnson & Johnson is supposed to be more controversial I've been really worried about the article I read on the inflammation issue. 

If somebody knows more about all this, I'd be happy to hear their thoughts. Thanks for any help.


Update: I should also note that I'm male, since answers may be varying depending on gender.",_Thankk,0.82,/r/VACCINES/comments/o0d4zd/which_coronavirus_vaccine_should_i_preferably_get/,t5_2r9k3
7,Pfizer AND Johnson & Johnson,7,o4zvhp,https://www.reddit.com/r/VACCINES/comments/o4zvhp/pfizer_and_johnson_johnson/,11,2021-06-21 13:01:01,I received my first dose of the Pfizer COVID vaccine in January and my second in February. Is there any benefit (or negative) to me getting the Johnson & Johnson vaccine as well now that the supply is reasonably plentiful? Would it offer additional protections? Thanks!,CareyMRocks,1.0,/r/VACCINES/comments/o4zvhp/pfizer_and_johnson_johnson/,t5_2r9k3
8,"What is the difference between ""severe disease"" and ""hospitalization"" for covid vaccine?",7,lu264s,https://www.reddit.com/r/VACCINES/comments/lu264s/what_is_the_difference_between_severe_disease_and/,1,2021-02-27 20:26:17,"Johnson & Johnson vaccine says:

""The vaccine candidate was 85 percent effective in preventing severe disease across all regions studied,\[i\] 28 days after vaccination in all adults 18 years and older. Efficacy against severe disease increased over time with no cases in vaccinated participants reported after day 49.

The Janssen COVID-19 vaccine candidate demonstrated complete protection against COVID-related hospitalization and death, 28 days post-vaccination. There was a clear effect of the vaccine on COVID-19 cases requiring medical intervention (hospitalization, ICU admission, mechanical ventilation, extracorporeal membrane oxygenation (ECMO), with no reported cases among participants who had received the Janssen COVID-19 vaccine, 28 days post-vaccination. 

\[snip\]

In the study, the definition of severe COVID-19 disease included  laboratory-confirmed SARS-CoV-2 and one or more of the following: signs  consistent with severe systemic illness, admission to an intensive care  unit, respiratory failure, shock, organ failure or death, among other  factors. ""

&#x200B;

If severe disease means you require hospitalization, how can something be 85% effective against severe disease yet demonstrate complete protection against hospitalization?   That implies somebody is getting severe disease but does not require hospitalization?

&#x200B;

Source

[https://www.jnj.com/johnson-johnson-announces-single-shot-janssen-covid-19-vaccine-candidate-met-primary-endpoints-in-interim-analysis-of-its-phase-3-ensemble-trial](https://www.jnj.com/johnson-johnson-announces-single-shot-janssen-covid-19-vaccine-candidate-met-primary-endpoints-in-interim-analysis-of-its-phase-3-ensemble-trial)",chuftka,1.0,/r/VACCINES/comments/lu264s/what_is_the_difference_between_severe_disease_and/,t5_2r9k3
9,"Johnson & Johnson one-shot coronavirus vaccine generates immune response, few side effects",6,kxl9hl,https://www.mercurynews.com/2021/01/14/johnson-johnson-one-shot-coronavirus-vaccine-generates-immune-response-few-side-effects-in-early-trials/,3,2021-01-14 21:48:01,,dannylenwinn,0.88,/r/VACCINES/comments/kxl9hl/johnson_johnson_oneshot_coronavirus_vaccine/,t5_2r9k3
10,"How exactly does the J&J (Janssen) vaccine convey immunity with only one shot, where the AZ vaccine uses the same technology but still requires two doses with several weeks in between?",7,os04jp,https://www.reddit.com/r/VACCINES/comments/os04jp/how_exactly_does_the_jj_janssen_vaccine_convey/,8,2021-07-26 10:44:05,"Been curious about this for a while, but when you google it, you get a bunch of results which tell you *that* the Johnson & Johnson vaccine only requires one dose, not *why*.

Considering it uses the same technology as the AstraZeneca vaccine, and this requires two shots spaced as far apart as possible (initially 12 weeks, this was reduced on the balance of risk in the interests of getting people vaccinated faster, but I understand with some trade-off in efficacy) - and both of the mRNA vaccines also require two shots, again spaced several weeks apart, in order to convey proper and long lasting immunity. 

This implies, at least to my mind, that the body's immune response to COVID requires multiple exposures to ""lock it in"" - in other words, that when the body first encounters the spike protein, it says ""huh, this is a weird new thing, we'll make a once off antibody suite to get rid of it"" but that it takes a second exposure for the body to say ""oh shit, this is an ongoing thing that might come back, we'd better make some antibodies and *keep* them around in case we need them again later"".

That's my understanding of how the current vaccines work and why there has to be a gap between shots - you're essentially waiting for the initial ""once off"" antibody response to fade, and then introducing the protein a second time to give your body the announcement of ""this isn't a once off thing, you need to prime yourself and *stay* primed"".

With all this in mind, how exactly have J&J circumvented this apparent limitation in the body's immune response, to create lasting immunity from a single shot? Is it a case of simply encoding a larger volume of spike proteins, thus causing a more severe reaction from the body? Is it some kind of slow release thing, wherein the body can't see or notice all of the proteins right away, and some of them only get actively introduced into the blood stream at a later date? Is it something else entirely which I haven't thought of? Or is that the J&J vaccine only as effective as a single shot of AZ, and no more than that?

Would love to get an answer as to the actual science of this, as I say the general advice seems to be ""it just works"" and I guess that's because those providing the info assume that your average punter isn't particularly interested in the biology. I, on the other hand, am a massive nerd for this stuff so I'd love it if someone could give a breakdown as to how J&J achieved what AstraZeneca couldn't - despite apparently using identical delivery technology to do it.",hatrickpatrick,0.9,/r/VACCINES/comments/os04jp/how_exactly_does_the_jj_janssen_vaccine_convey/,t5_2r9k3
11,Question about Johnson & Johnson,5,o5e399,https://www.reddit.com/r/VACCINES/comments/o5e399/question_about_johnson_johnson/,7,2021-06-22 00:16:05,"I’m a woman in my mid 20s. My parents really want me to get the J&J as it’s older technology as opposed to mRNA. Should I be worried about the rare side effects (since I’m a woman) or is that silly? I know there were problems treating the blood clots at first, but do hospitals know how to treat them now?",vivacevivian,1.0,/r/VACCINES/comments/o5e399/question_about_johnson_johnson/,t5_2r9k3
12,Booster shot question,4,n6lda5,https://www.reddit.com/r/VACCINES/comments/n6lda5/booster_shot_question/,11,2021-05-06 19:55:02,"I took the Jonhson and Johnson vaccine because that is what I was offered.

&#x200B;

&#x200B;

If there is a booster shot, can I get Moderna or Pfizer for that additional coverage (95%)?",UsernameMustBePog,0.83,/r/VACCINES/comments/n6lda5/booster_shot_question/,t5_2r9k3
13,Johnson & Johnson’s COVID-19 vaccine gets emergency use authorization from FDA,2,lui80f,https://morns.ca/2021/02/28/johnson-johnsons-covid-19-vaccine-gets-emergency-use-authorization-from-fda/,0,2021-02-28 10:11:07,,Fearless_Rip_2007,1.0,/r/VACCINES/comments/lui80f/johnson_johnsons_covid19_vaccine_gets_emergency/,t5_2r9k3
14,New Vaccine : Johnson & Johnson Responds To Ebola Crisis,2,2fgh3r,http://www.1ohww.org/new-vaccine-johnson-johnson-responds-ebola-crisis/,1,2014-09-04 10:41:10,,ohww,0.67,/r/VACCINES/comments/2fgh3r/new_vaccine_johnson_johnson_responds_to_ebola/,t5_2r9k3
15,"Biden admin orders additional 200 million doses of Covid-19 vaccine: This is in addition to the 400 million combined doses the companies had already committed to providing to the US, he said. Johnson & Johnson said it will release data for its single-dose vaccine in the coming days.",2,l77m2s,https://www.cnbc.com/2021/01/26/biden-administration-orders-additional-200-million-doses-of-vaccine.html,0,2021-01-28 15:21:34,,dannylenwinn,0.75,/r/VACCINES/comments/l77m2s/biden_admin_orders_additional_200_million_doses/,t5_2r9k3
16,Astrozeneca Vaccine Clotting - Adenovirus may not be the cause?,2,molvfh,https://www.reddit.com/r/VACCINES/comments/molvfh/astrozeneca_vaccine_clotting_adenovirus_may_not/,2,2021-04-11 02:31:57,"I have a hypothesis, but I'm not convinced that the adenovirus vector itself is linked to the rare blood clots seen in the astrozeneca vaccine.

The Johnson and Johnson uses a similar platform, but statistical significance in clotting seems much smaller. The EU is investigating 4 cases of clotting in over 4 mil vaccinations. There were over 8 cases in Germany when vaccinations were at 1.4 mil.

The JJ uses a different adenovirus vector, and has a different code for the spike protein-most similar to the one used in Moderna and Pfizer vaccines. Given that adenoviruses are common among infections to humans, this may not be the cause. The JJ uses a human adenovirus compared to Astrozenecas chimp adenovirus. If both vectors cause clotting, this would be interesting and an explanation as to why adenovirus vaccines cause clotting and not natural infection needs to be interpreted. 

The most differing thing among these vaccines is the code of the spike protein. JJ vaccines clotting rate remains close to the pfizer/Moderna vaccines. If this holds true, its likely the expression of the spike thats inducing the thrompbocytopenia and clotting.",SecularDivinity,0.76,/r/VACCINES/comments/molvfh/astrozeneca_vaccine_clotting_adenovirus_may_not/,t5_2r9k3
17,Catholic Bioethicist [Me - OC]: You Can Use the Johnson & Johnson Vaccine But Generally Prefer Moderna / Pfizer if Given the Option,1,lwgf0d,https://www.patheos.com/blogs/throughcatholiclenses/2021/03/you-can-use-the-johnson-johnson-vaccine-in-some-cases/,2,2021-03-02 19:12:33,,FrMatthewLC,0.67,/r/VACCINES/comments/lwgf0d/catholic_bioethicist_me_oc_you_can_use_the/,t5_2r9k3
18,Pfizer /moderna after sinovac,1,p9fugy,https://www.reddit.com/r/VACCINES/comments/p9fugy/pfizer_moderna_after_sinovac/,1,2021-08-22 12:42:00,"Hi so i basically got both doses of the Sinovac vaccine in Pakistan but now in order to travel, the country i would like to visit only allows either Pfizer, Moderna, Astra or Johnson. Would it be safe for me to get one of these vaccinations after getting both doses of Sinovac within the last 3 months? Thanks",dora1112,1.0,/r/VACCINES/comments/p9fugy/pfizer_moderna_after_sinovac/,t5_2r9k3
19,This requires criminal charges,1,mvh7fo,https://www.reddit.com/r/VACCINES/comments/mvh7fo/this_requires_criminal_charges/,0,2021-04-21 10:44:36,"Baltimore plant with contaminated Johnson & Johnson vaccines had multiple failures, unsanitary conditions, FDA says 
By Christopher Rowland

https://www.washingtonpost.com/business/2021/04/21/fda-johnson-johnson-vaccine-inspection/",ShoulderOk7121,0.66,/r/VACCINES/comments/mvh7fo/this_requires_criminal_charges/,t5_2r9k3
