,title,score,id,url,comms_num,created,body,author,upvote_ratio,permalink,subreddit_id
0,My experience with the Moderna vaccine,36,kxe73k,https://www.reddit.com/r/VACCINES/comments/kxe73k/my_experience_with_the_moderna_vaccine/,13,2021-01-14 15:37:03,"I’m a healthy, fit 24F healthcare worker in Central CA and I received my first dose of the Moderna vaccine for COVID-19 at 1:30PM on 1/12/21. I have never had COVID-19 to my knowledge- I had to have been asymptomatic if I ever did have it.

The first day/evening I simply had a mildly sore arm.

I woke up at 7AM on 1/13/21 and noticed that I was generally achy & fatigued with back & joint pain (I feel this way whenever I’m fighting a virus). I ended up getting chills and a fever of 101.3 in the afternoon of 1/13/21. I monitored my fever and it went down to 100.0 before I took ibuprofen for a migraine that developed around 5PM. I stayed in bed all day, was too weak to do anything else. I really felt like crap.

I am now 47 hours from my first dose and I feel 100% normal. My arm is still slightly sore but it’s barely noticeable. All symptoms & fever are gone so I’m back at work. My coworkers all reported their worst symptoms yesterday (1/13) as well.

I will update when I get my second dose in about a month!

UPDATE 2/10/21: I got my second dose yesterday at 1:30PM and I bled like hell immediately, it dripped almost completely down my bicep but the paramedic held pressure and it was fine. I didn’t feel the vaccine go into my tissue as much as I did with the first dose.

Around 2 hours afterward, I began feeling slightly fatigued then 7 hours after the dose, I got a fever of 101. 

The next morning I woke up fatigued with lower back & knee pain. It initially felt exactly the same as the first dose but as the day went on, I actually had a little more energy and did some chores. I went to the grocery store but my lower back was REALLY killing me by then. I never took anything for the pain, just ate fruits & veggies and drank lots of water.

I’m now feeling totally normal, ready to return to work tomorrow!

So in my case, I had worse side effects after the first dose and lesser side effects after the second dose!",clarajane24,1.0,/r/VACCINES/comments/kxe73k/my_experience_with_the_moderna_vaccine/,t5_2r9k3
1,24 hours post Moderna vaccine.,24,lyht1u,https://www.reddit.com/r/VACCINES/comments/lyht1u/24_hours_post_moderna_vaccine/,10,2021-03-05 12:59:32,"Yup. This one sucks a little. 100 degree fever, body aches and enough fatigue I’m useless at work. I’m gonna bunker down with some pedialite and soup and ride out the fever. Best part is I’m now working on being very immune.

Edit: Hey guys! The crazies over on anti vaccine used my post! Don’t know if I should feel flattered.",calverygirl,0.99,/r/VACCINES/comments/lyht1u/24_hours_post_moderna_vaccine/,t5_2r9k3
2,I trust the science that the vaccine is effective and overall well tolerated. I just have some hesitancy due to my doctor and side effects from loved ones. Help me feel better about taking it.,18,nnqo4y,https://www.reddit.com/r/VACCINES/comments/nnqo4y/i_trust_the_science_that_the_vaccine_is_effective/,12,2021-05-29 12:12:34,"I was scheduled to take the vaccine, but ended up cancelling. I know it has saved many lives already and the benefit far outweighs the risk for the population. I am not anti vax at all, and fully vaccinated otherwise. 

I saw my doctor for a physical, and asked for his opinion. He told me to wait. He is concerned because I am a young male, and warned me that young males are the highest risk of myocarditis from the vaccine. He wants to wait for more data on myocarditis risk. I see the CDC still recommends the vaccine for young males despite the myocarditis risk, because the known benefit of preventing COVID-19 outweighs the possible heart issue risk the CDC is still investigating. 

I looked up myocarditis after my appointment. It just worries me to see stories of teenagers and 20 year olds having heart issues less than 4 days after taking the vaccine. It looks to be very rare, but now I am worried. It is far more common than the J&J blood clots. King County, Washington alone had 14 confirmed cases in young people less than 4 days after vaccination. 

What really makes me worry is my dad had a heart attack the week of his second Moderna dose. He was admitted to ICU with myocarditis. We didn’t even think it was related to the vaccine at the time, but after the myocarditis issue was pointed out to me I am worried maybe that was related. 

Should I reschedule and take it now? Is it safe to wait a few more weeks to see what the CDC finds on myocarditis in young people?",t2t23t23,1.0,/r/VACCINES/comments/nnqo4y/i_trust_the_science_that_the_vaccine_is_effective/,t5_2r9k3
3,What does the immune system do in weeks 3 to 4 after a vaccine?,15,m5xr9o,https://www.reddit.com/r/VACCINES/comments/m5xr9o/what_does_the_immune_system_do_in_weeks_3_to_4/,2,2021-03-15 21:30:39,"I know the first two weeks are training B cells to make specific antibodies etc. and they appear in the bloodstream by day 15 at latest.  Judging by how long the common cold lasts, I would think they would appear earlier than that normally.

But what about weeks 3 to 4, for say the Moderna vaccine?  All I can find are vague things about ""letting the immune system rest"" or somesuch before the second dose really ups efficacy.

Is the immune system still actively doing the  somatic hypermutation and affinity selection thing to make better B cells/antibodies?  Or is it just sitting there waiting for the next dose?  Obviously there is a reason not to give the second dose after two weeks, but I can't find out what it is.  Thanks.",chuftka,0.95,/r/VACCINES/comments/m5xr9o/what_does_the_immune_system_do_in_weeks_3_to_4/,t5_2r9k3
4,Where can I get a copy of the studies for the Covid Vaccines?,15,o9xtd0,https://www.reddit.com/r/VACCINES/comments/o9xtd0/where_can_i_get_a_copy_of_the_studies_for_the/,11,2021-06-28 21:11:00,I am willing to pay for the studies for the Covid or moderna vaccines. I just want to have access to the actual published research rather than having to refer to things that refer to the research when answering questions.,catusjuice,1.0,/r/VACCINES/comments/o9xtd0/where_can_i_get_a_copy_of_the_studies_for_the/,t5_2r9k3
5,"I am nervous but want to do my part, help me?",13,mg3tyu,https://www.reddit.com/r/VACCINES/comments/mg3tyu/i_am_nervous_but_want_to_do_my_part_help_me/,34,2021-03-29 20:38:23,"I have a scheduled Moderna vaccine coming up soon and the vaccination is taking place an hour away from home. I’m really nervous because, quite honestly, I already suffer from medical anxiety. I’m terrified of the unknowns; however, I also know that the knowns and the benefits outweigh the risks. I want to do my part, but I’m filled with anxiety. What if I have an allergic reaction? (I’ve never had an allergic reaction to vaccines and once had an offset reaction to an oral medication). What if I can’t handle the side effects? What if the long term effects are actually bad? So many unknowns. So I come to Reddit to ask, can someone help calm my nerves? Can someone help show me some science? Can someone share their experience with me to help calm my nerves? I do not want to hear from biased, anti-vaxxers, please just give me unbiased, truthful facts and experiences.",altaccount__2,0.94,/r/VACCINES/comments/mg3tyu/i_am_nervous_but_want_to_do_my_part_help_me/,t5_2r9k3
6,How does J&J compare to one shot (not both) of Moderna?,11,mjk2vl,https://www.reddit.com/r/VACCINES/comments/mjk2vl/how_does_jj_compare_to_one_shot_not_both_of/,4,2021-04-03 19:33:48,"The best vaccine is the one you can get. Now with that out of the way: is there any argument that J&J is better than one shot of Moderna? A friend is moving, eligible to get vaccinated, and has a choice, prompting this debate amongst us. Not looking for medical advice, just an understanding of J&J vs one shot (not both) of Moderna. I did some research and I understand (I think) that the J&J was tested later and more broadly (against variants, on people of color, older people, people with comorbidities, etc.), and is basically as effective as two shots of Moderna in preventing serious symptoms/hospitalizations and deaths. What about vs one shot? Is there anything else to consider? Or is there no argument, even one shot of Moderna is ""better"" than J&J? Thanks for contributing to our debate.",ladylawTM,0.93,/r/VACCINES/comments/mjk2vl/how_does_jj_compare_to_one_shot_not_both_of/,t5_2r9k3
7,Can people get extra covid vaccines?,11,mz8997,https://www.reddit.com/r/VACCINES/comments/mz8997/can_people_get_extra_covid_vaccines/,11,2021-04-26 17:16:18,"I got fully vaccinated with moderna back in January. Where I live there is a huge surplus of Pfizer. After about 6 months I was thinking about getting the Pfizer shot since they have a little different protections from Covid.

This is not a troll post I looked online if people were getting extra shots. I also don’t feel
Bad about taking extra since there is such a surplus in my area.",grahamwellington2,0.87,/r/VACCINES/comments/mz8997/can_people_get_extra_covid_vaccines/,t5_2r9k3
8,Vax vs normal covid immunity,9,ocu89t,https://www.reddit.com/r/VACCINES/comments/ocu89t/vax_vs_normal_covid_immunity/,32,2021-07-03 04:42:52,"A bit of a strange post. I’m M24, no underlying health issues and am not keen at all for getting a vaccine (I’m NOT anti vax).

What concerns me most is the fact that Pfizer/Moderna are using mRNA and are first of a kind to be used in humans. We only have about 1-1.5 years worth of long term effects known (if any) and I do not feel safe having it many years down the line for this reason.

AZ looks to me a lot “safer” in that sense, the technology is old and well researched, however we do have the issues with clots.

And finally (being a Russian in Europe) I can also go home and get a Sputnik V. This seems the better option, however I wouldn’t really have any benefits whatsoever in Europe (when Vax passports come in) since its not really recognised.

Overall I am concerned by the fact that in normal circumstances research takes multiple years, even decades, at which point a full spectrum with all possible long-term consequences (if any) known. That’s not the case with Covid. Similarly, however can also be said about long term consequences of Covid itself. If there are any scientist in this subreddit, statistically what is the least-risk?
1. Pfizer/Moderna vax with unknown long-term health since this technology was never used for human vaccines
2. AZ where the technology is known, however blood clot risks exist
3. Sputnik where technology is known, however gives me no travel benefit since I live in Europe.
4. Natural immunity. I hadn’t had covid, however statistically speaking I am pretty guaranteed to have it at some point given how things are going. Once again its fair to say long term effects unknown.

I am probably leaning towards Sputnik, or natural immunity",SiGni7,0.77,/r/VACCINES/comments/ocu89t/vax_vs_normal_covid_immunity/,t5_2r9k3
9,Can you take two different COVID vaccines?,9,lwgtz5,https://www.reddit.com/r/VACCINES/comments/lwgtz5/can_you_take_two_different_covid_vaccines/,6,2021-03-02 19:34:21,"I read that the new J&J vaccine is less effective than the Pfizer and Moderna vaccine. Obviously we would all want max protection, yet I would feel irresponsible to turn down the J&J vaccine. What (if any) are the risks of taking two vaccines if the Moderna or Pfizer vaccine was offered at a later time after taking the J&J vaccine? Any benefits?",LZRDLZRD,0.92,/r/VACCINES/comments/lwgtz5/can_you_take_two_different_covid_vaccines/,t5_2r9k3
10,"Is there a specific vaccine that you prefer (Moderna, Pfizer, J&J, etc.) and why",8,mi15xs,https://www.reddit.com/r/VACCINES/comments/mi15xs/is_there_a_specific_vaccine_that_you_prefer/,5,2021-04-01 14:04:44," Is there a specific vaccine that you or someone else has had a better experience with (Moderna, Pfizer, J&J, etc.) and why… \*I am looking for answers that will be relevant for a young woman in her 20’s… I heard young women have the strongest immune response/reaction... I am 5’2”, petite build, 128 lbs, I have a developmental disability (Aspebergers), and the only health condition I have is migraines…. I get hormonal migraines and migraines triggered by too much salt and other foods that are known to cause migraines… I think I also may be genetically prone to blood clots because a lot of family on my Mom’s side is… I have a latex allergy too... I read the rules and sidebar, I don't know for sure if this is allowed here. If not, I apologize in advance and refer me to correct subreddit if possible.",Ilovedogs_000,0.85,/r/VACCINES/comments/mi15xs/is_there_a_specific_vaccine_that_you_prefer/,t5_2r9k3
11,mRNA Vaccines and Inflammation,11,lrkln1,https://www.reddit.com/r/VACCINES/comments/lrkln1/mrna_vaccines_and_inflammation/,1,2021-02-24 14:03:09,"I am curious as to how different the Moderna and Pfizer Covid-19 vaccine's body response differ from a traditional vaccine. If I am correct, older vaccines create an immune response through (or alongside) some inflammation in the body. Does the mRNA rely on an inflammatory response as well?  


I ask because I had taken some Advil the day before my first Moderna injection for some muscle aches. I am not worried about the effect of the Advil on my vaccine, I am just curious if it works in a similar fashion. Thanks,",enkeedoo,1.0,/r/VACCINES/comments/lrkln1/mrna_vaccines_and_inflammation/,t5_2r9k3
12,"Pfizer & Moderna mRNA vaccines: Self-replication, RNA discarded and immune system cell destruction",9,lkf03m,https://www.reddit.com/r/VACCINES/comments/lkf03m/pfizer_moderna_mrna_vaccines_selfreplication_rna/,3,2021-02-15 09:43:59,"Hi. I've wanted an answer for this before and I know you've had questions about these things before but I've looked around before but haven't been able to find an answer for my question. I have a limited understanding for normal vaccines and reading of RNA and such but lower knowledge for these vaccines.

&#x200B;

1. Are the RNA in these vaccines self-replicating?
2. Will the RNA in these vaccines either just be used once to produce the protein or be used whatever amount of times to produce the protein but then be broken down (happens how?)
3. Will the immune system attack the cells presenting the protein (will all cells which get the RNA express the protein on its surface and do the immune system have access to all cells?) and through that way remove the last traces of the RNA and stop the production of ""foreign"" protein?

I ask these questions because I want to have some understanding / chance to think for myself for about how safe they can be. If the RNA are only utilized for a short amount of time to produce the spike protein or a similar one and then the body make antibodies for that and that's it then that's the best case scenario I guess. If the RNA are copied and possibly also spread in the body (can it? At-least the injected fluid can enter them of course) or ""hang around forever"" then I guess an immune system response which killed those cells would kinda remove that ""problem"" if one think it is one. Though I don't know which cells are infected and how many and how fine that is. And last if the RNA would hang around ""forever"" through whatever means producing the protein then I guess I wonder about some sort of disease where the body is attacked for a long time or lots of cells are killed or whatever.

I just want to understand it that's all. For a normal vaccine I'd assume the immune system kill the infected cells?

&#x200B;

Thank you and sorry for posting as I can understand you already got enough of these sort of questions. (And no I'm not against vaccines and like against vaccines and portraying/motivating that by skeptical questions and like trying to get others worried or what not. I'm just a bit autistic & interested and was watching these stuff like on MedCram previous spring but haven't been following since then / last summer really.)",aliquise,1.0,/r/VACCINES/comments/lkf03m/pfizer_moderna_mrna_vaccines_selfreplication_rna/,t5_2r9k3
13,Question about Moderna Side Effect,10,lm3ajh,https://www.reddit.com/r/VACCINES/comments/lm3ajh/question_about_moderna_side_effect/,8,2021-02-17 15:04:34,"My mother received her first dose of the Moderna vaccine 2 weeks ago. Shortly after she was given the vaccine, her whole arm (the one she received the vaccine in) went numb. She called over the nurse, who said it was a normal reaction, and that it would go away after a while.

The numbness went away after about 15 minutes, but my mother is now slightly worried what might occur when she gets the second vaccine - since apparently the 2nd dose has been reported as causing more serious symptoms.

There really isn't many reports online of a similar numbness occurring from the Moderna vaccine, so I'm wondering if anyone here has experienced or heard of something similar? The only similar side effects seem to be a bell's palsy (facial paralysis), which ironically a relative of mine experienced from the first dose of the vaccine.

Thanks!",JacquesMouse,1.0,/r/VACCINES/comments/lm3ajh/question_about_moderna_side_effect/,t5_2r9k3
14,Moderna Kicks Off New Vaccine Programs,9,kvnxj8,https://www.thetechee.com/2021/01/moderna-kicks-off-new-vaccine-programs.html,1,2021-01-12 03:44:52,,The-Techie,1.0,/r/VACCINES/comments/kvnxj8/moderna_kicks_off_new_vaccine_programs/,t5_2r9k3
15,Experiences with Moderna vaccine,9,mhe02x,https://www.reddit.com/r/VACCINES/comments/mhe02x/experiences_with_moderna_vaccine/,8,2021-03-31 15:43:11,"Hello, I hope everyone is doing well during this pandemic. I have a few questions for those who have been vaccinated with the Moderna vaccine. Why have you decided to get that particular one? Would you recommend it to other people? Were there many side effects and which were those? How did you feel right after you got it, vs after a few days? 
Thank you so much for your answers and for sharing your experiences, I appreciate it a lot",megp33k,1.0,/r/VACCINES/comments/mhe02x/experiences_with_moderna_vaccine/,t5_2r9k3
16,Do you have any insights on managing COVID-19 vaccine side effects?,9,n44ljd,https://www.reddit.com/r/VACCINES/comments/n44ljd/do_you_have_any_insights_on_managing_covid19/,11,2021-05-03 15:12:11,"I'm a female, 24 years old, and I'm 5'2"". I expect to get a strong immune system response. I am aware a lot of the vaccines cause side effects like tiredness, migraines/headaches, muscle pain, and my friend who is also a young female got chills from the Moderna one. There is also physical symptoms sometimes like COVID arm (redness/rash).  

The reason why I am asking is that I live at home with my parents who are anti-vax. I plan getting the vaccine behind their backs. I am worried my parents will confuse the side effects for COVID-19 and panic. If they figure out that I got vaccinated, I'll just have to deal with the consequences. Part of my plan to get vaccinated is to mask/lie/cover-up the side effects and any evidence of a vaccine as much as possible. My plan so far is to have tylenol and/or ibuprofen on hand for the side effects. (Regarding my anti-vax parents, most people think its best not to discuss anything with them unless I absolutely  have to.)",Ilovedogs_000,0.92,/r/VACCINES/comments/n44ljd/do_you_have_any_insights_on_managing_covid19/,t5_2r9k3
17,Vaccines protection against variants?,9,nujk49,https://www.reddit.com/r/VACCINES/comments/nujk49/vaccines_protection_against_variants/,2,2021-06-07 14:23:08,"Hello does anyone know if the moderna and pfizer vaccines protect you against the variants from India,uk,South Africa,Brazil? If so how protected are you.",MotorWhich1553,0.91,/r/VACCINES/comments/nujk49/vaccines_protection_against_variants/,t5_2r9k3
18,Worth it to get just the first shot?,9,moibqp,https://www.reddit.com/r/VACCINES/comments/moibqp/worth_it_to_get_just_the_first_shot/,6,2021-04-10 22:19:40,"In a couple of weeks I will have the opportunity to get the first dose of either the Pfizer or Moderna vaccine. Then I probably won’t be able to go back for the second shot for a few months. 

Which one is best if only getting one shot? Would I have to start over if I couldn’t get the second one until September or October?

Is it worth it to get the first one only? I’ve read it’s up to 80% effective. 

Any advice is appreciated. Thanks!",0ryx0ryx,0.92,/r/VACCINES/comments/moibqp/worth_it_to_get_just_the_first_shot/,t5_2r9k3
19,Days for full efficacy of Pfizer Comirnaty after second dose?,7,omv9nb,https://www.reddit.com/r/VACCINES/comments/omv9nb/days_for_full_efficacy_of_pfizer_comirnaty_after/,3,2021-07-18 13:37:09,"I've seen quite a bit of confusion about the time requested for the second shot of the Pfizer-BioNTech COVID vaccine to reach the expected protection rate after the second dose, in relation to the effectiveness of the vaccine for the current discovered variants.

In particular:

* According to documentation from last year, the CDC indicates such time as 14 days.
* My country's FDA indicates the full protection is reached after 7 days with Pfizer, 14 with Moderna and J&J, 15 with AZ.
* At the vaccination centre, some months ago, a relative of mine has been said such latency is 10 days.
* I've googled for hours, but couldn't find any study (NIH, pubmed, etc..) reporting an historical series analysis of COVID antibody serological results over time.

Is there are recent resource about that you could indicate me, or any general consensus about the duration time?

Thanks",FancySource,0.9,/r/VACCINES/comments/omv9nb/days_for_full_efficacy_of_pfizer_comirnaty_after/,t5_2r9k3
20,Which vaccine to take?,8,mcgupq,https://www.reddit.com/r/VACCINES/comments/mcgupq/which_vaccine_to_take/,17,2021-03-24 17:14:10,"Someone reached out today and told me that she could get me vaccinated and all I really had to do was decide which road to go down. My choices are as follows.


*Sputnik

*AstraZeneca

*Sinopharm


I was aiming for the Moderna or Pfizer but those aren't in my country just yet. I have no problem waiting, as I am in isolation, and have been for the past year and change and will likely have to remain in isolation until August. Also, we have the South Africa and UK variants floating around freely and it's getting bad real fast. Real fast.


How would you approach this?",nicgentile,1.0,/r/VACCINES/comments/mcgupq/which_vaccine_to_take/,t5_2r9k3
21,What happened to the Moderna vaccine subreddit? Here’s my second shot experience anyway.,8,n0j5jp,https://www.reddit.com/r/VACCINES/comments/n0j5jp/what_happened_to_the_moderna_vaccine_subreddit/,6,2021-04-28 12:47:43,"Like, I can’t even view it anymore or request to join? I was just coming to report my symptoms on my second dose... Guess I’ll do it here: 

43/F. Cancer survivor, global hypokinesis, asthma, high bp.

No pain going in this time, unlike the first. Extreme fatigue within a minute and still going an hour later. Not fatigue like “I am so tired, I didn’t sleep well. “More like the fatigue that comes with NyQuil. Overwhelming, blanket fatigue.",BackMeUpGirl,1.0,/r/VACCINES/comments/n0j5jp/what_happened_to_the_moderna_vaccine_subreddit/,t5_2r9k3
22,Pharm Experience with moderna Vaccine,9,ldz2f5,https://www.reddit.com/r/VACCINES/comments/ldz2f5/pharm_experience_with_moderna_vaccine/,8,2021-02-06 09:52:44,"Wanted to post this because I just see so many positive posts about getting this vaccine and wanted to keep it real. I’m also a pharmacist, I have not felt this sick in years after getting the 2nd Covid Vaccine; I was in so much pain I actually did not sleep at all the first night. I have given literally thousands of shots and one thing that jumps out is how many people say they feel sick after getting vaccines (esp flu); it’s hard to blame them in my opinion for being hesitant in getting this vaccine because of that. I can’t confirm if I’ve gotten covid in the past but am confident I did at one point and did not feel this bad at all; I am not sure if I’ll ever get this vaccine again if it’s recommended every year. My 2 cents...... which is actually a doctorate in this stuff. FYI, I’m also a third Native American and moderna had less than 2% Natives in their study so hooray again for not being fully represented.",WitheredBambi,0.91,/r/VACCINES/comments/ldz2f5/pharm_experience_with_moderna_vaccine/,t5_2r9k3
23,Moving states between Moderna Doses?,8,mktnwq,https://www.reddit.com/r/VACCINES/comments/mktnwq/moving_states_between_moderna_doses/,2,2021-04-05 16:09:38,"Hey there r/VACCINES.

I got my first Moderna shot on April 1 (no joke). I was really hoping to get the Janssen because I'm supposed to move from CO to VT this month to help take care of my step-mother, who is undergoing brain surgery on the 20th of this month. Since the Moderna vax needs at least 4 weeks in between doses, I was looking into how I might get a second dose once I've moved, or if I should wait to move until I get my scheduled second dose from Kaiser Permanente on the 29th. 

The biggest issue immediately is that the nearest KP location to where I'm moving is in Virginia, though getting there wouldn't be a huge issue.

Has anyone had to do something like this or have any input on best practices? Many thanks in advance!",wordefy,1.0,/r/VACCINES/comments/mktnwq/moving_states_between_moderna_doses/,t5_2r9k3
24,Should my (61) mom get the vaccine (if yes then which one) if she had an allergic reaction to the H1N1 flu vaccine?,8,mhntle,https://www.reddit.com/r/VACCINES/comments/mhntle/should_my_61_mom_get_the_vaccine_if_yes_then/,7,2021-04-01 00:46:57,"I’ve tried my best to look at the ingredients of all the vaccines but I thought I’d ask here. But I will still do my research. 

My mom had an allergic reaction to the H1N1 vaccine back in ‘09. She her throat was closing and her tongue got big. She had taken the flu shot every year before this but was advised to not get the flu shot anymore after her reaction. 

So should my mom get the covid vaccine? If yes which one? The household she lives in with me other family members, everyone is going to have their full shots (half got moderna/half got Pfizer) by the 2nd week of April. 

She did call her doctors office and they said she could get the vaccine they would just keep her there for longer than the regular time to make sure she’s fine.",Lextacy324,1.0,/r/VACCINES/comments/mhntle/should_my_61_mom_get_the_vaccine_if_yes_then/,t5_2r9k3
25,18 hours post Moderna vaccine.,8,ld7tvi,https://www.reddit.com/r/VACCINES/comments/ld7tvi/18_hours_post_moderna_vaccine/,2,2021-02-05 09:07:17,"First shot went well. I have soreness around the injection site common for me with vaccines. I felt mildly unwell when I woke up but after fully waking up and some water, I have nothing but a blah feeling but it’s also Friday. No fever.  So far the vaccine is acting like any other vaccine I have had. My last tetanus shot left me in worse condition.",calverygirl,0.9,/r/VACCINES/comments/ld7tvi/18_hours_post_moderna_vaccine/,t5_2r9k3
26,"Why Moderna, when Pfizer has less side effects, more effective (a little bit) and takes let time for 2 shots to complete?",8,mze37o,https://www.reddit.com/r/VACCINES/comments/mze37o/why_moderna_when_pfizer_has_less_side_effects/,9,2021-04-26 22:09:27,"Trying to decide what vaccine to make, it's a hard decision. I'm (still) in favor of Moderna mainly because most of my friends did it and are absolutely fine, but now reading about Pfizer - I don't see the benefits of the first one.

**Phizer has:**

\- less side effects

\- takes 21 days between 2 shots (vs 28 for Moderna)

\- a little bit more effective (1-2%)

&#x200B;

Given that there is an equal opportunity to get both, why chose Moderna over Phizer?",xleb-opek,0.85,/r/VACCINES/comments/mze37o/why_moderna_when_pfizer_has_less_side_effects/,t5_2r9k3
27,What happens if you contract covid between the first and second dose?,8,kqoozs,https://www.reddit.com/r/VACCINES/comments/kqoozs/what_happens_if_you_contract_covid_between_the/,2,2021-01-04 21:46:31,"Howdy. I got my first dose of the Moderna Vaccine about a week ago, I found out I was exposed to covid that weekend and I am having some symptoms, it will be some time before I can get a test. My question is, what happens if you contract it in between doses? Will they still give you a second dose? Is that safe?",xblissth,1.0,/r/VACCINES/comments/kqoozs/what_happens_if_you_contract_covid_between_the/,t5_2r9k3
28,Explaining Corona cases and hospitalizations in mostly vaccinated countries,6,obh2ba,https://www.reddit.com/r/VACCINES/comments/obh2ba/explaining_corona_cases_and_hospitalizations_in/,9,2021-07-01 04:05:41,"I'm seeing conflicting results about the extent to which Corona vaccines are working against Delta and other variants.   And yes, I have gotten both doses of the Pfizer vaccine.  On one hand, there's numerous reports Moderna, Pfizer and similar vaccines work against all variants including Delta.  That said, case numbers and cases requiring hospitalization are rising in nations such as the UK and Israel where most adults, including the vast majority of vulnerable adults, have gotten the vaccines.  In Israel, severe cases went up from 21 to 29 over a week and a half and UK is reporting similar numbers.   If the vaccine is protecting against severe illness from Delta and other new variants, how is this happening? Is the spread getting through the cracks among the unvaccinated somehow?",emaxwell13131313,0.88,/r/VACCINES/comments/obh2ba/explaining_corona_cases_and_hospitalizations_in/,t5_2r9k3
29,My dad freaked me out about the Moderna Covid Vaccine. Just let me know that I'll be fine lol,6,o2xmwi,https://www.reddit.com/r/VACCINES/comments/o2xmwi/my_dad_freaked_me_out_about_the_moderna_covid/,9,2021-06-18 15:04:53,"I just got my second dose of Moderna 2 days ago. Didn't get sick after either dose, just some pretty bad shoulder pain, which is much better today than yesterday.

My dad freaked me out today saying death rate of Moderna is 25% (I'm positive that isn't true) but me and my anxious brain is still worried I'm about to die spontaneously.

help me out here lol",BunniBunzzzzz,0.8,/r/VACCINES/comments/o2xmwi/my_dad_freaked_me_out_about_the_moderna_covid/,t5_2r9k3
30,Why you can't ditch your mask even after you've been vaccinated :,5,kd3yom,https://www.reddit.com/r/VACCINES/comments/kd3yom/why_you_cant_ditch_your_mask_even_after_youve/,6,2020-12-14 14:02:32,"People who receive the coronavirus vaccine will still need to wear a mask and practice social distancing, experts say, because it’s not yet known whether the shots can prevent even vaccinated individuals from spreading the virus.
Vaccines can potentially serve three different purposes: they can prevent an infection by blocking a virus from invading cells in the body; they can reduce the risk of serious illness if a person is infected; or they can reduce the amount of virus a person “sheds,” essentially curbing a person’s ability to transmit the virus to others.
“The challenge is that not all vaccines can do all three,” said Dr. Bruce Y. Lee, a professor of health policy and management at the City University of New York. 
The Pfizer-BioNTech vaccine is 95 percent effective at preventing symptomatic Covid-19, and the Moderna vaccine is 94.5 percent effective at reducing infection, but neither of the trials were designed to focus on whether the shots could prevent infection altogether — or what effect they could have on transmission.
The
CDC has said
that until more is known about how the vaccines perform under real-life conditions, “it will be important for everyone to continue using all the tools available to us to help stop this pandemic.”
That includes wearing a mask, washing hands frequently and staying six feet apart from others.
“A vaccine is a very important tool in our arsenal, but we also can’t overestimate it,” Lee said. “We have to layer all these interventions on top of each other to make them more effective.”",Scuba_BK,0.78,/r/VACCINES/comments/kd3yom/why_you_cant_ditch_your_mask_even_after_youve/,t5_2r9k3
31,How do Pharmaceutical Companies assure that a certain vaccine is safe for children?,5,ohzkys,https://www.reddit.com/r/VACCINES/comments/ohzkys/how_do_pharmaceutical_companies_assure_that_a/,3,2021-07-11 02:48:19,"Lets say Pfizer’s Covid vaccine, it’s said to be the only vaccine safe for children. How do they reassure this? How were the tests done to make sure it is truly permitted for children to take it? Did they do clinical trials on children?  

(If they did do tests on children will other companies like Moderna, J&J etc. do tests on children aswell?)   

There’s probably a very obvious answer to this that I (a normal being with no knowledge about the technicalities of medicine whatsoever) a Filipino 16 y/o couldn’t think of.",Domilized,0.79,/r/VACCINES/comments/ohzkys/how_do_pharmaceutical_companies_assure_that_a/,t5_2r9k3
32,What are the benefits of the mRNA approach over inoculating directly with the proteins encoded by the mRNA?,6,kdhij1,https://www.reddit.com/r/VACCINES/comments/kdhij1/what_are_the_benefits_of_the_mrna_approach_over/,6,2020-12-15 02:53:15,"This could just be me not quite understanding how the mRNA vaccines work, but here is what I have got so far:

1. The Pfizer and Moderna vaccines contain mRNA encapsulated in a structure which allows the mRNA to penetrate human cells.
2. The mRNA uses the cells own protein synthesis mechanism to induce the cell to create a protein which is a close enough match for the spike protein that naturally encapsulates the Sars-cov-2 virus, that a immune reaction to the vaccine created spike proteins will ensure a rapid immune reaction to the SC2 virus spike protein
3. The mRNA vaccines need to be maintained at very low temperatures throughout their existence to maintain the integrity of the encapsulating structure.

Why go through all that trouble instead of just doing steps 1 and 2 in the lab and have the delivered vaccine be exclusively of the spike protein? What am I missing?",unomi303,1.0,/r/VACCINES/comments/kdhij1/what_are_the_benefits_of_the_mrna_approach_over/,t5_2r9k3
33,? About Getting Vaccine After I Turn 18,7,ofwboe,https://www.reddit.com/r/VACCINES/comments/ofwboe/about_getting_vaccine_after_i_turn_18/,2,2021-07-07 20:53:09,"Hopefully this is the right place, but I got my Pfizer vaccine at the age of 17 in May. I'm turning 18 this Saturday. Right now in Ontario, Canada there seems to be more Moderna than Pfizer and they are reserving the Pfizer more for the 12 to 17 age group. Question is, do I qualify in the 12 to 17 age group (Pfizer) or do I qualify in the 18+ group (Moderna) when I get my second dose? I am going back for a 5th year if that helps.",tylerh73,0.82,/r/VACCINES/comments/ofwboe/about_getting_vaccine_after_i_turn_18/,t5_2r9k3
34,Anyone got side effects from Pfizer/ Moderna?,5,p2ywys,https://www.reddit.com/r/VACCINES/comments/p2ywys/anyone_got_side_effects_from_pfizer_moderna/,27,2021-08-12 08:34:13,"Hi all,
I’m in Korea and my first shot is in about two months. 
I’ve been reading a lot of articles and comments regarding the vaccination and ngl, it is SCARY. 
I know the vaccines could not only prevent from catching covid, but also reduces the severity. 

However, the side effects of the vaccines are pretty serious here in Korea (I’m not sure if it’s the same in other countries, would like to know if you have anything to share!). 
There are more deaths caused from vaccines than covid, and recently they started giving shots to high school grads and there are a lot of students who are struggling with side effects with about 100 days left with their SAT. 
Some say that they are constantly having chest pain, having trouble with breathing, running out of breath when just going up a few stairs, rashes, vomiting, high fever, etc.  And those are not abating even though it has been more than 4-5 months. 

What scares me the most is that Pfizer and Moderna could possibly cause heart inflammation (Myocarditis and pericarditis) because I had a heart surgery when I was about a month old. 
It’s been twenty years without any complications but still there are people who were perfectly healthy and died from it. 

I just don’t know where to ask this so I’m posting it here and hoping I could get some ideas. Do Pfizer and Moderna vaccines risky for people who had a heart surgery before? I cannot find any articles or statements dealing with that particular topic. And I would also like to know how you guys reacted after your vaccinations, especially the second shot. 

Oh and is it true that people who are healthy have more serious reactions to covid vaccines? Just read someone’s comment and curious about it. 

Thanks!",yeet135790,0.86,/r/VACCINES/comments/p2ywys/anyone_got_side_effects_from_pfizer_moderna/,t5_2r9k3
35,Issue with getting my 2nd dose of vaccine.,4,nstiae,https://www.reddit.com/r/VACCINES/comments/nstiae/issue_with_getting_my_2nd_dose_of_vaccine/,3,2021-06-05 07:16:21,"Hi there! I'm in a bit of a tricky situation here and can i just preface this by saying, i realise 2 doses are necessary and despite still having some muscle pain from the first i am more than happy to receive the 2nd. 

I'm in the UK and currently we space out the doses at 10-12 weeks. I'm having to move from where i am in England up to Scotland, 4 weeks before my scheduled 2nd Moderna shot. I called the local NHS in the area of Scotland where i will be and they do not have Moderna available. 

Are we tied in to the same vaccine manufacturer forever? By this i mean, if i can get by till next spring which would mark a year since the first, can i take a different vaccine then? I live in a very remote spot and i work from home so i think that continuing to wear a N95 mask and getting food deliveries should keep me fairly 'safe' until then. 

There's a lot we don't know about the vaccines in terms of mixing and i know almost nothing about science, but if we are to get boosters a year on i guess i'm curious if that means it must be the same manufacturer. 

Appreciate your thoughts on this! 

(cross posted on Virology).",sasswithimpunity,0.84,/r/VACCINES/comments/nstiae/issue_with_getting_my_2nd_dose_of_vaccine/,t5_2r9k3
36,Vaccine immunity stronger than natural immunity?,6,pam3rv,https://www.reddit.com/r/VACCINES/comments/pam3rv/vaccine_immunity_stronger_than_natural_immunity/,3,2021-08-24 08:13:46,"Please only answer this if you know what you're talking about. (I.e. no ""facebook research""). 

For the moderna and pfizer vaccines that work based on protecting against the spike protein. How can immunity to covid this way be better than natural immunity? With natural immunity you build up resistance to many other parts of the virus, not just spike protein. 

Also, what are the risks of antibody dependent enhancement with these vaccines?",johnnyvlad,0.87,/r/VACCINES/comments/pam3rv/vaccine_immunity_stronger_than_natural_immunity/,t5_2r9k3
37,Does the Covid-19 Vaccine have any long term side effects?,5,mjldj2,https://www.reddit.com/r/VACCINES/comments/mjldj2/does_the_covid19_vaccine_have_any_long_term_side/,3,2021-04-03 20:47:53,"I am a young woman and I am just wondering, before I get the Covid-19 Vaccine. Has anyone heard of what the long term side effects are for the various vaccines?

Edit: Thank you everyone for replying to my post. I just got my first shot of Moderna.",ZiXeiYun,1.0,/r/VACCINES/comments/mjldj2/does_the_covid19_vaccine_have_any_long_term_side/,t5_2r9k3
38,Can someone explain how Pfizer and Moderna can be mixed and be effective?,5,o5yy5d,https://www.reddit.com/r/VACCINES/comments/o5yy5d/can_someone_explain_how_pfizer_and_moderna_can_be/,3,2021-06-22 18:24:58,"I blame my ignorance on how vaccines work, but are these two vaccines identical in every way, but just made by different companies?  Is that why they can be mixed?   I guess in my head it feels like taking advil and tylenol together, same result but different effects.   How can Moderna strengthen my previous Pfizer shot?",nigelthrowaways,0.86,/r/VACCINES/comments/o5yy5d/can_someone_explain_how_pfizer_and_moderna_can_be/,t5_2r9k3
39,"Getting moderna on Tuesday, very nervous",4,moh5j9,https://www.reddit.com/r/VACCINES/comments/moh5j9/getting_moderna_on_tuesday_very_nervous/,28,2021-04-10 21:06:04,My husband and I are getting the moderna vaccine on tuesday. I’m so nervous I could puke. I have severe health anxiety and my brain is making me think the worst. Can anyone tell me how their first shot went?,eyeswideopen91,0.84,/r/VACCINES/comments/moh5j9/getting_moderna_on_tuesday_very_nervous/,t5_2r9k3
40,"Are there any real differences between the mRNA vaccines Pfizer and Moderna? The more I look into them, the more they seem the same (and both look like great vaccines)",4,nk9wwo,https://www.reddit.com/r/VACCINES/comments/nk9wwo/are_there_any_real_differences_between_the_mrna/,3,2021-05-24 18:14:59,"I've had a read on the HSE (official government) website and can't see any major ones

All info from here https://www2.hse.ie/screening-and-va...id-19-vaccine/

**Efficiency:**

Pfizer - 95%
Moderna - 94%

**Side effects:**

Both appear to be practically the same too with negligible side effects. Although for both the HSE website mentions ""More than 1 in 10,000 people may develop Bell’s palsy""

BP is usually temporary as far as I know


**Other:**

Both have a 4 week gap for the second shot

With Pfizer you're good to go a week after this and Moderna is two weeks after

Happy days

**Indian variant:**

Quote:
The Pfizer/BioNTech and Moderna coronavirus vaccines appear to protect against COVID variants B.1.617 and B.1.618 first identified in India, researchers have reported in a new pre-print paper, which has not yet been peer-reviewed, CNN reported
https://www.business-standard.com/ar...1800070_1.html

More good news there

**Miscellaneous:**

Quote:
New evidence

New evidence from Israel shows the risk of severe COVID-19 was reduced by 92%, 7 days after 2 doses of the Pfizer/BioNTech vaccine.
https://www2.hse.ie/screening-and-va...tech/immunity/

It's looking like almost all (if not all) 40-49 year olds in Ireland will get one of these two vaccines so I thought it'd be good to jump into the data

**TLDR:** On reading the information I've found, they seem to be pretty much the same Vaccine 

Thoughts?",MickeyMagicMoves,0.7,/r/VACCINES/comments/nk9wwo/are_there_any_real_differences_between_the_mrna/,t5_2r9k3
41,What is the effect on the immune system of getting multiple Covid vaccines?,5,ov8u26,https://www.reddit.com/r/VACCINES/comments/ov8u26/what_is_the_effect_on_the_immune_system_of/,1,2021-07-31 11:10:00,"There is plenty information online about mix-and-matching vaccine providers for the first and booster shot, but that's not my question. I mean if someone were to get fully vaccinated twice, with different providers.

Example: Get the J&J one-shot vaccine, and about two months later get both shots of Pfizer/Moderna/AstraZeneca (with the appropriate waiting time between those two doses).

Would there be negative effects to health and immunity? A marginal beneficial immunity effect? No effect at all?

I'm interested in understanding the interaction between different antigens in one given immune system.

Thanks",dodsferd22,0.86,/r/VACCINES/comments/ov8u26/what_is_the_effect_on_the_immune_system_of/,t5_2r9k3
42,Questions on the mRNA COVID vaccines - on degradation of synthetic mRNA,5,k0ogb6,https://www.reddit.com/r/VACCINES/comments/k0ogb6/questions_on_the_mrna_covid_vaccines_on/,5,2020-11-25 03:37:52,"I read about the new mRNA vaccines and am very excited to get vaccinated, both for personal safety and also so that I can travel, and to help with herd immunity in my community. I just have a few questions based on my high school biology understanding.   


1) I understand that the natural mRNA degrades quite rapidly in body temperature, however, does the same happen for the synthetic mRNA in the Pfitzer and Moderna vaccines? This question is important for me, because if it doesn't degrade fast enough, then my ribosomes will be making lots of spike proteins even after immune response has done all it can.   


2) I read about garbage collection and mRNA silencing if the natural mRNA is partially degraded (and potentially can make defective proteins). Do these garbage collection and silencing mechanisms apply similarly to the synthetic mRNA in the Pfitzer and Moderna vaccines too?",miketanner,1.0,/r/VACCINES/comments/k0ogb6/questions_on_the_mrna_covid_vaccines_on/,t5_2r9k3
43,How do you encourage others to take the vaccine?,3,o71v12,https://www.reddit.com/r/VACCINES/comments/o71v12/how_do_you_encourage_others_to_take_the_vaccine/,11,2021-06-24 10:21:09,"Hello everyone and congratulations for those who are half/fully vaccinated. I am getting my 2nd dose of vaccine in 2 days.  
I wanted to ask you guys if you have any friends who are anti-vaxxers but you still care about them and you care not to lose friendship with them. What do you tell them to the contra-argument that the corona vaccine was made in a super short time and sounds to be rather an experimental? I try to tell them them that at least Moderna and Pfizer vaccines are using mRNA technology which is something very modern and not dangerous. But still, I fail to sound more convincing. What do/would you do guys?",puretechno,0.59,/r/VACCINES/comments/o71v12/how_do_you_encourage_others_to_take_the_vaccine/,t5_2r9k3
44,Should I get the COVID Vaccine before everyone else?,3,l6pqwi,https://www.reddit.com/r/VACCINES/comments/l6pqwi/should_i_get_the_covid_vaccine_before_everyone/,7,2021-01-28 01:11:57,"My mom is friends with a politician in my country (3rd world, so we *might* get the vaccine years from now). She just messaged me to say that they're getting either the Moderna or Pfizer vaccine ahead of everyone else.

This is a stupid question, but should I? On one hand I'm deeply concerned about the moral implications of this because my country is already corrupt from selfish politicians and I want no part of it--wouldn't I be taking away these resources from people that need it the most (esp frontliners)? But on the other, if I don't get vaccinated what would that mean for those around me? Would it be more socially responsible to get the vaccine?

I'm in a bit of a pit because I don't actually know what's the right course of action here. For now I was buy myself time to think by saying that I might have to pass only because we don't know what side-effects this vaccine has yet.

(She's also prohibiting my from telling anyone, so I don't really have anyone to ask)",pedro-hardines,0.81,/r/VACCINES/comments/l6pqwi/should_i_get_the_covid_vaccine_before_everyone/,t5_2r9k3
45,AZ - why 12 weeks?,4,nv6mxw,https://www.reddit.com/r/VACCINES/comments/nv6mxw/az_why_12_weeks/,4,2021-06-08 11:33:58,"
Got the following info from Ontario government website. Why those who have taken AZ need to wait for at least 12 weeks to get the 2nd dose while the Moderna and Pfizer folks 28 days only? Is it based on science or supply shortage concern? 
Thanks.

If your first dose was:

- AstraZeneca: you can get AstraZeneca, Moderna, or Pfizer for your second dose when you are eligible and it’s at least 12 weeks after your first dose.
- Moderna or Pfizer: you should get the same vaccine for your second dose when you are eligible and it’s at least 28 days after your first dose. You can switch between Moderna and Pfizer safely if the original vaccine you got is not readily available.",soca007,1.0,/r/VACCINES/comments/nv6mxw/az_why_12_weeks/,t5_2r9k3
46,Query on Sinopharm Vaccine,3,nx8xf5,https://www.reddit.com/r/VACCINES/comments/nx8xf5/query_on_sinopharm_vaccine/,1,2021-06-11 02:09:39,"Hi,

I would like to know if the contents of the 1st dose and the 2nd of the Sinopharm vaccine the same?

As far as I know, Pfizer and Moderna have the same contents on their 1st and 2nd doses. 

I am asking this because I have a chance to get the 2nd dose of Sinopharm. I haven't received the 1st dose. Should I go for it? In my country, it is a bit difficult to obtain the Vaccine. 

Thank you",BlaZze9090,1.0,/r/VACCINES/comments/nx8xf5/query_on_sinopharm_vaccine/,t5_2r9k3
47,Had my second Moderna vaccine a month ago!,3,n8qgda,https://www.reddit.com/r/VACCINES/comments/n8qgda/had_my_second_moderna_vaccine_a_month_ago/,1,2021-05-09 19:29:53,"It's time to take the vaccine when you get the chance! Millions have taken it, death is screeching to a halt where the vaccinations were available.  With vaccine hesitancy, it will take longer to reach others, in many other countries.",Professional_Bar_127,1.0,/r/VACCINES/comments/n8qgda/had_my_second_moderna_vaccine_a_month_ago/,t5_2r9k3
48,Moderna providing 500M doses of COVID-19 vaccine to COVAX following WHO approval,3,n8fobz,https://news.yahoo.com/moderna-providing-500m-doses-covid-115628653.html,0,2021-05-09 10:46:48,,dannylenwinn,1.0,/r/VACCINES/comments/n8fobz/moderna_providing_500m_doses_of_covid19_vaccine/,t5_2r9k3
49,Covid Vaccine - Pfizer or Moderna?,3,ouwkas,https://www.reddit.com/r/VACCINES/comments/ouwkas/covid_vaccine_pfizer_or_moderna/,8,2021-07-30 19:40:14,"I am not sure if this is the correct place to post this, if not, I'm sorry!

I (26F) am getting my first dose of a covid vaccine this weekend, and the clinic where I am going told me that I would be able to choose which mRNA vaccine (Pfizer or Moderna) to receive. 

Just wondering if anyone has any insight into which one I should choose? Or which one generally has less severe side-effects? (I am really nervous about having side-effects because I HATE feeling sick.) If anyone has had either positive or negative experiences with either of these vaccines, I am interested in hearing about it so that I can make my decision! 

Thanks!",purplewatermelon27,1.0,/r/VACCINES/comments/ouwkas/covid_vaccine_pfizer_or_moderna/,t5_2r9k3
50,Booster shot question,3,n6lda5,https://www.reddit.com/r/VACCINES/comments/n6lda5/booster_shot_question/,11,2021-05-06 19:55:02,"I took the Jonhson and Johnson vaccine because that is what I was offered.

&#x200B;

&#x200B;

If there is a booster shot, can I get Moderna or Pfizer for that additional coverage (95%)?",UsernameMustBePog,0.72,/r/VACCINES/comments/n6lda5/booster_shot_question/,t5_2r9k3
51,mRNA vaccines and 5-alpha reductase inhibitors,2,n6ggu7,https://www.reddit.com/r/VACCINES/comments/n6ggu7/mrna_vaccines_and_5alpha_reductase_inhibitors/,2,2021-05-06 16:13:59,"Hello World,

Can anyone provide me with some information about possible interactions (or recommendatios in general) of mRNA vaccine and 5-alpha reductase inhibitors (e.g. finasteride)? I'm trying to find something about this topic for the last three days, but can't find anything.

I'm asking this because I was scheduled to get Moderna vaccine on 5th of May. When I told the physician that I take finasteride (1 mg/day for 7 years now) she told me that I cannot get the jab. The reason that she gave was that she checked on the Internet (sic!) That finasteride is a steroid and these drugs tend to supposedly weaken the production of antibodies. If I want the vaccine I should stop taking the drug for at least 15 days before the first dose.

I'm not sure if I'm right but is it possible that she didn't understand what finasteride accutaly is and  what purpose it serves/ what is its mode of action? I know steroids for their antiinflammatory action but I not sure if 5-alpha reductase inhibitors work the same way?

Any thoughts on that?
Stay safe.",Bender84,1.0,/r/VACCINES/comments/n6ggu7/mrna_vaccines_and_5alpha_reductase_inhibitors/,t5_2r9k3
52,"Got the Moderna vaccine yesterday, my chest feels a bit heavy today. Is that normal?",2,nqb231,https://www.reddit.com/r/VACCINES/comments/nqb231/got_the_moderna_vaccine_yesterday_my_chest_feels/,5,2021-06-01 22:23:15,"Along with the heaviness I have a slight fever, body ache and tiredness. Has anyone else had a heavy feeling in their chest after the vaccine? When did it go away? I can breathe fairly well but it definitely is not as easy as it usually is",smoshmarbles,0.75,/r/VACCINES/comments/nqb231/got_the_moderna_vaccine_yesterday_my_chest_feels/,t5_2r9k3
53,J &J IMMUNITY,2,mr1b0l,https://www.reddit.com/r/VACCINES/comments/mr1b0l/j_j_immunity/,1,2021-04-14 18:10:49,"I know there’s a hold on J&J vaccines currently... but does anybody know roughly how the immunity is holding up in pts that took the shot during the trials? 

OR if anyone in trials could give a heads up about their immunity antibodies ? 

I just want to know if future i should look to take the Pfizer and moderna shots and how soon if needed?",fjk12665,0.76,/r/VACCINES/comments/mr1b0l/j_j_immunity/,t5_2r9k3
54,Using a mRNA vaccine as a booster for J&J,2,obm3ex,https://www.reddit.com/r/VACCINES/comments/obm3ex/using_a_mrna_vaccine_as_a_booster_for_jj/,3,2021-07-01 09:42:09,"When people talk about using a moderna or Pfizer vaccine as a booster for their J&J vaccine, are they getting one or both doses of the ‘booster.’? Like in this article, they never explain:

https://www.reuters.com/business/healthcare-pharmaceuticals/booster-may-be-needed-jj-shot-delta-variant-spreads-some-experts-already-taking-2021-06-25/",Gaudi_in_the_Parc,0.76,/r/VACCINES/comments/obm3ex/using_a_mrna_vaccine_as_a_booster_for_jj/,t5_2r9k3
55,Covid vaccine location,2,kstfyl,https://www.reddit.com/r/VACCINES/comments/kstfyl/covid_vaccine_location/,1,2021-01-07 21:52:09,"Good evening,
Had the moderna vaccine that was given in the tricep, not deltoid. I am thin, not heavy. Will this vaccine be just as effective given not in the deltoid, but lower in the triceps? Can’t find anything online regarding this, as everything simply recommends and only guarantees effectiveness in deltoid.",talktalktalkyapyap,1.0,/r/VACCINES/comments/kstfyl/covid_vaccine_location/,t5_2r9k3
56,Mixing vaccines - AstraZeneca (Covishield) for first dose and Moderna/Pfizer for second dose,2,ns8bap,https://www.reddit.com/r/VACCINES/comments/ns8bap/mixing_vaccines_astrazeneca_covishield_for_first/,7,2021-06-04 11:50:10,"I am currently in India and am eligible to get the first dose of the AstraZeneca vaccine (Covishield). I am traveling back to Toronto, Canada in a 4 weeks. 
Canada has recently issued guidance that it is okay to mix vaccines but I wanted to ask this community if it is okay if I take one dose of Covishield and then take the second dose of Moderna/Pfizer in Canada? 
Advice is appreciated.",CoffeeAndData,1.0,/r/VACCINES/comments/ns8bap/mixing_vaccines_astrazeneca_covishield_for_first/,t5_2r9k3
57,Spacing Out Vaccine Does,4,mkyr7z,https://www.reddit.com/r/VACCINES/comments/mkyr7z/spacing_out_vaccine_does/,3,2021-04-05 20:12:10,"In Canada they are spacing out vaccines by months rather than weeks in order to give more people one shot to increase immunity.  I have a feeling in a few months researchers will say people don't need two doses.   It just seems strange that so many people getting their 2nd Moderna and Pfizer shots get  pretty sick.   Most vaccines don't require such a robust immune response to work.    Does anyone know what the efficacy of one dose is after 1-2 months?  If it is 70-80%, that is good enough for me.  I am also curious to know if severe covid is less likely after one dose.",marinasmb,0.75,/r/VACCINES/comments/mkyr7z/spacing_out_vaccine_does/,t5_2r9k3
58,Getting pregnant after Pfizer,2,lrbx7s,https://www.reddit.com/r/VACCINES/comments/lrbx7s/getting_pregnant_after_pfizer/,7,2021-02-24 07:40:10,"33/f I’ve heard some (possibly not too well-grounded) roumors about the Pfizer and Moderna vaccines having a harmful effect on fertility or early pregnancy. I have read a lot of articles and this seems to be untrue so it makes me more comfortable with taking the Pfizer vaccine, however, there is obviously no definite answer for a few more months/years until more trials are made. We are currently trying for a baby and I’m a bit concerned. I’m no believer of conspiracies and definitely want to get vaccinated but if there’s even a slight chance of becoming infertile it makes me worried. I also have diabetes and thyroid issues and also I’m over 30 so my chances are lower without anything else adding to it. I’m trying to find other women’s stories online who were also trying to concieve when getting vaccinated to see if they managed to get pregnant easily after that so it would make me less worried but all I find is the official advice on vaccination and pregnancy. Other vaccines may be better from this aspect but some (that are available where I live) are not so effective and some cannot be given to people with autoimmune deseases that I have. So my question is, do you know anyone who got pregnant after getting Pfizer? I really need some success stories here 😄 thanks!",NinjaCatcat,0.67,/r/VACCINES/comments/lrbx7s/getting_pregnant_after_pfizer/,t5_2r9k3
59,Astrozeneca Vaccine Clotting - Adenovirus may not be the cause?,2,molvfh,https://www.reddit.com/r/VACCINES/comments/molvfh/astrozeneca_vaccine_clotting_adenovirus_may_not/,2,2021-04-11 02:31:57,"I have a hypothesis, but I'm not convinced that the adenovirus vector itself is linked to the rare blood clots seen in the astrozeneca vaccine.

The Johnson and Johnson uses a similar platform, but statistical significance in clotting seems much smaller. The EU is investigating 4 cases of clotting in over 4 mil vaccinations. There were over 8 cases in Germany when vaccinations were at 1.4 mil.

The JJ uses a different adenovirus vector, and has a different code for the spike protein-most similar to the one used in Moderna and Pfizer vaccines. Given that adenoviruses are common among infections to humans, this may not be the cause. The JJ uses a human adenovirus compared to Astrozenecas chimp adenovirus. If both vectors cause clotting, this would be interesting and an explanation as to why adenovirus vaccines cause clotting and not natural infection needs to be interpreted. 

The most differing thing among these vaccines is the code of the spike protein. JJ vaccines clotting rate remains close to the pfizer/Moderna vaccines. If this holds true, its likely the expression of the spike thats inducing the thrompbocytopenia and clotting.",SecularDivinity,0.76,/r/VACCINES/comments/molvfh/astrozeneca_vaccine_clotting_adenovirus_may_not/,t5_2r9k3
60,Anyone get both full doses of Pfizer and then later Moderna?,1,paa0q9,https://www.reddit.com/r/VACCINES/comments/paa0q9/anyone_get_both_full_doses_of_pfizer_and_then/,0,2021-08-23 18:08:11,"I got my first covid-19 vaccine (Pfizer) back in February 2021, both doses at proper time apart in another state before I was eligible in my state. They did not ask to see my ID, nor get my insurance involved, they had no idea I wasn't even from that state. Got my vaccine card with both doses listed on it. 

Now, in August 2021, just over a week ago, I choose to get a voluntary booster shot of Moderna at a local Walgreens in my own state. I did provide ID and I did get my insurance involved. As far as any agency is aware, this was my ""first vaccine"". Now, in a couple weeks I'm advised to receive my follow-up Moderna shot to complete my full dose vaccine. I'm wondering what the harm is if I do get the follow-up dose in lieu of a single ""booster shot"" dose.

Anyone ever get both full Pfizer and Moderna vaccines? 

Obviously I didn't get these shots back to back, they were spaced out by half a year and mRNA vaccines do wane in efficacy over time as shown in several studies. I've been hearing a lot about people getting ""unauthorized booster shots"" in the past few weeks. I'm one of them now too. But, I believe these booster shots people are getting are a single dose and stopping there to *top off* their waning vaccine efficacy in protection from this new delta variant. I'm wondering if I should go for the second dose of my second mRNA Covid-19 vaccine.",Seraphimecha,1.0,/r/VACCINES/comments/paa0q9/anyone_get_both_full_doses_of_pfizer_and_then/,t5_2r9k3
61,What if I don't get 2nd Vaccine?,1,mg2tk4,https://www.reddit.com/r/VACCINES/comments/mg2tk4/what_if_i_dont_get_2nd_vaccine/,7,2021-03-29 19:44:30," I am extremely leery about getting a 2nd dose of the Pfizer or Moderna vaccine. I don't even want one dose (because no one knows long term effects of MRNA technology). I heard one dose still provides about 55% immunity. What happens if I don't get the 2nd dose? I really don't think the severe reactions to the 2nd dose seem normal. Most effective vaccines work without triggering such horrible side effects. Since the vaccines are still so new, how do we know the first dose isn't highly effective? It seems that immunity develops slowly.",marinasmb,0.53,/r/VACCINES/comments/mg2tk4/what_if_i_dont_get_2nd_vaccine/,t5_2r9k3
62,Mixed vaccine doses in the US,1,nxb3nd,https://www.reddit.com/r/VACCINES/comments/nxb3nd/mixed_vaccine_doses_in_the_us/,8,2021-06-11 04:38:22,"Hi all. I'm a US citizen currently living in Germany, scheduled to get my first dose of the AstraZeneca vaccine in a few days. I'll be back in the US for most of August, and if possible I'd like to get Pfizer or Moderna for my second dose while I'm home.

&#x200B;

This approach has been [adopted pretty enthusiastically](https://www.cbc.ca/news/health/canada-mixing-covid-19-vaccines-astrazeneca-pfizer-moderna-naci-1.6048152) in places like Canada, where all three vaccines are available. But the US hasn't approved AstraZeneca, and I'm not aware of any official (or even unofficial) US policy on this.  


So I'm wondering: will someone in the US be willing to give me a second dose of Pfizer or Moderna in August? How hard should I expect this to be, and what sorts of issues might arise? Given the number of places in the US doing easy walk-in vaccinations these days, I'm optimistic that I could get it done somewhere, but it would be very helpful to know for sure in advance.",pythagorasjr,1.0,/r/VACCINES/comments/nxb3nd/mixed_vaccine_doses_in_the_us/,t5_2r9k3
63,Catholic Bioethicist [Me - OC]: You Can Use the Johnson & Johnson Vaccine But Generally Prefer Moderna / Pfizer if Given the Option,1,lwgf0d,https://www.patheos.com/blogs/throughcatholiclenses/2021/03/you-can-use-the-johnson-johnson-vaccine-in-some-cases/,2,2021-03-02 19:12:33,,FrMatthewLC,0.67,/r/VACCINES/comments/lwgf0d/catholic_bioethicist_me_oc_you_can_use_the/,t5_2r9k3
64,Covid Vaccine after Gardasil shot,1,nreiao,https://www.reddit.com/r/VACCINES/comments/nreiao/covid_vaccine_after_gardasil_shot/,1,2021-06-03 10:14:10,"Can I take the covid vaccine when I took my 3rd Gardasil vaccine on May 18? Our healthcare center offers Pfizer, Moderna, and J&J, which I will get depending on the availability. Is it safe to take 2 vaccines this close together?",isaisabelbel08,1.0,/r/VACCINES/comments/nreiao/covid_vaccine_after_gardasil_shot/,t5_2r9k3
65,Pfizer /moderna after sinovac,1,p9fugy,https://www.reddit.com/r/VACCINES/comments/p9fugy/pfizer_moderna_after_sinovac/,1,2021-08-22 12:42:00,"Hi so i basically got both doses of the Sinovac vaccine in Pakistan but now in order to travel, the country i would like to visit only allows either Pfizer, Moderna, Astra or Johnson. Would it be safe for me to get one of these vaccinations after getting both doses of Sinovac within the last 3 months? Thanks",dora1112,1.0,/r/VACCINES/comments/p9fugy/pfizer_moderna_after_sinovac/,t5_2r9k3
66,Covid19 vaccine related question?,1,l8ijca,https://www.reddit.com/r/VACCINES/comments/l8ijca/covid19_vaccine_related_question/,4,2021-01-30 05:01:54,"Hi guys sorry if this is the wrong place to post this.

Basically I just registered to get the Astrazeneca vaccine (only Pfizer, Sinofarm, and Astrazeneca are available in my country, I'm from the Middle East) and I'm in the process of moving to Canada, which has only approved Pfizer and Moderna.

Is that going to be an issue? Should I get a vaccine that's approved by the Canadian government? Or can I go ahead with Astrazeneca?

Thanks",Simontheinstigator,1.0,/r/VACCINES/comments/l8ijca/covid19_vaccine_related_question/,t5_2r9k3
