,title,score,id,url,comms_num,created,body,author,upvote_ratio,permalink,subreddit_id
0,How many people already died from AstraZeneca?,12,ngupu0,https://www.reddit.com/r/VaccineDiscussion/comments/ngupu0/how_many_people_already_died_from_astrazeneca/,15,2021-05-20 04:32:59,"Please do not put fake numbers, if you aren't sure how many then please do not answer. I only want real answers.",alexis-fernandez10,0.88,/r/VaccineDiscussion/comments/ngupu0/how_many_people_already_died_from_astrazeneca/,t5_11zwbe
1,Anyone else concerned about a possible vaccine-stroke connection?,10,mljazj,https://www.reddit.com/r/VaccineDiscussion/comments/mljazj/anyone_else_concerned_about_a_possible/,11,2021-04-06 15:13:29,"I’ve received Dose 1 of Pfizer and am not anti- vaccine at all. I know of 2 people who had massive strokes following their vaccines. This, coupled with the news (which apparently turned to to be false) that Astra-Zeneca’s vaccine causes blood clots, leads me to to ask whether others are aware of friends or family who have suffered strokes after receiving their vaccine? Just to be clear, neither stroke patient’s doctor ever suggested that there was a causal link between the strokes and the vaccine. This is just  me trying to remove this (irrational) fear from my mind.",MoniCoff1,0.82,/r/VaccineDiscussion/comments/mljazj/anyone_else_concerned_about_a_possible/,t5_11zwbe
2,Vaccine mix and match (Age 60),10,o2yj8l,https://www.reddit.com/r/VaccineDiscussion/comments/o2yj8l/vaccine_mix_and_match_age_60/,7,2021-06-18 15:44:28," 

Hello, both of my parents (60) has received' Pfizer 'as the second dose after receiving' AstraZeneca' because that was not available in my home country at that time. However, since Canada is allowing mix and match they took Pfizer since they think that is a better vaccine. Mainly high officials in my home country were able to take 'Pfizer' and I think this has made them think these more. After looking up various articles, I am thinking that this combination actually results in greater antibody which is good. But again since there no official data or news on that I am really scared at this mix and match. I tried to talk to them and told them not to try 'mix and match' now however they did not listen because they were biased towards Pfizer.

Any information would be helpful in this regard. Like, do you anyone who is 60 or above 60 has to opt for this combination. FYI, they have no underlying diseases other than diabetes.",hayat67,1.0,/r/VaccineDiscussion/comments/o2yj8l/vaccine_mix_and_match_age_60/,t5_11zwbe
3,Whats happening with AstraZeneca's covid vaccine trials,9,ipx4a9,https://www.reddit.com/r/VaccineDiscussion/comments/ipx4a9/whats_happening_with_astrazenecas_covid_vaccine/,4,2020-09-10 01:15:26,"On a conference call with investors, AstraZeneca CEO Pascal Soriot said the companie's COVID-19 vaccine trial has been paused due to a woman with symptoms consistent with transverse myelitis

Soriot confirmed that the woman received the experimental vaccine and not the placebo, and said that while her diagnosis has not been confirmed yet, she is improving and is likely to be discharged from the hospital soon

Soriot also said that in July the trial had been paused after someone developed multiple sclerosis, but the trial restarted after this was determined not related to the vaccine [https://www.statnews.com/2020/09/09/astrazeneca-covid19-vaccine-trial-hold-patient-report/](https://www.statnews.com/2020/09/09/astrazeneca-covid19-vaccine-trial-hold-patient-report/)

Transverse myelitis is condition where the immune system attacks the lining of the spinal cord, and may be triggered by infections or possibly vaccines in some cases [https://www.mayoclinic.org/diseases-conditions/transverse-myelitis/symptoms-causes/syc-](https://www.mayoclinic.org/diseases-conditions/transverse-myelitis/symptoms-causes/syc-20354726)[20354726](https://www.mayoclinic.org/diseases-conditions/transverse-myelitis/symptoms-causes/syc-20354726)

EDIT: Part sourced to Newsweek removed",yzq12,0.76,/r/VaccineDiscussion/comments/ipx4a9/whats_happening_with_astrazenecas_covid_vaccine/,t5_11zwbe
4,"I'm surprised and upset by the differing understandings and opinions of friends and family from different countries, on the vaccine - slight outsider's perspective",8,olmabm,https://www.reddit.com/r/VaccineDiscussion/comments/olmabm/im_surprised_and_upset_by_the_differing/,9,2021-07-16 14:00:31,"I'm a US citizen living in the UK. Vaccines only just became available to my husband and my age group recently, so we only have our first dose.

I'll be totally honest and say that I was nervous about getting it. I didn't jump at the first opportunity, which was actually AstraZeneca as I was eligible while living in Scotland briefly at one point over the winter - this was right around the time the side effects became a concern, and I fell pretty much right into the health profile of those most at risk for it. I rejected the appointment and just days after, they stopped giving it to our age group. I wound up moving back to London and was no longer eligible for any vaccine on the same niche basis, so I had to wait. 

Around this time, my family in America were shocked that I would deny any opportunity for a vaccine at all and were trying everything that they could to encourage me to get it. I just wanted to wait, and see, and while I was waiting it was taken off the market for me. I'm glad that I made that decision. 

My friends and family in the UK were less gung-ho and a lot more open to debate and conversation. Pretty much everyone that I knew felt uncomfortable with not knowing the long-term effects of the vaccine, the possibility of vaccine passports, mandates, and so on. I'll say that most of these people are now vaccinated with at least one dose, some two, nobody wasn't going to get, they just had understandable skepticism.

My husband and I did just get vaccinated, we're a week or two after a lot of our peers because we were ill one week (might have been covid) and had a lot of busy plans another. I guess I'm glad to have started the process and gotten it out of the way but never before have I felt more social and political pressure from my American tribe. 

The big drama at the moment revolves around a wedding on the west coast. My husband and I are flying to the US, quarantining in the east to visit my parents and some friends while we have the chance, and then flying again to the west for this thing. My parents were the first to go absolutely ballistic about our vaccination status, at one point my mother even called us in a fit saying that we MUST be double vaccinated or else we can't stay in their home. Period. We're all going to the same wedding and the hosts have decided that they'll be separating all unvaccinated guests (basically two other people, and us) and there's a lot of drama surround *why* these people aren't vaccinated. They aren't requiring any of the guests to test prior to the event even though many of them will be partaking in air travel that also doesn't require prior testing within the US.

I've resolved the situation with my parents after having a calm conversation about the facts and protocols. My husband and I are required to have a negative test to board our flight to the US. Upon arrival, we have quarantine arrangements for seven days. At the end of which, we'll take another test.

I can't figure out the wedding situation... and my mother has already ruined accommodation arrangements with some other family by telling them that we're *unvaccinated* even though we've both had a dose of Moderna and will be testing before and after our domestic flight. 

My family in the US is pretty liberal, and I used to consider myself the same but they basically all take only government words or information put out by pharmaceutical companies alone, they haven't even looked into the possibility of any other concern being legitimate. They believe that vaccine = total protection, no possibility of catching or transmitting - or that the tiny shred of possibility that these companies have published is accurate.

I live at the epicenter of the Delta variant. I do have some friends who are double vaccinated, one of them a while back due to increased risk for something, and two of these friends have gotten covid, full-blown, not the possible ""mild illness"" that is promised with full vaccination. I've explained this to my family and they just don't believe me. 

The UK is about to open up, but they've shelved the possibility of vaccine passports at the moment, and everyone regardless of vaccination status is still subject to testing for travel, because they recognize that even though vaccines still offer some protection, this isn't the end and there very well may come another variant that is even more resistant to the vaccine. Pretty much everyone that I speak to shares this understanding and acceptance, yet, we're going about with our lives because a lot of us in the city are young, and will be ok.

In the US, it really does seem like everyone that I speak to is adamant that the vaccine is the way, that it offers full protection, that you can't catch or spread the disease or that ""decreased risk"" is significant. The most shocking thing is the treatment that we're getting from friends and family who learn that we're only on our first dose. Maybe it's because we're on the timeline of our peers here that there isn't so much discrimination or skepticism towards those who don't yet have two, but my US family is treating it like hot gossip and using it against us (even though, we will literally keep testing before seeing my parents or going to these events). 

It's like the US doesn't believe in or understand the Delta variant. I'm surprised and dismayed with how heavily politicized it has gotten there as well.

My husband and I will both get our second dose of the vaccine, because, socially, we have to. Protection? I hope it works, but it hasn't worked for some of our friends. 

I'll also mention that I don't think that the UK is the high and mighty golden standard here. When I moved a year ago, pandemic in full swing, all I knew was that the US was in total shambles, via the news. It was all anyone talked about, there or here, how bad the US covid situation was. When I got to the UK? It was chaos, restaurants were wide open, only a few people wore masks in stores, it was like it hadn't even happened but it was in the midst of driving itself into a second wave. The news never talked about how the UK was an absolute mess with it either because the US news always took the top slot... leaving people here to think that they were doing better than the states, even though I witnessed firsthand that they were not.

Has anyone else had this experience? Either through being between countries throughout this crazy year and a half or through having friends with varying perspectives around the globe? Does my impression sound accurate to you? If so, what do you think is causing such a militant, black and white attitude about vaccines in the US, while the outlook is so different in the UK?",pigstakeflight,0.89,/r/VaccineDiscussion/comments/olmabm/im_surprised_and_upset_by_the_differing/,t5_11zwbe
5,"Oxford covid vaccine shows effectiveness, and unpleasant, but not dangerous, side effects",7,hvl3wp,https://www.reddit.com/r/VaccineDiscussion/comments/hvl3wp/oxford_covid_vaccine_shows_effectiveness_and/,2,2020-07-21 22:11:48,"[https://www.wired.com/story/covid-19-vaccines-with-minor-side-effects-could-still-be-pretty-bad/](https://www.wired.com/story/covid-19-vaccines-with-minor-side-effects-could-still-be-pretty-bad/)

>On Monday, vaccine researchers from Oxford University and the pharmaceutical company AstraZeneca announced [results](https://www.washingtonpost.com/world/europe/oxford-coronavirus-vaccine-phase-1-lancet/2020/07/20/12fbbc92-c857-11ea-a825-8722004e4150_story.html) from a “Phase I/II trial,” suggesting their product might be able to generate immunity without causing serious harm. Similar, but smaller-scale results, were [posted](https://www.statnews.com/2020/07/14/moderna-covid19-vaccine-first-data-show-spurs-immune-response/) just last week for another candidate vaccine produced by the biotech firm Moderna, in collaboration with the US National Institutes of Health.  
>  
>As both these groups and [others](https://www.nytimes.com/interactive/2020/science/coronavirus-vaccine-tracker.html) push ahead into the final phase of testing, it’s vital that the public has a clear and balanced understanding of this work—one that cuts through all the marketing and hype. But we’re not off to a good start. The evidence so far suggests that we’re getting blinkered by these groups’ PR, and so seduced by stories of their amazing speed that we’re losing track of everything else. In particular, neither the mainstream media nor the medical press has given much attention to the two vaccines’ potential downsides—in particular, their risk of nasty adverse effects, even if they’re not life-threatening. This sort of puffery doesn’t only help to build a false impression; it may also dry the tinder for the future spread of vaccine fearmongering.",yzq12,0.9,/r/VaccineDiscussion/comments/hvl3wp/oxford_covid_vaccine_shows_effectiveness_and/,t5_11zwbe
6,"After Admitting Mistake, AstraZeneca Faces Difficult Questions About Its Vaccine",6,k1kmxi,https://www.reddit.com/r/VaccineDiscussion/comments/k1kmxi/after_admitting_mistake_astrazeneca_faces/,0,2020-11-26 13:31:52,"[https://www.nytimes.com/2020/11/25/business/coronavirus-vaccine-astrazeneca-oxford.html](https://www.nytimes.com/2020/11/25/business/coronavirus-vaccine-astrazeneca-oxford.html)

>since unveiling the preliminary results,  AstraZeneca has acknowledged a key mistake in the vaccine dosage  received by some study participants, adding to questions about whether  the vaccine’s apparently spectacular efficacy will hold up under  additional testing.  
>  
>Scientists and industry experts said the error and a[ series of other irregularities and omissions](https://www.nytimes.com/2020/11/24/world/what-we-know-about-astrazenecas-head-scratching-vaccine-results.html) in the way AstraZeneca initially disclosed the data have eroded their confidence in the reliability of the results.  
>  
>Officials  in the United States have noted that the results were not clear. It was  the head of the flagship federal vaccine initiative — not the company —  who first disclosed that the vaccine’s most promising results did not  reflect data from older people.",yzq12,1.0,/r/VaccineDiscussion/comments/k1kmxi/after_admitting_mistake_astrazeneca_faces/,t5_11zwbe
7,"Why is people dying in norway,denmark,iceland Of the AstraZeneca Vaccine?",6,mijgaa,https://www.reddit.com/r/VaccineDiscussion/comments/mijgaa/why_is_people_dying_in_norwaydenmarkiceland_of/,10,2021-04-02 08:35:34,"According to NRK (the norwegian tv company) It is saying that People are dying of the  AstraZeneca Vaccine. In Other Countries No one dies of the vaccine. The Answer could be that it was made in india.

But  AstraZeneca\`s Head quarters are in Britain. NRK Has Not given reports to the norwegian citizens.

Im a norwegian. Thats why i know about this.",AnSonOfAnSuperBetch,0.75,/r/VaccineDiscussion/comments/mijgaa/why_is_people_dying_in_norwaydenmarkiceland_of/,t5_11zwbe
8,Australia lifts age for AstraZeneca use,6,o2cwcw,https://www.reddit.com/r/VaccineDiscussion/comments/o2cwcw/australia_lifts_age_for_astrazeneca_use/,33,2021-06-17 21:07:52,"After the ongoing experimental testing of new mRNA technology on the population, Australian medical experts have deemed the gene therapy procedure with the AstraZeneca jab as counter productive to take for anyone under 60 years old  


[https://www.msn.com/en-au/news/australia/astrazeneca-shake-up-who-gets-it-now-who-doesn-e2-80-99t-and-what-does-it-mean-for-australia-e2-80-99s-vaccine-rollout/ar-AALa5Mz](https://www.msn.com/en-au/news/australia/astrazeneca-shake-up-who-gets-it-now-who-doesn-e2-80-99t-and-what-does-it-mean-for-australia-e2-80-99s-vaccine-rollout/ar-AALa5Mz)  


That means the supposed minor risk of having adverse reactions to the jab has risen above the minor risk of having complications from CovCov if you are under 60 years old  


Anyone who is under 60 years old and was refusing to take the AZ gene therapy jab can hand in their ""science denier"" card at the nearest post office",DannyTTT55,0.8,/r/VaccineDiscussion/comments/o2cwcw/australia_lifts_age_for_astrazeneca_use/,t5_11zwbe
9,wrong vaccine,5,o539kv,https://www.reddit.com/r/VaccineDiscussion/comments/o539kv/wrong_vaccine/,10,2021-06-21 15:27:25,"Hi! i went to get vaccinated for my second dose today and they gave me the wrong one. My first one was pfizer and the second one is astra zeneca. Should i be worried? ive tried contacting the place where i got it and theyre closed now, i tried calling 111 and they wont answer and ive called 999 and they told me i shouldnt use that phone service for this. Does anyone know if i should we worried?",KookyBeautiful975,1.0,/r/VaccineDiscussion/comments/o539kv/wrong_vaccine/,t5_11zwbe
10,AstraZeneca - my (35m) experience of both shots.,5,n8m933,https://www.reddit.com/r/VaccineDiscussion/comments/n8m933/astrazeneca_my_35m_experience_of_both_shots/,2,2021-05-09 16:03:25,"I had my first shot 10 weeks ago, about 5 hours after I developed a fever that got to around 38.5c, I didn’t take any medication and after a very sweaty night, I woke up feeling fine.  I didn’t have any further side effects.  My second shot was 10 days ago.  The day of the shot was fine, no side effects.  I woke up the next day with a pressure headache and painful sinuses.  This persisted for a week and with the news of blood clots circulating, I began to worry.  I went to the hospital today and after a blood test and a sort of ecg I was told my results were fine and I was sent on my way.  The media have blown up the potential side effects of this vaccine but the benefits far outweigh the risk and I’m glad I’ve had mine.",Temporal_Temple,0.86,/r/VaccineDiscussion/comments/n8m933/astrazeneca_my_35m_experience_of_both_shots/,t5_11zwbe
11,Vaccine effectiveness against variants,4,oamv18,https://www.reddit.com/r/VaccineDiscussion/comments/oamv18/vaccine_effectiveness_against_variants/,1,2021-06-29 21:52:15,"[https://www.npr.org/sections/coronavirus-live-updates/2021/06/08/1004597294/the-highly-contagious-delta-variant-of-covid-is-on-the-rise-in-the-u-s](https://www.npr.org/sections/coronavirus-live-updates/2021/06/08/1004597294/the-highly-contagious-delta-variant-of-covid-is-on-the-rise-in-the-u-s)

* the  Pfizer-BioNTech vaccine was 88% effective against symptomatic  disease  from the B.1.617.2 variant 2 weeks after the second dose,  compared to  93% effectiveness against the B.1.1.7 variant
* 2  doses of the AstraZeneca vaccine were 60% effective against   symptomatic disease from the B.1.617.2 variant compared to 66%   effectiveness against the B.1.1.7 variant
* both  vaccines were 33% effective against symptomatic disease from   B.1.617.2, 3 weeks after the first dose compared to around 50%   effectiveness against the B.1.1.7 variant",yzq12,0.83,/r/VaccineDiscussion/comments/oamv18/vaccine_effectiveness_against_variants/,t5_11zwbe
12,BritishVaccine,4,lpo2e7,https://www.reddit.com/r/VaccineDiscussion/comments/lpo2e7/britishvaccine/,2,2021-02-22 08:32:57,The Oxford AstraZeneca vaccine turns out very effective on over 65 will French President Macron and his EU gang apologise for spreading vaccine related misinformation,onenippon,1.0,/r/VaccineDiscussion/comments/lpo2e7/britishvaccine/,t5_11zwbe
13,Why does a Covid vaccine take so long to take effect?,3,m6bb2b,https://www.reddit.com/r/VaccineDiscussion/comments/m6bb2b/why_does_a_covid_vaccine_take_so_long_to_take/,26,2021-03-16 11:13:54,"Can anyone please explain why the vaccine takes so long to take effect?

I mean if we get a cold, our immunity builds in maximum of a 2-3 days right? That too after fighting a billion more viruses than an injection.

I'm assuming when the foreign object is injected into the muscles, the antibodies detect it in minutes. I'm puzzled why it takes weeks ??

AstraZeneca mentioned their vaccine takes  90 days !! With one shot, to attain 81% efficacy. Will the viral vector injected into our muscle even be there for more than 2-3 days. Won't the WBCs destroy them?

Why does efficacy increase with days?

Sorry for so many questions.",Draw-Wide,0.8,/r/VaccineDiscussion/comments/m6bb2b/why_does_a_covid_vaccine_take_so_long_to_take/,t5_11zwbe
14,"AstraZeneca, J&J resuming US tests of COVID-19 vaccines",4,jhgdjq,https://www.reddit.com/r/VaccineDiscussion/comments/jhgdjq/astrazeneca_jj_resuming_us_tests_of_covid19/,0,2020-10-24 16:45:36,"[https://apnews.com/article/virus-outbreak-united-kingdom-3f3d4a9ed4fe4aecf76940a2187c1a45](https://apnews.com/article/virus-outbreak-united-kingdom-3f3d4a9ed4fe4aecf76940a2187c1a45)

>AstraZeneca’s study involves 30,000 people in the U.S., with some getting the vaccine and others a dummy shot.  
>  
>Testing was stopped after one British participant developed severe neurological symptoms consistent with a rare inflammation of the spinal cord called transverse myelitis. AstraZeneca testing had also been paused earlier in the summer.  
>  
>Johnson & Johnson said it’s preparing to resume recruitment soon for its U.S. vaccine study. In a statement, the company didn’t disclose the nature of the volunteer’s illness but said a thorough evaluation “found no evidence that the vaccine candidate caused the event.”

The previous pause in the AstraZeneca trial was due to multiple sclerosis and was deemed not related to the vaccine [https://www.statnews.com/2020/09/09/astrazeneca-covid19-vaccine-trial-hold-patient-report/](https://www.statnews.com/2020/09/09/astrazeneca-covid19-vaccine-trial-hold-patient-report/)",yzq12,0.75,/r/VaccineDiscussion/comments/jhgdjq/astrazeneca_jj_resuming_us_tests_of_covid19/,t5_11zwbe
15,"Herd immunity is the end game for the pandemic, but the AstraZeneca vaccine won’t get us there",3,ljyxud,https://theconversation.com/herd-immunity-is-the-end-game-for-the-pandemic-but-the-astrazeneca-vaccine-wont-get-us-there-155115,0,2021-02-14 17:24:16,,yzq12,1.0,/r/VaccineDiscussion/comments/ljyxud/herd_immunity_is_the_end_game_for_the_pandemic/,t5_11zwbe
16,My Dads got the Astrazeneca vaccine,3,nd6eh9,https://www.reddit.com/r/VaccineDiscussion/comments/nd6eh9/my_dads_got_the_astrazeneca_vaccine/,9,2021-05-15 15:21:44,My Dads got the Astrazeneca vaccine and im scared cus ive heard about brain clots what are the chances that he gets a blood clot,Ad321_,0.67,/r/VaccineDiscussion/comments/nd6eh9/my_dads_got_the_astrazeneca_vaccine/,t5_11zwbe
17,COVID-19 vaccines and antibodies advance even faster than expected,3,hdfale,https://www.reddit.com/r/VaccineDiscussion/comments/hdfale/covid19_vaccines_and_antibodies_advance_even/,0,2020-06-21 17:48:18,"[https://cen.acs.org/pharmaceuticals/drug-development/COVID-19-vaccines-antibodies-advance/98/i24](https://cen.acs.org/pharmaceuticals/drug-development/COVID-19-vaccines-antibodies-advance/98/i24)

>Large trials this summer and fall could provide the first evidence that some of the experimental COVID-19 vaccines are working. AstraZeneca, which is developing an adenoviral vector vaccine designed at the University of Oxford, is recruiting 10,000 people in the UK, 30,000 people in the US, and potentially 2,000 people in Brazil for its Phase III study to determine if the vaccine is effective. If the trial is successful, AstraZeneca says, it could start distributing the vaccine as early as September in the UK and October in the US.  
>  
>Moderna plans to begin a 30,000-person Phase III study of its messenger RNA (mRNA) vaccine in July. The firm is working with the contract manufacturer Lonza to produce 500 million doses or more per year.  
>  
>And J&J, which like AstraZeneca is developing an adenoviral vector vaccine, says it will begin its first clinical trial in the second half of July—two months earlier than anticipated. The trial will test the vaccine in 1,045 healthy volunteers in the US and Belgium. J&J is also trying to move faster on planning for its larger trials.  
>  
>The Chinese companies Sinovac and China National Pharmaceutical Group—also known as Sinopharm—are prepping for Phase III studies of their vaccines outside China. Both firms are developing vaccines made from chemically inactivated SARS-CoV-2. They say people receiving their vaccines in Phase II studies developed neutralizing antibodies to the virus, but the data have not been published.",yzq12,1.0,/r/VaccineDiscussion/comments/hdfale/covid19_vaccines_and_antibodies_advance_even/,t5_11zwbe
18,Oxford-AstraZeneca COVID vaccine trials on hold in the US as experts express concerns over transverse myelitis and transparency,2,ix42l2,https://www.reddit.com/r/VaccineDiscussion/comments/ix42l2/oxfordastrazeneca_covid_vaccine_trials_on_hold_in/,0,2020-09-21 12:44:02,"[https://www.telegraph.co.uk/news/2020/09/20/human-trials-oxford-vaccine-hold-us-spinal-cord-disease-fears/](https://www.telegraph.co.uk/news/2020/09/20/human-trials-oxford-vaccine-hold-us-spinal-cord-disease-fears/)

Note that this is confusingly worded, they are talking about 1 vaccine that Oxford and AstraZenaca are working on together, the ""Oxford and AstraZeneca coronavirus vaccine"" is one vaccine

>Human trials of the Oxford and AstraZeneca coronavirus vaccine are yet to resume in the US over concerns the jab may cause adverse reactions.  
>  
>Trials of the Oxford vaccine have been paused twice after two participants, both British women, sequentially developed transverse myelitis, an inflammation of the spinal cord that can cause paralysis.  
>  
>The first pause, in July, was not publicly revealed and the trial was restarted after it was determined the volunteer had multiple sclerosis, a condition that can cause the same neurological reaction.  
>  
>The second pause, widely reported two weeks ago, followed the second suspected case of the condition in a volunteer who is said to have been hospitalised but now recovered.  
>  
>Trails of the vaccine have since been restarted in Britain, Brazil, India and South Africa, but are still on pause in the US where the legal and historical context means regulators tend to take a tougher stance.  
>  
>On Saturday, AstraZeneca released further data on its trial protocols, but US experts continued to raise concerns.",yzq12,0.6,/r/VaccineDiscussion/comments/ix42l2/oxfordastrazeneca_covid_vaccine_trials_on_hold_in/,t5_11zwbe
19,Mix and match,2,oyml16,https://www.reddit.com/r/VaccineDiscussion/comments/oyml16/mix_and_match/,3,2021-08-05 12:55:07,Did anyone take AstraZeneca as their first and Pfizer or moderne as second shot? I was outside USA and had to take AstraZeneca as my 1st shot,Lower_Cable4570,1.0,/r/VaccineDiscussion/comments/oyml16/mix_and_match/,t5_11zwbe
20,Vaccinate before going to the US,2,otzbfs,https://www.reddit.com/r/VaccineDiscussion/comments/otzbfs/vaccinate_before_going_to_the_us/,5,2021-07-29 11:09:03,"So basically I’m coming to the US for study in mid-Aug. The first vaccine available to me in my country is AstraZeneca, which unfortunately isn’t accepted by my school. My question is should I get the first Astra shot anw just to get some protection while traveling, then get 2 Pfizer shots (what my school offers) when I get to the US? Is there anything to worry about when doing this?",BouncingJellyBall,1.0,/r/VaccineDiscussion/comments/otzbfs/vaccinate_before_going_to_the_us/,t5_11zwbe
21,About AstraZeneca's vaccine.,2,ofps4f,https://www.reddit.com/r/VaccineDiscussion/comments/ofps4f/about_astrazenecas_vaccine/,4,2021-07-07 15:08:57,"Hi Redditors, could someone advise me what to do if I couldn't have the **AstraZeneca** vaccination? I have been told to have either **Pfizer** or **Moderna** as those two have lower side effects and safer.

I am over 40s years old, and we have a **history of blood clots**, something related to the **d-dimer disorder**.

I really appreciate any help you can provide.",ayman3dsmax,1.0,/r/VaccineDiscussion/comments/ofps4f/about_astrazenecas_vaccine/,t5_11zwbe
22,I had an allergic reacation to contrast media when I got my appendix removed... so should I avoid vaccines that contain tromethamine?,2,oev527,https://www.reddit.com/r/VaccineDiscussion/comments/oev527/i_had_an_allergic_reacation_to_contrast_media/,3,2021-07-06 09:40:06,"My back broke out in a few hives shortly after they gave me the contrast media to drink... but otherwise I was fine. So when I read that Moderna contains tromethamine I was worried. I'm not even sure if the contrast media that I had a reaction to contains tromethamine.

My first shot was with AstraZeneca which doesn't have tromethamine and I was fine and I have a second dose of AstraZeneca scheduled for late August. But I have an opportunity to get my 2nd shot this week if I get Moderna.

So should I avoid Moderna because of tromethamine and wait 6 weeks for the AstraZeneca? That's what I'm leaning towards.",SyristSMD,0.75,/r/VaccineDiscussion/comments/oev527/i_had_an_allergic_reacation_to_contrast_media/,t5_11zwbe
23,Where Is AstraZeneca Produced?,2,mijamj,https://www.reddit.com/r/VaccineDiscussion/comments/mijamj/where_is_astrazeneca_produced/,1,2021-04-02 08:25:41,"Well... It was produced in india. But Its Main Head Quarter Was In Britain, According to google search.

(*This might not be correct)*",AnSonOfAnSuperBetch,1.0,/r/VaccineDiscussion/comments/mijamj/where_is_astrazeneca_produced/,t5_11zwbe
24,Can I travel 48 hours after getting the vaccine,1,og87n8,https://www.reddit.com/r/VaccineDiscussion/comments/og87n8/can_i_travel_48_hours_after_getting_the_vaccine/,4,2021-07-08 10:22:31,I'm getting astra zeneca(covishield) and wanted to know if there are any risks of I travel 48 hours after getting the dose,FATTM0NSTER,0.6,/r/VaccineDiscussion/comments/og87n8/can_i_travel_48_hours_after_getting_the_vaccine/,t5_11zwbe
25,EU Will Not Renew Order for AstraZeneca Vaccines Beyond June 2021,1,n9bs86,https://www.hngn.com/articles/235667/20210510/eu-renew-order-astrazeneca-vaccines-beyond-june.htm,1,2021-05-10 14:07:18,,kukuforcocoa,0.67,/r/VaccineDiscussion/comments/n9bs86/eu_will_not_renew_order_for_astrazeneca_vaccines/,t5_11zwbe
26,1 dose of Astrazeneca and 2 doses of Pfizer,1,p62346,https://www.reddit.com/r/VaccineDiscussion/comments/p62346/1_dose_of_astrazeneca_and_2_doses_of_pfizer/,0,2021-08-17 07:42:35,"Hi, 
I alr got one dose of Astrazeneca, followed by another dose of Pfizer. I’m coming to the US, so I need to get my second dose of Pfizer (third dose in general). The US doesn’t accept a mix of Astrazeneca and Pfizer. I’m kinda worried about that third dose. Has anyone been in a similar situation? Thanks.",frogkisser_,1.0,/r/VaccineDiscussion/comments/p62346/1_dose_of_astrazeneca_and_2_doses_of_pfizer/,t5_11zwbe
27,Will antibody test show if I got vaccine after Phase 3 trial?,0,kypzr8,https://www.reddit.com/r/VaccineDiscussion/comments/kypzr8/will_antibody_test_show_if_i_got_vaccine_after/,23,2021-01-16 14:53:17,I'm in the AstraZeneca trial and am getting my 2nd shot tuesday.  I have assumed an antibody test will show if I got vaccine or not?,MusicFirstAudio,0.5,/r/VaccineDiscussion/comments/kypzr8/will_antibody_test_show_if_i_got_vaccine_after/,t5_11zwbe
