,title,score,id,url,comms_num,created,body,author,upvote_ratio,permalink,subreddit_id
0,J&J vaccine/Moderna,22,lxn7ax,https://www.reddit.com/r/Vaccine/comments/lxn7ax/jj_vaccinemoderna/,22,2021-03-04 10:35:03,"I’m conflicted on which vaccine would be the best for me, I’m relatively healthy 24 female. I have the option to get the Moderna vaccine but something about it is scaring me, I’m wondering about the Johnson&Johnson one.",1ThrowawayAcc12340,0.92,/r/Vaccine/comments/lxn7ax/jj_vaccinemoderna/,t5_36bc6
1,My Moderna Vaccine Reaction Story,19,ktety2,https://www.reddit.com/r/Vaccine/comments/ktety2/my_moderna_vaccine_reaction_story/,37,2021-01-08 18:37:29,"Hi everyone,

I had a scary reaction this morning to the vaccine and I wanted to tell everyone my story to see if anyone else has had anything similar happened to them.

i’m a part of medical staff so I was able to get the vaccine this morning. As soon as I got my vaccine (moderna) this morning and I immediately started feeling tingles in my fingers. The office started getting nervous because that was followed by dizziness and numbness of the entire vaccinated side of my body. Then my vision started to become foggy and I felt in like a dream like state. All I was doing was sitting there crossing my fingers that I wasn’t going to pass out. When I started to get sweats they called a code vaccine and rushed me to the ER (I was being vaccinated at a hospital.) I was monitored for an hour and blood was drawn. All my blood work came back normal, and eventually I was sent home. Before I was sent home I felt the numbness and tingling diminishing. But when I stepped down oh my feet from the bed I noticed my foot in a lot of pain. And when the bottom of my foot is pressed it worsens. After about 30 minutes that disappeared. I figured, OK I had a reaction but I’m OK. Now the tingling in numbness is back in my hands and foot. I’m starting to worry that it might be neuropathy.",bpage0306,0.95,/r/Vaccine/comments/ktety2/my_moderna_vaccine_reaction_story/,t5_36bc6
2,Recently received first dose of COVID vaccine trials (AstrazaZeneca) AMA,17,kfdwyc,https://www.reddit.com/r/Vaccine/comments/kfdwyc/recently_received_first_dose_of_covid_vaccine/,14,2020-12-17 23:18:00,"I am a 30M (healthy weight, no health conditions) who recently received first dose of COVID vaccine through the AstraZeneca vaccine trials in NYC. I subsequently took an antibody test to confirm I received the vaccine and not the placebo.

Ask Me Anything!
_______________________________________
My story:
I had previously tried signing up for previous COVID vaccine trials for Moderna and Pfizer but was not chosen to participate. My handler told me that AstraZeneca had screwed up the initial Phase III trials and was scrambling to find participants last minute. I was told that I was chosen because I have been fairly active through this pandemic having traveled to multiple countries and states living a nomadic lifestyle and therefore at a high risk of exposure.

Before the trials, I was given an info packet and asked to sign multiple waivers then had an initial phone screening with one of the lab interns. I then scheduled my first dose of the vaccine a week later that occurred this past Saturday (12/12) at Columbia University medical center in Washington Heights. 

The entire visit took ~2 hours during which I was asked to fill out more forms and had a long discussion about what to expect. They then gave me a nasal swap to test for COVID (negative) and took 2 vials of blood. After some more waiting around, I was finally given the vaccine (a small shot that was delivered to the nurse in a brown bag from a lower floor). It was quick, relatively painless and forgettable.

I started to experience symptoms starting the next day (slight fever at 99.5 degrees and lethargy but nothing serious). In addition, the injection site grew very sore to the point where picking up anything heavy was painful (worst symptom IMO). The symptoms got worse over the next two days then disappeared though the fever and lethargy would come and go. By the way, I confirmed I had the vaccine through an antibody test a few days ago that I just received results for today (previous antibody test in summer was negative). There was a 2/3 chance I got the vaccine, 1/3 placebo.

I have been in near constant touch with the vaccine administrators to discuss symptoms and have scheduled my second dose on Jan 9th. I'll post an update to this then.",deezsnyder,1.0,/r/Vaccine/comments/kfdwyc/recently_received_first_dose_of_covid_vaccine/,t5_36bc6
3,Please help. I'm vaccine hesitant. The covid vaccine is a sticking point for my relationship. Would love some perspective.,14,mrls51,https://www.reddit.com/r/Vaccine/comments/mrls51/please_help_im_vaccine_hesitant_the_covid_vaccine/,81,2021-04-15 15:12:12,"Hi, I'm Nick.

Context:

I work in tech. Currently I'm spending most of my time as a Cloud Systems, Security and Applications Administrator for a big video game company. I have a tech business as well on the side. In general, I'm an empathetic, rational human, mostly motivated by helping people solve problems.

My girlfriend is an Orthodontist. She's very successful, extremely intelligent and has spent her entire life in academia and in the medical field. We get along very well..except for the specific issue of the covid-19 vaccination rollout.

Out of love, she has scheduled an appointment for me to get my first shot this coming Saturday. I thanked her and told her I would go, but I'm a little upset and I expressed and reiterated the reasoning for my apprehensive feelings to her as a response this morning which made her upset.

My biggest hesitation comes from a few key points and I would just love some rational perspective to help calm me down. I'm going to keep it brief because TLDR is real.

**1.** **Money**

FFS, even writing this out makes me want to delete this post and quit. There are billions of dollars changing hands for funding, contracts, and distributions of manufactured c-19 vaccines. There is historical precedence regarding conflicts of interest within the NIH / WHO and its committee members and spokespersons and their financial ties to patents and related profiting organizations.  This troubles me.

**2. Legal Liability**

Why do vaccine manufactures need and get immunity from legal liability? I understand the concept of emergency measures, but the implications are staggering. If there exists an oversight, and if harm results, no legal consequence. The mere fact that this is a stipulation is deeply unsettling to me.

**3. Historical Precedence**

One issue I brought up to my gf is that, in America, and in general human history, medicinal science and the scientists and researchers with relatively good, selfless intentions behind the results of that science, are unfortunately often deeply entangled with complex political agendas and wealth generation strategies.

The outcome of intention &amp;amp;gt; development &amp;amp;gt; testing &amp;amp;gt; production has occasionally exhibited a differentiation from the initial intentions of scientists/researchers due to project sponsors' intrinsic desire to profit by any means necessary.

It’s often the conditions, timelines, limited access to project scopes, and end uses, etc by which they are granted to work by (I know this is a shunned term, but, unfortunately it's a legitimate term) big money interests whom they eventually sell or give their knowledge to.

The intentions and applications of those sponsors matter most to me, because those are the intermediaries between research/science and applied or mandated actions.

To be clear, I’m not positing that programmers, engineers, chemists, researchers, doctors, etc are out there rubbing their hands together like how can I use my painfully gained knowledge and skills to make as much money as possible by hurting the general public.

As a general example, the scientists, chemists, engineers and doctors in the earlier parts of century probably didn’t want to hurt people, yet they often prescribed medicine and treatments that today, in retrospect, are extremely cringeworthy.

**4. Summary thoughts, concerns, feels**

I know some people sacrifice and do everything in their power to help. I also know other people try to get rich and try to push the boundaries of societal control and regulation as a means to that end.

Cautiously trying to weed through all of the facts is an important step for me, not necessarily only when it comes to my body, because I willingly trash my body in many ways of my own accord (back-to-back all-nighters for work, Domino's Pizza, etc...)

It’s when something becomes mandated and no longer a choice that my deep, innate sense of “let’s take a pause and carefully assess” comes out. I’ve never been one to say, “The authorities said we should, so we definitely should.” For clarity, by 'mandated' I don't mean: ""You, citizen, are legally required to inject this into your body in order to not be in jail."" By 'mandated' I mean, ""You, citizen, are now required to inject this into your body in order to fly to another country \[or insert some other pre-2020 privilege/right/freedom that has now transformed\].""

I realize that the vaccine wasn't spun up over night and that RNA research and utilization in medical technology development has been in the works for many years...I've been a huge fan of CRISPR-Cas9 and CRISPR RNA (crRNA) since I first learned about it on [TED.com](https://TED.com) many years ago. Hopefully you'll notice I didn't bring up the science as a sticking point for me above.

It's the bandwagoning, the coordinated social media campaigns, the unprecedented pressure from every major news outlet, the new forms of post-mortem classifications, the perplexing immense urgency paired with low IFR (infection fatality rate), the conflict of interests, the legal immunity for vaccine manufacturers, and the implications of governmental actions going forward for the next inevitable contagion that causes me concern and pause...makes me want to sit back, consider and weigh risks.

This is a lot, please don't stress yourself out by responding to each point. I mostly am just looking for intelligent, rational...""hey man, think about it this way: x,y,z""

Like my friend Gabe is a MA. He helps administer C-19 vaccines on the weekends. We went snowboarding the other day and I talked to him about my concerns and he had EXCELLENT responses that helped clear some concerns I had at the time, mostly regarding the technical details of how the vaccine worked; what happens in the body.

Anyway, it was therapeutic having even written this.

Hope to hear back from you!

\- Nick





** UPDATE **

Got the Pfizer vaccine Saturday morning. Appointment was at 10:00AM but there was a long, winding line. 

I was asked questions by a group of ladies at a desk like is this my first or second round? Have I received any other vaccines in the last 2 weeks/months (can’t remember)? Do I have any known allergies? And I can’t remember any other questions. She also said after the vaccine I would be directed to a waiting room where I would need to wait for 15 minutes in case I had any serious reactions. 

They handed me an informational pamphlet with post vaccine guidance like, continue you to wear your mask and social distance.

I checked in with my driver’s license at another desk and was assigned a room and scheduled a follow up 3 weeks out. I walked down a long hall with many number rooms, went into my room and was greeted by nice old lady volunteer.

She told me I’d be getting the Pfizer vaccine and asked if I had any questions. I said yes I do but there aren’t any answers for the questions I have. She laughed and said something like yeaaaa I know, this is all new and we don’t know what will happen in the long run. And I told her I didn’t even really want to get it or think I needed it because of my age, health, and propensity for introversion and hermitting but my gf and her friends wanted me to get it so here I am.

She said well it’s good that you’re getting it, we all need to blah blah I don’t remember then she took a picture of the QR code on the vaccine and accidentally input moderna on her phone app then had to start over and scan it again and say Pfizer then she asked left arm or right arm, shot me up, gave me a pink bandaid then told me to head over to the waiting room.

Went to the waiting room and texted my gf who was waiting outside. I felt a bit foggy/floaty but maybe it was adrenaline wearing off. I joked to my gf that “my left eye turned off” and she freaked out. It was great.
15 mins went by so I just got up and walked out and we drove home. 

Injection arm was sore but we went on a hike that afternoon and it stopped being sore until late at night when it got annoyingly sore. Woke up, soreness was gone. 

Went to the beach today. Halfway through the day my eyes and nose and mouth got really dry and hot. Drank a bunch of water and put in eye drops. As I’m writing this, still really dry and hot nose and eyes. Maybe need more water. Don’t think this is a documented side effect so probably my poor water drinking habits, but I just don’t usually feel that way, so noted.

That’s it! No 3rd arms. No instant death. No seizures. No rotting flesh. No headaches or strange desire to buy Microsoft products. Seems to be all good.

Maybe I’ll update on round 2. That’s the “fun” one anyway.

** END UPDATE **",nperspective,0.89,/r/Vaccine/comments/mrls51/please_help_im_vaccine_hesitant_the_covid_vaccine/,t5_36bc6
4,Vaccine trials in kids are unethical,13,n1i81d,https://www.reddit.com/r/Vaccine/comments/n1i81d/vaccine_trials_in_kids_are_unethical/,137,2021-04-29 20:23:47,"I can’t believe it is allowed to test an emergency-use vaccine in children and intend to vaccinate ALL kids. 

Children don’t get sick and the vaccine doesn’t stop the spread. It just protects against serious illness. 
They want to vaccinate as many kids as possible when children have more chance to die of the flu!! It’s wrong! 
How do we stop it?

[vaccine trials in kids](https://www.webmd.com/vaccines/covid-19-vaccine/news/20210316/moderna-launches-clinical-trials-on-young-children)",Lizzylizardx,0.84,/r/Vaccine/comments/n1i81d/vaccine_trials_in_kids_are_unethical/,t5_36bc6
5,Update on Vaccine,10,kt4tt1,https://www.reddit.com/r/Vaccine/comments/kt4tt1/update_on_vaccine/,10,2021-01-08 10:36:10,So just got back from my first dose. They answered every question I had. It was quick and painless. I received the Moderna vaccine. I go back next month for shot 2. I wanted to give a real vaccine experience so there is some personal truth to this situation we are in..definitely will update more. So far no side effects at all.,Zestyclose_Estimate7,1.0,/r/Vaccine/comments/kt4tt1/update_on_vaccine/,t5_36bc6
6,THIS IS SO FUCKING PAINFUL WHEN WILL MY ARM FEEL BETTER,10,nd8trt,https://www.reddit.com/r/Vaccine/comments/nd8trt/this_is_so_fucking_painful_when_will_my_arm_feel/,17,2021-05-15 17:22:19,"I got my 1st dose of moderna on Thursday after a doctor advised me that i probably shouldn't considering some of my health history like syncope.

This is so fucking painful it's been days and my upper arm is completely numb and my lower arm feels like pins and needles. The injection was in my dominant arm and now I can't do anything like drive or work or write. I can't sleep, either. I'm taking my first shower since the vaccine and this is so painful I can't lift my arm above my shoulder. Any movement of my upper arm is incredibly painful, and I work a highly physical job so I kinda need my arm. I can't even hold my phone holy shit this hurts

I don't know how I'm going to go to work tonight and i sure as hell have no clue how I'm going to get the second vaccine.

Flash edit: this is way more painful and I feel 1000x worse than when I actually had covid.",musiclovermina,1.0,/r/Vaccine/comments/nd8trt/this_is_so_fucking_painful_when_will_my_arm_feel/,t5_36bc6
7,He had a severe reaction to COVID-19 Vaccine,10,gri8uq,https://www.reddit.com/r/Vaccine/comments/gri8uq/he_had_a_severe_reaction_to_covid19_vaccine/,3,2020-05-27 07:47:41,"https://www.statnews.com/2020/05/26/moderna-vaccine-candidate-trial-participant-severe-reaction/

The bad reactions seem to be related to high doses.  The purpose of the trial to find the right dose for people.",olduglywoman,0.87,/r/Vaccine/comments/gri8uq/he_had_a_severe_reaction_to_covid19_vaccine/,t5_36bc6
8,Can the spike protein produced by covid MRNA vaccination seed protein aggregation in the brain? Need reassurance (papers linked in post),9,o2z32x,https://www.reddit.com/r/Vaccine/comments/o2z32x/can_the_spike_protein_produced_by_covid_mrna/,21,2021-06-18 16:09:47,"Hi,

I'm booked for my first dose tomorrow (probably Phizer or Moderna), but these papers I found had me a bit worried that the same findings of protein aggregation in brain caused by the covid spike protein could apply to the spike proteins produced by an MRNA vaccine. I'm not educated in this field, I'm looking for some reassurance/explanation from someone who is. 

Papers here:

[https://pubs.acs.org/doi/10.1021/acschemneuro.0c00676](https://pubs.acs.org/doi/10.1021/acschemneuro.0c00676) (DOI  [https://doi.org/10.1021/acschemneuro.0c00676](https://doi.org/10.1021/acschemneuro.0c00676) )

[https://pubmed.ncbi.nlm.nih.gov/33789211/](https://pubmed.ncbi.nlm.nih.gov/33789211/) (DOI  [10.1016/j.bbrc.2021.03.100](https://doi.org/10.1016/j.bbrc.2021.03.100))

I know the whole prion/neurodegeneration thing spread by antivaxers is based on bad science, but i haven't seen these papers mentioned before. 

I'm not trying to spread alarm here, I literally don't know what I'm talking about so this is likely not a real concern with the vaccine, I just want to understand why.",Complex-Tadpole-3076,0.85,/r/Vaccine/comments/o2z32x/can_the_spike_protein_produced_by_covid_mrna/,t5_36bc6
9,Moderna Coronavirus Vaccine Could be Ready by December,7,jfwxeu,https://www.nbcboston.com/news/coronavirus/moderna-coronavirus-vaccine-could-be-ready-by-december/2214923/,2,2020-10-22 06:12:31,,_miles854_,0.9,/r/Vaccine/comments/jfwxeu/moderna_coronavirus_vaccine_could_be_ready_by/,t5_36bc6
10,"Hey guys so i got my first vaccine pfizer and where i currently live they don’t have pfizer for some reason, They said since moderna is also similair they are giving moderna, should i get it done or should i wait for a couple of weeks? My appointment was originally for pfizer and now this news",8,o4xxa9,https://www.reddit.com/r/Vaccine/comments/o4xxa9/hey_guys_so_i_got_my_first_vaccine_pfizer_and/,14,2021-06-21 11:36:36,"UPDATE: got moderna for second dose (pfizer for first) The night of and the following night it felt like i got hit by a bus, currently doing fine, i do feel a bit more lazy and tired then usual but that’s about it!",ProJustification,0.99,/r/Vaccine/comments/o4xxa9/hey_guys_so_i_got_my_first_vaccine_pfizer_and/,t5_36bc6
11,any reason why the mRNA is 30ug in Pfizer and 100ug in Moderna vaccine ?,8,mj9s7b,https://www.reddit.com/r/Vaccine/comments/mj9s7b/any_reason_why_the_mrna_is_30ug_in_pfizer_and/,0,2021-04-03 10:40:26,"the efficacy percentage is close in both products but the body reactions seems stronger in the ""2nd dose"" from Moderna. Does it reflect the difference in the amount of mRNA in each dose? --any expert can explain?",gobig20,1.0,/r/Vaccine/comments/mj9s7b/any_reason_why_the_mrna_is_30ug_in_pfizer_and/,t5_36bc6
12,"So my schizophrenic friend first got moderna, now has gotten his first dose of Pfizer today. How bad is this?",6,oxzyt0,https://www.reddit.com/r/Vaccine/comments/oxzyt0/so_my_schizophrenic_friend_first_got_moderna_now/,15,2021-08-04 15:12:39,"I have been trying to talk him out of this for awhile. But he’s convinced that Pfizer is the best. So he went and got it today even tho he’s had moderna. 

How bad is this? He sent me a picture of his new vaccine card that shows where he got it. I’m considering calling the pharmacist and chewing them out / telling them to keep a look out for my buddy.",partyboyt2,0.88,/r/Vaccine/comments/oxzyt0/so_my_schizophrenic_friend_first_got_moderna_now/,t5_36bc6
13,How do people feel about Novavax's vaccine?,8,n411nu,https://www.reddit.com/r/Vaccine/comments/n411nu/how_do_people_feel_about_novavaxs_vaccine/,26,2021-05-03 12:52:23,"Unlike Pfizer and Moderna's vaccine which both utilize mRNA technology, Novavax's vaccine takes a protein subunit approach. This technology has already been used to develop vaccines for HPV and Influenza. I feel their offering is a safer alternative to what the government is pushing (mRNA). Factor in the high efficacy rate and it almost seems like a no brainer to me. 

Unfortunately, the vaccine hasnt received EUA yet, which I find to be extremely odd. There must be something going on behind the scene where the people in power really want to ensure the success of mRNA technology. Thoughts?",4asc,0.9,/r/Vaccine/comments/n411nu/how_do_people_feel_about_novavaxs_vaccine/,t5_36bc6
14,What does 94% efficacy mean?,6,on1x8m,https://www.reddit.com/r/Vaccine/comments/on1x8m/what_does_94_efficacy_mean/,15,2021-07-18 19:22:09,"I got the moderna shot which I read will eventually be 94.1% effective. Does that mean everyone that gets that vaccine is about 20 times more resilient to covid, or that about 19 of 20 people are totally immune while 1 person has no immunity change, or something in between?

Do some people’s biochemistry make the vaccine more or less effective? And is there a way to test/measure that it’s working in me?",PulseHadron,1.0,/r/Vaccine/comments/on1x8m/what_does_94_efficacy_mean/,t5_36bc6
15,"One shot, prevention of hospitalization",7,ndryi3,https://www.reddit.com/r/Vaccine/comments/ndryi3/one_shot_prevention_of_hospitalization/,13,2021-05-16 12:27:25,"Long story short I got moderna vaccine and due to several factors I may be unable to receive dose 2. If I have dose one, does it prevent hospitalization? And if so for how long? I googled and different opinions are coming up. Does anyone have scientific studies or answers on this?",classandvirtue,1.0,/r/Vaccine/comments/ndryi3/one_shot_prevention_of_hospitalization/,t5_36bc6
16,I see a lot of people wondering about the risks of Moderna vaccine. Here's some answers from Moderna's COVID -19 vaccine Fact Sheet,5,ntev6i,https://www.reddit.com/r/Vaccine/comments/ntev6i/i_see_a_lot_of_people_wondering_about_the_risks/,0,2021-06-06 01:52:48,"WHAT ARE THE RISKS OF THE MODERNA COVID-19 VACCINE?

There is a remote chance that the Moderna COVID-19 Vaccine could cause a severe allergic 
reaction. A severe allergic reaction would usually occur within a few minutes to one hour after 
getting a dose of the Moderna COVID-19 Vaccine. For this reason, your vaccination provider 
may ask you to stay at the place where you received your vaccine for monitoring after 
vaccination. Signs of a severe allergic reaction can include: 

• Difficulty breathing 

• Swelling of your face and throat 

• A fast heartbeat 

• A bad rash all over your body 

• Dizziness and weakness 

Side effects that have been reported in a clinical trial with the Moderna COVID-19 Vaccine 
include:

• Injection site reactions: pain, tenderness and swelling of the lymph nodes in the same arm 
of the injection, swelling (hardness), and redness

• General side effects: fatigue, headache, muscle pain, joint pain, chills, nausea and
vomiting, and fever

Side effects that have been reported during post-authorization use of the Moderna COVID-19 
Vaccine include:

• Severe allergic reactions

These may not be all the possible side effects of the Moderna COVID-19 Vaccine. Serious and 
unexpected side effects may occur. The Moderna COVID-19 Vaccine is still being studied in 
clinical trials.

WHAT SHOULD I DO ABOUT SIDE EFFECTS? 

If you experience a severe allergic reaction, call 9-1-1, or go to the nearest hospital. 
Call the vaccination provider or your healthcare provider if you have any side effects that bother 
you or do not go away.
Report vaccine side effects to FDA/CDC Vaccine Adverse Event Reporting System 
(VAERS). The VAERS toll-free number is 1-800-822-7967 or report online to 
https://vaers.hhs.gov/reportevent.html. Please include “Moderna COVID-19 Vaccine EUA” in 
the first line of box #18 of the report form.",SlicktheDon,0.86,/r/Vaccine/comments/ntev6i/i_see_a_lot_of_people_wondering_about_the_risks/,t5_36bc6
17,SARS-CoV-2 antibodies detected in human breast milk post-vaccination,7,lzul5e,https://www.reddit.com/r/Vaccine/comments/lzul5e/sarscov2_antibodies_detected_in_human_breast_milk/,0,2021-03-07 11:55:55,"# SARS-CoV-2 antibodies detected in human breast milk post-vaccination

[https://www.news-medical.net/news/20210304/Vaccination-may-provide-protective-antibodies-to-SARS-CoV-2-in-breast-milk.aspx](https://www.news-medical.net/news/20210304/Vaccination-may-provide-protective-antibodies-to-SARS-CoV-2-in-breast-milk.aspx)

[https://www.medrxiv.org/content/10.1101/2021.02.23.21252328v1](https://www.medrxiv.org/content/10.1101/2021.02.23.21252328v1)

The findings indicate that both the Pfizer-BioNTech and Moderna vaccines produce a significant increase in IgA and IgG antibodies to the SARS-CoV-2 spike protein, beginning from the seventh-day post-prime.

I hope that IgA could work to fight covid-19 by mucosa.",Taiwanian,0.89,/r/Vaccine/comments/lzul5e/sarscov2_antibodies_detected_in_human_breast_milk/,t5_36bc6
18,I am allergic to penicillin. I got the Moderna vaccine and had no side effects of reaction.,7,nsdakh,https://www.reddit.com/r/Vaccine/comments/nsdakh/i_am_allergic_to_penicillin_i_got_the_moderna/,2,2021-06-04 15:28:21,"I know everyone may react differently but for anyone with a similar concern, you should be fine. The may make you stay about 20 minutes just to monitor you but I had no reaction at all.",East-Economy-3805,0.82,/r/Vaccine/comments/nsdakh/i_am_allergic_to_penicillin_i_got_the_moderna/,t5_36bc6
19,I'm afraid to get the vaccine,5,nq7xza,https://www.reddit.com/r/Vaccine/comments/nq7xza/im_afraid_to_get_the_vaccine/,9,2021-06-01 19:41:37,"I'm a 21(f) and I work in place where almost everyone has gotten their vaccine. My whole family has gotten their vaccine, even my boyfriend of 5 years got the vaccine. I'm anxious to get the vaccine. I have horrible health related anxiety for good reason. I've had every vaccine under the sun, I get my flu vaccine each and every year, I do not believe all the crazy conspiracy theories about the vaccine. My biggest issue is that Ive always had crazy health issues that no one else gets.

To start when I was 16 I got blood clots from birth control, it could have killed me. I had to get two surgeries and stent placed. I was completely healthy and didn't know that I had something called May Thurner Syndrome which is when one of my arteries crushes my left iliac vein. It was the most horrible moment of my life and it took me weeks to recover and I still don't feel normal. I can never take birth control again and I have to be really careful about what medications I take.

Fast forward to 2019 - I was having pain in my left side. Turns out I had a duplex kidney (two kidneys on my left side & two collections systems) I had to get half removed due to one half being dead. This could have killed me too had it been infected. I still get pain in my left side but since Covid I haven't been able to get in with my urologist to find out if my other half of my kidney is dying (they told me this was a possible outcome).

It seems like my whole life I've had extremely rare issues that no one else has had, which has caused me to feel like I'm constantly dying from rare illnesses because it's actually happened to me, TWICE! 

Now the reason I don't want to get the vaccine is because I'm worried that I'm going to be that 1 in 1,000,000 case that gets severe health defects from it. That I'll be the only person in my family allergic to it or I'll be the one person who gets the bullshit. Everyone keeps telling me Covid is worse but I just don't know what to do. I just don't want to feel alone but I'm terrified. Like I mean I stay up at night thinking about it. I feel like I'm being outcasted because I don't feel comfortable yet. Even recently they've been finding that even the Pfizer and Moderna are causing heart inflammation in young adults, and this is months after the public release.

It's not that I just don't want to get it, or that I feel like it's impending on my rights or any stupid bullshit like that.

What should I do?",Ill-Doughnut-1969,0.73,/r/Vaccine/comments/nq7xza/im_afraid_to_get_the_vaccine/,t5_36bc6
20,Question about potential Moderna variant booster,5,m5708k,https://www.reddit.com/r/Vaccine/comments/m5708k/question_about_potential_moderna_variant_booster/,8,2021-03-14 19:16:45,"If one was to get a non moderna vaccine, for instance the 2 doses of the pfizer vaccine.. would one likely be able to get the moderna variant booster when it's released? Or would that likely just be for people who got the two moderna shots?",gwalms,0.79,/r/Vaccine/comments/m5708k/question_about_potential_moderna_variant_booster/,t5_36bc6
21,Interchangeable vaccines?,5,o5uaca,https://www.reddit.com/r/Vaccine/comments/o5uaca/interchangeable_vaccines/,4,2021-06-22 14:51:12,"Interchanging Vaccines

I’m a 19m getting my second dose of the covid vaccine today, my first dose was Pfizer on May 6, today I’m scheduled to get my second dose but of Moderna, should I be concerned of mixing the vaccines together, my public health unit says it’s okay , I’m just concerned I won’t have the full vax immunity like if I was gonna get two shots of Pfizer!",DependentBumblebee65,1.0,/r/Vaccine/comments/o5uaca/interchangeable_vaccines/,t5_36bc6
22,Sinovac vs no vaccine,5,ojmmdq,https://www.reddit.com/r/Vaccine/comments/ojmmdq/sinovac_vs_no_vaccine/,4,2021-07-13 15:12:10,"Since there are only three vaccine brands available in my country:
1. Sinovac (most commonly used)
2. AstraZeneca (Not as commonly used)
3. Moderna (Reserved for healthcare workers)
Should I get the Sinovac first while waiting for the other vaccines to come (Pfizer) or just skip it? COVID cases here are bad. Would Sinovac be better than nothing? I can always get a booster shot from Pfizer or Moderna when it is available.",marieregally,1.0,/r/Vaccine/comments/ojmmdq/sinovac_vs_no_vaccine/,t5_36bc6
23,Trying to decide which vaccine for my second dose,6,nxfoff,https://www.reddit.com/r/Vaccine/comments/nxfoff/trying_to_decide_which_vaccine_for_my_second_dose/,2,2021-06-11 09:12:50,"I recieved AstraZeneca as my first vaccine several months ago, however because of the blood clotting issues the health board has decided here that we can choose between AstraZeneca, Pfizer, or Moderna for our second dose. My question is, should I recieved AstraZeneca again, and if not which do you all think is the better alternative?",dakotaclarke33,1.0,/r/Vaccine/comments/nxfoff/trying_to_decide_which_vaccine_for_my_second_dose/,t5_36bc6
24,Pfizer Vaccine Placebo Recipients to Receive Vaccine by March 1st,4,kp2485,https://www.reddit.com/r/Vaccine/comments/kp2485/pfizer_vaccine_placebo_recipients_to_receive/,0,2021-01-02 13:00:17,"Pfizer updated their plan as of Jan 1st 2021 to give all placebo recipients in their study the real vaccine by March 1, 2021. The Pfizer site for this info is: 
https://www.covidvaccinestudy.com/participants

There is a good news coverage on this at: https://www.statnews.com/2021/01/01/pfizer-and-biontech-speed-up-timeline-for-offering-covid-19-to-placebo-volunteers/

Moderna has a similar plan as discussed in the FDA EA meeting but I don’t have a link to their plan.",equals42_net,0.76,/r/Vaccine/comments/kp2485/pfizer_vaccine_placebo_recipients_to_receive/,t5_36bc6
25,Covid Vaccine Booster Shot,4,onjjsy,https://www.reddit.com/r/Vaccine/comments/onjjsy/covid_vaccine_booster_shot/,1,2021-07-19 14:04:24,"I have recieved sinovac vaccine 2nd dose last june 29. Our company  (private) said they would acquire moderna vaccines FREE for its employees. ETA wil be October onwards or whenever its available, i think. (not so sure about the date sorry).  Can i still avail the moderna vaccine as booster shot? If so, what is the safest/recommended time of administration for the booster shot after the initial complete doses of other covid  brands? Is moderna safe as booster shot for sinovac?",ariannaMT,1.0,/r/Vaccine/comments/onjjsy/covid_vaccine_booster_shot/,t5_36bc6
26,UAE gives nod to emergency registration of Moderna's vaccine,3,oe5yl5,https://www.connectedtoindia.com/uae-gives-nod-to-emergency-registration-of-moderna-vaccine-9280.html,0,2021-07-05 08:02:46,,CtoI_Singapore,0.71,/r/Vaccine/comments/oe5yl5/uae_gives_nod_to_emergency_registration_of/,t5_36bc6
27,Lupus vaccine patient,4,mhjg21,https://www.reddit.com/r/Vaccine/comments/mhjg21/lupus_vaccine_patient/,2,2021-03-31 20:20:17,My family member just received her 1st moderna vaccine and she is feeling fine on her 2nd day sore arm a little tired but she is feeling pretty normal. Iced the arm took Tylenol no fever mild cold chills.,Z__zack,1.0,/r/Vaccine/comments/mhjg21/lupus_vaccine_patient/,t5_36bc6
28,Pfizer Booster,4,ofoe5p,https://www.reddit.com/r/Vaccine/comments/ofoe5p/pfizer_booster/,1,2021-07-07 14:02:01,Have my grandparents coming in from Colombia. They’re both fully vaccinated with the Sinovac vaccine.   Looking for them to get the first dose of the Pfizer / Moderna vaccine as a booster so that they don’t live in fear when they’re here and we can live a somewhat normal life. Has anyone had experience with this? Any thoughts?,Sbibgamestop,1.0,/r/Vaccine/comments/ofoe5p/pfizer_booster/,t5_36bc6
29,Vaccine update (shot #2),4,le7cil,https://www.reddit.com/r/Vaccine/comments/le7cil/vaccine_update_shot_2/,5,2021-02-06 16:31:03,"So I got my second shot yesterday. If you’ve followed my previous posts on here I got my first one 28 days ago. I received the Moderna vaccine.
I was warned ahead of time that the 2nd shot would have some tougher side effects and they were right.
I had symptoms after my first one; Flushing, slight fever and of course a sore arm for 3 days plus fatigue. About 12 hours after my second shot I started flushing, got body aches, headache, and my arm was a lot more sore. I was so tired I didn’t even want to move once I laid down.
But thankfully I was much better once I woke up this morning. I was stiff but after some coffee and Tylenol I was able to enjoy my day. Arm is still sore and I don’t have all my energy back but all in all I made it through it all with major side effects!",Zestyclose_Estimate7,0.75,/r/Vaccine/comments/le7cil/vaccine_update_shot_2/,t5_36bc6
30,"Antivax family, HELP",4,oqhlwr,https://www.reddit.com/r/Vaccine/comments/oqhlwr/antivax_family_help/,8,2021-07-23 22:58:38,"Ok, so I don't know how to start so I'll go right through the point.

I'm 27 married living with my partner , we both had the first dose of Moderna vaccine but my family is totally driving me crazy with all the conspiracy theories especially now that they found out I got vaccineted.

My mother sends me at least 4 videos a day with videos from antivaxers and conspiracy theories about how vaccines are a plan to get rid of the population, she has literally become paranoid.

She had to take my cat to the vet since he was sick, the vet said that the cat needed a vaccine since he didn't get one when he was younger, she went crazy (this is the cat we are talking about) then she thought that the vet wanted to report her to authorities to get her vaccineted as well.

She thinks the whole world has gone crazy, she believes there is a secret plan or something, and no using logic did not work... At all.

My sister is even worse than her (she has a terrible low IQ in general) she believes in the world order theory with Bill Gates and all that.

And don't let me start with my father he has mental disorders so I won't even talk about it.

I listed family members in order of sanity from the most 'mentally stable' to less 'mentally stable'.

Now what's it to me. I can't take it with all the spam videos on my chats, all the calls, I can't even go and meet her that she starts with all this stuff about vaccines, I just want to talk to her normally(my mom), I think I lost her, and I miss talking to her but I don't even have the strength to go out and meet her. 

My family is making her situation worse .

What can I do. Is there a way to change these people's minds? I don't even want to convince her to get vaccineted I just want her to drop the topic, to stop being so paranoid. 
Do you have similar experiences with loved ones? 

Thanks",Roraror,1.0,/r/Vaccine/comments/oqhlwr/antivax_family_help/,t5_36bc6
31,Getting Second Dose in USA When I Got The First in Canada,5,nd8rw7,https://www.reddit.com/r/Vaccine/comments/nd8rw7/getting_second_dose_in_usa_when_i_got_the_first/,4,2021-05-15 17:19:54,"I'm a Canadian who's planning to live in the US for a bit, and was hopefully planning to get fully covid vaccinated while I'm down there.

Canada's doing this weird (imo stupid) strategy where we delay the second dose of the Pfizer and Moderna shots 4 months due to supply issues. I got my first shot of Pfizer 2 weeks ago. My question is, if I wanted to get my second shot in the US, is there a way that I could do that would certify me as fully vaccinated? Is it possible that my hypothetical CDC card could say Ontario, Canada for the first shot and CVS Pharmacy in Texas for the second shot?

I do have proof of my first shot in Canada btw",BernieThurut,0.86,/r/Vaccine/comments/nd8rw7/getting_second_dose_in_usa_when_i_got_the_first/,t5_36bc6
32,Got my first dose of Sinovac last August 5 from our company but i was notified from another institution for schedule of possible AZ or Pfizer tomorrow. What's the worst that can happen if i mix?,4,p1l3hl,https://www.reddit.com/r/Vaccine/comments/p1l3hl/got_my_first_dose_of_sinovac_last_august_5_from/,7,2021-08-10 04:29:00,"I know i should ask the doctor about this so i  actually did but he just said nothing is yet proven with mixing vaccine Anyway, im thinking of not taking the 2nd dose of Sinovac in Sept if i will push tomorrow. 
My SO is more concern but im willing to take the risk. 
So yeah, what do you think is the worst possible side effect if I mix ? 

Thanks

EDIT: so i got the Moderna vaccine today. I'll ditch the 2nd dose of Sinovac.",KairosRen,1.0,/r/Vaccine/comments/p1l3hl/got_my_first_dose_of_sinovac_last_august_5_from/,t5_36bc6
33,Is a Covid-19 vaccine safe for people who live with Thrombocytopenia (low platelet count)?,5,mmdgis,https://www.reddit.com/r/Vaccine/comments/mmdgis/is_a_covid19_vaccine_safe_for_people_who_live/,13,2021-04-07 18:18:12,"As we know, there's been news about the Astrazeneca vaccine causing a type of Thrombocyptopenia in vaccine recipients. Although this is rare and they keep saying the ""benefits outweigh the risks"", this is probably true in most healthy individuals but what about people who already have the rare condition of Thrombocytopenia/low platelet count?  Is the vaccine safe? Whether it be Astrazenca, J&J, Pfizer, or Moderna.",HappyZucchini6267,0.86,/r/Vaccine/comments/mmdgis/is_a_covid19_vaccine_safe_for_people_who_live/,t5_36bc6
34,J&J vs mRNA,4,ob1tla,https://www.reddit.com/r/Vaccine/comments/ob1tla/jj_vs_mrna/,2,2021-06-30 13:14:33,"Is it just me or is there massive propaganda to push the Pfizer and Moderna over J&J? It seems since day 1, whether is govt actions or internet news, j&j has been down played as an effective vaccine. Almost all vaccination locations in my area only offer Pfizer or Moderna. And now the talk is that J&J people should consider a booster shot with MRNA. I’m not much of a conspiracist, but there is massive amount of monetary benefits for companies like Moderna for the public to adopt mRNA technology. I don’t see much talk about J&J especially in my area. So I start to wonder.",pwdrchaser,0.84,/r/Vaccine/comments/ob1tla/jj_vs_mrna/,t5_36bc6
35,"Tomorrow I’ll get vaccinated, but I'm afraid",2,o2zc3j,https://www.reddit.com/r/Vaccine/comments/o2zc3j/tomorrow_ill_get_vaccinated_but_im_afraid/,7,2021-06-18 16:21:46,"Hello everyone. I am 18 and tomorrow I will take the first dose of the vaccine (Pfizer or Moderna, because in my country these are the only vaccines they give to people under a certain age). On the one hand I am very happy, but on the other I am a bit scared. Personally I am a big supporter of vaccines, but every day on social networks and on TV they ONLY talk about side effects, illnesses and deaths related to vaccinations. I try to ignore these news, but it is very difficult to succeed since medias talk almost only about that, as if getting vaccinated was a dangerous thing. That’s why, after spending months hoping to get vaccinated soon, I'm a bit scared now. Tomorrow morning I will do a serological test for safety and then in the afternoon I will vaccinate, hoping everything is fine. Sorry if this post is pretty useless, but I felt the need to talk to someone about my fear.",AxelHiagley,0.63,/r/Vaccine/comments/o2zc3j/tomorrow_ill_get_vaccinated_but_im_afraid/,t5_36bc6
36,"Hello i have this question which vaccine would you chosse to get protected from covid 19? Pfizer, moderna, astrazeneca, J&J i would chosse pfizer to be honest",3,mghfht,https://www.reddit.com/r/Vaccine/comments/mghfht/hello_i_have_this_question_which_vaccine_would/,14,2021-03-30 10:34:52,,PretendStaff1825,0.8,/r/Vaccine/comments/mghfht/hello_i_have_this_question_which_vaccine_would/,t5_36bc6
37,Resource for long term vaccine issues?,2,p3cd48,https://www.reddit.com/r/Vaccine/comments/p3cd48/resource_for_long_term_vaccine_issues/,11,2021-08-12 20:16:23,"Hello,

I am 3 months out from my Moderna vaccine and still having issues. I previously had autoimmune type problems and was dealing with lyme. Main issue is an almost constant headache that started two days after the shot. Feels like the nerves in my temples are inflamed and having spasms. Neck muscles are tight but nothing seems to help. Tried multiple massages and muscle relaxers. Nothing brings relief. Neurologist says nothing is wrong. Any online resources to go so I can search for what may help?",ThoughtBeam,0.67,/r/Vaccine/comments/p3cd48/resource_for_long_term_vaccine_issues/,t5_36bc6
38,How lonh did the side effects last for you,3,ohcx5b,https://www.reddit.com/r/Vaccine/comments/ohcx5b/how_lonh_did_the_side_effects_last_for_you/,2,2021-07-10 01:41:50,"I got my second shot of moderna yesterday and two hours later i started to get a high fever, head ache and i was getting really sick. I understand that this is common. I did not take any pain meds, because i read it can mimimize the efficiency of the vaccine. So here i am, nearly 24 hours later and still sick with a high fever. I don't know if i can take it much longer without any pain meds. So here is my question.. how long until the side effects wore of in your experience? Thanks in advance.",mesmerizia,1.0,/r/Vaccine/comments/ohcx5b/how_lonh_did_the_side_effects_last_for_you/,t5_36bc6
39,Looking for raw data,3,kxsvff,https://www.reddit.com/r/Vaccine/comments/kxsvff/looking_for_raw_data/,4,2021-01-15 06:37:57,"If anybody can direct me to URLs with verified raw data on Moderna specifically, but others also, I'd be happy as a lark. I'm interested in data or the JJ vaccine as well.

Cheers, and keep dry",fellawithanumbrella,1.0,/r/Vaccine/comments/kxsvff/looking_for_raw_data/,t5_36bc6
40,How does Johnson & Johnson's COVID-19 vaccine stack up against shots from Pfizer and Moderna?,3,lveo1j,https://www.yahoo.com/news/does-johnson-johnsons-covid-19-190149869.html,2,2021-03-01 12:16:33,,Havvocck2,1.0,/r/Vaccine/comments/lveo1j/how_does_johnson_johnsons_covid19_vaccine_stack/,t5_36bc6
41,"Covid-19 vaccine (Moderna + Pfizer) vaers report, screenshotted 1/29/21",3,la72gf,https://i.redd.it/0r3e2oew6we61.jpg,21,2021-02-01 11:24:27,,IloveReisling,0.67,/r/Vaccine/comments/la72gf/covid19_vaccine_moderna_pfizer_vaers_report/,t5_36bc6
42,Moderna providing 500M doses of COVID-19 vaccine to COVAX following WHO approval,2,n8fotm,https://news.yahoo.com/moderna-providing-500m-doses-covid-115628653.html,0,2021-05-09 10:47:30,,dannylenwinn,1.0,/r/Vaccine/comments/n8fotm/moderna_providing_500m_doses_of_covid19_vaccine/,t5_36bc6
43,Can you get 2 x2 dose vaccines,2,oil6qm,https://www.reddit.com/r/Vaccine/comments/oil6qm/can_you_get_2_x2_dose_vaccines/,1,2021-07-12 01:53:03,"My father lives in another country and he has received both doses of the sinovac vaccine and to come visit us in canada without a quarantine he needs to get pfizer, moderna, j&j or astrazenca. So is it possible if he could get pfizer or moderna on top of the sinovac vaccine. He has also had covid recently and has developed antibodies from it.",Ahmadbro69,1.0,/r/Vaccine/comments/oil6qm/can_you_get_2_x2_dose_vaccines/,t5_36bc6
44,Pick your poison,2,oak1dk,https://www.reddit.com/r/Vaccine/comments/oak1dk/pick_your_poison/,3,2021-06-29 19:16:04,"Hello, 

So a few months ago I contracted COVID and every since then I have PTSD. I got really sick and i am really paranoid with these vaccines. I have bad luck when it comes to my health. Not that I have underlying conditions but I tend to get hurt or something is physically wrong. I have the worst luck when it comes to that. I have been looking at these three vaccines and I am required to get it for a job. However, I have been seeing 2000+ heart inflammation cases in both Pfizer and Moderna and I am literally paranoid because I have the worst luck. It is targeting men ages 12, I believe to 26 years old. I am 21 years old, and I would say I am healthy overall. With J&J, I keep hearing that it is the worst one and they were halted due to blood clots, however it is very low with 28 cases and targeting women. So, I am trying to pick a safe option. I may have to get therapy for my PTSD and i just dont feel safe. I have always beeb paranoid even before COVID hit here in the U.S because I have know about this virus since early November. I told my family members and no one believed me back then. I just hope a medical professional or someone who is a researcher can help me. Or I would like to hear someone from my age group to explain their experiences. 

Thank you.",Environmental-Rub635,0.75,/r/Vaccine/comments/oak1dk/pick_your_poison/,t5_36bc6
45,"Why are the world’s top vaccine promoters, frantically warning us about the unique and frightening dangers inherent in developing a coronavirus vaccine?",2,g1zm56,https://www.reddit.com/r/Vaccine/comments/g1zm56/why_are_the_worlds_top_vaccine_promoters/,1,2020-04-15 16:06:11,"From:

[https://childrenshealthdefense.org/news/heres-why-bill-gates-wants-indemnity-are-you-willing-to-take-the-risk/](https://childrenshealthdefense.org/news/heres-why-bill-gates-wants-indemnity-are-you-willing-to-take-the-risk/)

Why are the world’s top vaccine promoters, like Paul Offit and Peter Hotez, frantically warning us about the unique and frightening dangers inherent in developing a coronavirus vaccine?

Scientists first attempted to [develop coronavirus vaccines](https://www.ncbi.nlm.nih.gov/pubmed/22536382) after China’s 2002 SARS-CoV outbreak. Teams of US & foreign scientists vaccinated animals with the four most promising vaccines. At first, the experiment seemed successful as all the animals developed a robust antibody response to coronavirus. However, when the scientists exposed the vaccinated animals to the wild virus, the results were horrifying. Vaccinated animals [suffered hyper-immune responses](https://www.ncbi.nlm.nih.gov/pubmed/22536382) including inflammation throughout their bodies, especially in their lungs. Researchers had seen this same “enhanced immune response” during human testing of the [failed RSV vaccine tests](https://cvi.asm.org/content/23/3/189) in the 1960s. [Two children died](https://cvi.asm.org/content/23/3/189).

In this video footage, Offit, Hotez and even Anthony Fauci (in an unguarded moment), warn that any new coronavirus vaccine could trigger lethal immune reactions “vaccine enhancement” when vaccinated people come in contact with the wild virus. Instead of proceeding with caution, Fauci has made the reckless choice to [fast track](https://www.businesswire.com/news/home/20200316005666/en/Moderna-Announces-Participant-Dosed-NIH-led-Phase-1) vaccines, partially [funded by Gates](https://www.kiro7.com/news/local/bill-gates-says-foundation-will-invest-billions-fight-stop-covid-19/MMAFTSVGKZHPTEGYKEQKMRWTWU/), without critical [animal studies](https://www.statnews.com/2020/03/11/researchers-rush-to-start-moderna-coronavirus-vaccine-trial-without-usual-animal-testing/) before moving into human clinical trials that could provide early warning of runaway immune response.

Gates (in the video) is so worried about the danger of adverse events that he says vaccines shouldn’t be distributed until governments [agree to indemnity](https://www.cnbc.com/video/2020/04/09/watch-cnbcs-full-interview-with-microsoft-co-founder-bill-gates-on-past-pandemic-warnings.html?__source=iosappshare%7Ccom.apple.UIKit.activity.Mail&fbclid=IwAR0RG79OtbdXUpY_ylULT6sY_Xo5D-cBQ0awSo6vGS19VnLGqB9z)against lawsuits. On February 4, 2020, according to the Centers for Disease Control (CDC) [website](https://www.cdc.gov/coronavirus/2019-ncov/cases-updates/cases-in-us.html), there were only [11 active CV cases](https://www.cdc.gov/coronavirus/2019-ncov/cases-updates/cases-in-us.html) in the USA, yet the U.S. quietly pushed through [Federal regulations](https://www.phe.gov/Preparedness/legal/prepact/Pages/COVID19.aspx) giving coronavirus vaccine makers full immunity from liability.",bitgun,0.75,/r/Vaccine/comments/g1zm56/why_are_the_worlds_top_vaccine_promoters/,t5_36bc6
46,Different Family Members of Varied Ages with 3 Different Shots,2,mplmfu,https://www.reddit.com/r/Vaccine/comments/mplmfu/different_family_members_of_varied_ages_with_3/,3,2021-04-12 15:42:13,"Mom, 51. No health issues except obesity and bipolar 2. No reaction for first Moderna shot. Painful soreness/slight swelling for second shot lasting 3 days. Tylenol helped. Fatigue

Grandma, 86: lots of health issues including dementia, heart murmur, high blood pressure, lung issues, arthritis, etc. No reaction for 1st or second Moderna

Me, 17. Health issues: overweight by ~15 lbs, PCOS, general anxiety/panic disorder, major depressive disorder: first shot of Pfizer. No major side effects! I had a huge rush of anxiety right after I got the shot, but that may be due to my anxiety issues. Soreness in arm lasting only 3 days. Fatigue.

Aunt 1: mid-50s. health issues include obesity. Johnson and Johnson vaccine with no side effects except for a bit of soreness for a little while

Aunt 2: late 50s without health issues. Johnson and Johnson. 0 side effects. She said that almost everyone else who got the shot at her location felt light-headed and/or had blood pressure issues, though",catlover906,0.76,/r/Vaccine/comments/mplmfu/different_family_members_of_varied_ages_with_3/,t5_36bc6
47,J&J IMMUNITY Q,1,mr1aga,https://www.reddit.com/r/Vaccine/comments/mr1aga/jj_immunity_q/,3,2021-04-14 18:10:01,"I know there’s a hold on J&J vaccines currently... but does anybody know roughly how the immunity is holding up in pts that took the shot during the trials? 

OR if anyone in trials could give a heads up about their immunity antibodies ? 

I just want to know if future i should look to take the Pfizer and moderna shots and how soon if needed?",fjk12665,0.6,/r/Vaccine/comments/mr1aga/jj_immunity_q/,t5_36bc6
48,Moderna After Johnson & Johnson?,1,opqwn8,https://www.reddit.com/r/Vaccine/comments/opqwn8/moderna_after_johnson_johnson/,0,2021-07-22 20:33:51,"Some of my family members received the Johnson & Johnson vaccine back in March. Now with the Delta variant going around, they want to also get Moderna because we are traveling in the near future. Has anyone else done this?? Please advise, thank you in advance!!",bloopblooppeeppoop,0.67,/r/Vaccine/comments/opqwn8/moderna_after_johnson_johnson/,t5_36bc6
49,J&J vaccine after one dose of Moderna 2+ months ago?,1,nyzc5k,https://www.reddit.com/r/Vaccine/comments/nyzc5k/jj_vaccine_after_one_dose_of_moderna_2_months_ago/,5,2021-06-13 11:55:28,"I can’t seem to find the information I’m looking for by searching online about mixing vaccines. 

I got the first dose of Moderna on April 2. 

I unfortunately never got the second Moderna dose. 

I’ve found a place in a very convenient location, no appointment needed, offering the Johnson and Johnson vaccine. 

Is there any reason I can’t go get the J&J right now?",Maldonian,0.67,/r/Vaccine/comments/nyzc5k/jj_vaccine_after_one_dose_of_moderna_2_months_ago/,t5_36bc6
50,CANADA/USA VACCINATION,1,n6kkq5,https://www.reddit.com/r/Vaccine/comments/n6kkq5/canadausa_vaccination/,30,2021-05-06 19:16:11,I’m a Canadian citizen and have an appointment to get my first vaccine dose (Pfizer or moderna) this month (May) But I have to go to USA mid-June for a few months. Will I be able to get my second dose in Cali? or am I allowed to get both doses in Cali and cancel my May appointment? Does anyone know if Canadians can get vaccinated in the US? Please help. Thanks,Bogdanchicken,1.0,/r/Vaccine/comments/n6kkq5/canadausa_vaccination/,t5_36bc6
51,Moderna After Johnson & Johnson?,0,opqws3,https://www.reddit.com/r/Vaccine/comments/opqws3/moderna_after_johnson_johnson/,5,2021-07-22 20:34:04,"Some of my family members received the Johnson & Johnson vaccine back in March. Now with the Delta variant going around, they want to also get Moderna because we are traveling in the near future. Has anyone else done this?? Please advise, thank you in advance!!",bloopblooppeeppoop,0.5,/r/Vaccine/comments/opqws3/moderna_after_johnson_johnson/,t5_36bc6
52,"Search for ""Vaccine"" Type Availability Near You...",0,n6a1yc,https://www.reddit.com/r/Vaccine/comments/n6a1yc/search_for_vaccine_type_availability_near_you/,0,2021-05-06 11:35:07,"Finding locations that distribute vector vaccines (J&J) versus experimental mRNA protocols (Pfizer, Moderna) near you...

https://www.vaccines.gov/search/?zipcode=89117&medications=784db609-dc1f-45a5-bad6-8db02e79d44f&radius=50",flynn001,0.5,/r/Vaccine/comments/n6a1yc/search_for_vaccine_type_availability_near_you/,t5_36bc6
