,title,score,id,url,comms_num,created,body,author,upvote_ratio,permalink,subreddit_id
0,Why there is No Vaccine for Common Cold?,3,nwkn4a,https://www.reddit.com/r/VaccineDiscussion/comments/nwkn4a/why_there_is_no_vaccine_for_common_cold/,5,2021-06-10 06:53:00,"Humans have learned and created a lot of effective solutions against a number of viruses like polio, small pox and now even for corona. We have a vaccine even for the flu which shifts and mutates every other year. But we still haven't been able to find a vaccine for the common cold.

Researchers think they’re close to a vaccine for the cold, but they first need to solve a complex problem that’s perplexed scientists for decades.

While we can treat the symptoms of a cold, we cannot find a single vaccine as there are so many types of virus and they mutate rapidly. Therefore, in the time it takes to develop a vaccine, it is no longer useful.",Sea-Eye-8275,1.0,/r/VaccineDiscussion/comments/nwkn4a/why_there_is_no_vaccine_for_common_cold/,t5_11zwbe
