,title,score,id,url,comms_num,created,body,author,upvote_ratio,permalink,subreddit_id
0,"U.S. government secures 100 million doses of Pfizer, BioNTech vaccine for $2 billion: The U.S. has already ordered experimental shots developed by the University of Oxford and AstraZeneca Plc. The vaccine would be available to the American people for free, according to the government.",24,hvu8jd,https://fortune.com/2020/07/22/pfizer-biontech-coronavirus-vaccine-purchase/,19,2020-07-22 09:58:10,,dannylenwinn,0.96,/r/Vaccine/comments/hvu8jd/us_government_secures_100_million_doses_of_pfizer/,t5_36bc6
1,"Pfizer-BioNTech approved by the FDA, Pentagon to mandate Covid-19 Vaccine for military.",8,pa79bz,https://samthedoc.com/pfizer-approved-pentagon-to-mandate-covid-19-vaccine-for-military/,1,2021-08-23 15:43:38,,SamTheDocOfficial,0.91,/r/Vaccine/comments/pa79bz/pfizerbiontech_approved_by_the_fda_pentagon_to/,t5_36bc6
2,SARS-CoV-2 antibodies detected in human breast milk post-vaccination,6,lzul5e,https://www.reddit.com/r/Vaccine/comments/lzul5e/sarscov2_antibodies_detected_in_human_breast_milk/,0,2021-03-07 11:55:55,"# SARS-CoV-2 antibodies detected in human breast milk post-vaccination

[https://www.news-medical.net/news/20210304/Vaccination-may-provide-protective-antibodies-to-SARS-CoV-2-in-breast-milk.aspx](https://www.news-medical.net/news/20210304/Vaccination-may-provide-protective-antibodies-to-SARS-CoV-2-in-breast-milk.aspx)

[https://www.medrxiv.org/content/10.1101/2021.02.23.21252328v1](https://www.medrxiv.org/content/10.1101/2021.02.23.21252328v1)

The findings indicate that both the Pfizer-BioNTech and Moderna vaccines produce a significant increase in IgA and IgG antibodies to the SARS-CoV-2 spike protein, beginning from the seventh-day post-prime.

I hope that IgA could work to fight covid-19 by mucosa.",Taiwanian,0.88,/r/Vaccine/comments/lzul5e/sarscov2_antibodies_detected_in_human_breast_milk/,t5_36bc6
3,Concentration problems after Biontech vaccination?,4,mrizqg,https://www.reddit.com/r/Vaccine/comments/mrizqg/concentration_problems_after_biontech_vaccination/,4,2021-04-15 13:00:51,"Hello,

I am a 45yo male, type 1 diabetic with a known B12 deficiency and increased factor VIII levels and all kind of environmental allergies (but no known allergies against medications). I get annual flu shots with only minimal side effects (sometimes a headache, sometimes a slightly elevated temperature). I am posting this to see if anyone else had a similar experience after the Biontech shot and if there is anything that can be done against the side effects.

I have had my first Biontech shot on Tuesday morning. I did not feel the injection and went back home after the shot without any side effects. After lunch, my blood sugar did not go down (as usual) and stayed elevated. In the afternoon, about 6 hours after the shot, my temperature was 101F and I got really tired, so I took a 3 hour nap (the last nap I took in the middle of the day prior to that was like 8 years ago). The blood sugar remained elevated.

As I was made aware by another type 1 diabetic, her blood sugar went down all night after the vaccination, so I ate a little bit more, went to sleep and found out the next day that my blood sugar levels were still lower than usual, but just high enough not to trigger an alarm. The blood sugar has normalized after that.

Yesterday morning I had problems doing simple tasks of my morning routine. I could not figure out how to make a coffee, brought a plate and put it on the coffee maker, then wondered where the coffee was. During my work on the computer I could not get anything done. I opened browser tabs and closed them, re-opened and then forgot what my task was. In the afternoon I felt dizzy again and very easily distracted. I wasn't as tired as the day before, but it was more of a fatigue I guess. I had felt somewhat as if I was in the same room as the others, but not really with them.

Today, my day and morning started better, but in the afternoon this feeling of dizziness and concentration problems kicked in again. I will try to take higher doses of B12 to see if this makes a difference tomorrow.

I had read in the past that patients who suffer from Long Covid have brain fog problems and I thought this was caused by Covid-19. I am not sure if my experience after the vaccine shot can be similarly classified as brain fog, but if it does, wouldn't that mean that it's not caused by the disease but rather by my own immune system? It would make sense to me, as type 1 diabetes is an auto immune disease and with my allergies I know that it's also an overreaction by the immune system against otherwise harmless things.",postbiontech,1.0,/r/Vaccine/comments/mrizqg/concentration_problems_after_biontech_vaccination/,t5_36bc6
4,"To speed up access to COVID-19 vaccinations in the developing world, on the eve of the new year, the UN health agency approved Pfizer and BioNTech’s vaccines for emergency use.",3,kog898,https://news.un.org/en/story/2020/12/1081232,0,2021-01-01 13:31:09,,dannylenwinn,1.0,/r/Vaccine/comments/kog898/to_speed_up_access_to_covid19_vaccinations_in_the/,t5_36bc6
5,PFIZER adverse REACTIONS,1,m7yx85,https://www.reddit.com/r/Vaccine/comments/m7yx85/pfizer_adverse_reactions/,20,2021-03-18 15:39:50,"https://assets.publishing.service.gov.uk/government/uploads/system/uploads/attachment_data/file/970504/COVID-19_mRNA_Pfizer-_BioNTech_Vaccine_Analysis_Print.pdf

This is the 6 week trial for adverse reactions for the Pfizer vaccine. There are so many horrible reactions including visual impairment, sudden vision loss, and blindness. Vaccines should never cause blindness in any way. But these new ones do. 

If you’ve taken the vaccine already, you are PART of the LONG TERM clinical trial as we speak. If you don’t believe me, research the clinical phases for vaccines and look at the timeline. Obviously this vaccine was sped up in one year, but currently we are in the LONG TERM CLINICAL TRIAL and I’m not going to be the one participating in that.

I’m sorry for whoever ate this for breakfast and could have reprimands of infertility, dementia, and cancers 5 years from now.",Bionickiwi,0.55,/r/Vaccine/comments/m7yx85/pfizer_adverse_reactions/,t5_36bc6
6,"Pfizer and BioNTech Receive FDA Advisory Committee Vote Supporting Potential First Emergency Use Authorization for Vaccine to Combat COVID-19 in the U.S. 'Additional studies are planned to evaluate BNT162b2 in pregnant women, children younger than 12 years, and those in special risk groups..'",2,kb3m7o,https://investors.biontech.de/news-releases/news-release-details/pfizer-and-biontech-receive-fda-advisory-committee-vote,1,2020-12-11 09:18:59,,dannylenwinn,1.0,/r/Vaccine/comments/kb3m7o/pfizer_and_biontech_receive_fda_advisory/,t5_36bc6
