,title,score,id,url,comms_num,created,body,author,upvote_ratio,permalink,subreddit_id
0,Cant describe the relief you feel when a loved one tells you they’re getting the vax,19,nilrpm,https://www.reddit.com/r/vaxxhappened/comments/nilrpm/cant_describe_the_relief_you_feel_when_a_loved/,1,2021-05-22 12:02:04,"I don’t really have another place to share this 

So when the vaccine advertising first went round WA (Western Australia), I asked my mum to really look into each vaccine and educate herself on the way they work and make her decision with all the information at hand. She’s not antivax but she was very quick to jump on the “no long term studies, I’ll wait” bandwagon. I’m obviously concerned for her and also myself and my husband. I have MS and asthma, hubby has high blood pressure and mum has COPD and an as yet undiagnosed autoimmune disease. My MS flares worst under stress, no I’m also extremely needle phobic. Last blood test I had I lost use of my right arm as we were leaving the building - my neurologist has told me to not get the vaccine because for me, the after effects outweigh the benefits. Hubby is discussing it with the emergency service we volunteer for as they are helping organise vaccines as we are first responders. He’s been advised to wait for the Pfizer, and the only one available locally is the Astra Zeneca. 

All that aside, mum was very hesitant. I knew she was booking to have her flu and pneumococcal shots and asked her to talk about the covid shot with the doctor. The current doctor we have right now is awesome, he is really good at giving information that is easy to understand and he doesn’t make you feel sim for not getting stuff. Long story short, mum is getting the vac in 2 weeks! It’s honestly a huge weight off me, it’s such a relief knowing she’s covered even though we are in one of the safest places on earth covid wise. That added protection men’s one less concern.",bugscuz,0.89,/r/vaxxhappened/comments/nilrpm/cant_describe_the_relief_you_feel_when_a_loved/,t5_3p3pv
1,Vaccine hesitancy vs anti vax,10,nfjc4s,https://www.reddit.com/r/vaxxhappened/comments/nfjc4s/vaccine_hesitancy_vs_anti_vax/,3,2021-05-18 15:11:01,"I had what turned into a heated discussion with an older aged friend today about vaccines. I mentioned to her that I'm no longer interested in whether other people get the covid vaccine or not because chances are they will either choose to get vaccinated or not, and if not, choose to risk getting infected with covid when masks are no longer required etc. She became hostile with me during the conversation and focused entirely on reasons why she feels that she should not get it (they screwed up the vaccine rollout, AstraZeneca blood clots, she doesn't agree with the 4 month gap in doses, politics, muh freedoms, etc.) When I pointed out that she focuses entirely negatives and reasons why she feels she shouldn't get vaccinated and I wondered if there was any reasons why she felt that maybe she would benefit from getting the vaccine she became even more hostile ""I DON'T HAVE TO FOCUS ON ANY OF THAT IF I DON'T WANT TO, AND I DON'T HAVE TO SHARE THAT WITH YOU"".

Message heard loud and clear: I will never bring the subject up with her again and if she brings it up I will change the subject or end the conversation. I wish that people were able to be more rational about certain things. I care about her and I would do whatever I could to help her avoid serious harm or potential death. When it comes to the covid vaccine though it seems more likely that the choice is now becoming 1) get vaccinated 2) risk getting covid and having potential serious health outcomes or death. I guess I need to learn to stop caring as deeply about friends and family and just hope for the best. It is super frustrating.",bigwilly144,0.86,/r/vaxxhappened/comments/nfjc4s/vaccine_hesitancy_vs_anti_vax/,t5_3p3pv
2,Under-40s in Britain to be offered alternative to Astrazeneca vaccine,6,n6uv5w,https://www.cityam.com/under-40s-in-britain-to-be-offered-alternative-to-astrazeneca-vaccine/,0,2021-05-07 05:52:41,,Newsjunkeefromlondon,0.87,/r/vaxxhappened/comments/n6uv5w/under40s_in_britain_to_be_offered_alternative_to/,t5_3p3pv
