,title,score,id,url,comms_num,created,body,author,upvote_ratio,permalink,subreddit_id
0,"I get the Covid vaccine Thursday (front line RN). Here are the actual ingredients from the fact sheet I just received. Not making fun of anti-vax plonkers, so not sure if this goes here. It's the actual ingredients. I thought people might be interested.",23,ke41dw,https://www.reddit.com/r/vaxxhappened/comments/ke41dw/i_get_the_covid_vaccine_thursday_front_line_rn/,19,2020-12-16 01:32:48,">WHAT ARE THE INGREDIENTS IN THE PFIZER-BIONTECH COVID-19 VACCINE?

The Pfizer-BioNTech COVID-19 Vaccine includes the following ingredients: mRNA,lipids ((4-hydroxybutyl)azanediyl)bis(hexane-6,1-diyl)bis(2-hexyldecanoate), 2\[(polyethylene glycol)-2000\]-N,N-ditetradecylacetamide, 1,2-Distearoyl-sn-glycero-3-phosphocholine, and cholesterol), potassium chloride, monobasic potassiumphosphate, sodium chloride, dibasic sodium phosphate dihydrate, and sucrose.",redluchador,0.94,/r/vaxxhappened/comments/ke41dw/i_get_the_covid_vaccine_thursday_front_line_rn/,t5_3p3pv
1,Pfizer-Biontech coronavirus vaccine now 95 per cent effective,24,jwg8ql,https://www.cityam.com/pfizer-biontech-coronavirus-vaccine-now-95-per-cent-effective/,1,2020-11-18 08:59:52,,Newsjunkeefromlondon,0.92,/r/vaxxhappened/comments/jwg8ql/pfizerbiontech_coronavirus_vaccine_now_95_per/,t5_3p3pv
2,2ND DOSE PFIZER-BIONTECH COVID-19 VACCINE SIDE EFFECTS | UPDATE,1,kzkepr,https://youtu.be/_gJeZv3SpJo,0,2021-01-17 20:54:05,,joeistherealest,0.56,/r/vaxxhappened/comments/kzkepr/2nd_dose_pfizerbiontech_covid19_vaccine_side/,t5_3p3pv
