,title,score,id,url,comms_num,created,body,author,upvote_ratio,permalink,subreddit_id
0,"Guns, Jesus and Corona Light...",8754,gstbh2,https://i.redd.it/x9kebm8ckp151.jpg,220,2020-05-29 09:48:07,,TinderSubThrowAway,0.97,/r/vaxxhappened/comments/gstbh2/guns_jesus_and_corona_light/,t5_3p3pv
1,At the anti-corona lockdown rally,8703,g5hjuo,https://i.redd.it/iz7si03hy6u41.jpg,336,2020-04-21 11:41:57,,HerbivorousDinosuar,0.98,/r/vaxxhappened/comments/g5hjuo/at_the_anticorona_lockdown_rally/,t5_3p3pv
2,"Corona good, vaccines bad.",160,fbc6q7,https://i.redd.it/j43fd93e2vj41.jpg,12,2020-02-29 08:00:25,,Oona006,1.0,/r/vaxxhappened/comments/fbc6q7/corona_good_vaccines_bad/,t5_3p3pv
3,The corona virus was patented in 2015 by the us government! I also have no reading comprehension skills or knowledge of basic biology.,122,esuftw,https://i.imgur.com/QWM4Uma.jpg,20,2020-01-23 10:14:58,,Shejidan,0.99,/r/vaxxhappened/comments/esuftw/the_corona_virus_was_patented_in_2015_by_the_us/,t5_3p3pv
4,Corona Virus was created to scare antivaxxers,94,fj94lc,https://i.redd.it/b3elpns4pwm41.jpg,5,2020-03-15 17:42:06,,Lambiri72177,0.99,/r/vaxxhappened/comments/fj94lc/corona_virus_was_created_to_scare_antivaxxers/,t5_3p3pv
5,"Keren thinks hot water, ginger and exercise is all you need to prevent and cure the corona virus... no need for vaccines. 🤦🏽‍♀️",75,fd8gs9,https://i.redd.it/d8jft4kqflk41.jpg,10,2020-03-04 00:41:32,,PurpleWolf_2000,0.98,/r/vaxxhappened/comments/fd8gs9/keren_thinks_hot_water_ginger_and_exercise_is_all/,t5_3p3pv
6,Corona conspiracy,64,fd6b9d,https://i.redd.it/vg3rdtyakkk41.jpg,1,2020-03-03 21:45:21,,ComplexCat,0.98,/r/vaxxhappened/comments/fd6b9d/corona_conspiracy/,t5_3p3pv
7,"On New Year’s Eve, a guy started saying corona is fake. This was on a livestream of nye. (Take down or move to other subreddit if needed)",62,knoous,https://i.redd.it/mw42h73ugi861.jpg,3,2020-12-31 06:50:23,,whatislife463529146,0.93,/r/vaxxhappened/comments/knoous/on_new_years_eve_a_guy_started_saying_corona_is/,t5_3p3pv
8,"Another One of those ""Corona is merely the common cold but vax is worse"" posts I found on a Flat Earth Facebook Group",55,fmd2nc,https://i.redd.it/d791wdua70o41.jpg,13,2020-03-21 06:34:15,,ZingerSauce,0.95,/r/vaxxhappened/comments/fmd2nc/another_one_of_those_corona_is_merely_the_common/,t5_3p3pv
9,FDA sent cease and desist to company claiming their products could cure the corona virus,46,fhgnx7,https://i.redd.it/3uwb1scry8m41.jpg,4,2020-03-12 09:53:15,,Eened,0.96,/r/vaxxhappened/comments/fhgnx7/fda_sent_cease_and_desist_to_company_claiming/,t5_3p3pv
10,"My mother, corona and religion suppression",44,fvvxne,https://www.reddit.com/r/vaxxhappened/comments/fvvxne/my_mother_corona_and_religion_suppression/,17,2020-04-06 05:50:01,"I know this isn’t exactly an anti-vaxx thing but it’s in the same ballpark. 

My mom thinks that the coronavirus is a conspiracy to remove our religious freedom because she can’t go to church. As a bonus I’m gunna tell you about what my uncle thinks, he posted on Facebook that he thinks they’re exaggerating the numbers of infected and lethality of the virus so they can take away our guns.... somehow. What are your opinions on this?",Dingusgrassass134,0.97,/r/vaxxhappened/comments/fvvxne/my_mother_corona_and_religion_suppression/,t5_3p3pv
11,On a FB post about a possible vaccine for Corona,40,gdhrm8,https://i.redd.it/evqu3nr3qsw41.jpg,5,2020-05-04 15:01:43,,i-cant-adult-today,0.95,/r/vaxxhappened/comments/gdhrm8/on_a_fb_post_about_a_possible_vaccine_for_corona/,t5_3p3pv
12,The corona vaccine is here!,38,hd7q0i,https://i.redd.it/i7cgotj1w9651.jpg,7,2020-06-21 10:22:29,,chronicnerd,0.96,/r/vaxxhappened/comments/hd7q0i/the_corona_vaccine_is_here/,t5_3p3pv
13,"""Essential oils heal everything and Corona doesn't exist. Btw, I'm becoming a 'doctor' at Quantum University!""",41,ky89pn,https://imgur.com/a/6j9q9I5,19,2021-01-15 19:51:11,,sweetpatata,0.99,/r/vaxxhappened/comments/ky89pn/essential_oils_heal_everything_and_corona_doesnt/,t5_3p3pv
14,So they don’t believe in vaccines or corona virus?,35,g2u1n1,https://i.redd.it/rwgfml8drat41.jpg,7,2020-04-16 23:24:19,,Roxy175,0.9,/r/vaxxhappened/comments/g2u1n1/so_they_dont_believe_in_vaccines_or_corona_virus/,t5_3p3pv
15,Aussie Anti Vaxxer arrested whilst using 4yo Son as human shield at Lockdown Protest during Corona Virus pandemic.,33,ggvre4,https://www.google.com/amp/s/amp.news.com.au/national/nsw-act/coronavirus-australia-dramatic-arrest-of-a-mother-protesting-in-sydney-shocks-bystanders/news-story/b628c2ba966d54a4170cc5288bddc088,8,2020-05-10 01:41:04,,eightezzz,0.91,/r/vaxxhappened/comments/ggvre4/aussie_anti_vaxxer_arrested_whilst_using_4yo_son/,t5_3p3pv
16,"Anti-vax FB friend's kid gets sick the day after posting propaganda. Highly doubt it's Corona virus, but I'm willing to bet it's a preventable illness. VACCINATE YA KIDS",34,evgtfy,https://i.redd.it/4w8tk9emwmd41.jpg,3,2020-01-28 22:09:01,,RamenReptile,0.93,/r/vaxxhappened/comments/evgtfy/antivax_fb_friends_kid_gets_sick_the_day_after/,t5_3p3pv
17,‘Corona memes’? Why does this anti-vaxx California doctor think COVID-19 is a joke? [Dr. Bob Sears of Orange County],36,fw4dw1,https://www.sacbee.com/opinion/editorials/article241774096.html,5,2020-04-06 14:45:26,,BlankVerse,0.95,/r/vaxxhappened/comments/fw4dw1/corona_memes_why_does_this_antivaxx_california/,t5_3p3pv
18,Corona is merely to prime us...,32,fo7bs5,https://i.redd.it/hnl5f0uf6no41.jpg,5,2020-03-24 11:49:31,,Sinnes-loeschen,0.92,/r/vaxxhappened/comments/fo7bs5/corona_is_merely_to_prime_us/,t5_3p3pv
19,I guess the now the flu shot gives you the Corona Virus,32,gnioaz,https://i.redd.it/jh4qqal67zz41.jpg,1,2020-05-20 16:00:31,,ThePhantom7771,0.96,/r/vaxxhappened/comments/gnioaz/i_guess_the_now_the_flu_shot_gives_you_the_corona/,t5_3p3pv
20,"Mandatory vaccines, smart dust, remote assassination, 5G, chemtrails, and the Corona virus. We have the perfect storm here.",33,faglot,https://i.redd.it/cac01uxlgij41.png,10,2020-02-27 13:36:56,,Sarcastic_Troll,0.97,/r/vaxxhappened/comments/faglot/mandatory_vaccines_smart_dust_remote/,t5_3p3pv
21,German anti-vaxx demo cancelled due to corona virus danger,22,fh2mj7,https://i.redd.it/1epa3syhf3m41.png,12,2020-03-11 15:18:51,,dichtbringer,0.94,/r/vaxxhappened/comments/fh2mj7/german_antivaxx_demo_cancelled_due_to_corona/,t5_3p3pv
22,Corona party anyone?,21,fgdgvp,https://www.reddit.com/r/vaxxhappened/comments/fgdgvp/corona_party_anyone/,7,2020-03-10 09:02:35,"Where are all the anti-vaxer Covid-19 parties? Last year it seemed measles parties were all the rage because, you know, ""it's not that serious and way safer than a vaccine"". Yet, the entire community is oddly silent when it comes to contracting Covid-19. Hopefully it's because some of them finally woke up and realized they shouldn't trifle with deadly infectious diseases.",travelingattorney,1.0,/r/vaxxhappened/comments/fgdgvp/corona_party_anyone/,t5_3p3pv
23,Using Eastern medicine to battle corona virus. Please do not do this to people.,20,foo12f,https://i.imgur.com/cCYXgce.jpg,11,2020-03-25 06:27:39,,NelsonLaughsLoudest,0.96,/r/vaxxhappened/comments/foo12f/using_eastern_medicine_to_battle_corona_virus/,t5_3p3pv
24,"Owner of an AV page asks ""what do you think the repercussions of the corona virus will be?"". Answers are as expected. Also, 5G somehow.",23,f2bgiu,https://i.redd.it/62fd10qovbg41.jpg,10,2020-02-11 12:16:35,,thedoodely,0.92,/r/vaxxhappened/comments/f2bgiu/owner_of_an_av_page_asks_what_do_you_think_the/,t5_3p3pv
25,"So apparently racism, covid, and protests that are either peaceful or not means that the government is causing all of this according to this ""5G corona anti vaxxer.""",20,hb86bb,https://i.redd.it/y8dfw0gwql551.jpg,3,2020-06-18 01:10:55,,robo1699,0.88,/r/vaxxhappened/comments/hb86bb/so_apparently_racism_covid_and_protests_that_are/,t5_3p3pv
26,big pharma invented the corona virus so they could sell vaccines guys,16,et0s04,https://i.redd.it/7xf5ca7ovlc41.jpg,8,2020-01-23 17:38:21,,benithaglas1,0.82,/r/vaxxhappened/comments/et0s04/big_pharma_invented_the_corona_virus_so_they/,t5_3p3pv
27,"Antivaxxers: ""Corona virus isn't a deadly disease, people are overreacting. Just was your hand and sneeze in your elbow. Only old people are dying from complications of corona virus."" Meanwhile around the world:",28,f1txed,https://i.redd.it/09x6cswvw4g41.jpg,36,2020-02-10 12:50:50,,empowerment_luksgud,0.97,/r/vaxxhappened/comments/f1txed/antivaxxers_corona_virus_isnt_a_deadly_disease/,t5_3p3pv
28,in relation to Bill Gates funding Corona virus vaccine research,17,fydydm,https://i.redd.it/s7ek780c3zr41.png,1,2020-04-10 07:07:27,,KAYRUN-JAAVICE,1.0,/r/vaxxhappened/comments/fydydm/in_relation_to_bill_gates_funding_corona_virus/,t5_3p3pv
29,Sorry the very bottom of the comment is cut off. Basically this antivaxxer is saying the Chinese are producing the corona virus and creating a vaccine for financial gain. This was one of about 30 of thier comments I picked out from this particular post. The post they were commenting on was a meme.,14,fathek,https://i.redd.it/6xe9dxzojnj41.jpg,2,2020-02-28 06:43:08,,Art3mis86,0.95,/r/vaxxhappened/comments/fathek/sorry_the_very_bottom_of_the_comment_is_cut_off/,t5_3p3pv
30,Worried about the corona virus? Have a little bleach!,9,evs1kr,https://www.thedailybeast.com/qanon-conspiracy-theorists-magic-cure-for-coronavirus-is-drinking-lethal-bleach,3,2020-01-29 14:49:07,,LoudImportance,1.0,/r/vaxxhappened/comments/evs1kr/worried_about_the_corona_virus_have_a_little/,t5_3p3pv
31,How on earth did she misconstrue his “photosynthesize the corona away!” With ozone therapy.,8,g7dosj,https://i.redd.it/7doeipjq6tu41.jpg,1,2020-04-24 14:26:40,,GenuineRum,0.91,/r/vaxxhappened/comments/g7dosj/how_on_earth_did_she_misconstrue_his/,t5_3p3pv
32,"So, we got a letter in the mail today.",6,g5d232,https://www.reddit.com/r/vaxxhappened/comments/g5d232/so_we_got_a_letter_in_the_mail_today/,3,2020-04-21 06:52:36,"&#x200B;

https://preview.redd.it/0k7oklj4c5u41.jpg?width=816&format=pjpg&auto=webp&s=74cc2f3e872aacb75f2955eedce2264185230d69

https://preview.redd.it/bhplroj4c5u41.jpg?width=816&format=pjpg&auto=webp&s=430914cf0aadfdb65999bba3f29c1b21e8c981af

Its in dutch, so here's the translation:

&#x200B;

Dear fellow citizen.                                                                                                         Bruges 20th of april 2020

Where is this going?

If we want to take back our freedom, we'll have to take a different viewpoint from what the mainstream media tells us!

We've been told for years to believe everything the TV and radio tells us.

I wish to advise you to watch Sven Hulleman 'Een oorlog reeds verloren!' (A war already lost) and Dr. Sheva with: 'We are at war! End the shutdown.'

Know that: if you already got a flu-shot, you'll automatically test positive for the coronavirus!

Learn that Dr. Fauci is responsible for these economical, collective psychiologal health- and political-juridical problems worldwide. (I don't know what the fuck this means so don't ask)

Also learn that mister Robert Kennedy Jr. is our only hope that the vaccine crazed Bill Gates is stopped.

The misery he creates by financing viruses and vaccines is murder/ genocide.

&#x200B;

(Page 2)

Learn that our body gets sick because of electro-smog!

Corona and electro-smog go hand in hand.

We're not allowed to cycle via 'de vesten' (A popular bike route near where I live) and that ""they"" (Proximus, telecom company) are allowed to radiate us with their 5G tower near the courthouse?

That's usefull if you keep 1,5 meters/ 5 feet distance!

Some good advice: take silicon (With wild garlic) en avoid vaccinations!

Even more good advice: sign up today at 5G Belgium-NO for stralingsvrijvlaanderen .be (radiation free flanders .be)

Who surveys the rolout of 5G whil'st we're obligated to self-quarantine?

EVEN DAVID ICKE TELLS US WHAT WE'RE NOT SUPPOSED TO KNOW!

(the following are locations of 5G towers)

\-Courthouse

\-Navy base Sint-Kruis

\-Maalse steenweg Sint-Kruis, appartments second pair of lichts.

\-School Sint-jozef and on appartments

\-Elizabethlaan

\-Military domain Sijsele

\-Neighbourhood vrijheidsstraat Assebroek.

&#x200B;

I wish you harmony, insight, prosperity, health and vigor.

&#x200B;

I couldn't stop laughing reading this.

If there's any problems with the translation, let me know.",Caspre_,0.81,/r/vaxxhappened/comments/g5d232/so_we_got_a_letter_in_the_mail_today/,t5_3p3pv
33,Isn't it odd that antivaxxers did not mention anything about the fast spread of the corona virus?,4,eshwcs,https://www.reddit.com/r/vaxxhappened/comments/eshwcs/isnt_it_odd_that_antivaxxers_did_not_mention/,8,2020-01-22 15:45:09,I cannot find any post from the antivaxxers about this. I bet they're just treating it as a harmless thing.,AzureRevane,0.84,/r/vaxxhappened/comments/eshwcs/isnt_it_odd_that_antivaxxers_did_not_mention/,t5_3p3pv
