,title,score,id,url,comms_num,created,body,author,upvote_ratio,permalink,subreddit_id
0,"Mexico is considering closing its border to stop Americans bringing coronavirus into its country as US case count passes 2,000",168663,fi91qc,https://www.dailymail.co.uk/news/article-8110163/Mexico-wants-close-border-Americans-stop-spread-coronavirus.html?ito=social-twitter_dailymailus,9096,2020-03-13 19:28:31,,Eurynom0s,0.93,/r/worldnews/comments/fi91qc/mexico_is_considering_closing_its_border_to_stop/,t5_2qh13
1,Brazilian president Jair Bolsonaro tests positive for coronavirus,150316,hmwhd7,https://www.theguardian.com/world/2020/jul/07/jair-bolsonaro-coronavirus-positive-test-brazil-president,7265,2020-07-07 11:19:42,,Jeremy_Martin,0.94,/r/worldnews/comments/hmwhd7/brazilian_president_jair_bolsonaro_tests_positive/,t5_2qh13
2,Boris Johnson Has Tested Positive For Coronavirus,135547,fpv76t,https://www.buzzfeed.com/alexwickham/boris-johnson-positive-coronavirus,10740,2020-03-27 07:18:05,,xXGeneric_UserNameXx,0.93,/r/worldnews/comments/fpv76t/boris_johnson_has_tested_positive_for_coronavirus/,t5_2qh13
3,Merkel says the coronavirus pandemic has exposed leaders who rely on 'fact-denying populism',133753,hpd2vn,https://www.businessinsider.com/angela-merkel-coronavirus-exposes-leaders-fact-denying-populism-trump-2020-7?r=DE&IR=T,4844,2020-07-11 12:39:33,,NextHammer,0.88,/r/worldnews/comments/hpd2vn/merkel_says_the_coronavirus_pandemic_has_exposed/,t5_2qh13
4,China spent the crucial first days of the Wuhan coronavirus outbreak arresting people who posted about it online and threatening journalists,132969,et3c7n,https://www.businessinsider.com/china-information-crackdown-on-wuhan-coronavirus-2020-1,5646,2020-01-23 20:47:50,,DaFunkJunkie,0.93,/r/worldnews/comments/et3c7n/china_spent_the_crucial_first_days_of_the_wuhan/,t5_2qh13
5,Coronavirus Vaccine Made In Saskatchewan Canada Is Now In The Testing Stages,131092,fhmpsi,https://www.narcity.com/news/ca/sk/coronavirus-vaccine-made-in-saskatchewan-is-now-in-the-testing-stages,6337,2020-03-12 16:12:25,,maximilious,0.93,/r/worldnews/comments/fhmpsi/coronavirus_vaccine_made_in_saskatchewan_canada/,t5_2qh13
6,"Research finds that New Zealand beat Covid-19 by trusting leaders and following advice. Citizens had a high level of knowledge about coronavirus and how it spread, and compliance with basic hygiene practices and trust in authorities was at nearly 100%.",127551,hwnu2o,https://www.theguardian.com/world/2020/jul/24/new-zealand-beat-covid-19-by-trusting-leaders-and-following-advice-study,6226,2020-07-23 16:50:32,,kezzaNZ,0.87,/r/worldnews/comments/hwnu2o/research_finds_that_new_zealand_beat_covid19_by/,t5_2qh13
7,"South Korean church sprayed salt water inside followers' mouths, believing it would prevent coronavirus. 46 people got infected because they used the same nozzle",126754,fjjo5b,https://www.scmp.com/week-asia/health-environment/article/3075421/coronavirus-salt-water-spray-infects-46-church-goers,4369,2020-03-16 07:46:45,,ORDbutlasttimemedic,0.95,/r/worldnews/comments/fjjo5b/south_korean_church_sprayed_salt_water_inside/,t5_2qh13
8,Coronavirus is declared global emergency by World Health Organization as outbreak continues to spread outside China,123395,ewb1jk,https://www.bbc.com/news/world-51318246,7083,2020-01-30 14:45:25,,AssuredlyAThrowAway,0.94,/r/worldnews/comments/ewb1jk/coronavirus_is_declared_global_emergency_by_world/,t5_2qh13
9,Irish Developed Testing Kit confirms Coronavirus in 15 minutes,118282,fjoth7,https://www.independent.ie/world-news/coronavirus/irish-developed-kit-confirms-infection-in-15-minutes-39046582.html,2340,2020-03-16 13:34:46,,donnawannacracker,0.93,/r/worldnews/comments/fjoth7/irish_developed_testing_kit_confirms_coronavirus/,t5_2qh13
10,New Zealand beats Coronavirus for the second time with no active community cases as of today.,117105,j6gmy0,https://www.nzherald.co.nz/nz/news/article.cfm?c_id=1&objectid=12371156,4819,2020-10-06 20:04:50,,kezzaNZ,0.91,/r/worldnews/comments/j6gmy0/new_zealand_beats_coronavirus_for_the_second_time/,t5_2qh13
11,'Dictatorships often start in the face of a threat': UN privacy chief warns against long-lasting theft of freedoms amid coronavirus surveillance,116374,fsgzya,https://www.independent.co.uk/news/world/coronavirus-lockdown-surveillance-tracking-dictatorship-authoritarian-united-nations-privacy-a9438561.html,4392,2020-03-31 13:20:18,,hildebrand_rarity,0.93,/r/worldnews/comments/fsgzya/dictatorships_often_start_in_the_face_of_a_threat/,t5_2qh13
12,World Health Organization declares the coronavirus outbreak a global pandemic,116094,fgzvgq,https://www.cnbc.com/2020/03/11/who-declares-the-coronavirus-outbreak-a-global-pandemic.html,9584,2020-03-11 12:28:59,,SoulardSTL,0.93,/r/worldnews/comments/fgzvgq/world_health_organization_declares_the/,t5_2qh13
13,"New vaccines must not be monopolised, G7 tells Donald Trump - World leaders at a G7 video summit told Donald Trump that medical firms must share and coordinate research on coronavirus vaccines rather than provide products exclusively to one country.",108657,fk5i1m,https://www.theguardian.com/world/2020/mar/16/g7-leaders-to-hold-emergency-coronavirus-video-summit,5674,2020-03-17 09:45:08,,ManiaforBeatles,0.89,/r/worldnews/comments/fk5i1m/new_vaccines_must_not_be_monopolised_g7_tells/,t5_2qh13
14,"Nurses have quit en masse from Russia’s top coronavirus hospital in Moscow over poor working conditions and low wages. They reportedly quit because they were denied clean protective gear, food and adequate accommodations, and were not paid bonuses promised by President Vladimir Putin.",108217,g95jat,https://www.themoscowtimes.com/2020/04/27/nurses-quit-en-masse-from-russias-top-coronavirus-hospital-reports-a70115,3083,2020-04-27 13:46:05,,DoremusJessup,0.94,/r/worldnews/comments/g95jat/nurses_have_quit_en_masse_from_russias_top/,t5_2qh13
15,Scotland bans companies based in tax havens from accessing coronavirus bailout money,107004,gnw528,https://www.independent.co.uk/news/business/news/scotland-tax-have-ban-coronavirus-bailout-fund-a9526006.html,2211,2020-05-21 08:41:26,,grepnork,0.96,/r/worldnews/comments/gnw528/scotland_bans_companies_based_in_tax_havens_from/,t5_2qh13
16,United States Surpasses China in Coronavirus Cases; Now Leads the World,106852,fpj9km,https://www.memorandumdaily.com/2020/03/united-states-surpasses-china-in.html,15511,2020-03-26 16:43:23,,ma582,0.89,/r/worldnews/comments/fpj9km/united_states_surpasses_china_in_coronavirus/,t5_2qh13
17,The body of a missing Mexican congresswoman has been found in a shallow grave more than a month after she was abducted by armed men while raising awareness about the coronavirus pandemic,105999,gvyvpo,https://www.theguardian.com/world/2020/jun/03/missing-mexican-congresswoman-anel-bueno-body-found,2432,2020-06-03 13:59:54,,Zhana-Aul,0.95,/r/worldnews/comments/gvyvpo/the_body_of_a_missing_mexican_congresswoman_has/,t5_2qh13
18,"Over 140 global leaders and experts issued open letter urging world powers to guarantee both coronavirus vaccine and any treatment for Covid-19, when available, be free for everyone in order to put ""the interests of all humanity"" ahead of those of wealthiest corporations and governments.",105237,gjwgkt,https://www.commondreams.org/news/2020/05/14/140-global-leaders-call-free-peoples-vaccine-put-human-lives-above-corporate-greed,4019,2020-05-14 18:19:32,,madazzahatter,0.92,/r/worldnews/comments/gjwgkt/over_140_global_leaders_and_experts_issued_open/,t5_2qh13
19,"Mexican president vows to bail out the poor, not big companies, in coronavirus response",104895,fo031l,https://www.reuters.com/article/us-health-coronavirus-mexico-president/mexican-president-vows-to-bail-out-the-poor-not-big-companies-in-coronavirus-response-idUSKBN21B0DL,3692,2020-03-24 02:04:59,,_RedditIsForPorn_,0.83,/r/worldnews/comments/fo031l/mexican_president_vows_to_bail_out_the_poor_not/,t5_2qh13
20,"Coronavirus: South Korea’s infection rate falls without citywide lockdowns like China, Italy. Officials attribute the decrease to mass testing, improved public communication and the use of advanced technology",104616,fggiom,https://www.scmp.com/week-asia/health-environment/article/3074469/coronavirus-south-korea-cuts-infection-rate-without,3442,2020-03-10 12:29:19,,DoremusJessup,0.95,/r/worldnews/comments/fggiom/coronavirus_south_koreas_infection_rate_falls/,t5_2qh13
21,Lawmakers in Canada and Scotland have pointed to the US as an example of failed coronavirus containment,102145,hgjogs,https://www.businessinsider.com/lawmakers-canada-scotland-call-us-example-of-failed-coronavirus-containment-2020-6,5119,2020-06-26 20:36:37,,DaFunkJunkie,0.87,/r/worldnews/comments/hgjogs/lawmakers_in_canada_and_scotland_have_pointed_to/,t5_2qh13
22,"‘I’m surprised he’s even heard of us’: Wales hits back after Trump criticises country’s coronavirus response | “I look forward to welcoming Joe Biden here as next president of the United States,” says Plaid Cymru leader",99847,j7fxqc,https://www.independent.co.uk/news/uk/home-news/trump-wales-coronavirus-covid-laura-ingraham-adam-price-b882909.html,2847,2020-10-08 12:12:21,,mepper,0.82,/r/worldnews/comments/j7fxqc/im_surprised_hes_even_heard_of_us_wales_hits_back/,t5_2qh13
23,"Pastor sorry after service caused wave of coronavirus infections in France: Thiebault Geyer wanted to say “sorry to God for my selfishness” after officials confirmed that around 2,500 of his parishioners have contracted coronavirus. At least 17 of those have died.",99810,ftkaah,https://www.standard.co.uk/news/world/pastor-thiebault-geyer-sorry-service-caused-coronavirus-infections-a4403826.html,6945,2020-04-02 06:51:23,,maxwellhill,0.9,/r/worldnews/comments/ftkaah/pastor_sorry_after_service_caused_wave_of/,t5_2qh13
24,"Taiwan says WHO not sharing coronavirus information it provides, pressing complaints",96971,frre0t,https://www.reuters.com/article/us-health-coronavirus-taiwan-who-idUSKBN21H1AU,3970,2020-03-30 10:05:19,,iuseptt,0.93,/r/worldnews/comments/frre0t/taiwan_says_who_not_sharing_coronavirus/,t5_2qh13
25,Italian priest who gave respirator to younger patient dies of disease - A 72-year-old priest who gave his respirator to a younger Covid-19 patient he did not know has died from coronavirus.,96297,fo5er3,https://www.independent.co.uk/news/world/europe/coronavirus-italian-priest-respirator-younger-patient-italy-bergamo-a9420976.html,2460,2020-03-24 09:49:42,,AngelofDeath2020,0.91,/r/worldnews/comments/fo5er3/italian_priest_who_gave_respirator_to_younger/,t5_2qh13
26,Poland and Denmark exclude tax haven companies from coronavirus relief schemes,95580,g4puqs,https://www.thelondoneconomic.com/news/poland-and-denmark-exclude-tax-haven-companies-from-coronavirus-relief-schemes/20/04/,1804,2020-04-20 05:42:00,,kullnames,0.96,/r/worldnews/comments/g4puqs/poland_and_denmark_exclude_tax_haven_companies/,t5_2qh13
27,Bill Gates funding the construction of factories for 7 different vaccines to fight coronavirus,93816,fu8nwx,https://www.businessinsider.com/bill-gates-factories-7-different-vaccines-to-fight-coronavirus-2020-4?r=US,6099,2020-04-03 09:44:19,,Final-Fox,0.9,/r/worldnews/comments/fu8nwx/bill_gates_funding_the_construction_of_factories/,t5_2qh13
28,Confirmed Coronavirus Cases Are Growing Faster In The United States Than Any Other Country In The World,93671,fmeplj,https://www.forbes.com/sites/trevornace/2020/03/20/coronavirus-is-growing-faster-in-the-united-states-than-any-other-country-in-the-world/#7fb0f7227e72,10563,2020-03-21 09:08:29,,maxwellhill,0.83,/r/worldnews/comments/fmeplj/confirmed_coronavirus_cases_are_growing_faster_in/,t5_2qh13
29,Coronavirus: Boris Johnson says easing lockdown would 'throw away effort and sacrifice of British people'.,92505,g8xh3m,https://news.sky.com/story/coronavirus-boris-johnson-says-easing-lockdown-would-throw-away-effort-and-sacrifice-of-british-people-11979338,5336,2020-04-27 05:23:57,,sdsanth,0.93,/r/worldnews/comments/g8xh3m/coronavirus_boris_johnson_says_easing_lockdown/,t5_2qh13
30,China asked the WHO to cover up the coronavirus outbreak: German intelligence service,87919,ggfpst,https://www.taiwannews.com.tw/en/news/3931126,4967,2020-05-09 09:48:50,,SentinelSpirit,0.76,/r/worldnews/comments/ggfpst/china_asked_the_who_to_cover_up_the_coronavirus/,t5_2qh13
31,US intelligence warned in November that coronavirus spreading in China could be 'cataclysmic event': report,87486,fx63w7,https://thehill.com/policy/national-security/intelligence/491712-us-intelligence-warned-in-november-that-virus-spreading,5307,2020-04-08 09:04:13,,PermOffended,0.9,/r/worldnews/comments/fx63w7/us_intelligence_warned_in_november_that/,t5_2qh13
32,Boris Johnson's government is reportedly furious with China and believes it could have 40 times more coronavirus cases than it claims,86165,fr5uqd,https://www.businessinsider.com/coronavirus-boris-johnsons-government-reportedly-furious-with-china-2020-3,7806,2020-03-29 09:25:39,,cc_hk,0.86,/r/worldnews/comments/fr5uqd/boris_johnsons_government_is_reportedly_furious/,t5_2qh13
33,"The world's fastest supercomputer identified 77 chemicals that could stop coronavirus from spreading, a crucial step toward a vaccine.",84517,fli5zw,https://www.cnn.com/2020/03/19/us/fastest-supercomputer-coronavirus-scn-trnd/index.html,2648,2020-03-19 17:25:31,,BabaYaga17,0.92,/r/worldnews/comments/fli5zw/the_worlds_fastest_supercomputer_identified_77/,t5_2qh13
34,Coronavirus: Austria bans all gatherings of more than five people,84380,fj1umv,https://www.independent.co.uk/news/world/europe/coronavirus-austria-update-symptoms-gatherings-ban-latest-a9402866.html,3541,2020-03-15 10:10:14,,Frocharocha,0.95,/r/worldnews/comments/fj1umv/coronavirus_austria_bans_all_gatherings_of_more/,t5_2qh13
35,Chinese social media censors hashtag 'I want freedom of speech' after coronavirus whistleblower doctor dies,84071,f08ufh,https://www.cnbc.com/2020/02/07/hashtag-censored-after-coronavirus-whistleblower-doctors-death.html,3139,2020-02-07 05:47:11,,DaFunkJunkie,0.94,/r/worldnews/comments/f08ufh/chinese_social_media_censors_hashtag_i_want/,t5_2qh13
36,"You Can Now Go to Jail in China for Criticizing Beijing’s Coronavirus Response: The Chinese government is ramping up its propaganda, and cracking down on criticism, as the virus spreads.",83529,ew627r,https://www.vice.com/en_us/article/g5xykx/you-can-now-go-to-jail-in-china-for-criticizing-beijings-coronavirus-response,4313,2020-01-30 09:16:19,,maxwellhill,0.9,/r/worldnews/comments/ew627r/you_can_now_go_to_jail_in_china_for_criticizing/,t5_2qh13
37,"Coronavirus: Doctors and nurses will need PTSD treatment after Covid-19 virus peaks in hospitals, warn health leaders",83294,fwc6f9,https://www.independent.co.uk/news/health/coronavirus-uk-nhs-intensive-care-nurses-doctors-ptsd-a9450731.html,3005,2020-04-06 22:21:23,,EnoughPM2020,0.89,/r/worldnews/comments/fwc6f9/coronavirus_doctors_and_nurses_will_need_ptsd/,t5_2qh13
38,Trump suspends travel from Europe for 30 days as part of response to 'foreign' coronavirus,82592,fh80mi,https://www.cnbc.com/amp/2020/03/11/coronavirus-trump-suspends-all-travel-from-europe.html?__twitter_impression=true,16769,2020-03-11 21:06:20,,jigsawmap,0.91,/r/worldnews/comments/fh80mi/trump_suspends_travel_from_europe_for_30_days_as/,t5_2qh13
39,Amazon has bought cameras to take temperatures of workers during the coronavirus pandemic from a Chinese firm the United States blacklisted over allegations it helped China detain and monitor Uighurs and other Muslim minorities,82246,gak39x,https://www.reuters.com/article/us-health-coronavirus-amazon-com-cameras/exclusive-amazon-turns-to-chinese-firm-on-u-s-blacklist-to-meet-thermal-camera-needs-idUSKBN22B1AL,2979,2020-04-29 19:13:48,,ahm713,0.89,/r/worldnews/comments/gak39x/amazon_has_bought_cameras_to_take_temperatures_of/,t5_2qh13
40,Bleach manufacturers have warned people not to inject themselves with disinfectant after Trump wrongly suggested it may cure the coronavirus,82229,g76y7b,https://www.businessinsider.com/donald-trump-bleach-company-warns-disinfectant-wont-cure-coronavirus-dettol-2020-4?r=US&IR=T,7764,2020-04-24 07:45:13,,rromano125,0.83,/r/worldnews/comments/g76y7b/bleach_manufacturers_have_warned_people_not_to/,t5_2qh13
41,WHO official calls Trump comments on coronavirus response 'incoherent',81386,fabs0u,https://thehill.com/homenews/administration/484895-who-official-calls-trump-comments-on-coronavirus-response-incoherent,6103,2020-02-27 08:03:19,,DaFunkJunkie,0.82,/r/worldnews/comments/fabs0u/who_official_calls_trump_comments_on_coronavirus/,t5_2qh13
42,Chinese Tycoon Who Criticized Xi’s Response to Coronavirus Has Vanished,80519,fin0bj,https://www.nytimes.com/2020/03/14/world/asia/china-ren-zhiqiang.html,2834,2020-03-14 14:31:02,,Hawkey89,0.93,/r/worldnews/comments/fin0bj/chinese_tycoon_who_criticized_xis_response_to/,t5_2qh13
43,"We Alerted The World' To Coronavirus On Jan. 5, WHO Says In Response To U.S.",80003,g1zuzn,https://www.npr.org/sections/goatsandsoda/2020/04/15/835179442/we-alerted-the-world-to-coronavirus-on-jan-5-who-says-in-response-to-u-s?utm_medium=RSS&utm_campaign=news,8174,2020-04-15 16:18:40,,markpas,0.8,/r/worldnews/comments/g1zuzn/we_alerted_the_world_to_coronavirus_on_jan_5_who/,t5_2qh13
44,"Coal industry will never recover after coronavirus pandemic, experts say",79246,gle82k,https://www.theguardian.com/environment/2020/may/17/coal-industry-will-never-recover-after-coronavirus-pandemic-say-experts,4460,2020-05-17 08:00:27,,Virusdaythrowaway,0.91,/r/worldnews/comments/gle82k/coal_industry_will_never_recover_after/,t5_2qh13
45,"‘We are facing extermination’: Brazil losing a generation of indigenous leaders to Covid-19 - Coronavirus has swept through tribes, killing elders – and inflicting irreparable damage on tribal history, culture and medicine",79109,hd4s2k,https://www.theguardian.com/global-development/2020/jun/21/brazil-losing-generation-indigenous-leaders-covid-19,1550,2020-06-21 06:30:58,,ManiaforBeatles,0.92,/r/worldnews/comments/hd4s2k/we_are_facing_extermination_brazil_losing_a/,t5_2qh13
46,"Divorce rate spikes across China after 'couples spend too much time together during coronavirus home quarantine', officials claim",77778,fjlc4w,https://www.dailymail.co.uk/news/article-8108385/Divorce-cases-spike-China-couples-spend-time-coronavirus-quarantine.html?utm_campaign=fullarticle&utm_medium=referral&utm_source=inshorts,1833,2020-03-16 09:56:27,,ashwazz,0.92,/r/worldnews/comments/fjlc4w/divorce_rate_spikes_across_china_after_couples/,t5_2qh13
47,WHO warns that waiting to achieve herd immunity to the coronavirus will kill a lot of people,76972,i070s4,https://www.cnbc.com/2020/07/29/who-warns-that-waiting-to-achieve-herd-immunity-to-the-coronavirus-will-kill-a-lot-of-people.html,5536,2020-07-29 15:33:04,,disequilibrium0,0.88,/r/worldnews/comments/i070s4/who_warns_that_waiting_to_achieve_herd_immunity/,t5_2qh13
48,Leaked Documents Show How China’s Army of Paid Internet Trolls Helped Censor the Coronavirus,76568,kjuxov,https://www.propublica.org/article/leaked-documents-show-how-chinas-army-of-paid-internet-trolls-helped-censor-the-coronavirus,5050,2020-12-25 02:05:09,,WombatusMighty,0.83,/r/worldnews/comments/kjuxov/leaked_documents_show_how_chinas_army_of_paid/,t5_2qh13
49,"Four zookeepers in Cornwall, UK, decided to self-isolate on the grounds of a wildlife sanctuary to make sure the animals are properly cared for during the coronavirus crisis.",76494,fsb0vs,https://metro.co.uk/2020/03/31/zookeepers-self-isolate-animal-park-keep-fed-12482164/,1109,2020-03-31 07:07:43,,maxwellhill,0.94,/r/worldnews/comments/fsb0vs/four_zookeepers_in_cornwall_uk_decided_to/,t5_2qh13
50,"New York state has more coronavirus cases than France or South Korea as infections soar to 15,168",76369,fn1o0e,https://www.cnbc.com/2020/03/22/new-york-state-has-more-coronavirus-cases-than-france-or-south-korea-as-infections-soar-to-15168.html,4426,2020-03-22 11:44:21,,Dvdrummer360,0.94,/r/worldnews/comments/fn1o0e/new_york_state_has_more_coronavirus_cases_than/,t5_2qh13
51,"A Broadband Engineer Was Spat on by a 5G Conspiracy Theorist. Then He Got Coronavirus: In UK the attacks on network workers are getting more frequent, brazen, and violent.",76366,gfbygc,https://www.vice.com/en_us/article/4ayg8g/a-broadband-engineer-was-spat-on-by-a-5g-conspiracy-theorist-now-he-has-coronavirus,3923,2020-05-07 14:16:23,,maxwellhill,0.92,/r/worldnews/comments/gfbygc/a_broadband_engineer_was_spat_on_by_a_5g/,t5_2qh13
52,Revealed: Boris Johnson scrapped Cabinet ministers' pandemic team six months before coronavirus hit Britain,76202,h85ctp,https://www.dailymail.co.uk/news/article-8416075/Boris-Johnson-scrapped-Cabinet-Ministers-pandemic-team-six-months-coronavirus-hit-Britain.html,2201,2020-06-13 06:51:44,,Kubrick_Fan,0.9,/r/worldnews/comments/h85ctp/revealed_boris_johnson_scrapped_cabinet_ministers/,t5_2qh13
53,8% of Iran parliament members test positive for coronavirus,76069,fd1n6v,https://www.indiatoday.in/world/story/iran-coronavirus-positive-parliament-members-lawmakers-infected-1652133-2020-03-03,3426,2020-03-03 16:14:42,,DaFunkJunkie,0.95,/r/worldnews/comments/fd1n6v/8_of_iran_parliament_members_test_positive_for/,t5_2qh13
54,France rewards coronavirus frontline immigrant workers with citizenship,75250,kirrqs,https://www.bbc.co.uk/news/world-europe-55423257,1401,2020-12-23 06:56:43,,Oxygen0796,0.9,/r/worldnews/comments/kirrqs/france_rewards_coronavirus_frontline_immigrant/,t5_2qh13
55,"Norway prime minister fined £1,715 for breaking coronavirus rules with birthday party.The police have said that would not have issued a fine in most such cases, but given the fact that prime minister has been at the forefront of the government's work to impose restrictions, they are simply following",75225,mo0vvc,https://www.independent.co.uk/news/world/europe/erna-solberg-pm-covid-fine-b1829013.html?amp,1991,2021-04-10 04:27:58,,sreeker6,0.93,/r/worldnews/comments/mo0vvc/norway_prime_minister_fined_1715_for_breaking/,t5_2qh13
56,"A coronavirus 'super-spreader' in India who refused to self-isolate sparked an outbreak that left 40,000 people in quarantine, officials say",74506,fqhre7,https://www.msn.com/en-ca/news/world/a-coronavirus-super-spreader-in-india-who-refused-to-self-isolate-sparked-an-outbreak-that-left-40000-people-in-quarantine-officials-say/ar-BB11PlVW?li=AAggNb9&ocid=mailsignout,2223,2020-03-28 06:38:37,,aguyfrominternet,0.85,/r/worldnews/comments/fqhre7/a_coronavirus_superspreader_in_india_who_refused/,t5_2qh13
57,Chinese journalist who documented Wuhan coronavirus outbreak jailed for 4 years,74467,klluo8,https://www.cnn.com/2020/12/28/asia/china-journalist-zhang-zhan-intl-hnk/index.html,4393,2020-12-28 02:29:24,,DaFunkJunkie,0.89,/r/worldnews/comments/klluo8/chinese_journalist_who_documented_wuhan/,t5_2qh13
58,Germany hails couch potatoes as heroes of coronavirus pandemic,73484,julssn,https://www.dw.com/en/germany-hails-couch-potatoes-as-heroes-of-coronavirus-pandemic/a-55604506,2264,2020-11-15 08:22:59,,indigo-alien,0.89,/r/worldnews/comments/julssn/germany_hails_couch_potatoes_as_heroes_of/,t5_2qh13
59,"Coronavirus 10 times more deadly than swine flu, says WHO",73327,g0n602,https://www.independent.co.uk/news/health/coronavirus-deaths-cases-latest-swine-flu-who-a9462896.html,5455,2020-04-13 13:13:37,,chrisdh79,0.83,/r/worldnews/comments/g0n602/coronavirus_10_times_more_deadly_than_swine_flu/,t5_2qh13
60,Coronavirus could trigger biggest fall in carbon emissions since World War Two,73307,fu35l5,https://uk.reuters.com/article/uk-health-coronavirus-emissions/coronavirus-could-trigger-biggest-fall-in-carbon-emissions-since-world-war-two-idUKKBN21L0KC?il=0,2669,2020-04-03 02:20:47,,Lolastic_,0.94,/r/worldnews/comments/fu35l5/coronavirus_could_trigger_biggest_fall_in_carbon/,t5_2qh13
61,Coronavirus: France and Germany have announced second national lockdowns,72608,jjutnf,https://news.sky.com/story/coronavirus-germany-to-enter-four-week-lockdown-from-november-chancellor-merkel-confirms-12117056,7545,2020-10-28 15:43:18,,CactusBoyScout,0.9,/r/worldnews/comments/jjutnf/coronavirus_france_and_germany_have_announced/,t5_2qh13
62,Amazon reportedly tried to shut down a virtual event for workers to speak out about the company's coronavirus response by deleting employees' calendar invites,72579,g3opk6,https://www.businessinsider.com/amazon-attempted-shut-down-warehouse-conditions-protest-deleted-calendar-invite-2020-4,2687,2020-04-18 10:51:08,,maxwellhill,0.92,/r/worldnews/comments/g3opk6/amazon_reportedly_tried_to_shut_down_a_virtual/,t5_2qh13
63,Coronavirus patients who refuse to self-isolate face murder charges in Italy,72432,fhf9sy,https://metro.co.uk/2020/03/12/people-coronavirus-italy-refuse-self-isolate-face-murder-charges-12385790/,2718,2020-03-12 08:04:24,,DizzyDrunkDude,0.92,/r/worldnews/comments/fhf9sy/coronavirus_patients_who_refuse_to_selfisolate/,t5_2qh13
64,"The Wuhan coronavirus has hit Xinjiang, where China has imprisoned at least 1 million Uighur Muslims. Its filthy detention camps will make inmates sitting ducks.",72144,evo61x,https://www.businessinsider.com/wuhan-coronavirus-xinjiang-uighur-squalid-detention-camps-2020-1,3430,2020-01-29 10:15:42,,maxwellhill,0.85,/r/worldnews/comments/evo61x/the_wuhan_coronavirus_has_hit_xinjiang_where/,t5_2qh13
65,52 passengers on one flight from Delhi to Hong Kong test positive for coronavirus after landing - despite all presenting a negative test while boarding,70840,mzmeil,https://www.dailymail.co.uk/news/article-9512239/Fifty-two-passengers-one-flight-Delhi-Hong-Kong-test-positive-Covid-19-landing.html,3889,2021-04-27 07:32:49,,ahm713,0.9,/r/worldnews/comments/mzmeil/52_passengers_on_one_flight_from_delhi_to_hong/,t5_2qh13
66,WHO says mutant mink coronavirus outbreak in Denmark is a 'concern',70457,jqh6co,https://www.dailymail.co.uk/news/article-8923787/WHO-says-mutant-mink-coronavirus-outbreak-Denmark-concern.html,3777,2020-11-08 13:55:26,,FearLess_Alpha,0.88,/r/worldnews/comments/jqh6co/who_says_mutant_mink_coronavirus_outbreak_in/,t5_2qh13
67,China hotel collapse: 70 people trapped in building used for coronavirus quarantine,70426,few3fc,https://www.independent.co.uk/news/world/asia/china-hotel-collapse-coronavirus-quarantine-fujian-province-death-latest-a9384546.html,4006,2020-03-07 09:51:52,,Fitz_cuniculus,0.94,/r/worldnews/comments/few3fc/china_hotel_collapse_70_people_trapped_in/,t5_2qh13
68,Hospital staff in Wuhan are wearing adult diapers because they don't have time to pee while caring for an overwhelming number of coronavirus patients,70378,etr8bt,https://www.businessinsider.com/wuhan-hospital-staff-adult-diapers-while-treating-coronavirus-patients-2020-1,2713,2020-01-25 09:12:56,,DaFunkJunkie,0.9,/r/worldnews/comments/etr8bt/hospital_staff_in_wuhan_are_wearing_adult_diapers/,t5_2qh13
69,Brazilian gangsters impose curfew as President Bolsonaro calls coronavirus a ‘little flu’,69431,fpb6b3,https://theprint.in/world/brazilian-gangsters-impose-curfew-as-president-bolsonaro-calls-coronavirus-a-little-flu/387807/,1874,2020-03-26 09:06:37,,vv4life,0.94,/r/worldnews/comments/fpb6b3/brazilian_gangsters_impose_curfew_as_president/,t5_2qh13
70,"More people think UK has handled coronavirus worse than Spain and Italy, poll shows: Only US is judged to have dealt with it worse.",69411,gh0zys,https://www.theguardian.com/politics/2020/may/09/poll-shows-people-think-uk-handled-coronavirus-worse-than-italy-spain,6595,2020-05-10 08:54:46,,Infjuk,0.77,/r/worldnews/comments/gh0zys/more_people_think_uk_has_handled_coronavirus/,t5_2qh13
71,"No CEO or senior staff bonuses, raises, dividend payments or share buybacks allowed for companies using government's coronavirus support schemes",69043,gmnmn9,https://www.bbc.com/news/business-52719997,1786,2020-05-19 08:30:54,,Gingrpenguin,0.95,/r/worldnews/comments/gmnmn9/no_ceo_or_senior_staff_bonuses_raises_dividend/,t5_2qh13
72,"Italy is shutting cinemas, swimming pools and gyms from Monday in a further attempt to curb the rapid rise in coronavirus infections.",68815,jhsnds,https://www.bbc.com/news/world-europe-54682222,3907,2020-10-25 08:35:50,,NinjaDiscoJesus,0.89,/r/worldnews/comments/jhsnds/italy_is_shutting_cinemas_swimming_pools_and_gyms/,t5_2qh13
73,'It is unclear why quality control did not detect this issue': Early CDC coronavirus tests couldn't distinguish between coronavirus and water,68809,flm9b9,https://www.businessinsider.com/early-coronavirus-cdc-tests-distinguish-covid-water-2020-3,3289,2020-03-19 21:37:09,,maxwellhill,0.93,/r/worldnews/comments/flm9b9/it_is_unclear_why_quality_control_did_not_detect/,t5_2qh13
74,A Chinese Citizen Journalist Covering Coronavirus Just Live-Streamed His Own Arrest,68807,fay1yg,https://www.vice.com/en_us/article/qjdejp/a-chinese-citizen-journalist-covering-coronavirus-just-live-streamed-his-own-arrest,2051,2020-02-28 12:17:22,,DaFunkJunkie,0.94,/r/worldnews/comments/fay1yg/a_chinese_citizen_journalist_covering_coronavirus/,t5_2qh13
75,Italy extends coronavirus measures nationwide,68761,fg1kk5,https://www.bbc.co.uk/news/world-europe-51810673,4236,2020-03-09 16:48:20,,Consiliarius,0.95,/r/worldnews/comments/fg1kk5/italy_extends_coronavirus_measures_nationwide/,t5_2qh13
76,"A small town in northern Italy has reportedly stopped all new coronavirus infections as part of a successful experiment that involved blanket testing of the town's entire population of 3,300 people",68674,fkqg41,https://news.sky.com/story/coronavirus-experiment-in-northern-italian-town-halts-all-new-infections-after-trial-11959587,2608,2020-03-18 10:34:21,,green_flash,0.94,/r/worldnews/comments/fkqg41/a_small_town_in_northern_italy_has_reportedly/,t5_2qh13
77,"It's a 'false hope' coronavirus will disappear in the summer like the flu, WHO says",68601,fi0q46,https://www.cnbc.com/2020/03/06/its-a-false-hope-coronavirus-will-disappear-in-the-summer-like-the-flu-who-says.html?recirc=taboolainternal,4161,2020-03-13 10:45:29,,DoremusJessup,0.91,/r/worldnews/comments/fi0q46/its_a_false_hope_coronavirus_will_disappear_in/,t5_2qh13
78,"China threatens product,export boycotts if Australia launches investigation of Beijing's handling of coronavirus",68189,g9ha22,https://thehill.com/policy/international/494860-china-threatens-economic-consequences-if-australia-launches,3950,2020-04-28 01:26:59,,azatoth12,0.94,/r/worldnews/comments/g9ha22/china_threatens_productexport_boycotts_if/,t5_2qh13
79,10 Wuhan professors signed an open letter demanding freedom of speech protections after a doctor who was punished for warning others about coronavirus died from it,67958,f0vrke,https://www.businessinsider.com/wuhan-professors-china-open-letter-li-wenliang-dies-coronavirus-2020-2,1278,2020-02-08 13:46:19,,DaFunkJunkie,0.95,/r/worldnews/comments/f0vrke/10_wuhan_professors_signed_an_open_letter/,t5_2qh13
80,"Coronavirus: Singapore PM calls for end to US-China blame game, wants to see leadership from Trump administration",67713,frfx18,https://www.scmp.com/news/asia/southeast-asia/article/3077479/coronavirus-singapore-pm-calls-end-us-china-blame-game,4480,2020-03-29 19:39:54,,panopticon_aversion,0.81,/r/worldnews/comments/frfx18/coronavirus_singapore_pm_calls_for_end_to_uschina/,t5_2qh13
81,"A Wuhan doctor who posted information about the new coronavirus on social media that was shared by the late whistle-blower Li Wenliang has broken her silence, saying she was muzzled by Chinese authorities for raising the alarm without their permission at the start of the outbreak.",67574,fgvhoe,https://www.scmp.com/news/china/society/article/3074622/coronavirus-wuhan-doctor-says-officials-muzzled-her-sharing,1770,2020-03-11 07:15:54,,ManiaforBeatles,0.94,/r/worldnews/comments/fgvhoe/a_wuhan_doctor_who_posted_information_about_the/,t5_2qh13
82,Australia records zero new locally acquired daily cases of coronavirus for first time since June,67222,jluqbs,https://www.abc.net.au/news/2020-11-01/coronavirus-australia-live-updates-covid19-latest-mental-health/12836336,3232,2020-10-31 22:07:46,,potatoinmymouth,0.91,/r/worldnews/comments/jluqbs/australia_records_zero_new_locally_acquired_daily/,t5_2qh13
83,Iceland finds that half its citizens with coronavirus have shown no symptoms: The island nation has tested more of its population for COVID-19 than any other country,67135,g0gib4,https://www.marketwatch.com/story/iceland-finds-that-half-its-citizens-with-coronavirus-have-shown-no-symptoms-2020-04-10,1956,2020-04-13 06:37:40,,maxwellhill,0.88,/r/worldnews/comments/g0gib4/iceland_finds_that_half_its_citizens_with/,t5_2qh13
84,"Coronavirus: Liberty doesn't include the right to make others ill, says Mattarella (President of the Italian Republic)",66977,i2uw2k,https://www.ansa.it/english/news/2020/07/31/liberty-doesnt-include-right-to-make-others-ill-mattarella_61ebacc4-cdb5-40f3-8b77-cb6819ef7ff9.html,2901,2020-08-03 06:50:01,,Massimo24ore,0.9,/r/worldnews/comments/i2uw2k/coronavirus_liberty_doesnt_include_the_right_to/,t5_2qh13
85,Air pollution plunges 40% in Europe amid coronavirus lockdown,66991,fq1wkt,https://www.jpost.com/Breaking-News/Air-pollution-plunges-in-European-cities-amid-coronavirus-lockdown-622637,1914,2020-03-27 13:58:51,,New_Diet,0.95,/r/worldnews/comments/fq1wkt/air_pollution_plunges_40_in_europe_amid/,t5_2qh13
86,Taiwan fines coronavirus patient $10000 for 'hiding' illness,66859,eu39q0,https://asia.nikkei.com/Spotlight/Virus-outbreak/Taiwan-fines-coronavirus-patient-10-000-for-hiding-illness,2611,2020-01-26 01:31:41,,vannybros,0.95,/r/worldnews/comments/eu39q0/taiwan_fines_coronavirus_patient_10000_for_hiding/,t5_2qh13
87,Coronavirus: Israeli court rules Palestinian prisoners have no right to social distancing,66742,hxj6d4,https://www.middleeasteye.net/news/coronavirus-israel-supreme-court-palestinians-prisoners-no-rights-social-distancing,6412,2020-07-25 04:07:09,,quaxon,0.87,/r/worldnews/comments/hxj6d4/coronavirus_israeli_court_rules_palestinian/,t5_2qh13
88,"Food market at centre of deadly coronavirus outbreak admits selling live koalas, snakes, rats and wolves",66127,essj4i,https://www.nzherald.co.nz/world/news/article.cfm?c_id=2&objectid=12302979,7608,2020-01-23 07:39:52,,Gareth321,0.95,/r/worldnews/comments/essj4i/food_market_at_centre_of_deadly_coronavirus/,t5_2qh13
89,Coronavirus killing three times more people in the UK than flu and pneumonia combined.,66012,j7a7tn,https://www.independent.co.uk/news/health/coronavirus-deaths-uk-flu-pneumonia-covid-cases-latest-b880887.html,2652,2020-10-08 05:46:56,,NinjaDiscoJesus,0.89,/r/worldnews/comments/j7a7tn/coronavirus_killing_three_times_more_people_in/,t5_2qh13
90,"‘Things happened that we don’t know about’: Emmanuel Macron becomes latest world leader to question China over coronavirus - ‘Given what China is today, let’s not be so naive as to say it’s been much better at handling this’",66017,g2yb3x,https://www.independent.co.uk/news/world/europe/coronavirus-emmanuel-macron-questions-china-outbreak-started-in-lab-a9469846.html,5795,2020-04-17 04:57:05,,YnwaMquc2k19,0.9,/r/worldnews/comments/g2yb3x/things_happened_that_we_dont_know_about_emmanuel/,t5_2qh13
91,Israeli doctor reinfected with coronavirus 3 months after recovering,65874,hu1x3i,https://www.jpost.com/health-science/israeli-doctor-reinfected-with-coronavirus-3-months-after-recovering-635550,2661,2020-07-19 11:06:05,,thewrongun,0.91,/r/worldnews/comments/hu1x3i/israeli_doctor_reinfected_with_coronavirus_3/,t5_2qh13
92,No new coronavirus cases for the first time in New Zealand since lockdown,65406,gd219a,https://www.nzherald.co.nz/nz/news/article.cfm?c_id=1&objectid=12329400,2329,2020-05-03 21:04:06,,Leema1,0.94,/r/worldnews/comments/gd219a/no_new_coronavirus_cases_for_the_first_time_in/,t5_2qh13
93,Coronavirus: Iceland’s mass testing finds half of carriers show no symptoms,65368,fp5ind,https://english.alarabiya.net/en/features/2020/03/25/Coronavirus-Iceland-s-mass-testing-finds-half-of-carriers-show-no-symptoms,4268,2020-03-26 00:52:46,,maxwellhill,0.95,/r/worldnews/comments/fp5ind/coronavirus_icelands_mass_testing_finds_half_of/,t5_2qh13
94,Coronavirus: Irish Prime Minister returns to practising medicine to help during crisis,65315,fvh9oz,https://www.irishtimes.com/news/ireland/irish-news/coronavirus-varadkar-returns-to-practising-medicine-to-help-during-crisis-1.4221463,1939,2020-04-05 13:12:14,,waste_and_pine,0.95,/r/worldnews/comments/fvh9oz/coronavirus_irish_prime_minister_returns_to/,t5_2qh13
95,"If Coronavirus Doesn't Kill Us, Climate Change Will: World Leaders Warn of Environmental Armageddon",65046,j13pks,https://www.ibtimes.sg/if-coronavirus-doesnt-kill-us-climate-change-will-world-leaders-warn-environmental-armageddon-51949,4490,2020-09-27 22:16:33,,nernerfer,0.81,/r/worldnews/comments/j13pks/if_coronavirus_doesnt_kill_us_climate_change_will/,t5_2qh13
96,Some of Mexico's wealthiest residents went to Colorado to ski. They brought home coronavirus,64612,fm69tv,https://www.latimes.com/world-nation/story/2020-03-20/some-of-mexicos-wealthiest-residents-went-to-colorado-to-ski-they-brought-home-coronavirus,3679,2020-03-20 20:43:42,,BlankVerse,0.93,/r/worldnews/comments/fm69tv/some_of_mexicos_wealthiest_residents_went_to/,t5_2qh13
97,"Coronavirus patient in Oman skips quarantine, attends prayers in mosque",63965,ffbqgx,https://www.y-oman.com/2020/03/coronavirus-patient-in-oman-skips-quarantine-attends-prayers-in-mosque/,3583,2020-03-08 08:12:01,,Plus-Staff,0.93,/r/worldnews/comments/ffbqgx/coronavirus_patient_in_oman_skips_quarantine/,t5_2qh13
98,"France will block firms registered in offshore tax havens from claiming aid from government coronavirus bailout, following similar moves by Denmark and Poland...companies either registered, or controlling subsidiaries, in tax havens ineligible for 110 billion euros ($108 billion) rescue package.",63789,g6kais,https://www.businessinsider.com/france-coronavirus-bailout-tax-haven-registered-subsidies-ineligible-020-4,1594,2020-04-23 06:29:54,,madazzahatter,0.95,/r/worldnews/comments/g6kais/france_will_block_firms_registered_in_offshore/,t5_2qh13
99,French president Emmanuel Macron tests positive for coronavirus,63767,keueiy,http://news.sky.com/story/covid-19-french-president-emmanuel-macron-tests-positive-for-coronavirus-12165240,2776,2020-12-17 04:36:23,,DeadlyCanister,0.91,/r/worldnews/comments/keueiy/french_president_emmanuel_macron_tests_positive/,t5_2qh13
100,"Thailand 'cures' coronavirus with anti-HIV drug cocktail in 48 hours...The doctors combined the anti-flu drug oseltamivir with lopinavir and ritonavir, anti-virals used to treat HIV",63514,extdrc,https://www.dailysabah.com/health/2020/02/02/thailand-cures-coronavirus-with-anti-hiv-drug-cocktail-in-48-hours,2258,2020-02-02 14:12:57,,Willybud,0.93,/r/worldnews/comments/extdrc/thailand_cures_coronavirus_with_antihiv_drug/,t5_2qh13
101,Health minister tests positive for coronavirus,63178,fgmjfo,https://www.bbc.co.uk/news/amp/uk-51827356?__twitter_impression=true,2674,2020-03-10 18:35:35,,Austin63867,0.94,/r/worldnews/comments/fgmjfo/health_minister_tests_positive_for_coronavirus/,t5_2qh13
102,Belarus president refuses to cancel anything - and says vodka and saunas will ward off coronavirus,63089,frbbdl,http://news.sky.com/story/coronavirus-belarus-president-refuses-to-cancel-anything-and-says-vodka-and-saunas-will-ward-off-coronavirus-11965396,2929,2020-03-29 15:10:39,,BurbonBodega,0.95,/r/worldnews/comments/frbbdl/belarus_president_refuses_to_cancel_anything_and/,t5_2qh13
103,"Doctors in Russia are accusing the government of covering up its coronavirus outbreak, and denying them protective equipment",61644,fm0wa7,https://www.businessinsider.com/coronavirus-russia-doctors-say-government-is-covering-up-cases-2020-3,2079,2020-03-20 15:18:20,,jigsawmap,0.95,/r/worldnews/comments/fm0wa7/doctors_in_russia_are_accusing_the_government_of/,t5_2qh13
104,"Coronavirus has infected maximum of 10% of world population, WHO expert warns",61525,j5jnzc,https://www.independent.co.uk/news/world/coronavirus-cases-world-10-cent-deaths-covid-latest-who-b806299.html,3901,2020-10-05 09:45:36,,ScorchedMagic,0.92,/r/worldnews/comments/j5jnzc/coronavirus_has_infected_maximum_of_10_of_world/,t5_2qh13
105,"A British company behind a 10-minute coronavirus antibody test, which will cost about a $1, has begun sending prototypes to laboratories for validation",61412,fppga1,https://uk.reuters.com/article/uk-health-coronavirus-britain-antibody/cheap-antibody-test-sent-for-validation-in-coronavirus-fight-idUKKBN21D1W9,2214,2020-03-26 23:02:14,,mepper,0.96,/r/worldnews/comments/fppga1/a_british_company_behind_a_10minute_coronavirus/,t5_2qh13
106,Boris declares war on fat: PM ditches his 'nanny state' worries and demands action plan to tackle Britain's obesity crisis after blaming his severe bout of coronavirus on being overweight,61118,gk8ubb,https://www.dailymail.co.uk/news/article-8321793/Boris-declares-war-fat-PM-ditches-nanny-state-worries-demands-action.html#comments-8321793,4660,2020-05-15 09:10:42,,Oriachim,0.92,/r/worldnews/comments/gk8ubb/boris_declares_war_on_fat_pm_ditches_his_nanny/,t5_2qh13
107,"Wuhan, endless queues for ashes of coronavirus dead cast doubts on numbers",60856,fqbdup,"http://www.asianews.it/news-en/Wuhan,-endless-queues-for-ashes-of-coronavirus-dead-cast-doubts-on-numbers-49673.html",5319,2020-03-27 22:18:44,,ChiMinhToi,0.91,/r/worldnews/comments/fqbdup/wuhan_endless_queues_for_ashes_of_coronavirus/,t5_2qh13
108,Italy flattens curve as daily rise in coronavirus cases hits lowest rate,60663,fs62fp,https://www.newsweek.com/italy-flattens-curve-daily-rise-coronavirus-cases-falls-lowest-rate-1495086,2483,2020-03-31 00:05:47,,maxwellhill,0.94,/r/worldnews/comments/fs62fp/italy_flattens_curve_as_daily_rise_in_coronavirus/,t5_2qh13
109,"Governments should not use taxpayer cash to rescue fossil fuel companies and carbon-intensive industries, but should devote economic rescue packages for the coronavirus crisis to businesses that cut greenhouse gas emissions and create green jobs, the UN secretary general has urged",60614,gabtk4,https://www.theguardian.com/environment/2020/apr/28/un-chief-dont-use-taxpayer-money-to-save-polluting-industries,2027,2020-04-29 11:42:20,,maxwellhill,0.84,/r/worldnews/comments/gabtk4/governments_should_not_use_taxpayer_cash_to/,t5_2qh13
110,Doctor dies in Wuhan as coronavirus death toll rises to 41,60592,etm2t3,https://www.scmp.com/news/china/society/article/3047631/china-coronavirus-death-toll-rises-41-over-1000-cases-infection,3966,2020-01-24 23:24:59,,JerryWizard,0.94,/r/worldnews/comments/etm2t3/doctor_dies_in_wuhan_as_coronavirus_death_toll/,t5_2qh13
111,"Coronavirus: Ban wildlife markets to prevent future pandemics, says UN biodiversity chief - ‘The message we are getting is if we don’t take care of nature, it will take care of us,’ Elizabeth Maruma Mrema says",60596,fvwrbc,https://www.independent.co.uk/news/health/coronavirus-animal-markets-wildlife-china-wuhan-un-ban-a9448941.html,3203,2020-04-06 06:59:38,,ManiaforBeatles,0.92,/r/worldnews/comments/fvwrbc/coronavirus_ban_wildlife_markets_to_prevent/,t5_2qh13
112,"Coronavirus: Chile’s elite scolded for escaping by helicopter for Easter holiday amid outbreak - Interior minister says citizens have ‘moral duty’ to stay home, as wealthy Santiago residents sneak off to coastal enclaves",60289,fyecqx,https://www.scmp.com/news/world/americas/article/3079316/coronavirus-chiles-elite-scolded-escaping-helicopter-easter,2286,2020-04-10 07:36:37,,ManiaforBeatles,0.92,/r/worldnews/comments/fyecqx/coronavirus_chiles_elite_scolded_for_escaping_by/,t5_2qh13
113,"""Shoot them dead"": Philippine President Rodrigo Duterte orders police and military to kill citizens who defy coronavirus lockdown",60122,ftx5kg,https://www.cbsnews.com/news/rodrigo-duterte-philippines-president-coronavirus-lockdown-shoot-people-dead/,3364,2020-04-02 19:34:14,,boomerpro,0.93,/r/worldnews/comments/ftx5kg/shoot_them_dead_philippine_president_rodrigo/,t5_2qh13
114,Scientists in the Netherlands have taught bees to smell the coronavirus. They can identify a case within seconds. It could be a low-tech solution for identifying COVID-19 cases.,60046,n78af9,https://www.businessinsider.in/science/news/scientists-have-taught-bees-how-to-smell-when-youre-infected-with-the-coronavirus/articleshow/82437607.cms,1944,2021-05-07 16:35:13,,MistWeaver80,0.91,/r/worldnews/comments/n78af9/scientists_in_the_netherlands_have_taught_bees_to/,t5_2qh13
115,The UK rejects Trump's offer to help with Boris Johnson's coronavirus treatment,59073,fwj9pn,https://www.businessinsider.com/uk-rejects-donald-trump-offer-help-boris-johnson-coronavirus-treatment-2020-4?r=US&IR=T,4820,2020-04-07 07:58:31,,rromano125,0.84,/r/worldnews/comments/fwj9pn/the_uk_rejects_trumps_offer_to_help_with_boris/,t5_2qh13
116,French President Emmanuel Macron has announced that people must stay indoors from 21:00 to 06:00 in Paris and eight other cities to control the rapid spread of coronavirus in the country.,58670,jb79g8,https://www.bbc.com/news/world-europe-54535358,3754,2020-10-14 15:09:26,,NinjaDiscoJesus,0.89,/r/worldnews/comments/jb79g8/french_president_emmanuel_macron_has_announced/,t5_2qh13
117,"Face shields did not protect people from the coronavirus in an outbreak in Switzerland, but masks did, health officials say",58177,hw3vsj,https://www.yahoo.com/news/face-shields-did-not-protect-150500925.html,1936,2020-07-22 18:41:48,,adinaespinoza,0.93,/r/worldnews/comments/hw3vsj/face_shields_did_not_protect_people_from_the/,t5_2qh13
118,Anger as Japanese Prime Minister offers two cloth masks per family while refusing to declare coronavirus emergency,57978,ftodx1,https://edition.cnn.com/2020/04/02/asia/japan-coronavirus-shinzo-abe-masks-hnk-intl/index.html,2093,2020-04-02 11:33:39,,XVll-L,0.94,/r/worldnews/comments/ftodx1/anger_as_japanese_prime_minister_offers_two_cloth/,t5_2qh13
119,"While coronavirus spread in the U.S., an Indian slum with 1 million residents contained it",57553,hh414m,https://www.latimes.com/world-nation/story/2020-06-24/dharavi-slum-in-mumbai-india-contained-covid-19,3128,2020-06-27 19:29:16,,BearsNecessity,0.87,/r/worldnews/comments/hh414m/while_coronavirus_spread_in_the_us_an_indian_slum/,t5_2qh13
120,"More Than 1,000 French Sailors Test Positive For Coronavirus—On A Single Ship",57470,g3w5rd,https://www.forbes.com/sites/carlieporterfield/2020/04/18/more-than-1000-french-sailors-test-positive-for-coronavirus-on-a-single-ship/#51b74ddd3732,1703,2020-04-18 18:12:32,,roku44,0.95,/r/worldnews/comments/g3w5rd/more_than_1000_french_sailors_test_positive_for/,t5_2qh13
121,"Boris Johnson plans to resign in 6 months because of lingering coronavirus health problems, according to Dominic Cummings father-in-law",56998,ig9stf,https://www.businessinsider.com/dominic-cummings-father-in-law-boris-johnson-will-resign-february-2020-8,2032,2020-08-25 06:50:58,,DaFunkJunkie,0.75,/r/worldnews/comments/ig9stf/boris_johnson_plans_to_resign_in_6_months_because/,t5_2qh13
122,"Testing failures and refusal to use World Health Organization tests allowed coronavirus to sweep the U.S., experts say",56870,ferkpc,https://www.politico.com/news/2020/03/06/coronavirus-testing-failure-123166?=,5235,2020-03-07 01:52:08,,stackofblin,0.88,/r/worldnews/comments/ferkpc/testing_failures_and_refusal_to_use_world_health/,t5_2qh13
123,WHO reports largest single-day increase in coronavirus cases,56594,hdfc96,https://apnews.com/144ec47b53e8637a8b7c232e64a44e01?utm_campaign=SocialFlow&utm_medium=AP&utm_source=Twitter,3973,2020-06-21 17:51:03,,Austin63867,0.92,/r/worldnews/comments/hdfc96/who_reports_largest_singleday_increase_in/,t5_2qh13
124,Apple is reportedly rejecting all coronavirus-related apps unless they come from health organizations in an attempt to prevent the spread of misinformation,56140,fefjj2,https://www.businessinsider.com/coronavirus-apple-coronavirus-apps-health-organizations-who-cdc-misinformation-2020-3,882,2020-03-06 11:03:31,,maxwellhill,0.94,/r/worldnews/comments/fefjj2/apple_is_reportedly_rejecting_all/,t5_2qh13
125,Boris Johnson confronted over claim no country has working coronavirus app - after 12m downloads in Germany,55862,hf1a0z,https://www.independent.co.uk/news/uk/politics/boris-johnson-coronavirus-app-nhs-keir-starmer-pmqs-a9583051.html,1945,2020-06-24 09:45:31,,inspiration_capsule,0.9,/r/worldnews/comments/hf1a0z/boris_johnson_confronted_over_claim_no_country/,t5_2qh13
126,"COVID-19: New coronavirus strain spreading faster than previous variant, UK government scientists warn ministers",55730,kg43pr,https://news.sky.com/story/covid-19-new-coronavirus-strain-spreading-faster-than-previous-variant-government-scientists-warn-ministers-12166858,4739,2020-12-19 03:22:15,,ahm713,0.87,/r/worldnews/comments/kg43pr/covid19_new_coronavirus_strain_spreading_faster/,t5_2qh13
127,Britons want quality of life indicators to take priority over economy. Polls finds majority would like ministers to prioritise health and wellbeing over GDP during coronavirus crisis.,55292,ghd3ku,https://www.theguardian.com/society/2020/may/10/britons-want-quality-of-life-indicators-priority-over-economy-coronavirus,2308,2020-05-10 20:26:53,,poleco1,0.9,/r/worldnews/comments/ghd3ku/britons_want_quality_of_life_indicators_to_take/,t5_2qh13
128,"Trump, in a new video, says he will ‘make China pay’ for coronavirus pandemic",55254,j72hrd,https://www.scmp.com/news/china/article/3104611/donald-trump-new-video-vows-make-china-pay-coronavirus-pandemic,6580,2020-10-07 20:02:54,,redwhiterosemoon,0.88,/r/worldnews/comments/j72hrd/trump_in_a_new_video_says_he_will_make_china_pay/,t5_2qh13
129,"Roughly 30 nurses in Edmonton have refused to swab patients for the coronavirus because Alberta Health Services (AHS) won't provide N95 masks, their union says. ""They believe that when they request one, they should be provided one from the employer without question.""",55243,fn4i6p,https://www.cbc.ca/news/canada/edmonton/edmonton-nurses-masks-covid19-swabs-exposure-1.5505406?,2552,2020-03-22 14:32:09,,ManiaforBeatles,0.95,/r/worldnews/comments/fn4i6p/roughly_30_nurses_in_edmonton_have_refused_to/,t5_2qh13
130,"Coronavirus will bankrupt nearly all the world's airlines in a matter of weeks, aviation experts say.",55230,fju245,https://www.dailymail.co.uk/news/article-8116147/Coronavirus-bankrupt-nearly-worlds-airlines-matter-WEEKS-aviation-experts-say.html,5873,2020-03-16 18:44:30,,1160,0.91,/r/worldnews/comments/fju245/coronavirus_will_bankrupt_nearly_all_the_worlds/,t5_2qh13
131,Japan and Germany confirm patients who caught coronavirus did not visit China,55094,ev6zmb,https://www.independent.co.uk/news/world/asia/coronavirus-china-japan-latest-outbreak-bus-driver-wuhan-death-toll-a9305406.html,3350,2020-01-28 10:26:28,,archimedies,0.94,/r/worldnews/comments/ev6zmb/japan_and_germany_confirm_patients_who_caught/,t5_2qh13
132,Coronavirus vaccine costs to be covered by Canadian government,54862,kattvi,http://globalnews.ca/news/7514966/coronavirus-canada-vaccine-rollout-trudeau/,3082,2020-12-10 21:37:13,,jsakic99,0.9,/r/worldnews/comments/kattvi/coronavirus_vaccine_costs_to_be_covered_by/,t5_2qh13
133,Trump claims vaccine is 'very close' amid coronavirus outbreak — but White House says he was talking about Ebola,54462,f9mksr,https://www.cnbc.com/2020/02/25/white-house-says-trumps-vaccine-claims-about-ebola-not-coronavirus.html,2868,2020-02-25 22:07:37,,NumerousYesterday3,0.84,/r/worldnews/comments/f9mksr/trump_claims_vaccine_is_very_close_amid/,t5_2qh13
134,Chinese Authorities Admit Improper Response To Coronavirus Whistleblower,54076,flcakd,https://www.npr.org/sections/coronavirus-live-updates/2020/03/19/818295972/chinese-authorities-admit-improper-response-to-coronavirus-whistleblower?utm_medium=RSS&utm_campaign=nprblogscoronavirusliveupdates,2592,2020-03-19 11:54:16,,guanaco55,0.94,/r/worldnews/comments/flcakd/chinese_authorities_admit_improper_response_to/,t5_2qh13
135,"World leaders pledge to fight coronavirus, but the U.S. and Russia skips the meeting",53390,gdllkj,https://www.politico.com/news/2020/05/04/world-leaders-pledge-to-fight-coronavirus-234352,2669,2020-05-04 18:26:26,,diadectes,0.87,/r/worldnews/comments/gdllkj/world_leaders_pledge_to_fight_coronavirus_but_the/,t5_2qh13
136,"Moderna coronavirus vaccine is 94% effective, early data suggests - but UK has ordered no doses",53260,jv5mgx,https://www.independent.co.uk/news/health/moderna-coronavirus-vaccine-fridge-temperature-trial-b1723591.html,2414,2020-11-16 07:01:42,,Pessimist2020,0.83,/r/worldnews/comments/jv5mgx/moderna_coronavirus_vaccine_is_94_effective_early/,t5_2qh13
137,"Coronavirus outbreak causes decline in China greenhouse gas emissions. Experts say greenhouse gas emissions in China, the world’s largest current contributor to climate change, are down 25 per cent",53176,ff2wfp,https://www.independent.co.uk/environment/coronavirus-china-greenhouse-gas-emissions-climate-change-a9384346.html,1977,2020-03-07 17:40:07,,DaFunkJunkie,0.94,/r/worldnews/comments/ff2wfp/coronavirus_outbreak_causes_decline_in_china/,t5_2qh13
138,Coronavirus: Woman infects 71 people after one lift trip,52727,hqenjh,https://www.independent.co.uk/news/world/asia/coronavirus-super-spreader-woman-lift-infections-china-heilongjiang-a9615886.html,2075,2020-07-13 08:48:20,,Fanrific,0.84,/r/worldnews/comments/hqenjh/coronavirus_woman_infects_71_people_after_one/,t5_2qh13
139,A woman in Canada tested positive for Coronavirus after traveling to Iran. That has got health officials concerned,52723,f7newo,https://edition.cnn.com/asia/live-news/coronavirus-outbreak-02-22-20-intl-hnk/h_4913829eb72a895966588681c48cf45e,3470,2020-02-21 23:16:41,,tsavs,0.93,/r/worldnews/comments/f7newo/a_woman_in_canada_tested_positive_for_coronavirus/,t5_2qh13
140,"The faster a country required masks, the fewer coronavirus deaths it had: study",52646,he8l3y,https://globalnews.ca/news/7075024/mask-wearing-fewer-coronavirus-deaths/,3039,2020-06-23 01:17:42,,CapitalCourse,0.9,/r/worldnews/comments/he8l3y/the_faster_a_country_required_masks_the_fewer/,t5_2qh13
141,J.K. Rowling grants open license for teachers reading 'Harry Potter' online during coronavirus pandemic,52477,fmgkuc,https://thehill.com/blogs/blog-briefing-room/news/488794-jk-rowling-grants-open-license-for-teachers-reading-harry,2020,2020-03-21 11:23:16,,grepnork,0.83,/r/worldnews/comments/fmgkuc/jk_rowling_grants_open_license_for_teachers/,t5_2qh13
142,"A Japanese woman running a sex worker-dispatching business sued the state on Wednesday, saying its blanket exclusion of the sex industry from a cash handout program to support small companies hit by the coronavirus is discrimination banned under the Constitution.",52264,iz17zy,https://japantoday.com/category/national/Japanese-sex-business-operator-sues-state-over-virus-cash-handout-snub,1937,2020-09-24 13:07:06,,ManiaforBeatles,0.92,/r/worldnews/comments/iz17zy/a_japanese_woman_running_a_sex_workerdispatching/,t5_2qh13
143,"Sharp increase in Moscow ""pneumonia"" cases fuels fears over government-reported coronavirus statistics",52234,flwmyp,https://www.reuters.com/article/us-coronavirus-health-russia/sharp-increase-in-moscow-pneumonia-cases-fuels-fears-over-coronavirus-statistics-idUSKBN216305,2125,2020-03-20 11:13:39,,Seek_Adventure,0.96,/r/worldnews/comments/flwmyp/sharp_increase_in_moscow_pneumonia_cases_fuels/,t5_2qh13
144,South Korea reports more recoveries than coronavirus cases for the first time,52008,fhtej7,https://www.reuters.com/article/us-health-coronavirus-southkorea/south-korea-reports-more-recoveries-than-coronavirus-cases-for-the-first-time-idUSKBN210051,1837,2020-03-12 23:36:30,,geoxol,0.96,/r/worldnews/comments/fhtej7/south_korea_reports_more_recoveries_than/,t5_2qh13
145,France finds first case of new coronavirus variant,51562,kk7wtp,https://www.bbc.co.uk/news/world-europe-55449528,2422,2020-12-25 18:11:21,,Red_Brummy,0.88,/r/worldnews/comments/kk7wtp/france_finds_first_case_of_new_coronavirus_variant/,t5_2qh13
146,Tokyo Olympics to be cancelled for coronavirus: report,51443,l2b2nq,https://www.smh.com.au/world/asia/japan-govt-has-privately-concluded-tokyo-olympics-will-have-to-be-cancelled-because-of-coronavirus-the-times-citing-senior-ruling-coalition-member-20210122-p56w3i.html,2186,2021-01-21 18:50:56,,pr0p3llerh43d,0.86,/r/worldnews/comments/l2b2nq/tokyo_olympics_to_be_cancelled_for_coronavirus/,t5_2qh13
147,"Coronavirus has fuelled authoritarian trends around the world, warns Australia",51192,ilffie,https://www.theguardian.com/australia-news/2020/sep/02/coronavirus-has-fuelled-authoritarian-trends-around-the-world-australias-dfat-warns,3324,2020-09-02 16:55:48,,denton_paul,0.92,/r/worldnews/comments/ilffie/coronavirus_has_fuelled_authoritarian_trends/,t5_2qh13
148,"Coronavirus deaths are so high in Italy that some places have waiting list for burials, and funerals are taking place with no family members there",50530,fk8its,https://www.businessinsider.sg/coronavirus-waiting-list-for-funerals-in-italy-coffins-pile-up-2020-3,3083,2020-03-17 12:48:24,,Frocharocha,0.93,/r/worldnews/comments/fk8its/coronavirus_deaths_are_so_high_in_italy_that_some/,t5_2qh13
149,Red Cross: Global warming bigger threat than coronavirus,50486,jw74co,https://www.aljazeera.com/news/2020/11/17/climate-change-bigger-threat-than-covid-red-cross,2303,2020-11-17 21:16:55,,Shadoze_,0.86,/r/worldnews/comments/jw74co/red_cross_global_warming_bigger_threat_than/,t5_2qh13
150,"Over 100 Coronavirus Cases in South Korea Have Now Been Linked to One Guy’s Night Out Clubbing - on May 1, a 29-year-old man visited five bars and clubs in Itaewon, one of Seoul’s most popular nightlife districts.",49381,gi9gvj,https://www.vice.com/en_us/article/ep44dp/over-100-coronavirus-cases-in-south-korea-have-now-been-linked-to-one-guys-night-out-clubbing,2184,2020-05-12 07:31:34,,discofox57,0.95,/r/worldnews/comments/gi9gvj/over_100_coronavirus_cases_in_south_korea_have/,t5_2qh13
151,Italy coronavirus death toll soars by 133 in a day,49161,fffxpu,https://www.bbc.com/news/world-europe-51793619,3650,2020-03-08 13:40:14,,batsoupchef,0.93,/r/worldnews/comments/fffxpu/italy_coronavirus_death_toll_soars_by_133_in_a_day/,t5_2qh13
152,Trump official claims China ‘deliberately’ sent coronavirus to US as cases soar across country,49131,hkzj7h,https://www.independent.co.uk/news/world/americas/trump-china-peter-navarro-coronavirus-latest-a9601081.html,3974,2020-07-04 03:41:19,,BearsNecessity,0.89,/r/worldnews/comments/hkzj7h/trump_official_claims_china_deliberately_sent/,t5_2qh13
153,"Russia-linked disinformation campaign fueling coronavirus alarm, US says",49121,f7t4bz,https://news.yahoo.com/russia-linked-disinformation-campaign-fueling-coronavirus-alarm-us-134401587.html,2504,2020-02-22 09:21:52,,CDAATX,0.86,/r/worldnews/comments/f7t4bz/russialinked_disinformation_campaign_fueling/,t5_2qh13
154,Belgians urged to eat frites twice a week to deplete coronavirus potato mountain,48771,g8q5ck,https://www.telegraph.co.uk/news/2020/04/24/belgians-urged-eat-frites-twice-week-deplete-coronavirus-potato/,2281,2020-04-26 20:35:42,,poleco1,0.95,/r/worldnews/comments/g8q5ck/belgians_urged_to_eat_frites_twice_a_week_to/,t5_2qh13
155,Biden administration to buy 500 million Pfizer coronavirus vaccine doses to donate to the world,48285,nw1pps,https://www.washingtonpost.com/politics/biden-vaccine-donate/2021/06/09/c2744674-c934-11eb-93fa-9053a95eb9f2_story.html,3897,2021-06-09 13:43:31,,Dooraven,0.81,/r/worldnews/comments/nw1pps/biden_administration_to_buy_500_million_pfizer/,t5_2qh13
156,"Pope Francis: Humans Have Sinned Against The Earth By Exploiting Its Resources. On Earth Day during the coronavirus pandemic, the pope reminded his flock that humanity has no future if the environment is destroyed.",48280,g66x1m,https://www.huffpost.com/entry/pope-francis-earth-day-2020_n_5ea05e31c5b69150246bf395,1733,2020-04-22 14:50:30,,maxwellhill,0.88,/r/worldnews/comments/g66x1m/pope_francis_humans_have_sinned_against_the_earth/,t5_2qh13
157,Sweden has admitted its coronavirus immunity predictions were wrong as cases soar across the country,48180,jto1us,https://www.businessinsider.com/sweden-herd-immunity-second-wave-coronavirus-cases-hospitalisations-surge-2020-11,3567,2020-11-13 15:44:56,,notpreposterous,0.89,/r/worldnews/comments/jto1us/sweden_has_admitted_its_coronavirus_immunity/,t5_2qh13
158,Coronavirus: Trump declares national emergency in US over COVID-19,48159,fi5cr4,http://news.sky.com/story/coronavirus-trump-declares-national-emergency-in-us-over-covid-19-11957300,5639,2020-03-13 15:33:48,,randomcommenterhehe,0.93,/r/worldnews/comments/fi5cr4/coronavirus_trump_declares_national_emergency_in/,t5_2qh13
159,Two cruise ships hit by coronavirus weeks after industry restarts,47948,i2sehu,https://www.theguardian.com/world/2020/aug/03/two-cruise-ships-hit-by-coronavirus-weeks-after-industry-restarts,2501,2020-08-03 02:59:32,,MindsEye_,0.95,/r/worldnews/comments/i2sehu/two_cruise_ships_hit_by_coronavirus_weeks_after/,t5_2qh13
160,"In just 24 hours, Brazil sets a grim new record with almost 35,000 new coronavirus cases",47819,hamdfv,https://www.sbs.com.au/news/in-just-24-hours-brazil-sets-a-grim-new-record-with-almost-35-000-new-coronavirus-cases,2051,2020-06-17 03:13:40,,bustead,0.95,/r/worldnews/comments/hamdfv/in_just_24_hours_brazil_sets_a_grim_new_record/,t5_2qh13
161,‘It is unacceptable’: Man with coronavirus skips self-isolation to go to work at major hotel and visit nightclub. Tasmanian government considering tougher rules for self-isolation after ‘irresponsible’ actions,47099,ffebea,https://www.independent.co.uk/news/world/australasia/coronavirus-self-isolation-outbreak-australia-tasmania-hotel-hobart-mark-veitch-a9385196.html,2683,2020-03-08 11:49:31,,DaFunkJunkie,0.95,/r/worldnews/comments/ffebea/it_is_unacceptable_man_with_coronavirus_skips/,t5_2qh13
162,"India’s prime minister Modi has suffered a rare political defeat in a key state election in West Bengal, amid signs of a voter backlash over his handling of the coronavirus disaster",46875,n36m01,https://www.theguardian.com/world/2021/may/02/narendra-modi-loses-key-state-election-west-bengal-covid-grips-india,1279,2021-05-02 09:40:50,,green_flash,0.89,/r/worldnews/comments/n36m01/indias_prime_minister_modi_has_suffered_a_rare/,t5_2qh13
163,"Spain is to set up a registry of people who refuse to be vaccinated against coronavirus and share it with other European Union nations, the health minister has said. The list would not be made accessible to the public or to employers.",46604,km9y2j,https://www.bbc.com/news/amp/world-europe-55471282?__twitter_impression=true,4000,2020-12-29 02:48:22,,MistWeaver80,0.86,/r/worldnews/comments/km9y2j/spain_is_to_set_up_a_registry_of_people_who/,t5_2qh13
164,Trump reportedly 'furious' that Germany's Angela Merkel turned down his G7 Summit invitation over coronavirus concerns,46176,gt7but,https://www.businessinsider.com/angela-merkel-rebuffs-trumps-g7-summit-invitation-due-to-coronavirus-2020-5,2826,2020-05-29 23:33:58,,DaFunkJunkie,0.89,/r/worldnews/comments/gt7but/trump_reportedly_furious_that_germanys_angela/,t5_2qh13
165,German Chancellor Angela Merkel tests negative for coronavirus,46050,fnmelr,https://www.aljazeera.com/news/2020/03/top-merkel-aide-optimistic-chancellor-coronavirus-200323091446890.html,1343,2020-03-23 12:03:32,,wilmots1,0.91,/r/worldnews/comments/fnmelr/german_chancellor_angela_merkel_tests_negative/,t5_2qh13
166,Japan: Man infected with coronavirus goes to bars ‘to spread’ it,46027,femg1q,https://www.tokyoreporter.com/japan/aichi-man-infected-with-coronavirus-goes-to-bars-to-spread-it/,3237,2020-03-06 18:37:01,,thetokyoreporter,0.94,/r/worldnews/comments/femg1q/japan_man_infected_with_coronavirus_goes_to_bars/,t5_2qh13
167,Gay men in South Korea are being hunted on dating apps after ‘palpable homophobia’ grows amid coronavirus resurgence,45789,gicznj,https://www.pinknews.co.uk/2020/05/11/south-korea-coronavirus-second-wave-gay-dating-doxxing-homophobia-itaewon/,2704,2020-05-12 11:09:19,,maxwellhill,0.9,/r/worldnews/comments/gicznj/gay_men_in_south_korea_are_being_hunted_on_dating/,t5_2qh13
168,"Prince William ‘Struggled to Breathe,’ as He Secretly Battled Coronavirus",45677,jmcx28,https://www.thedailybeast.com/prince-william-struggled-to-breathe-as-he-secretly-battled-coronavirus,1620,2020-11-01 18:53:58,,Pessimist2020,0.86,/r/worldnews/comments/jmcx28/prince_william_struggled_to_breathe_as_he/,t5_2qh13
169,Airlines are burning thousands of gallons of jet fuel flying empty 'ghost' planes so they can keep their flight slots during the coronavirus outbreak,45632,fed009,https://www.businessinsider.com/coronavirus-airlines-run-empty-ghost-flights-planes-passengers-outbreak-covid-2020-3?r=US&IR=T,2259,2020-03-06 07:49:03,,rromano125,0.9,/r/worldnews/comments/fed009/airlines_are_burning_thousands_of_gallons_of_jet/,t5_2qh13
170,Sex traffickers left thousands of women to starve during Italy lockdown - Gangs abandoned trafficked Nigerian women without access to food or funds amid coronavirus pandemic,45585,hom4b7,https://www.theguardian.com/global-development/2020/jul/10/sex-traffickers-left-thousands-of-women-to-starve-during-italy-lockdown-coronavirus,1851,2020-07-10 05:46:42,,ManiaforBeatles,0.95,/r/worldnews/comments/hom4b7/sex_traffickers_left_thousands_of_women_to_starve/,t5_2qh13
171,"The United States stunned other members of the UN Security Council by preventing a vote on a resolution for a ceasefire in various conflicts around the world to help troubled nations better fight the coronavirus pandemic, diplomats said. Washington's reversal came a day after it agreed to the text",45324,gg84hf,https://www.france24.com/en/20200509-us-reversal-prevents-un-vote-on-pandemic-truce,3462,2020-05-08 23:43:16,,DoremusJessup,0.91,/r/worldnews/comments/gg84hf/the_united_states_stunned_other_members_of_the_un/,t5_2qh13
172,WHO sounds alarm as coronavirus cases rise by one million in five days,45009,hqjeky,https://www.reuters.com/article/us-health-coronavirus-global/who-sounds-alarm-as-coronavirus-cases-rise-by-one-million-in-five-days-idUSKCN24E1US,3585,2020-07-13 13:15:40,,Redromah,0.92,/r/worldnews/comments/hqjeky/who_sounds_alarm_as_coronavirus_cases_rise_by_one/,t5_2qh13
173,Amazon warehouse workers in Germany will strike Monday because of coronavirus infections,44818,hhmvw8,https://www.theverge.com/2020/6/28/21306256/amazon-warehouse-germany-strike-safety-coronavirus,889,2020-06-28 17:30:33,,hildebrand_rarity,0.94,/r/worldnews/comments/hhmvw8/amazon_warehouse_workers_in_germany_will_strike/,t5_2qh13
174,White House falsely claims the coronavirus has been 'contained' in the US,44114,ff8di5,https://edition.cnn.com/2020/03/07/politics/fact-check-white-house-coronavirus-contained/index.html,2876,2020-03-08 00:51:41,,maxwellhill,0.85,/r/worldnews/comments/ff8di5/white_house_falsely_claims_the_coronavirus_has/,t5_2qh13
175,"Lady Gaga has raised $35 million in 7 days for the WHO's global coronavirus response fund, and is spearheading a free virtual global festival on multiple stations including Stevie Wonder, Sir Paul McCartney",43814,fwvmcl,https://www.businessinsider.com/lady-gaga-raising-money-for-who-announces-virtual-concert-april-2020-4?utm_campaign=sf-insider-design&utm_source=facebook.com&utm_medium=social&fbclid=IwAR1BLLDHsC5L6ZwhXaliRBEeaG4zXAZqZ6MCdOz_KIy7eOEJ70euSh13CFI,1605,2020-04-07 19:52:43,,shiskebob,0.89,/r/worldnews/comments/fwvmcl/lady_gaga_has_raised_35_million_in_7_days_for_the/,t5_2qh13
176,Covid-19 coronavirus: UK Prime Minister 'on oxygen' after being hospitalised,43757,fvw4lq,https://www.nzherald.co.nz/world/news/article.cfm?c_id=2&objectid=12322956,4682,2020-04-06 06:05:59,,ahm713,0.82,/r/worldnews/comments/fvw4lq/covid19_coronavirus_uk_prime_minister_on_oxygen/,t5_2qh13
177,"UK Health secretary Matt Hancock is facing a growing backlash over his claim that NHS workers are using too much PPE, with one doctors' leader saying that the failure to provide adequate supplies was a ""shocking indictment"" of the government's response to the coronavirus outbreak.",43418,fz3fb1,https://www.independent.co.uk/news/uk/politics/coronavirus-ppe-nhs-doctors-nurses-deaths-uk-hancock-news-a9460386.html,1301,2020-04-11 07:46:49,,ManiaforBeatles,0.94,/r/worldnews/comments/fz3fb1/uk_health_secretary_matt_hancock_is_facing_a/,t5_2qh13
178,"Number of coronavirus cases in Brazil is 15 times higher than official data, new national research point out. They estimate over 300,000 people are infected and they fear a catastrophe is coming over the next weeks.",43148,g2rm3n,https://www.time24.news/t24/2020/04/number-of-coronavirus-cases-in-brazil-is-15-times-higher-than-official-data-researchers-point-out-national-2.html,2182,2020-04-16 20:43:31,,Frocharocha,0.95,/r/worldnews/comments/g2rm3n/number_of_coronavirus_cases_in_brazil_is_15_times/,t5_2qh13
179,"Right-Wing Responsible For Pushing Coronavirus Disinformation On Twitter Worldwide, New Report Says",43031,g5vlfo,https://www.forbes.com/sites/seanlawson/2020/04/21/right-wing-responsible-for-pushing-coronavirus-disinformation-on-twitter-worldwide-new-report-says/#5fad7b93597f,4607,2020-04-22 01:48:08,,iamnotinterested2,0.74,/r/worldnews/comments/g5vlfo/rightwing_responsible_for_pushing_coronavirus/,t5_2qh13
180,Chinese activist arrested after calling Xi Jinping 'clueless' on coronavirus crisis,43016,f54lf3,https://www.theguardian.com/world/2020/feb/17/chinese-activist-arrested-xi-jinping-clueless-coronavirus-xu-zhiyong,1292,2020-02-17 01:33:28,,cc_hk,0.94,/r/worldnews/comments/f54lf3/chinese_activist_arrested_after_calling_xi/,t5_2qh13
181,Oil plummets 31% in biggest drop since Gulf War as Saudi cuts spark all-out price war. Oil markets tumbled the most in decades overnight on Sunday. The sell-off was fueled by sinking demand due to coronavirus concerns.,42364,ffmbcy,https://www.businessinsider.com/oil-price-crash-market-drop-global-price-war-futures-coronavirus-2020-3,3988,2020-03-08 20:44:51,,DaFunkJunkie,0.95,/r/worldnews/comments/ffmbcy/oil_plummets_31_in_biggest_drop_since_gulf_war_as/,t5_2qh13
182,"Italy will rush 10,000 student doctors into service, scrapping their final exams, in an effort to help the struggling health service cope with the coronavirus onslaught. Some 2,158 people have died of the disease in Italy since the outbreak came to light on Feb. 21",41941,fk53q7,https://mobile.reuters.com/article/amp/idUSKBN214245,1564,2020-03-17 09:18:51,,madam1,0.96,/r/worldnews/comments/fk53q7/italy_will_rush_10000_student_doctors_into/,t5_2qh13
183,China has found the trading sections for meat and seafood in Beijing's wholesale food market to be severely contaminated with the new coronavirus,41662,hbhjsq,https://www.reuters.com/article/us-health-coronavirus-china-seafood-idUSKBN23P20T,2178,2020-06-18 12:08:32,,Reahvenz,0.95,/r/worldnews/comments/hbhjsq/china_has_found_the_trading_sections_for_meat_and/,t5_2qh13
184,"China said Sunday that relations with the United States were ""on the brink of a new Cold War"", fueled in part by tensions over the coronavirus pandemic that has killed nearly 350,000 people worldwide and pitched the global economy into a massive downturn",41425,gpvlyz,https://www.france24.com/en/20200524-china-says-virus-pushing-us-ties-to-brink-of-cold-war,4211,2020-05-24 15:22:24,,DoremusJessup,0.92,/r/worldnews/comments/gpvlyz/china_said_sunday_that_relations_with_the_united/,t5_2qh13
185,Boris Johnson to urge Trump and other G20 leaders to do more to fight coronavirus and climate change,41235,jxz4b6,https://www.independent.co.uk/news/uk/politics/boris-johnson-g20-trump-covid-climate-b1759396.html,1435,2020-11-20 17:35:34,,Pessimist2020,0.89,/r/worldnews/comments/jxz4b6/boris_johnson_to_urge_trump_and_other_g20_leaders/,t5_2qh13
186,Air pollution in China has already bounced back from astounding lows during the country's coronavirus shutdown to monthly levels exceeding those recorded during the same period last year,40998,gmmmej,https://www.cbsnews.com/news/coronavirus-china-lockdown-over-air-pollution-already-spiking-industry-dirty-economic-rebound/?ftag=CNM-00-10aab7e&linkId=88954382,2383,2020-05-19 07:19:55,,Tunlin555,0.95,/r/worldnews/comments/gmmmej/air_pollution_in_china_has_already_bounced_back/,t5_2qh13
187,"Amazon has suspended 6,000 seller accounts globally for coronavirus price gouging",40925,g2hbq2,https://edition.cnn.com/world/live-news/coronavirus-pandemic-intl-04-16-20/h_97006ee186e6965d405e048f93532388,1211,2020-04-16 11:43:16,,maxwellhill,0.94,/r/worldnews/comments/g2hbq2/amazon_has_suspended_6000_seller_accounts/,t5_2qh13
188,"Brazil president still telling people to 'ignore lockdown' despite 6,000 coronavirus deaths and nearly 100,000 infected.",40811,gcvx58,https://www.mirror.co.uk/news/world-news/brazil-president-still-telling-people-21965060,1904,2020-05-03 14:50:53,,Frocharocha,0.92,/r/worldnews/comments/gcvx58/brazil_president_still_telling_people_to_ignore/,t5_2qh13
189,Egyptian authorities have forced a Guardian journalist to leave the country after she reported on a scientific study that said Egypt was likely to have many more coronavirus cases than have been officially confirmed.,40797,fpan21,https://www.theguardian.com/world/2020/mar/26/egypt-forces-guardian-journalist-leave-coronavirus-story-ruth-michaelson,990,2020-03-26 08:26:19,,AssuredlyAThrowAway,0.95,/r/worldnews/comments/fpan21/egyptian_authorities_have_forced_a_guardian/,t5_2qh13
190,Australia to spend $500 million on coronavirus vaccines for Southeast Asian and Pacific neighbours,40776,jtwh6f,https://www.sbs.com.au/news/australia-to-spend-500-million-on-coronavirus-vaccines-for-southeast-asian-and-pacific-neighbours,794,2020-11-14 00:20:30,,Goofyjeff4,0.94,/r/worldnews/comments/jtwh6f/australia_to_spend_500_million_on_coronavirus/,t5_2qh13
191,"Cuban officials say a shipment of coronavirus aid from Asia's richest man, Jack Ma, has been blocked by the six-decade U.S. embargo on the island.",40487,fv064j,https://www.ctvnews.ca/health/coronavirus/cuba-u-s-embargo-blocks-coronavirus-aid-shipment-from-asia-1.4881479,3617,2020-04-04 15:56:16,,fruitspunch-samurai,0.88,/r/worldnews/comments/fv064j/cuban_officials_say_a_shipment_of_coronavirus_aid/,t5_2qh13
192,"Putin critic vows to ‘tell truth’ about COVID-19 crisis in Russia despite threats to life: Leading Russian medical activist and Putin critic has vowed to continue to ""tell the truth"" about the coronavirus crisis in Russia, despite increasing attempts to silence her by the Kremlin.",40150,gc56ei,https://www.express.co.uk/news/world/1276330/vladimir-putin-news-russia-coronavirus-kremlin-moscow-doctors-alliance-vasilyeva-covid-19,1042,2020-05-02 07:49:45,,AngelofDeath2020,0.92,/r/worldnews/comments/gc56ei/putin_critic_vows_to_tell_truth_about_covid19/,t5_2qh13
193,Three years in prison for man who set fire to phone mast after researching 5G coronavirus theories,40107,gz1ujn,https://www.liverpoolecho.co.uk/news/liverpool-news/three-years-prison-man-who-18381653,1599,2020-06-08 11:50:50,,signed7,0.95,/r/worldnews/comments/gz1ujn/three_years_in_prison_for_man_who_set_fire_to/,t5_2qh13
194,Amazon ending 'hero pay' in Canada slashing hourly wages and cutting double overtime pay despite coronavirus outbreaks.,40086,gkt2wq,https://www.thesun.co.uk/news/11636285/amazon-ending-hero-pay-canada-coronavirus-outbreaks/,2457,2020-05-16 07:22:21,,Infjuk,0.91,/r/worldnews/comments/gkt2wq/amazon_ending_hero_pay_in_canada_slashing_hourly/,t5_2qh13
195,"Coronavirus causing collapse in demand for fossil fuels while renewables make major gains, according to major global report",39805,gc7kni,https://www.independent.co.uk/environment/fossil-fuel-decline-coronavirus-iea-report-oil-coal-gas-renewables-climate-change-a9492136.html?utm_medium=Social&utm_source=Facebook#Echobox=1588251267,849,2020-05-02 10:42:56,,maxwellhill,0.93,/r/worldnews/comments/gc7kni/coronavirus_causing_collapse_in_demand_for_fossil/,t5_2qh13
196,Jacinda Ardern says a 4-day workweek could help New Zealand's economy recover from the coronavirus downturn,39302,gn9d0k,https://www.businessinsider.com/new-zealand-jacinda-ardern-four-day-workweek-help-economy-tourism-2020-5,1681,2020-05-20 07:04:05,,DaFunkJunkie,0.93,/r/worldnews/comments/gn9d0k/jacinda_ardern_says_a_4day_workweek_could_help/,t5_2qh13
197,Iceland lab's testing suggests 50% of coronavirus cases have no symptoms,38965,ft0bto,https://edition.cnn.com/2020/04/01/europe/iceland-testing-coronavirus-intl/index.html,1875,2020-04-01 10:01:59,,saurabh24_,0.95,/r/worldnews/comments/ft0bto/iceland_labs_testing_suggests_50_of_coronavirus/,t5_2qh13
198,"90 percent of coronavirus patients experience side effects after recovery, study finds",38949,j2ewyf,https://thehill.com/changing-america/well-being/longevity/518751-90-percent-of-coronavirus-patients-experience-side,2577,2020-09-29 23:55:19,,DieFlavourMouse,0.92,/r/worldnews/comments/j2ewyf/90_percent_of_coronavirus_patients_experience/,t5_2qh13
199,Coronavirus: World Health Organisation boss tells over-60s to avoid crowded areas,38910,fc4p25,https://inews.co.uk/news/health/world-health-organisation-chief-warning-elderly-crowded-places-2005411,2391,2020-03-01 20:54:55,,DaFunkJunkie,0.96,/r/worldnews/comments/fc4p25/coronavirus_world_health_organisation_boss_tells/,t5_2qh13
200,"A baby was just born with coronavirus immunity. The baby’s mother survived a mild case of COVID-19 in March, while she was 10-weeks pregnant. The mother’s SARS-CoV-2 antibodies disappeared, but doctors discovered that the boy was born with circulating antibodies",37766,k3zz0x,https://bgr.com/2020/11/30/coronavirus-immunity-newborn-antibodies-from-mother/,806,2020-11-30 12:07:56,,poleco1,0.9,/r/worldnews/comments/k3zz0x/a_baby_was_just_born_with_coronavirus_immunity/,t5_2qh13
201,New Zealand is down to just one active coronavirus case,37702,gsmc9i,https://www.sbs.com.au/news/new-zealand-is-down-to-just-one-active-coronavirus-case,2317,2020-05-29 00:57:07,,bustead,0.93,/r/worldnews/comments/gsmc9i/new_zealand_is_down_to_just_one_active/,t5_2qh13
202,Brazil now has the second-highest number of coronavirus cases in the world after US,37663,gp2qw5,https://edition.cnn.com/2020/05/22/americas/brazil-coronavirus-cases/index.html,2570,2020-05-23 06:35:25,,pcaversaccio,0.94,/r/worldnews/comments/gp2qw5/brazil_now_has_the_secondhighest_number_of/,t5_2qh13
203,Three NHS nurses who had to wear bin bags for PPE test positive for coronavirus,37570,fxn9ag,https://www.mirror.co.uk/news/uk-news/three-nurses-who-wear-bin-21837238,1700,2020-04-09 02:25:22,,drunkbeetle,0.94,/r/worldnews/comments/fxn9ag/three_nhs_nurses_who_had_to_wear_bin_bags_for_ppe/,t5_2qh13
204,Researchers in Thailand have successfully trained six sniffer Labrador retrievers as part of a six-month pilot project to identify the coronavirus in just two seconds - with an accuracy rate of 94.8%,37473,m7y5re,https://www.iol.co.za/news/south-africa/western-cape/thailand-successfully-trains-dogs-to-sniff-out-covid-19-in-seconds-8795aa02-24eb-5080-aac2-17b01e783a64,645,2021-03-18 15:02:14,,green_flash,0.96,/r/worldnews/comments/m7y5re/researchers_in_thailand_have_successfully_trained/,t5_2qh13
205,Bolsonaro Is Taking Hydroxychloroquine To Treat His Coronavirus,37322,hnn0h6,https://www.forbes.com/sites/carlieporterfield/2020/07/08/bolsonaro-is-taking-hydroxychloroquine-to-treat-his-coronavirus/#4cf5e15c237f,2396,2020-07-08 14:55:39,,swell-shindig,0.93,/r/worldnews/comments/hnn0h6/bolsonaro_is_taking_hydroxychloroquine_to_treat/,t5_2qh13
206,German Chancellor Angela Merkel in quarantine after doctor who gave her a vaccine tests positive for coronavirus,37231,fn3oty,https://apnews.com/046150de70200b0f70a1534458bed939,1897,2020-03-22 13:47:39,,jigsawmap,0.96,/r/worldnews/comments/fn3oty/german_chancellor_angela_merkel_in_quarantine/,t5_2qh13
207,"It takes five days on average for people to start showing the symptoms of coronavirus, scientists have confirmed.",36811,fg2pdg,https://www.bbc.co.uk/news/health-51800707,2017,2020-03-09 17:57:31,,Plus-Staff,0.95,/r/worldnews/comments/fg2pdg/it_takes_five_days_on_average_for_people_to_start/,t5_2qh13
208,Japan joins calls for probe into WHO's coronavirus response: The WHO has been accused by U.S. and allies of turning a blind eye while China withheld information.,36786,gkqxz8,https://www.japantimes.co.jp/news/2020/05/16/national/japan-investigation-who-coronavirus-response-china/#.Xr-fbet4WrU,2119,2020-05-16 03:56:41,,Infjuk,0.93,/r/worldnews/comments/gkqxz8/japan_joins_calls_for_probe_into_whos_coronavirus/,t5_2qh13
209,Bill Gates denies conspiracy theories that say he wants to use coronavirus vaccines to implant tracking devices - 28% of U.S. adults believed a debunked conspiracy theory suggesting Gates planned to use a vaccine to implant microchips in billions of people to monitor their movements,36696,hw1c3h,https://www.cnbc.com/2020/07/22/bill-gates-denies-conspiracy-theories-that-say-he-wants-to-use-coronavirus-vaccines-to-implant-tracking-devices.html,4286,2020-07-22 16:22:13,,337pI,0.91,/r/worldnews/comments/hw1c3h/bill_gates_denies_conspiracy_theories_that_say_he/,t5_2qh13
210,Russia has been accused by the US of spreading conspiracy theories that coronavirus is a biological weapon created by the CIA and now the UK has set up a unit to fight them,36573,fftifz,https://www.businessinsider.com/coronavirus-covid-anti-fake-news-unit-russia-conspiracy-theories-uk-2020-3?r=US&IR=T,2192,2020-03-09 07:54:00,,rromano125,0.91,/r/worldnews/comments/fftifz/russia_has_been_accused_by_the_us_of_spreading/,t5_2qh13
211,"For the first time since covid began, there have been 0 daily deaths due to coronavirus in the UK.",36554,npw46i,https://www.bbc.co.uk/news/uk-57320320,910,2021-06-01 11:05:57,,TheDonOfDons,0.95,/r/worldnews/comments/npw46i/for_the_first_time_since_covid_began_there_have/,t5_2qh13
212,Seagulls 'now eating rats' after closure of cafes and restaurants in Rome during coronavirus lockdown,36513,gh41i6,https://www.standard.co.uk/news/world/seagulls-eat-rats-coronavirus-lockdown-a4430881.html,1581,2020-05-10 12:00:08,,maxwellhill,0.96,/r/worldnews/comments/gh41i6/seagulls_now_eating_rats_after_closure_of_cafes/,t5_2qh13
213,WHO team blocked from entering China to study origins of coronavirus,36517,krfltw,https://www.cnn.com/2021/01/05/china/china-blocks-who-team-coronavirus-intl-hnk/index.html,2091,2021-01-05 22:49:20,,bhodrolok,0.93,/r/worldnews/comments/krfltw/who_team_blocked_from_entering_china_to_study/,t5_2qh13
214,U.N. Secretary-General Says Climate Change Devastation Will Be 'Many Times Greater' Than Coronavirus Pandemic,36372,g5mu24,https://www.newsweek.com/un-secretary-general-says-climate-change-devastation-will-many-times-greater-coronavirus-1499304,1986,2020-04-21 16:20:30,,jigsawmap,0.88,/r/worldnews/comments/g5mu24/un_secretarygeneral_says_climate_change/,t5_2qh13
215,"‘Time has come’ for universal basic income, says Nicola Sturgeon: Coronavirus prompts Scotland’s first minister to make UBI a policy priority.",36145,gdd8pb,https://www.independent.co.uk/news/uk/home-news/universal-basic-income-ubi-scotland-uk-nicola-sturgeon-coronavirus-a9498076.html,2502,2020-05-04 11:06:30,,Infjuk,0.84,/r/worldnews/comments/gdd8pb/time_has_come_for_universal_basic_income_says/,t5_2qh13
216,Coronavirus cases pass 1 million worldwide. Doubling in less than a week.,36133,ftt3gi,https://www.bbc.com/news/world-52144390,2680,2020-04-02 15:47:22,,ArloMio,0.96,/r/worldnews/comments/ftt3gi/coronavirus_cases_pass_1_million_worldwide/,t5_2qh13
217,"Lego is producing 13,000 face visors a day for healthcare workers amid coronavirus pandemic",35967,g15mnl,https://www.usatoday.com/story/money/2020/04/10/coronavirus-lego-producing-13-000-visors-day-healthcare-workers/5135078002/,515,2020-04-14 09:35:20,,glennjersey,0.96,/r/worldnews/comments/g15mnl/lego_is_producing_13000_face_visors_a_day_for/,t5_2qh13
218,"Justin Trudeau says he might skip USMCA summit with Donald Trump, citing coronavirus and US tariff threat",35627,hks5cw,https://www.scmp.com/news/world/united-states-canada/article/3091805/justin-trudeau-says-he-might-skip-usmca-summit,1502,2020-07-03 18:17:32,,Balls_of_Adamanthium,0.92,/r/worldnews/comments/hks5cw/justin_trudeau_says_he_might_skip_usmca_summit/,t5_2qh13
219,Boris Johnson has insisted schools are safe to re-open next month just hours after the Children’s Commissioner called for routine coronavirus testing for pupils and teachers.,35622,i72aw3,https://www.independent.co.uk/news/uk/politics/coronavirus-boris-johnson-schools-reopening-testing-covid-19-update-a9662716.html,1539,2020-08-10 06:24:56,,madazzahatter,0.92,/r/worldnews/comments/i72aw3/boris_johnson_has_insisted_schools_are_safe_to/,t5_2qh13
220,Sweden's king on coronavirus strategy: 'We have failed',35100,keylbu,https://thehill.com/policy/international/530628-swedens-king-on-coronavirus-strategy-we-have-failed,3646,2020-12-17 09:39:21,,Ganrokh,0.9,/r/worldnews/comments/keylbu/swedens_king_on_coronavirus_strategy_we_have/,t5_2qh13
221,"Boris Johnson overruled scientists who told him to introduce a lockdown three weeks ago, while ignoring warnings that his plans won't stop the coronavirus",35079,jaes0l,https://www.businessinsider.com/boris-johnson-ignored-advice-lock-down-uk-three-weeks-ago-2020-10?r=US&IR=T,1509,2020-10-13 10:41:54,,DeadlyCanister,0.91,/r/worldnews/comments/jaes0l/boris_johnson_overruled_scientists_who_told_him/,t5_2qh13
222,"As coronavirus fears soar, Europe moves to ban wasteful ""ghost flights""",35072,fm9tkm,https://www.salon.com/2020/03/13/as-coronavirus-fears-soar-europe-moves-to-ban-wasteful-ghost-flights_partner/,735,2020-03-21 01:07:43,,maxwellhill,0.96,/r/worldnews/comments/fm9tkm/as_coronavirus_fears_soar_europe_moves_to_ban/,t5_2qh13
223,"Experts believe the explosion of coronavirus cases in Italy and Spain can be traced to a champions league between Atalanta and Valencia. When fans returned home, both regions became the epicenters of the virus in their respective nations.",34876,frcvgj,https://www.si.com/soccer/2020/03/25/atalanta-valencia-coronavirus-champions-league-san-siro-milan-italy,1212,2020-03-29 16:40:09,,moby323,0.96,/r/worldnews/comments/frcvgj/experts_believe_the_explosion_of_coronavirus/,t5_2qh13
224,Australian poll finds 1 in 8 blame Bill Gates and 5G for coronavirus,34742,gmhezr,https://www.zdnet.com/article/australian-poll-finds-1-in-8-blame-bill-gates-and-5g-for-coronavirus/,2994,2020-05-19 00:10:05,,poleco1,0.91,/r/worldnews/comments/gmhezr/australian_poll_finds_1_in_8_blame_bill_gates_and/,t5_2qh13
225,Prince William wants to return as air ambulance pilot to ‘do his bit’ in fight against coronavirus.,34543,frywt8,https://www.thesun.co.uk/news/11290259/coronavirus-prince-william-air-ambulance-return/,1233,2020-03-30 16:46:41,,calm_boy,0.83,/r/worldnews/comments/frywt8/prince_william_wants_to_return_as_air_ambulance/,t5_2qh13
226,Coronavirus: 'Crystal clear' drunk people will not socially distance,34497,hlkery,https://www.bbc.co.uk/news/uk-53296689,1839,2020-07-05 06:21:55,,The_Sexy_Saxon,0.94,/r/worldnews/comments/hlkery/coronavirus_crystal_clear_drunk_people_will_not/,t5_2qh13
227,"Tearful nurse in York, UK confronted with empty supermarket shelves after 48-hour shift pleads for end to coronavirus panic buying",34360,fmuyus,https://www.newsweek.com/coronavirus-panic-buying-nurse-1493470,3075,2020-03-22 01:49:11,,maxwellhill,0.89,/r/worldnews/comments/fmuyus/tearful_nurse_in_york_uk_confronted_with_empty/,t5_2qh13
228,'Don't do what we did - people are needlessly dying': Italian journalist urges UK and US to lockdown now amid coronavirus pandemic,34226,fiv8b0,https://www.dailymail.co.uk/news/article-8112777/Italian-urges-UK-lockdown-amid-coronavirus-pandemic.html,3534,2020-03-14 23:39:01,,DaFunkJunkie,0.92,/r/worldnews/comments/fiv8b0/dont_do_what_we_did_people_are_needlessly_dying/,t5_2qh13
229,Vietnam introduces 'fake news' fines for coronavirus misinformation,33929,g1kymn,https://www.reuters.com/article/us-health-coronavirus-vietnam-security/vietnam-introduces-fake-news-fines-for-coronavirus-misinformation-idUSKCN21X0EB?il=0,1113,2020-04-15 00:28:07,,Johari82,0.95,/r/worldnews/comments/g1kymn/vietnam_introduces_fake_news_fines_for/,t5_2qh13
230,"The UK govt claims it failed to take part in an EU scheme for coronavirus ventilators because it didn't see the email asking it to take part: The confusion means that the UK will not benefit from the buying power of a 28-country bloc, which could have the effect of reducing prices significantly.",33902,fqi9an,https://www.businessinsider.com/coronavirus-eu-ventilator-scheme-missed-email-covid19-boris-johnson-2020-3?,1695,2020-03-28 07:14:34,,ManiaforBeatles,0.91,/r/worldnews/comments/fqi9an/the_uk_govt_claims_it_failed_to_take_part_in_an/,t5_2qh13
231,(UK) Surgeon who was kicked out by his landlady over coronavirus infection fears sets up successful website matching vacant rooms with NHS workers in need,33824,ftvmf6,https://www.dailymail.co.uk/news/article-8181843/Surgeon-kicked-coronavirus-fears-sets-website-NHS-workers-need.html,931,2020-04-02 18:05:21,,saurabh24_,0.95,/r/worldnews/comments/ftvmf6/uk_surgeon_who_was_kicked_out_by_his_landlady/,t5_2qh13
232,Coronavirus: hundreds in China sign petition calling for free speech,33394,f2lmns,https://www.scmp.com/news/china/politics/article/3050086/coronavirus-hundreds-chinese-sign-petition-calling-freedom,1443,2020-02-11 23:38:21,,CharlieXBravo,0.9,/r/worldnews/comments/f2lmns/coronavirus_hundreds_in_china_sign_petition/,t5_2qh13
233,"""Hello, you were near a Corona patient”: Israel's ministry of health has begun sending text messages to people whose phone's GPS placed them near a confirmed Coronavirus patient, ordering them into quarantine",33171,fky4h8,https://timesofisrael.com/health-ministry-begins-controversial-tracking-of-coronavirus-patients,1025,2020-03-18 18:01:08,,itailitai,0.96,/r/worldnews/comments/fky4h8/hello_you_were_near_a_corona_patient_israels/,t5_2qh13
234,"Coronavirus: Italy death toll passes 10,000",33096,fqolt6,https://www.independent.co.uk/news/world/europe/coronavirus-latest-italy-death-toll-pandemic-a9431956.html,2401,2020-03-28 13:36:53,,jigsawmap,0.96,/r/worldnews/comments/fqolt6/coronavirus_italy_death_toll_passes_10000/,t5_2qh13
235,Coronavirus: Over 170 UK MPs and Lords call for universal basic income during pandemic - Cross-party group of parliamentarians say emergency policy needed to give financial security,33046,flt38o,https://www.independent.co.uk/news/uk/politics/coronavirus-universal-basic-income-uk-mps-lords-boris-johnson-a9413046.html,1362,2020-03-20 06:56:14,,ManiaforBeatles,0.94,/r/worldnews/comments/flt38o/coronavirus_over_170_uk_mps_and_lords_call_for/,t5_2qh13
236,"Record numbers of an endangered species of turtle have hatched on a beach in northern Mexico, believed to be the result of reduced human activity during the coronavirus pandemic.",33053,jjydes,https://www.bbc.com/news/world-latin-america-54724723,408,2020-10-28 19:07:57,,NinjaDiscoJesus,0.97,/r/worldnews/comments/jjydes/record_numbers_of_an_endangered_species_of_turtle/,t5_2qh13
237,A 99-year-old World War II veteran raises $2.8 million for UK health-care workers amid the coronavirus,32904,g17vze,https://www.cnbc.com/2020/04/14/a-99-year-old-world-war-ii-veteran-raises-2point8-million-for-nhs-workers.html,361,2020-04-14 11:44:27,,rebelliousmuse,0.95,/r/worldnews/comments/g17vze/a_99yearold_world_war_ii_veteran_raises_28/,t5_2qh13
238,"Coronavirus: US Officials Knew Of Wuhan Health Crisis In November, A Second Report Claims",32347,fyg3oh,https://www.independent.co.uk/news/world/asia/coronavirus-wuhan-china-november-us-dia-covid-19-a9459021.html,2245,2020-04-10 09:46:45,,Infjuk,0.88,/r/worldnews/comments/fyg3oh/coronavirus_us_officials_knew_of_wuhan_health/,t5_2qh13
239,Scientists say the coronavirus is not mutating quickly and might respond to a single vaccine,32189,foh5cf,https://thehill.com/policy/healthcare/489323-scientists-say-the-coronavirus-is-not-mutating-and-might-respond-to-a,1401,2020-03-24 20:58:24,,geoxol,0.96,/r/worldnews/comments/foh5cf/scientists_say_the_coronavirus_is_not_mutating/,t5_2qh13
240,"Temperature has little or no impact on spread of coronavirus, new study suggests",32167,gg3gtc,https://www.independent.co.uk/news/health/coronavirus-summer-temperature-warm-hot-spread-study-pandemic-a9506201.html?utm_term=Autofeed&utm_medium=Social&utm_source=Twitter#Echobox=1588971997,1342,2020-05-08 18:45:13,,Frocharocha,0.92,/r/worldnews/comments/gg3gtc/temperature_has_little_or_no_impact_on_spread_of/,t5_2qh13
