,title,score,id,url,comms_num,created,body,author,upvote_ratio,permalink,subreddit_id
0,"Cuba's COVID vaccine rivals BioNTech-Pfizer, Moderna — reports 92% efficacy",54899,o8y7mk,https://www.dw.com/en/cubas-covid-vaccine-rivals-biontech-pfizer-moderna/a-58052365,3487,2021-06-27 10:33:20,,informationtiger,0.87,/r/worldnews/comments/o8y7mk/cubas_covid_vaccine_rivals_biontechpfizer_moderna/,t5_2qh13
1,The Pfizer-BioNTech coronavirus vaccine 97% effective in preventing symptomatic COVID-19 cases and 94% effective against asymptomatic infection,9948,m2pejr,https://news.yahoo.com/amphtml/pfizer-data-israel-finds-vaccine-123920134.html,764,2021-03-11 07:52:23,,lukalux3,0.97,/r/worldnews/comments/m2pejr/the_pfizerbiontech_coronavirus_vaccine_97/,t5_2qh13
2,"COVID-19: Science behind Pfizer-BioNTech vaccine can be used to give people cancer jabs 'within a couple of years', says co-creator - The technology used to develop the Pfizer jab can be applied to get the immune system to take on tumours",6767,ma1kcp,https://news.sky.com/story/covid-19-science-behind-pfizer-biontech-vaccine-can-be-used-to-give-people-cancer-jabs-within-a-couple-of-years-says-co-creator-12250692,369,2021-03-21 13:31:22,,Plus-Staff,0.96,/r/worldnews/comments/ma1kcp/covid19_science_behind_pfizerbiontech_vaccine_can/,t5_2qh13
3,Germany-based BioNTech announced the first patient had been treated in its BNT111 cancer vaccine,5469,o2un7a,https://www.precisionvaccinations.com/2021/06/18/mrna-melanoma-vaccine-candidate-launches-phase-2-study,215,2021-06-18 13:12:58,,OrgaAffe,0.98,/r/worldnews/comments/o2un7a/germanybased_biontech_announced_the_first_patient/,t5_2qh13
4,"Hackers steal Pfizer/BioNTech COVID-19 vaccine data in Europe, companies say",5051,k9yxws,https://www.reuters.com/article/us-ema-cyber-idUSKBN28J2Q7,603,2020-12-09 14:40:33,,Pessimist2020,0.98,/r/worldnews/comments/k9yxws/hackers_steal_pfizerbiontech_covid19_vaccine_data/,t5_2qh13
5,Hong Kong clinic punished for recommending Pfizer-BioNTech vaccine over China's Sinovac,2317,mc6w22,https://www.channelnewsasia.com/news/asia/covid-19-hong-kong-clinic-punished-pfizer-biontech-over-sinovac-14479802,270,2021-03-24 10:20:28,,togrias,0.92,/r/worldnews/comments/mc6w22/hong_kong_clinic_punished_for_recommending/,t5_2qh13
6,"Angela Merkel 'incredibly proud' of BioNTech founders: The German chancellor has voiced her appreciation for BioNTech, the small German firm behind the first coronavirus vaccine to get regulatory approval. Merkel said the shot will save ""many lives.""",2203,kfzvw2,https://www.dw.com/en/angela-merkel-incredibly-proud-of-biontech-founders/a-55971775,249,2020-12-18 22:01:14,,thorium43,0.95,/r/worldnews/comments/kfzvw2/angela_merkel_incredibly_proud_of_biontech/,t5_2qh13
7,Pfizer/BioNTech vaccine appears effective against mutation in new coronavirus variants -study,1649,ksudx2,https://www.reuters.com/article/us-health-coronavirus-pfizer-vaccine/pfizer-biontech-vaccine-appears-effective-against-mutation-in-new-coronavirus-variants-study-idUSKBN29D0DX,48,2021-01-07 22:46:25,,TurtleFacts72,0.96,/r/worldnews/comments/ksudx2/pfizerbiontech_vaccine_appears_effective_against/,t5_2qh13
8,Taiwan says request to drop word 'country' preceded BioNTech vaccine deal collapse,1318,nm4ubv,https://www.reuters.com/world/asia-pacific/taiwan-says-request-drop-word-country-preceded-biontech-vaccine-deal-collapse-2021-05-27/,535,2021-05-27 06:58:00,,AuntTifaNews,0.92,/r/worldnews/comments/nm4ubv/taiwan_says_request_to_drop_word_country_preceded/,t5_2qh13
9,"Sanofi, in unusual move, to lend spare production capacity to Pfizer, BioNTech, manufacture more than 100 million doses after setbacks and delays in the development of its own vaccine candidates",1316,l5raby,https://www.biopharmadive.com/news/sanofi-in-unusual-move-to-help-pfizer-biontech-make-coronavirus-vaccine/594004/,98,2021-01-26 18:57:36,,green_flash,0.96,/r/worldnews/comments/l5raby/sanofi_in_unusual_move_to_lend_spare_production/,t5_2qh13
10,"The European Union is paying less money than the United States for a range of coronavirus vaccines - The EU has a 24% discount on the Pfizer-BioNTech vaccine compared to the US, and will pay 45% less than the US for the AstraZeneca-Oxford vaccine, but 20% more for the Moderna vaccine",892,kfqbsc,https://www.washingtonpost.com/world/eu-coronavirus-vaccines-cheaper-than-united-states/2020/12/18/06677e34-4139-11eb-b58b-1623f6267960_story.html,142,2020-12-18 13:10:39,,Reilly616,0.93,/r/worldnews/comments/kfqbsc/the_european_union_is_paying_less_money_than_the/,t5_2qh13
11,Warning after two NHS workers have allergic reaction to Pfizer/BioNTech Covid vaccine,678,k9p94y,https://www.standard.co.uk/news/uk/warning-patients-pfizer-biontech-covid-allergic-reactions-b229762.html,369,2020-12-09 05:03:01,,Kubrick_Fan,0.82,/r/worldnews/comments/k9p94y/warning_after_two_nhs_workers_have_allergic/,t5_2qh13
12,The creator of the Pfizer-BioNTech vaccine says life could return to normal by next winter,327,jv5ic6,https://www.cnbc.com/2020/11/16/coronavirus-biontech-ceo-says-life-could-return-to-normal-next-winter.html,116,2020-11-16 06:52:07,,Nikola_Desla,0.89,/r/worldnews/comments/jv5ic6/the_creator_of_the_pfizerbiontech_vaccine_says/,t5_2qh13
13,Pfizer/BioNTech COVID-19 vaccine neutralizes Brazil variant in lab study,294,m1k7pm,https://jpost.com/health-science/pfizerbiontech-covid-19-vaccine-neutralizes-brazil-variant-in-lab-study-661375/,9,2021-03-09 19:05:04,,Hotzendorf1918,0.93,/r/worldnews/comments/m1k7pm/pfizerbiontech_covid19_vaccine_neutralizes_brazil/,t5_2qh13
14,First shipments of Pfizer-BioNTech vaccine in Singapore by end-Dec; enough vaccines for all by Q3 2021,273,kcubj1,https://www.straitstimes.com/singapore/health/first-shipments-of-pfizer-biontech-vaccine-in-singapore-by-end-dec-enough-vaccines,1,2020-12-14 04:14:25,,jlonso,0.94,/r/worldnews/comments/kcubj1/first_shipments_of_pfizerbiontech_vaccine_in/,t5_2qh13
15,"Terry Gou, the billionaire founder of Taiwan's Foxconn, along with TSMC reached initial agreements to buy 5 million doses each of BioNTech's COVID-19 vaccine on Friday, three sources with knowledge of the situation told Reuters.",231,ocvvrs,https://www.reuters.com/business/healthcare-pharmaceuticals/exclusive-taiwans-terry-gou-tsmc-reach-initial-agreements-biontech-vaccines-2021-07-02/,36,2021-07-03 06:58:04,,green_flash,0.88,/r/worldnews/comments/ocvvrs/terry_gou_the_billionaire_founder_of_taiwans/,t5_2qh13
16,UK becomes the first nation to approve Pfizer/BioNTech COVID-19 vaccine for widespread use,146,k54kdh,https://www.bbc.co.uk/news/health-55145696?at_custom4=5F5C359E-346D-11EB-A0F7-87900EDC252D&at_custom3=%40BBCBreaking&at_custom1=%5Bpost+type%5D&at_custom2=twitter&at_campaign=64&at_medium=custom7,13,2020-12-02 02:11:55,,Lost_Distribution546,0.88,/r/worldnews/comments/k54kdh/uk_becomes_the_first_nation_to_approve/,t5_2qh13
17,Italian woman mistakenly given six doses of Pfizer-BioNTech vaccine,133,n95otu,https://www.euronews.com/2021/05/10/italian-woman-mistakenly-given-six-doses-of-pfizer-biontech-covid-19-vaccine,61,2021-05-10 10:20:46,,tomorrow509,0.9,/r/worldnews/comments/n95otu/italian_woman_mistakenly_given_six_doses_of/,t5_2qh13
18,Germany's COVID vaccine procurement labeled a 'gross failure': The Berlin government is under increasing fire from experts and politicians for not buying enough doses of the BioNTech-Pfizer coronavirus vaccine to quickly roll out its immunization program,125,kp04a8,https://www.dw.com/en/germanys-covid-vaccine-procurement-labeled-a-gross-failure/a-56115322,22,2021-01-02 11:14:13,,DoremusJessup,0.9,/r/worldnews/comments/kp04a8/germanys_covid_vaccine_procurement_labeled_a/,t5_2qh13
19,EU seals deal with Pfizer-BioNTech for potential 1.8 billion COVID-19 doses in its biggest vaccine contract so far.,120,n7m4vz,https://www.sandiegouniontribune.com/business/nation/story/2021-05-08/eu-seals-deal-with-pfizer-biontech-for-potential-1-8-billion-covid-19-doses-in-its-biggest-vaccine-contract-so-far,16,2021-05-08 06:11:18,,Faruyazy,0.88,/r/worldnews/comments/n7m4vz/eu_seals_deal_with_pfizerbiontech_for_potential/,t5_2qh13
20,Chinese firm asserts right to distribute Pfizer-BioNTech vaccine in Taiwan after investors raise concerns over reports of Taiwanese nationals attempting to buy the vaccine,109,nyqnan,https://focustaiwan.tw/cross-strait/202106120015,102,2021-06-13 02:49:46,,dudesalvest,0.84,/r/worldnews/comments/nyqnan/chinese_firm_asserts_right_to_distribute/,t5_2qh13
21,Pfizer/BioNTech to produce Covid-19 vaccine in S.Africa,96,ooocsw,https://www.france24.com/en/live-news/20210721-pfizer-biontech-to-produce-covid-19-vaccine-in-s-africa,6,2021-07-21 07:54:38,,edifsego,0.87,/r/worldnews/comments/ooocsw/pfizerbiontech_to_produce_covid19_vaccine_in/,t5_2qh13
22,Israel data reportedly shows plunge in efficacy of Pfizer-BioNTech vaccine as delta variant spreads,91,oei5bh,https://fortune.com/2021/07/05/israel-data-plunge-efficacy-pfizer-biontech-vaccine-delta-variant/,37,2021-07-05 18:42:22,,Bowmore18,0.81,/r/worldnews/comments/oei5bh/israel_data_reportedly_shows_plunge_in_efficacy/,t5_2qh13
23,"EU backs Pfizer-BioNTech vaccine, will not renew AstraZeneca, J&J contracts",96,mqyhn1,https://uk.news.yahoo.com/news/eu-backs-pfizer-biontech-vaccine-162117637.html?guce_referrer=aHR0cHM6Ly93d3cuZ29vZ2xlLmNvbS8&guce_referrer_sig=AQAAAMxWiQd1G_IQTlK6EIXMqxpuj8r5W4YAhf5RZrOSx0hhhHgsInS6XvgZP5urBAgEPybEQucfBrSw-84jczVxJo4Y9IJnBqCc3A_PMkHygYyUuG-iHHLkemBK4xn09olROiyF50rU88cdalnOIli86w1hJLMosi3V0byLKYFuv_aV,33,2021-04-14 15:50:34,,BareAuthority,0.9,/r/worldnews/comments/mqyhn1/eu_backs_pfizerbiontech_vaccine_will_not_renew/,t5_2qh13
24,"Hong Kong not alone in finding faulty BioNTech vaccine packaging, experts say",82,mdfvpq,https://www.scmp.com/news/hong-kong/health-environment/article/3127042/coronavirus-defects-pfizer-biontech-vaccine,10,2021-03-25 23:38:43,,xaislinx,0.83,/r/worldnews/comments/mdfvpq/hong_kong_not_alone_in_finding_faulty_biontech/,t5_2qh13
25,101-year-old woman among first in Germany to receive BioNTech-Pfizer COVID vaccine,75,kkr0dk,https://www.dw.com/en/coronavirus-101-year-old-woman-among-first-in-germany-to-receive-biontech-pfizer-covid-vaccine/a-56065181,28,2020-12-26 17:07:31,,maimoz,0.79,/r/worldnews/comments/kkr0dk/101yearold_woman_among_first_in_germany_to/,t5_2qh13
26,Malaysia to Phase Out China’s Sinovac Vaccine In Favor of Pfizer-BioNTech,66,ooy6r4,https://thediplomat.com/2021/07/malaysia-to-phase-out-chinas-sinovac-vaccine/,25,2021-07-21 16:23:06,,zhongdama,0.71,/r/worldnews/comments/ooy6r4/malaysia_to_phase_out_chinas_sinovac_vaccine_in/,t5_2qh13
27,Germany's BioNTech racing to ramp up vaccine production,72,kowz49,https://medicalxpress.com/news/2021-01-germany-biontech-ramp-vaccine-production.html,25,2021-01-02 07:49:14,,Racist_FemboyV2,0.87,/r/worldnews/comments/kowz49/germanys_biontech_racing_to_ramp_up_vaccine/,t5_2qh13
28,Bahrain has become the second nation in the world to grant an emergency-use authorization for the coronavirus vaccine made by Pfizer and its German partner BioNTech.,53,k6p6yo,https://apnews.com/article/bahrain-dubai-saudi-arabia-united-arab-emirates-persian-gulf-tensions-c1684aa7c0b0ceae04ce863e89d7582b,1,2020-12-04 12:20:34,,WickedSensitiveCrew,0.83,/r/worldnews/comments/k6p6yo/bahrain_has_become_the_second_nation_in_the_world/,t5_2qh13
29,Coronavirus: Hong Kong suspends BioNTech vaccinations from batches 210102 and 210104 over defective packaging,51,mbxh3b,https://www.scmp.com/news/hong-kong/health-environment/article/3126716/coronavirus-hong-kong-and-macau-suspend,1,2021-03-24 00:31:05,,Spiritofhonour,0.85,/r/worldnews/comments/mbxh3b/coronavirus_hong_kong_suspends_biontech/,t5_2qh13
30,Covid vaccine highly likely to work on UK variant - BioNTech founder Professor Ugur Sahin,54,ki3chg,https://www.theguardian.com/world/2020/dec/22/covid-vaccine-likely-to-work-on-uk-variant-biontech-boss-says,4,2020-12-22 06:10:46,,maybenot12,0.81,/r/worldnews/comments/ki3chg/covid_vaccine_highly_likely_to_work_on_uk_variant/,t5_2qh13
31,"Hackers steal Pfizer-BioNTech vaccine data in Europe, say firms",50,ka19oz,https://www.aljazeera.com/economy/2020/12/9/hackers-steal-pfizer-biontech-vaccine-data-in-europe-say-firms,14,2020-12-09 16:36:41,,mohiemen,0.79,/r/worldnews/comments/ka19oz/hackers_steal_pfizerbiontech_vaccine_data_in/,t5_2qh13
32,"Confidential European Commission documents seen by a German media team show a majority of EU member states wanted ""traditional"" vaccines and were ""very little interested"" in new-type jabs from BioNTech-Pfizer and Moderna",53,le187b,https://www.dw.com/en/covid-vaccines-largely-unwanted-at-first-slowed-eu-talks-report/a-56480023,21,2021-02-06 11:41:54,,DoremusJessup,0.82,/r/worldnews/comments/le187b/confidential_european_commission_documents_seen/,t5_2qh13
33,"Covid-19 vaccine from Pfizer and BioNTech is strongly effective, data show",41,jqwn4d,https://www.statnews.com/2020/11/09/covid-19-vaccine-from-pfizer-and-biontech-is-strongly-effective-early-data-from-large-trial-indicate/,2,2020-11-09 07:22:05,,2old-you,0.77,/r/worldnews/comments/jqwn4d/covid19_vaccine_from_pfizer_and_biontech_is/,t5_2qh13
34,"Pfizer-BioNTech vaccine appears effective against mutation in new coronavirus variants, study suggests",50,kt59kd,https://www.cbc.ca/news/health/pfizer-biontech-vaccine-appears-effective-against-mutation-in-new-coronavirus-variants-study-suggests-1.5865885,1,2021-01-08 10:58:27,,MagnificentMichelle,0.81,/r/worldnews/comments/kt59kd/pfizerbiontech_vaccine_appears_effective_against/,t5_2qh13
35,"BioNTech vaccine mass production in China close to ready, may get go-ahead before July",43,myf6pt,https://www.globaltimes.cn/page/202104/1221833.shtml,16,2021-04-25 15:10:30,,polymute,0.74,/r/worldnews/comments/myf6pt/biontech_vaccine_mass_production_in_china_close/,t5_2qh13
36,"The coronavirus vaccine developed by Pfizer and BioNTech appears to protect 94% of adults over 65 years old. More data released from their ongoing phase three trial suggests it works equally well in people of all ages, races and ethnicities.",45,jwf4lz,https://www.bbc.com/news/health-54986208,4,2020-11-18 07:44:49,,NinjaDiscoJesus,0.78,/r/worldnews/comments/jwf4lz/the_coronavirus_vaccine_developed_by_pfizer_and/,t5_2qh13
37,Six EU states say 'situation unacceptable' after Pfizer-BioNTech cuts vaccine deliveries,41,kxxjod,https://www.reuters.com/article/us-health-coronavirus-vaccine-cut/six-eu-states-say-situation-unacceptable-after-pfizer-biontech-cuts-vaccine-deliveries-idUSKBN29K1XR,12,2021-01-15 11:08:01,,o_joo,0.86,/r/worldnews/comments/kxxjod/six_eu_states_say_situation_unacceptable_after/,t5_2qh13
38,German health expert blames politics for Taiwan's failure to acquire BioNTech vaccines,39,nstnyq,https://www.taiwannews.com.tw/en/news/4215695,6,2021-06-05 07:26:18,,Elocum,0.77,/r/worldnews/comments/nstnyq/german_health_expert_blames_politics_for_taiwans/,t5_2qh13
39,First batch of Pfizer/BioNTEch COVID-19 vaccines arrives in Canada,44,kcvdgn,https://www.reuters.com/article/health-coronavirus-canada-vaccine/first-batch-of-pfizer-biontech-covid-19-vaccines-arrives-in-canada-idUSKBN28N0KS,3,2020-12-14 05:42:44,,Cannaseuer,0.81,/r/worldnews/comments/kcvdgn/first_batch_of_pfizerbiontech_covid19_vaccines/,t5_2qh13
40,Novartis to help Pfizer-Biontech produce COVID-19 vaccine,41,l86wa8,https://www.reuters.com/article/health-coronavirus-novartis-vaccine/novartis-to-help-pfizer-biontech-produce-covid-19-vaccine-idUSFWN2K40Y6,2,2021-01-29 17:54:31,,green_flash,0.83,/r/worldnews/comments/l86wa8/novartis_to_help_pfizerbiontech_produce_covid19/,t5_2qh13
41,1st doses of Pfizer-BioNTech's COVID-19 vaccine arrive in Canada,39,kcnacs,https://www.cbc.ca/news/politics/first-doses-covid-19-vaccine-1.5839614,2,2020-12-13 20:11:51,,idarknight,0.77,/r/worldnews/comments/kcnacs/1st_doses_of_pfizerbiontechs_covid19_vaccine/,t5_2qh13
42,German police probe nurse who used ‘saline solution in place of’ BioNTech/Pfizer vaccine,38,myypkp,https://www.thelocal.de/20210426/german-police-probe-nurse-who-used-saline-solution-in-place-of-biontech-pfizer-vaccine/,4,2021-04-26 10:18:19,,c0viD00M,0.77,/r/worldnews/comments/myypkp/german_police_probe_nurse_who_used_saline/,t5_2qh13
43,Two pregnant Hong Kong women who got BioNTech vaccine suffer miscarriages,33,mrb4qb,https://www.scmp.com/news/hong-kong/health-environment/article/3129561/coronavirus-two-pregnant-women-hong-kong-who,51,2021-04-15 05:20:48,,edourdoo1,0.63,/r/worldnews/comments/mrb4qb/two_pregnant_hong_kong_women_who_got_biontech/,t5_2qh13
44,China's Fosun says willing to provide BioNTech vaccines to Taiwan,31,nigp0x,https://www.reuters.com/business/healthcare-pharmaceuticals/chinas-fosun-says-willing-provide-biontech-vaccines-taiwan-2021-05-22/,34,2021-05-22 07:35:16,,AuntTifaNews,0.75,/r/worldnews/comments/nigp0x/chinas_fosun_says_willing_to_provide_biontech/,t5_2qh13
45,"Hackers steal Pfizer/BioNTech COVID-19 vaccine data in Europe, companies say",32,kaemig,https://www.reuters.com/article/us-ema-cyber/hackers-steal-pfizer-biontech-covid-19-vaccine-data-in-europe-companies-say-idUSKBN28J2Q7,7,2020-12-10 07:42:42,,Cannaseuer,0.78,/r/worldnews/comments/kaemig/hackers_steal_pfizerbiontech_covid19_vaccine_data/,t5_2qh13
46,"COVID-19: BioNTech boss confident coronavirus vaccine will work against new variant, creates millions",35,kjmp9c,https://news.sky.com/story/covid-19-biontech-boss-confident-coronavirus-vaccine-will-work-against-new-variant-12169929,1,2020-12-24 15:57:35,,GeniusDeveloper,0.75,/r/worldnews/comments/kjmp9c/covid19_biontech_boss_confident_coronavirus/,t5_2qh13
47,"BioNTech criticises EU failure to order enough Covid vaccine, says the EU had wrongly assumed several different vaccines would be ready at once, so spread its orders.",31,kogq6l,https://www.theguardian.com/world/2021/jan/01/france-to-step-up-covid-jabs-after-claims-of-bowing-to-anti-vaxxers,20,2021-01-01 13:58:37,,green_flash,0.69,/r/worldnews/comments/kogq6l/biontech_criticises_eu_failure_to_order_enough/,t5_2qh13
48,China to approve mRNA [Pfizer-BioNTech] Covid-19 vaccine soon,29,oowatg,http://www.straitstimes.com/asia/east-asia/china-to-approve-mrna-vaccine-soon,12,2021-07-21 14:48:39,,SteO153,0.69,/r/worldnews/comments/oowatg/china_to_approve_mrna_pfizerbiontech_covid19/,t5_2qh13
49,EU signs deal to buy 300 million doses of BioNTech-Pfizer COVID-19 vaccine,30,jsa1hk,https://uk.finance.yahoo.com/news/covid-19-pfizer-biontech-vaccine-eu-signs-deal-to-buy-300-million-doses-122802169.html,4,2020-11-11 10:24:46,,Upstreamy,0.77,/r/worldnews/comments/jsa1hk/eu_signs_deal_to_buy_300_million_doses_of/,t5_2qh13
50,"Covid-19 vaccine from Pfizer and BioNTech shows positive results: at day 28, all subjects who received 10 or 30 mg of the vaccine had SARS-CoV-2 neutralizing antibodies titers of 1.8-and 2.8-times, respectively, of a convalescent serum panel.",27,hj9z3o,https://www.statnews.com/2020/07/01/covid-19-vaccine-from-pfizer-and-biontech-shows-positive-results,4,2020-07-01 09:17:27,,SirT6,0.83,/r/worldnews/comments/hj9z3o/covid19_vaccine_from_pfizer_and_biontech_shows/,t5_2qh13
51,BioNTech vaccine scientist says jab could halve Covid transmission,27,julmdn,https://www.theguardian.com/world/2020/nov/15/biontech-vaccine-scientist-says-jab-could-halve-covid-transmission-pfizer,5,2020-11-15 08:08:17,,2tidderevoli,0.74,/r/worldnews/comments/julmdn/biontech_vaccine_scientist_says_jab_could_halve/,t5_2qh13
52,"Both the Biontech-Pfizer and Oxford-AstraZeneca vaccines were shown to reduce the risk of hospitalisation from Covid-19 in up to 85 per cent and 94 per cent, respectively. 81% effective for the over 80s.",28,lpxeqk,https://publichealthscotland.scot/news/2021/february/vaccine-linked-to-reduction-in-risk-of-covid-19-admissions-to-hospitals/,1,2021-02-22 14:27:53,,norfolkdiver,0.75,/r/worldnews/comments/lpxeqk/both_the_biontechpfizer_and_oxfordastrazeneca/,t5_2qh13
53,EU approves BioNTech-Pfizer COVID vaccine,26,khmffw,https://www.dw.com/en/eu-approves-biontech-pfizer-covid-vaccine/a-56004914,1,2020-12-21 13:00:08,,AufinsFeld,0.78,/r/worldnews/comments/khmffw/eu_approves_biontechpfizer_covid_vaccine/,t5_2qh13
54,"Coronavirus vaccine 90% effective, say Pfizer and German company BioNTech",22,jrhwaf,https://www.dw.com/en/coronavirus-vaccine-90-effective-say-pfizer-and-german-company-biontech/a-55542947?fbclid=IwAR0uB04pje7V5NnUUUY5lvA-I7ee5QkQoS4mUwbfJfRSj0DU3iKyvEBIWhk,5,2020-11-10 04:16:47,,Tawhas,0.76,/r/worldnews/comments/jrhwaf/coronavirus_vaccine_90_effective_say_pfizer_and/,t5_2qh13
55,"Taiwan Says Deal To Buy 5 Million Pfizer-BioNTech Covid-19 Vaccines On Hold, Hints At Pressure From China",30,llrnfc,https://www.forbes.com/sites/siladityaray/2021/02/17/taiwan-says-deal-to-buy-5-million-pfizer-biontech-covid-19-vaccines-on-hold-hints-at-pressure-from-china/?sh=7f6ddcd96ece,26,2021-02-17 05:37:45,,hff0,0.75,/r/worldnews/comments/llrnfc/taiwan_says_deal_to_buy_5_million_pfizerbiontech/,t5_2qh13
56,Covid-19: Irish government authorises Pfizer-BioNTech vaccine,25,kjuao0,https://www.bbc.com/news/world-europe-55440223,0,2020-12-25 01:10:35,,GeniusDeveloper,0.73,/r/worldnews/comments/kjuao0/covid19_irish_government_authorises/,t5_2qh13
57,"UAE, Bahrain make Pfizer/BioNTech shot available to those who got Sinopharm vaccine",21,nrnsw7,https://www.reuters.com/world/middle-east/uae-bahrain-make-pfizerbiontech-shot-available-those-who-got-sinopharm-vaccine-2021-06-03/,2,2021-06-03 16:57:31,,AuntTifaNews,0.76,/r/worldnews/comments/nrnsw7/uae_bahrain_make_pfizerbiontech_shot_available_to/,t5_2qh13
58,Coronavirus: German company BioNTech says its vaccine is 90% effective,26,jqww7c,https://www.dw.com/en/coronavirus-german-company-biontech-says-its-vaccine-is-90-effective/a-55542947,2,2020-11-09 07:40:38,,ChrisStoneGermany,0.7,/r/worldnews/comments/jqww7c/coronavirus_german_company_biontech_says_its/,t5_2qh13
59,European Union authorises Pfizer-BioNTech COVID-19 vaccine,23,khobxs,http://www.abc.net.au/news/2020-12-22/european-union-authorises-pfizer-covid-19-vaccine-rollout/13005614,3,2020-12-21 14:31:33,,electrictoothbrush09,0.76,/r/worldnews/comments/khobxs/european_union_authorises_pfizerbiontech_covid19/,t5_2qh13
60,"Antibody response stronger with BioNTech vaccine than China's Sinovac, study shows",18,o34lv6,https://www.scmp.com/news/hong-kong/health-environment/article/3137955/coronavirus-those-biontech-jabs-have-stronger,5,2021-06-18 20:53:20,,Individual99991,0.6,/r/worldnews/comments/o34lv6/antibody_response_stronger_with_biontech_vaccine/,t5_2qh13
61,EU-Commission greenlights COVID-19 vaccine from BioNTech,14,khm7u6,https://apnews.com/article/europe-coronavirus-pandemic-coronavirus-vaccine-amsterdam-europe-4cd75619772c208c29fddbcb02d25b9e,1,2020-12-21 12:49:12,,LantanoGaruwashi,0.7,/r/worldnews/comments/khm7u6/eucommission_greenlights_covid19_vaccine_from/,t5_2qh13
62,"Taiwan's Terry Gou, TSMC reach initial agreements for BioNTech vaccines -sources",16,ocew1t,https://www.reuters.com/business/healthcare-pharmaceuticals/exclusive-taiwans-terry-gou-tsmc-reach-initial-agreements-biontech-vaccines-2021-07-02/,7,2021-07-02 13:27:58,,benh999,0.65,/r/worldnews/comments/ocew1t/taiwans_terry_gou_tsmc_reach_initial_agreements/,t5_2qh13
63,"Hong Kong, Macau suspend Pfizer-BioNTech COVID-19 vaccine over 'flawed' vials",18,mcxile,https://www.channelnewsasia.com/news/asia/hong-kong-suspend-pfizer-covid-19-vaccine-defective-packaging-14477298,3,2021-03-25 08:52:31,,signed7,0.67,/r/worldnews/comments/mcxile/hong_kong_macau_suspend_pfizerbiontech_covid19/,t5_2qh13
64,Pfizer/BioNTech vaccine docs hacked from European Medicines Agency,16,ka0h49,https://www.bbc.co.uk/news/technology-55249353,3,2020-12-09 15:55:49,,ForeverSeahawks,0.73,/r/worldnews/comments/ka0h49/pfizerbiontech_vaccine_docs_hacked_from_european/,t5_2qh13
65,Allergy warning for Pfizer/BioNTech vaccine after UK health workers with allergy history suffer reaction,15,kaeddk,https://edition.cnn.com/2020/12/09/health/covid-vaccine-allergies-health-workers-uk-intl-gbr/index.html,2,2020-12-10 07:22:26,,mand888,0.71,/r/worldnews/comments/kaeddk/allergy_warning_for_pfizerbiontech_vaccine_after/,t5_2qh13
66,Hong Kong says BioNTech vaccine probe finds no systemic flaws: Hong Kong likely to resume its inoculation drive next week,13,mezk6g,https://www.aljazeera.com/news/2021/3/28/hong-kong-says-probe-into-biontech-jab-finds-no-systemic-flaws,1,2021-03-28 07:18:31,,signed7,0.67,/r/worldnews/comments/mezk6g/hong_kong_says_biontech_vaccine_probe_finds_no/,t5_2qh13
67,"Taiwan says BioNTech vaccine deal on hold, cites potential Chinese pressure",13,llte1k,https://www.reuters.com/article/us-health-coronavirus-taiwan-idUSKBN2AH0HE?utm_source=reddit.com,2,2021-02-17 07:26:52,,bacharama,0.67,/r/worldnews/comments/llte1k/taiwan_says_biontech_vaccine_deal_on_hold_cites/,t5_2qh13
68,Scientist behind BioNTech/Pfizer vaccine says it can end pandemic,13,jt2mmp,https://www.theguardian.com/world/2020/nov/12/scientist-behind-biontech-pfizer-coronavirus-vaccine-says-it-can-end-pandemic,16,2020-11-12 15:34:48,,armchairmegalomaniac,0.62,/r/worldnews/comments/jt2mmp/scientist_behind_biontechpfizer_vaccine_says_it/,t5_2qh13
69,Canada latest country to approve Pfizer-BioNTech vaccine,13,ka08i3,https://www.bbc.com/news/world-us-canada-55251830,1,2020-12-09 15:43:58,,7MCMXC,0.71,/r/worldnews/comments/ka08i3/canada_latest_country_to_approve_pfizerbiontech/,t5_2qh13
70,BioNTech vaccine inventors receive Germany's Knight Commander's Cross,13,m8ghwa,https://www.dw.com/en/biontech-vaccine-inventors-receive-germanys-knight-commanders-cross/a-56912141,0,2021-03-19 08:48:16,,misana123,0.7,/r/worldnews/comments/m8ghwa/biontech_vaccine_inventors_receive_germanys/,t5_2qh13
71,UK Becomes First Country to Approve the Pfizer-BioNTech Coronavirus Vaccine for Use,15,k54utc,https://www.nbcnewyork.com/news/coronavirus/uk-becomes-first-country-to-approve-the-pfizer-biontech-coronavirus-vaccine-for-use/2755843/,12,2020-12-02 02:34:34,,spinning_carousel,0.69,/r/worldnews/comments/k54utc/uk_becomes_first_country_to_approve_the/,t5_2qh13
72,"EU in talks with Moderna, BioNtech, CureVac to secure possible COVID vaccines",10,hsu6p6,https://www.reuters.com/article/us-health-coronavirus-eu-vaccines-exclus/exclusive-eu-in-talks-with-moderna-biontech-curevac-to-secure-possible-covid-vaccines-sources-idUSKCN24I1HA?il=0,0,2020-07-17 07:41:23,,KTitania,0.71,/r/worldnews/comments/hsu6p6/eu_in_talks_with_moderna_biontech_curevac_to/,t5_2qh13
73,China likely to approve BioNTech's COVID-19 vaccine by July - WSJ,18,msq0jm,https://www.yahoo.com/news/china-likely-approve-biontechs-covid-123157893.html,29,2021-04-17 08:42:45,,BareAuthority,0.68,/r/worldnews/comments/msq0jm/china_likely_to_approve_biontechs_covid19_vaccine/,t5_2qh13
74,Covid-19: Pfizer/BioNTech vaccine approved for use next week in UK,13,k57y1m,https://www.bbc.com/news/health-55145696,0,2020-12-02 06:58:59,,aurelion_sol01,0.71,/r/worldnews/comments/k57y1m/covid19_pfizerbiontech_vaccine_approved_for_use/,t5_2qh13
75,Pfizer/BioNTech Covid vaccine wins licence for use in the UK.,14,k54m6i,https://www.theguardian.com/society/2020/dec/02/pfizer-biontech-covid-vaccine-wins-licence-for-use-in-the-uk?,2,2020-12-02 02:15:52,,wise_quote,0.72,/r/worldnews/comments/k54m6i/pfizerbiontech_covid_vaccine_wins_licence_for_use/,t5_2qh13
76,"Hong Kong halts Pfizer/BioNTech Covid vaccine, investigates packaging",13,mc2rzh,https://www.nbcnews.com/news/world/hong-kong-halts-pfizer-biontech-covid-vaccine-investigates-packaging-n1261890,4,2021-03-24 06:51:32,,i_love_anachronisms,0.72,/r/worldnews/comments/mc2rzh/hong_kong_halts_pfizerbiontech_covid_vaccine/,t5_2qh13
77,UK approves Pfizer/BioNTech Covid vaccine for mass roll out,10,k54js7,http://www.bbc.co.uk/news/health-55145696,2,2020-12-02 02:10:38,,qwertyfish99,0.65,/r/worldnews/comments/k54js7/uk_approves_pfizerbiontech_covid_vaccine_for_mass/,t5_2qh13
78,"Foxconn, founder Gou apply to purchase BioNTech vaccines for Taiwan",10,npwtrh,https://www.reuters.com/business/healthcare-pharmaceuticals/foxconn-founder-gou-apply-buy-biontech-vaccines-taiwan-2021-06-01/,15,2021-06-01 11:37:16,,benh999,0.65,/r/worldnews/comments/npwtrh/foxconn_founder_gou_apply_to_purchase_biontech/,t5_2qh13
79,EU orders additional 200 million Pfizer / BioNTech vaccines,8,llt31k,https://www.brusselstimes.com/news/eu-affairs/155324/eu-orders-additional-200-million-pfizer-biontech-vaccines-european-commission-medicines-agency-ema-moderna-astrazeneca-johnson/,1,2021-02-17 07:08:44,,ionised,0.62,/r/worldnews/comments/llt31k/eu_orders_additional_200_million_pfizer_biontech/,t5_2qh13
80,"Pfizer-BioNTech say UK allows emergency use of their COVID-19 vaccine, world’s first backed by rigorous science",12,k54sdh,https://apnews.com/article/public-health-europe-immunizations-united-kingdom-health-9760b61bb5c3dd570fe1ccf48902472d,1,2020-12-02 02:29:18,,Astronaut-Remote,0.68,/r/worldnews/comments/k54sdh/pfizerbiontech_say_uk_allows_emergency_use_of/,t5_2qh13
81,"Defects in Hong Kong batch of BioNTech coronavirus vaccine may be down to sealing process, says health chief, who assures public there were no safety risks",8,mieo0c,https://www.scmp.com/news/hong-kong/health-environment/article/3128035/defects-hong-kong-batch-biontech-covid-19-vaccine,1,2021-04-02 02:37:37,,GetOutOfTheWhey,0.62,/r/worldnews/comments/mieo0c/defects_in_hong_kong_batch_of_biontech/,t5_2qh13
82,"UK approves Pfizer-BioNTech COVID-19 vaccine, first in the world",9,k56d3c,https://www.reuters.com/article/health-coronavirus-britain-vaccine/update-3-uk-approves-pfizer-biontech-covid-19-vaccine-first-in-the-world-idUSL8N2II10B,0,2020-12-02 04:43:41,,Luke_Hero,0.7,/r/worldnews/comments/k56d3c/uk_approves_pfizerbiontech_covid19_vaccine_first/,t5_2qh13
83,The Pfizer-BioNTech Vaccine Is Said to Be Powerfully Protective in Adolescents,7,mh3k9f,https://www.nytimes.com/2021/03/31/health/pfizer-biontech-vaccine-adolescents.html?referringSource=articleShare,2,2021-03-31 06:56:15,,BoGaN223,0.57,/r/worldnews/comments/mh3k9f/the_pfizerbiontech_vaccine_is_said_to_be/,t5_2qh13
84,Chilean health regulator approves Pfizer/BioNTech vaccine for emergency use,8,kedzxb,https://www.reuters.com/article/health-coronavirus-chile-vaccine-idUSKBN28Q2EZ,1,2020-12-16 12:50:55,,Pessimist2020,0.67,/r/worldnews/comments/kedzxb/chilean_health_regulator_approves_pfizerbiontech/,t5_2qh13
85,BioNTech and Pfizer Initiate Rolling Submission to European Medicines Agency for SARS-CoV-2 Vaccine Candidate BNT162b2,6,j622bc,https://investors.biontech.de/news-releases/news-release-details/biontech-and-pfizer-initiate-rolling-submission-european,1,2020-10-06 05:30:55,,Superbiomilch,0.7,/r/worldnews/comments/j622bc/biontech_and_pfizer_initiate_rolling_submission/,t5_2qh13
86,BioNTech co-founder ‘confident’ vaccine works against Indian variant of COVID-19,9,n0g6ai,https://newsinfo.inquirer.net/1424955/biontech-co-founder-confident-vaccine-works-against-indian-variant-of-covid-19,19,2021-04-28 10:34:49,,TaylorTylerTailor,0.61,/r/worldnews/comments/n0g6ai/biontech_cofounder_confident_vaccine_works/,t5_2qh13
87,UK authorises Pfizer-BioNTech COVID-19 vaccine,7,k54jn4,https://www.gov.uk/government/news/uk-authorises-pfizer-biontech-covid-19-vaccine,0,2020-12-02 02:10:20,,TheHartman88,0.63,/r/worldnews/comments/k54jn4/uk_authorises_pfizerbiontech_covid19_vaccine/,t5_2qh13
88,UK approves Pfizer-BioNTech vaccine for use in world first,6,k56i63,https://www.aljazeera.com/news/2020/12/2/uk-approves-pfizer-biontech-vaccine-for-use-first-in-the-world,0,2020-12-02 04:56:38,,jgonger,0.62,/r/worldnews/comments/k56i63/uk_approves_pfizerbiontech_vaccine_for_use_in/,t5_2qh13
89,Pfizer/BioNTech Covid vaccine wins licence for use in the UK,7,k54rmq,https://www.theguardian.com/society/2020/dec/02/pfizer-biontech-covid-vaccine-wins-licence-for-use-in-the-uk?CMP=Share_iOSApp_Other,1,2020-12-02 02:27:40,,2tidderevoli,0.65,/r/worldnews/comments/k54rmq/pfizerbiontech_covid_vaccine_wins_licence_for_use/,t5_2qh13
90,China greenlights BioNTech's Covid-19 vaccine for human trials,7,hsem2f,https://www.france24.com/en/20200716-china-greenlights-biontech-s-covid-19-vaccine-for-human-trials,4,2020-07-16 13:58:23,,DoremusJessup,0.62,/r/worldnews/comments/hsem2f/china_greenlights_biontechs_covid19_vaccine_for/,t5_2qh13
91,BioNTech/Pfizer to seek emergency approval for coronavirus vaccine within days,5,jwpaij,https://www.politico.eu/article/biontech-pfizer-to-file-coronavirus-vax-data-to-ema-within-days/?utm_source=RSS_Feed&utm_medium=RSS&utm_campaign=RSS_Syndication,0,2020-11-18 16:50:38,,Mr_DedicatedMan,0.59,/r/worldnews/comments/jwpaij/biontechpfizer_to_seek_emergency_approval_for/,t5_2qh13
92,China renews Fosun BioNTech vaccine offer to coronavirus-hit Taiwan,6,niw6v8,https://www.scmp.com/news/china/diplomacy/article/3134504/china-renews-fosun-biontech-vaccine-offer-coronavirus-hit,8,2021-05-22 20:39:07,,Famous_Maintenance_5,0.55,/r/worldnews/comments/niw6v8/china_renews_fosun_biontech_vaccine_offer_to/,t5_2qh13
93,"UK approves BioNTech/Pfizer vaccine, ready to use next week",3,k56l00,https://www.politico.eu/article/uk-approves-biontech-pfizer-vaccine-ready-to-use-next-week/?utm_source=RSS_Feed&utm_medium=RSS&utm_campaign=RSS_Syndication,0,2020-12-02 05:03:30,,Mr_DedicatedMan,0.59,/r/worldnews/comments/k56l00/uk_approves_biontechpfizer_vaccine_ready_to_use/,t5_2qh13
94,UK approves Pfizer-BioNTech COVID-19 vaccine in world first,0,k5emw2,https://www.reuters.com/article/us-health-coronavirus-britain-vaccine/uk-approves-pfizer-biontech-covid-19-vaccine-in-world-first-idUSKBN28C0OW,2,2020-12-02 13:08:11,,joesoldlegs,0.5,/r/worldnews/comments/k5emw2/uk_approves_pfizerbiontech_covid19_vaccine_in/,t5_2qh13
