,title,score,id,url,comms_num,created,body,author,upvote_ratio,permalink,subreddit_id
0,Poland checks for Indian variant after nun returning from India tests positive and dozens infected,802,n36i5d,https://notesfrompoland.com/2021/05/01/poland-checks-for-indian-variant-after-nun-returning-from-india-tests-positive-and-dozens-infected/,57,2021-05-02 09:34:34,,kommie,0.95,/r/worldnews/comments/n36i5d/poland_checks_for_indian_variant_after_nun/,t5_2qh13
1,Vietnam detects hybrid of Indian and UK COVID-19 variant,636,nngacu,https://www.reuters.com/world/asia-pacific/vietnam-detects-hybrid-indian-uk-covid-19-variant-2021-05-29/,204,2021-05-29 01:20:13,,AuntTifaNews,0.91,/r/worldnews/comments/nngacu/vietnam_detects_hybrid_of_indian_and_uk_covid19/,t5_2qh13
2,"Indian Variant 75% Of All New UK Covid Cases, Says Matt Hancock",377,nmx1kx,https://www.huffingtonpost.co.uk/entry/indian-variant-uk-covid-cases_uk_60afaecce4b0d56a83f3ffa4,80,2021-05-28 08:44:55,,signed7,0.89,/r/worldnews/comments/nmx1kx/indian_variant_75_of_all_new_uk_covid_cases_says/,t5_2qh13
3,New concerns as Indian Covid variant clusters found across England,372,n70mfp,https://www.theguardian.com/world/2021/may/06/new-concerns-indian-covid-variant-clusters-found-across-england-ongoing-risk-high?CMP=Share_AndroidApp_Other,55,2021-05-07 11:05:33,,iHRhabibur,0.91,/r/worldnews/comments/n70mfp/new_concerns_as_indian_covid_variant_clusters/,t5_2qh13
4,Malaysia reports first case of Indian COVID-19 variant,266,n35xsd,https://www.reuters.com/world/india/malaysia-reports-first-case-indian-covid-19-variant-2021-05-02/?taid=608ea126bde97b0001bad5d6&utm_campaign=trueAnthem:+Trending+Content&utm_medium=trueAnthem&utm_source=twitter,15,2021-05-02 09:00:23,,lurker_bee,0.92,/r/worldnews/comments/n35xsd/malaysia_reports_first_case_of_indian_covid19/,t5_2qh13
5,"Vietnam discovers new Covid-19 strain, hybrid of Indian and British variants",143,nnzod9,https://www.france24.com/en/asia-pacific/20210529-vietnam-discovers-new-covid-19-strain-hybrid-of-indian-and-british-variants,24,2021-05-29 20:21:32,,Elocum,0.87,/r/worldnews/comments/nnzod9/vietnam_discovers_new_covid19_strain_hybrid_of/,t5_2qh13
6,India asks social media firms to remove reference to 'Indian variant' of coronavirus,127,ni44dm,https://www.reuters.com/business/healthcare-pharmaceuticals/india-asks-social-media-firms-remove-reference-indian-variant-coronavirus-2021-05-21/,38,2021-05-21 18:05:15,,AuntTifaNews,0.81,/r/worldnews/comments/ni44dm/india_asks_social_media_firms_to_remove_reference/,t5_2qh13
7,"Indian Covid-19 variant behind the acceleration of India's explosive outbreak found in 44 countries around world, says WHO",120,naotdz,https://www.france24.com/en/europe/20210512-indian-covid-19-variant-found-in-44-countries-around-world-says-who,29,2021-05-12 09:35:47,,HenryCorp,0.84,/r/worldnews/comments/naotdz/indian_covid19_variant_behind_the_acceleration_of/,t5_2qh13
8,"Vietnam discovers new coronavirus variant with UK, Indian mutations",115,nnh0qt,https://e.vnexpress.net/news/news/vietnam-discovers-new-coronavirus-variant-with-uk-indian-mutations-4285878.html,48,2021-05-29 02:08:38,,eklooo,0.81,/r/worldnews/comments/nnh0qt/vietnam_discovers_new_coronavirus_variant_with_uk/,t5_2qh13
9,"Indian B.1.617 Covid Variant Found in At Least 17 Countries, Says WHO",101,n05vvl,https://www.news18.com/news/india/indian-b-1-617-covid-variant-found-in-at-least-17-countries-says-who-3683843.html,20,2021-04-27 23:28:09,,JoseThomas_303,0.84,/r/worldnews/comments/n05vvl/indian_b1617_covid_variant_found_in_at_least_17/,t5_2qh13
10,Vietnam says latest COVID-19 outbreak caused by hybrid of UK and Indian variants,87,nobf4j,https://i.stuff.co.nz/national/health/coronavirus/300320473/covid19-vietnam-says-latest-virus-outbreak-caused-by-hybrid-of-uk-and-indian-variants,10,2021-05-30 09:39:34,,BoGaN223,0.83,/r/worldnews/comments/nobf4j/vietnam_says_latest_covid19_outbreak_caused_by/,t5_2qh13
11,Vietnam detects hybrid of Indian and UK COVID-19 variant,79,nnkogh,https://www.reuters.com/world/asia-pacific/vietnam-detects-hybrid-indian-uk-covid-19-variant-2021-05-29/,17,2021-05-29 06:31:57,,PoliticiansAlwaysLie,0.81,/r/worldnews/comments/nnkogh/vietnam_detects_hybrid_of_indian_and_uk_covid19/,t5_2qh13
12,Taiwan bars arrivals from India as Indonesia reports first cases of Indian COVID-19 variant,72,n3ui2l,https://www.reuters.com/world/asia-pacific/taiwan-bars-arrivals-india-amid-coronavirus-crisis-2021-05-03/,3,2021-05-03 08:16:26,,Revolutionary_Stuff2,0.86,/r/worldnews/comments/n3ui2l/taiwan_bars_arrivals_from_india_as_indonesia/,t5_2qh13
13,"India has told social-media companies to remove posts that mention the false 'Indian variant' of COVID-19, say reports",60,nlou0q,https://news.yahoo.com/india-told-social-media-companies-114304938.html,26,2021-05-26 15:07:53,,spdrv89,0.77,/r/worldnews/comments/nlou0q/india_has_told_socialmedia_companies_to_remove/,t5_2qh13
14,Vietnam detects hybrid of Indian and UK COVID-19 variants,62,nnx58m,https://www.reuters.com/world/asia-pacific/vietnam-detects-hybrid-indian-uk-covid-19-variant-2021-05-29/,0,2021-05-29 17:53:02,,baguetteboy7,0.81,/r/worldnews/comments/nnx58m/vietnam_detects_hybrid_of_indian_and_uk_covid19/,t5_2qh13
15,India asks social media firms to remove reference to 'Indian variant' of coronavirus,49,nilymp,https://www.reuters.com/business/healthcare-pharmaceuticals/india-asks-social-media-firms-remove-reference-indian-variant-coronavirus-2021-05-21/,6,2021-05-22 12:11:34,,Jean_Zombi,0.74,/r/worldnews/comments/nilymp/india_asks_social_media_firms_to_remove_reference/,t5_2qh13
16,WHO says Indian variant is of 'global concern' - BBC News,41,n9odb8,https://www.bbc.com/news/world-asia-india-57067190,5,2021-05-11 00:02:35,,QuicklyThisWay,0.72,/r/worldnews/comments/n9odb8/who_says_indian_variant_is_of_global_concern_bbc/,t5_2qh13
17,India orders removal of content referring to ‘Indian variant’,39,nimkkr,https://www.theguardian.com/world/2021/may/22/india-orders-removal-of-content-referring-to-indian-variant,10,2021-05-22 12:40:26,,am3l1a,0.72,/r/worldnews/comments/nimkkr/india_orders_removal_of_content_referring_to/,t5_2qh13
18,China locks down part of Guangzhou amid outbreak of Indian Covid variant,39,nq47to,https://www.theguardian.com/world/2021/jun/01/china-locks-down-part-of-guangzhou-amid-outbreak-of-indian-covid-variant,8,2021-06-01 16:48:54,,benh999,0.75,/r/worldnews/comments/nq47to/china_locks_down_part_of_guangzhou_amid_outbreak/,t5_2qh13
19,India asks social media firms to remove reference to ‘Indian variant’ of coronavirus,38,nizul9,https://indianexpress.com/article/india/india-asks-social-media-firms-to-remove-reference-to-indian-variant-of-coronavirus-7325346/,16,2021-05-23 00:20:35,,micro_haila,0.72,/r/worldnews/comments/nizul9/india_asks_social_media_firms_to_remove_reference/,t5_2qh13
20,Four vaccinated Israelis infected with Indian variant - Health Ministry,36,n11qh5,https://www.jpost.com/israel-news/three-people-infected-with-indian-variant-inside-israel-report-666683,7,2021-04-29 06:49:22,,KappaKeepoGreyface,0.76,/r/worldnews/comments/n11qh5/four_vaccinated_israelis_infected_with_indian/,t5_2qh13
21,Covid: Increasing confidence jabs work against Indian variant,27,ndrwb4,https://www.bbc.co.uk/news/uk-57134181,11,2021-05-16 12:24:27,,VORTXS,0.67,/r/worldnews/comments/ndrwb4/covid_increasing_confidence_jabs_work_against/,t5_2qh13
22,"Indian coronavirus variant has now spread to almost 50 countries, says WHO",29,nanlc8,https://www.washingtonpost.com/nation/2021/05/12/coronavirus-covid-live-updates-us/,10,2021-05-12 08:34:33,,AoiTopGear,0.75,/r/worldnews/comments/nanlc8/indian_coronavirus_variant_has_now_spread_to/,t5_2qh13
23,Covid Indian Variant Detected In Kenya,30,n5pnib,https://www.ndtv.com/world-news/covid-indian-variant-detected-in-kenya-2429121,2,2021-05-05 16:25:18,,baavramallah,0.78,/r/worldnews/comments/n5pnib/covid_indian_variant_detected_in_kenya/,t5_2qh13
24,Covid: Indian variant being investigated in UK,30,mu7ds4,https://www.bbc.com/news/uk-56792740,1,2021-04-19 14:41:28,,mehedi475871,0.77,/r/worldnews/comments/mu7ds4/covid_indian_variant_being_investigated_in_uk/,t5_2qh13
25,Indian Covid-19 variant found in at least 17 countries: WHO,29,n072uv,https://www.hindustantimes.com/india-news/indian-covid-19-variant-found-in-at-least-17-countries-who-101619572922138.html,10,2021-04-28 00:41:28,,junostik,0.77,/r/worldnews/comments/n072uv/indian_covid19_variant_found_in_at_least_17/,t5_2qh13
26,French Health Minister: must not underestimate potential danger of Indian COVID variant,32,n1s548,https://www.reuters.com/world/india/french-health-minister-must-not-underestimate-potential-danger-indian-covid-2021-04-30/?taid=608be9232a06f20001a88a6a&utm_campaign=trueAnthem:+Trending+Content&utm_medium=trueAnthem&utm_source=twitter,0,2021-04-30 07:48:33,,aurelion_sol01,0.75,/r/worldnews/comments/n1s548/french_health_minister_must_not_underestimate/,t5_2qh13
27,Russia records first cases of Indian COVID variant - Kommersant,31,nbe9jy,https://www.reuters.com/world/russia-records-first-cases-indian-covid-variant-kommersant-2021-05-13/,2,2021-05-13 07:19:06,,Purple_Wasabi,0.72,/r/worldnews/comments/nbe9jy/russia_records_first_cases_of_indian_covid/,t5_2qh13
28,"Indian variant cases recorded in UK rise to 3,424",29,nh55fk,http://news.sky.com/story/indian-variant-cases-recorded-in-uk-rise-to-3424-12312152,2,2021-05-20 12:46:50,,Garados130,0.76,/r/worldnews/comments/nh55fk/indian_variant_cases_recorded_in_uk_rise_to_3424/,t5_2qh13
29,India orders removal of content referring to ‘Indian variant’,28,nixter,https://www.theguardian.com/world/2021/may/22/india-orders-removal-of-content-referring-to-indian-variant?CMP=Share_AndroidApp_Other,12,2021-05-22 22:14:36,,Elocum,0.68,/r/worldnews/comments/nixter/india_orders_removal_of_content_referring_to/,t5_2qh13
30,"More Covid Cases Of ""Concerning"" Indian Variant Found In UK",19,n7ya8n,https://www.ndtv.com/india-news/more-covid-cases-of-concerning-indian-variant-found-in-uk-2437970,1,2021-05-08 16:55:06,,HelicopterActive2954,0.64,/r/worldnews/comments/n7ya8n/more_covid_cases_of_concerning_indian_variant/,t5_2qh13
31,Indian vaccine makers say can quickly adapt to tackle variants,22,lptz7d,https://www.reuters.com/article/health-coronavirus-india-vaccine/indian-vaccine-makers-say-can-quickly-adapt-to-tackle-variants-idUSKBN2AM21Y,1,2021-02-22 12:16:39,,Higuess80,0.75,/r/worldnews/comments/lptz7d/indian_vaccine_makers_say_can_quickly_adapt_to/,t5_2qh13
32,20 indian students positive to the indian variants arrived in Belgium this week.,19,mwnrd2,https://www.rtl.be/info/belgique/societe/plusieurs-cas-du-variant-indien-du-covid-19-le-double-mutant-detectes-en-belgique-1294624.aspx,7,2021-04-23 00:59:09,,Pioustarcraft,0.68,/r/worldnews/comments/mwnrd2/20_indian_students_positive_to_the_indian/,t5_2qh13
33,Britain to adapt vaccine rollout to tackle Indian variant,18,nc3au4,https://www.reuters.com/world/uk/england-reopen-monitor-indian-coronavirus-variant-minister-says-2021-05-14/?taid=609e24a626285b0001a8277e&utm_campaign=trueAnthem:+Trending+Content&utm_medium=trueAnthem&utm_source=twitter,1,2021-05-14 04:03:22,,aurelion_sol01,0.75,/r/worldnews/comments/nc3au4/britain_to_adapt_vaccine_rollout_to_tackle_indian/,t5_2qh13
34,Indian woman with deadly corona variant enters Pakistan,12,nk4e79,https://www.thenews.com.pk/amp/839207-indian-woman-with-deadly-corona-variant-enters-pakistan,7,2021-05-24 14:14:35,,DegnarOskold,0.6,/r/worldnews/comments/nk4e79/indian_woman_with_deadly_corona_variant_enters/,t5_2qh13
35,Malaysia reports first case of Indian COVID-19 variant,21,n3mqvj,https://www.channelnewsasia.com/news/asia/covid-19-malaysia-first-indian-variant-14731866,1,2021-05-02 23:20:31,,redhatGizmo,0.74,/r/worldnews/comments/n3mqvj/malaysia_reports_first_case_of_indian_covid19/,t5_2qh13
36,Philippines records first two cases of Indian coronavirus variant,18,n9rt9b,https://www.reuters.com/article/health-coronavirus-philippines-idUSP9N2LN008,1,2021-05-11 04:00:44,,filmgamegeek,0.7,/r/worldnews/comments/n9rt9b/philippines_records_first_two_cases_of_indian/,t5_2qh13
37,UK variant not more contagious than Indian strain: NIV,13,mgw0s6,https://www.thehindu.com/sci-tech/health/uk-variant-not-more-contagious-than-indian-strain-niv/article34192523.ece,2,2021-03-30 22:23:29,,GetOutOfTheWhey,0.68,/r/worldnews/comments/mgw0s6/uk_variant_not_more_contagious_than_indian_strain/,t5_2qh13
38,COVID-19: UK cases of South African variant rise - as Indian double mutation also heads to Britain,12,ms28r1,https://news.sky.com/story/covid-19-uk-cases-of-south-african-variant-rise-as-indian-double-mutation-also-heads-to-britain-12276830,3,2021-04-16 08:37:24,,Purple_Wasabi,0.7,/r/worldnews/comments/ms28r1/covid19_uk_cases_of_south_african_variant_rise_as/,t5_2qh13
39,Covid-19: Up to 75% of new UK cases could be Indian variant - Matt Hancock,14,nmzxsu,https://www.bbc.com/news/uk-57275276,6,2021-05-28 11:10:34,,nimobo,0.64,/r/worldnews/comments/nmzxsu/covid19_up_to_75_of_new_uk_cases_could_be_indian/,t5_2qh13
40,India asks social media firms to remove reference to 'Indian variant' of coronavirus,13,njm435,https://www.straitstimes.com/asia/south-asia/india-asks-social-media-firms-to-remove-reference-to-indian-variant-of-coronavirus,10,2021-05-23 21:14:31,,chonker200,0.6,/r/worldnews/comments/njm435/india_asks_social_media_firms_to_remove_reference/,t5_2qh13
41,UK scientists warn over Indian COVID ‘variant of concern’: Report,12,n71msy,https://www.aljazeera.com/news/2021/5/7/uk-scientists-warn-over-indian-covid-variant-of-concern-report,0,2021-05-07 11:49:45,,vokiel,0.62,/r/worldnews/comments/n71msy/uk_scientists_warn_over_indian_covid_variant_of/,t5_2qh13
42,COVID vaccines possibly less effective against Indian variant -German health official,13,nhosz9,https://www.reuters.com/business/healthcare-pharmaceuticals/covid-vaccines-possibly-less-effective-against-indian-variant-german-health-2021-05-21/,0,2021-05-21 05:57:56,,Gaming-Imagination,0.66,/r/worldnews/comments/nhosz9/covid_vaccines_possibly_less_effective_against/,t5_2qh13
43,BioNTech co-founder ‘confident’ vaccine works against Indian variant of COVID-19,7,n0g6ai,https://newsinfo.inquirer.net/1424955/biontech-co-founder-confident-vaccine-works-against-indian-variant-of-covid-19,19,2021-04-28 10:34:49,,TaylorTylerTailor,0.59,/r/worldnews/comments/n0g6ai/biontech_cofounder_confident_vaccine_works/,t5_2qh13
44,"Covid: Vietnam detects new UK-Indian variant, health officials say",9,no49xp,https://www.bbc.co.uk/news/world-asia-57296803,0,2021-05-30 01:28:27,,canadaoilguy,0.59,/r/worldnews/comments/no49xp/covid_vietnam_detects_new_ukindian_variant_health/,t5_2qh13
45,India orders removal of content referring to ‘Indian variant’,3,njap4a,https://www.theguardian.com/world/2021/may/22/india-orders-removal-of-content-referring-to-indian-variant,3,2021-05-23 12:01:26,,165701020,0.54,/r/worldnews/comments/njap4a/india_orders_removal_of_content_referring_to/,t5_2qh13
46,British officials to warn over Indian coronavirus variant,3,n6tunh,https://www.reuters.com/world/uk/british-officials-warn-over-indian-coronavirus-variant-reports-2021-05-07/?taid=6094f8334492f900010b875e&utm_campaign=trueAnthem:+Trending+Content&utm_medium=trueAnthem&utm_source=twitter,1,2021-05-07 04:37:26,,Adalyn_Sara,0.54,/r/worldnews/comments/n6tunh/british_officials_to_warn_over_indian_coronavirus/,t5_2qh13
