,title,score,id,url,comms_num,created,body,author,upvote_ratio,permalink,subreddit_id
0,Biden to send 4 million AstraZeneca vaccine doses to Canada and Mexico,63703,m7y1zy,https://www.independent.co.uk/news/world/americas/us-politics/astrazeneca-vaccine-canada-mexico-biden-b1819182.html,4633,2021-03-18 14:57:52,,Dull_Tonight,0.83,/r/worldnews/comments/m7y1zy/biden_to_send_4_million_astrazeneca_vaccine_doses/,t5_2qh13
1,Prime Minister Justin Trudeau to receive AstraZeneca vaccine on Friday,7431,mwk4kr,https://www.ctvnews.ca/politics/prime-minister-justin-trudeau-to-receive-astrazeneca-vaccine-on-friday-1.5399030,1187,2021-04-22 21:32:13,,ONE-OF-THREE,0.94,/r/worldnews/comments/mwk4kr/prime_minister_justin_trudeau_to_receive/,t5_2qh13
2,Ireland to pause use of AstraZeneca vaccine as precaution while blood clot concerns are investigated,6351,m4seck,https://www.thejournal.ie/astrazeneca-suspension-ireland-5380974-Mar2021/,1175,2021-03-14 05:56:43,,dinozaur2020,0.95,/r/worldnews/comments/m4seck/ireland_to_pause_use_of_astrazeneca_vaccine_as/,t5_2qh13
3,US will share AstraZeneca vaccines with world,4483,mz2e4r,https://apnews.com/article/politics-health-business-government-and-politics-coronavirus-26fa41b98fab721218d9a51065351d9d,904,2021-04-26 13:01:31,,misana123,0.94,/r/worldnews/comments/mz2e4r/us_will_share_astrazeneca_vaccines_with_world/,t5_2qh13
4,Experts are concerned that AstraZeneca has not been more forthcoming about two participants who became seriously ill after getting its experimental vaccine.,3824,j06bfl,https://www.nytimes.com/2020/09/19/health/astrazeneca-vaccine-safety-blueprints.html,272,2020-09-26 09:47:36,,dogmodoga,0.96,/r/worldnews/comments/j06bfl/experts_are_concerned_that_astrazeneca_has_not/,t5_2qh13
5,Canada to donate almost 18 million surplus AstraZeneca doses to low- and middle-income countries,2177,oit61l,https://www.cbc.ca/news/politics/covax-donations-astrazeneca-surplus-1.6099072,332,2021-07-12 11:08:31,,headtailgrep,0.95,/r/worldnews/comments/oit61l/canada_to_donate_almost_18_million_surplus/,t5_2qh13
6,Denmark to permanently cease using AstraZeneca vaccine - media,2124,mqo5qb,https://www.reuters.com/article/idUSKBN2C118T,658,2021-04-14 06:59:31,,dinozaur2020,0.95,/r/worldnews/comments/mqo5qb/denmark_to_permanently_cease_using_astrazeneca/,t5_2qh13
7,Poland Official Calls AstraZeneca Scare 'Planned Disinformation' As Europe Divides Over Shot,1883,m6hpca,https://www.newsweek.com/poland-official-calls-astrazeneca-scare-planned-disinformation-europe-divides-over-shot-1576614,464,2021-03-16 15:50:42,,Twoweekswithpay,0.94,/r/worldnews/comments/m6hpca/poland_official_calls_astrazeneca_scare_planned/,t5_2qh13
8,"Covid: AstraZeneca vaccine 79% effective with no increased blood clot risk – US trial | Study of over 32,000 people included review of risks of cerebral venous sinus thrombosis",1790,maivjv,https://www.theguardian.com/society/2021/mar/22/astrazeneca-covid-vaccine-79-effective-with-no-increased-blood-clot-risk-us-trial,395,2021-03-22 04:55:55,,berberium,0.93,/r/worldnews/comments/maivjv/covid_astrazeneca_vaccine_79_effective_with_no/,t5_2qh13
9,Oxford AstraZeneca vaccine to be sold to developing countries at cost price,1353,k02aon,https://www.theguardian.com/global-development/2020/nov/23/oxford-astrazeneca-results-covid-vaccine-developing-countries,96,2020-11-24 05:02:31,,LIS1050010,0.96,/r/worldnews/comments/k02aon/oxford_astrazeneca_vaccine_to_be_sold_to/,t5_2qh13
10,"Seven people have died from unusual blood clots after getting the Oxford-AstraZeneca vaccine in the UK, the medicines regulator has confirmed to the BBC.",1334,mit0js,https://www.bbc.com/news/health-56620646,446,2021-04-02 16:35:25,,green_flash,0.9,/r/worldnews/comments/mit0js/seven_people_have_died_from_unusual_blood_clots/,t5_2qh13
11,Indian vaccine maker to produce Oxford-AstraZeneca and other COVID-19 vaccine candidates for $3 per dose.,1282,i5eaaq,https://in.reuters.com/article/us-health-coronavirus-india-vaccine/indias-serum-institute-to-get-150-million-from-gates-foundation-for-covid-19-vaccine-idINKCN2531B4,129,2020-08-07 09:58:44,,sleepy-moron,0.96,/r/worldnews/comments/i5eaaq/indian_vaccine_maker_to_produce_oxfordastrazeneca/,t5_2qh13
12,"HRH The Prince of Wales unveiled new sustainability charter, named ""Terra Carta,"" backed by leading international businesses, including Bank of America, BlackRock, Unilever, AstraZeneca and BP. ""Basis of a recovery plan that puts Nature, People and Planet at the heart of global value creation.""",1259,kv0pca,https://www.businessinsider.com/prince-of-wales-unveils-new-bofa-backed-sustainability-charter-2021-1,214,2021-01-11 06:14:50,,honolulu_oahu_mod,0.93,/r/worldnews/comments/kv0pca/hrh_the_prince_of_wales_unveiled_new/,t5_2qh13
13,"Second volunteer in AstraZeneca coronavirus vaccine trial suffering from unexplained neurological illness, company forced to release trial blueprints",1236,iw9axw,https://www.nytimes.com/2020/09/19/health/astrazeneca-vaccine-safety-blueprints.html,198,2020-09-20 03:23:13,,Nicky666,0.97,/r/worldnews/comments/iw9axw/second_volunteer_in_astrazeneca_coronavirus/,t5_2qh13
14,Italian authorities discover 29M Oxford/AstraZeneca doses: La Stampa,1161,mc28ha,https://www.politico.eu/article/italian-authorities-discover-29m-oxford-astrazeneca-vaccine-doses-la-stampa/,434,2021-03-24 06:16:30,,dinozaur2020,0.95,/r/worldnews/comments/mc28ha/italian_authorities_discover_29m/,t5_2qh13
15,Second dose of AstraZeneca vaccine no longer recommended in Canada,1009,o56ab2,https://vancouversun.com/news/local-news/covid-19-second-dose-of-astrazeneca-vaccine-no-longer-recommended-in-canada,320,2021-06-21 17:38:27,,edifsego,0.93,/r/worldnews/comments/o56ab2/second_dose_of_astrazeneca_vaccine_no_longer/,t5_2qh13
16,Germany's vaccine regulator reports 31 cases of blood disorder after AstraZeneca shot,967,mgducb,https://www.reuters.com/article/idUSS8N2KO06C,371,2021-03-30 07:30:47,,dinozaur2020,0.9,/r/worldnews/comments/mgducb/germanys_vaccine_regulator_reports_31_cases_of/,t5_2qh13
17,"More than 700,000 AstraZeneca doses secretly flown to Australia from Britain",935,mmoi5t,https://www.smh.com.au/world/europe/more-than-700-000-astrazeneca-doses-secretly-flown-to-australia-from-britain-20210407-p57hcl.html,175,2021-04-08 06:04:00,,signed7,0.92,/r/worldnews/comments/mmoi5t/more_than_700000_astrazeneca_doses_secretly_flown/,t5_2qh13
18,Canada adds blood clot warning to AstraZeneca's COVID-19 vaccine,918,mcm2w5,https://www.reuters.com/article/idUSKBN2BH02F,242,2021-03-24 21:10:05,,dinozaur2020,0.94,/r/worldnews/comments/mcm2w5/canada_adds_blood_clot_warning_to_astrazenecas/,t5_2qh13
19,"The European Union is paying less money than the United States for a range of coronavirus vaccines - The EU has a 24% discount on the Pfizer-BioNTech vaccine compared to the US, and will pay 45% less than the US for the AstraZeneca-Oxford vaccine, but 20% more for the Moderna vaccine",895,kfqbsc,https://www.washingtonpost.com/world/eu-coronavirus-vaccines-cheaper-than-united-states/2020/12/18/06677e34-4139-11eb-b58b-1623f6267960_story.html,142,2020-12-18 13:10:39,,Reilly616,0.93,/r/worldnews/comments/kfqbsc/the_european_union_is_paying_less_money_than_the/,t5_2qh13
20,AstraZeneca vaccine: EU agency says AstraZeneca is 'safe and effective',830,m7uatv,https://www.bbc.co.uk/news/world-europe-56440139,282,2021-03-18 12:13:15,,PoppinKREAM,0.94,/r/worldnews/comments/m7uatv/astrazeneca_vaccine_eu_agency_says_astrazeneca_is/,t5_2qh13
21,Scientists find clues to why AstraZeneca's vaccine may cause clots,680,mptk9r,https://www.upi.com/Health_News/2021/04/10/AstraZeneca-COVID-19-vaccine-blood-clots/1251618060511/,145,2021-04-12 22:51:08,,dankmememoderator,0.95,/r/worldnews/comments/mptk9r/scientists_find_clues_to_why_astrazenecas_vaccine/,t5_2qh13
22,U.K. now has enough vaccine ‘to cover the entire population’ after AstraZeneca–Oxford COVID-19 vaccine approved,671,kn7dbl,https://www.marketwatch.com/story/u-k-now-has-enough-vaccine-to-cover-the-entire-population-after-astrazeneca-and-oxford-covid-19-vaccine-approved-11609317819?mod=newsviewer_click_seemore,152,2020-12-30 13:11:40,,DoremusJessup,0.92,/r/worldnews/comments/kn7dbl/uk_now_has_enough_vaccine_to_cover_the_entire/,t5_2qh13
23,AstraZeneca trial in children paused after more blood clot reports in adults,644,mlo7dw,https://www.independent.ie/world-news/europe/britain/astrazeneca-trial-in-children-paused-after-more-blood-clot-reports-in-adults-40282420.html,276,2021-04-06 18:55:56,,RobynLalaa,0.93,/r/worldnews/comments/mlo7dw/astrazeneca_trial_in_children_paused_after_more/,t5_2qh13
24,"German states call for unused AstraZeneca Covid-19 vaccine to be given to younger people, only 15% of available shots have been administered so far",599,lug9oe,https://www.straitstimes.com/world/europe/german-states-call-for-unused-astrazeneca-covid-19-vaccine-to-be-given-to-younger,92,2021-02-28 08:37:37,,Epicurium,0.94,/r/worldnews/comments/lug9oe/german_states_call_for_unused_astrazeneca_covid19/,t5_2qh13
25,"Canadian health officials watching probes of AstraZeneca vaccine, but see no sign it causes blood clots",567,m33eky,https://www.cbc.ca/news/world/coronavirus-covid19-canada-world-march11-2021-1.5945218,75,2021-03-11 18:10:07,,proudcanadianeh,0.91,/r/worldnews/comments/m33eky/canadian_health_officials_watching_probes_of/,t5_2qh13
26,"12 new blood clot cases ‘likely’ linked to AstraZeneca’s COVID-19 vaccine, TGA says",515,o30s0a,https://7news.com.au/lifestyle/health-wellbeing/12-new-blood-clot-cases-likely-linked-astrazenecas-covid-19-vaccine-tga-says-c-3138073,208,2021-06-18 17:31:40,,edifsego,0.86,/r/worldnews/comments/o30s0a/12_new_blood_clot_cases_likely_linked_to/,t5_2qh13
27,"Two Pfizer, AstraZeneca doses work against Delta variant: study",512,op6pab,https://www.aljazeera.com/news/2021/7/22/two-pfizer-astrazeneca-doses-work-against-delta-variant-study,132,2021-07-22 00:33:01,,SteO153,0.91,/r/worldnews/comments/op6pab/two_pfizer_astrazeneca_doses_work_against_delta/,t5_2qh13
28,Oxford/AstraZeneca Covid vaccine approved by UK regulator,506,kmxjg4,https://www.theguardian.com/society/2020/dec/30/oxford-astrazeneca-covid-vaccine-approved-by-uk-regulator?CMP=Share_AndroidApp_Other,146,2020-12-30 02:17:46,,kiwiloverbutallergic,0.94,/r/worldnews/comments/kmxjg4/oxfordastrazeneca_covid_vaccine_approved_by_uk/,t5_2qh13
29,AstraZeneca: German team discovers thrombosis trigger,461,m8nyu5,https://www.dw.com/en/astrazeneca-german-team-discovers-thrombosis-trigger/a-56925550,264,2021-03-19 14:41:12,,College_Prestige,0.93,/r/worldnews/comments/m8nyu5/astrazeneca_german_team_discovers_thrombosis/,t5_2qh13
30,Australia’s top medical body refuses to endorse PM’s announcement that under-40s can get AstraZeneca,434,oa4j07,https://www.theguardian.com/australia-news/2021/jun/29/australia-astrazeneca-covid-vaccine-top-medical-body-ama-rejects-prime-minister-scott-morrison-announcement-under-40s-can-get-az-vaccination,129,2021-06-29 05:05:11,,Simulatour,0.92,/r/worldnews/comments/oa4j07/australias_top_medical_body_refuses_to_endorse/,t5_2qh13
31,"No more vaccine exports until you fulfill your contracts, EU tells AstraZeneca",406,mdb0ow,https://www.reuters.com/article/us-eu-summit-astrazeneca-von-der-leyen/no-more-vaccine-exports-until-you-fulfill-your-contracts-eu-tells-astrazeneca-idUSKBN2BH3GR,315,2021-03-25 19:10:30,,WiReY_GuY,0.93,/r/worldnews/comments/mdb0ow/no_more_vaccine_exports_until_you_fulfill_your/,t5_2qh13
32,"AstraZeneca COVID-19 Vaccine Has Link With Blood Clots, Cause Unclear, Says Top European Medicines Agency Official",384,ml94ct,https://in.news.yahoo.com/astrazeneca-covid-19-vaccine-blood-102140574.html,184,2021-04-06 07:06:27,,miura_lyov,0.83,/r/worldnews/comments/ml94ct/astrazeneca_covid19_vaccine_has_link_with_blood/,t5_2qh13
33,"J&J COVID-19 vaccine under EU review over blood clots, AstraZeneca probe grows",385,moiuwf,https://www.reuters.com/article/us-health-coronavirus-europe-vaccines/jj-covid-19-vaccine-under-eu-review-over-blood-clots-astrazeneca-probe-grows-idUSKBN2BW1MB,254,2021-04-10 22:54:10,,165701020,0.9,/r/worldnews/comments/moiuwf/jj_covid19_vaccine_under_eu_review_over_blood/,t5_2qh13
34,"COVID-19: Oxford/AstraZeneca jab is 'excellent' and 'no reason not to use it', says WHO",351,m3lsna,https://news.sky.com/story/covid-19-oxford-astrazeneca-jab-is-excellent-and-no-reason-not-to-use-it-says-who-12243882,129,2021-03-12 11:57:10,,ahm713,0.87,/r/worldnews/comments/m3lsna/covid19_oxfordastrazeneca_jab_is_excellent_and_no/,t5_2qh13
35,"Mexico Gets Over 800,000 AstraZeneca Vaccine Doses From India",335,lkj7pd,https://www.ndtv.com/world-news/mexico-gets-over-8-lakh-astrazeneca-vaccine-doses-from-india-2370622,87,2021-02-15 13:06:11,,iamarddtusr,0.81,/r/worldnews/comments/lkj7pd/mexico_gets_over_800000_astrazeneca_vaccine_doses/,t5_2qh13
36,Doctors baffled as countries suspend use of AstraZeneca vaccine over blood clot fears,335,m652xs,https://www.cnbc.com/2021/03/16/astrazeneca-covid-vaccine-doctors-react-as-eu-countries-suspend-shot.html,202,2021-03-16 05:26:11,,FriesWithThat,0.87,/r/worldnews/comments/m652xs/doctors_baffled_as_countries_suspend_use_of/,t5_2qh13
37,AstraZeneca to deliver less than 40% of promised vaccines in second quarter,316,m703ox,https://nltimes.nl/2021/03/17/astrazeneca-deliver-less-40-promised-vaccines-second-quarter,99,2021-03-17 09:13:18,,dinozaur2020,0.92,/r/worldnews/comments/m703ox/astrazeneca_to_deliver_less_than_40_of_promised/,t5_2qh13
38,"AstraZeneca announces further cuts in COVID vaccine deliveries to EU citing production woes at Belgian plant and export restrictions elsewhere, aims to deliver only 40 million doses in Q1 out of 120 million initially promised.",303,m4s0lz,https://www.euronews.com/2021/03/13/covid-vaccines-astrazeneca-announces-further-cuts-in-deliveries-to-eu,118,2021-03-14 05:23:28,,green_flash,0.9,/r/worldnews/comments/m4s0lz/astrazeneca_announces_further_cuts_in_covid/,t5_2qh13
39,Angela Merkel given Moderna as second COVID-19 jab after having AstraZeneca as first injection,271,o65yba,https://www.euronews.com/2021/06/22/angela-merkel-given-moderna-as-second-covid-19-jab-after-having-astrazeneca-as-first-injec,79,2021-06-23 00:58:50,,edifsego,0.9,/r/worldnews/comments/o65yba/angela_merkel_given_moderna_as_second_covid19_jab/,t5_2qh13
40,Pressure mounts on Biden admin to ship AstraZeneca vaccine to India,271,mxfjtm,https://www.cnbctv18.com/healthcare/pressure-mounts-on-biden-admin-to-ship-astrazeneca-vaccine-to-india-9045511.htm,42,2021-04-24 04:10:56,,dinozaur2020,0.84,/r/worldnews/comments/mxfjtm/pressure_mounts_on_biden_admin_to_ship/,t5_2qh13
41,"Oxford study indicates AstraZeneca effective against Brazil variant, source says",270,lye4wk,https://www.reuters.com/article/us-health-coronavirus-brazil-variant-exc/exclusive-oxford-study-indicates-astrazeneca-effective-against-brazil-variant-source-says-idUSKBN2AX1NS,14,2021-03-05 10:21:33,,drunkles,0.93,/r/worldnews/comments/lye4wk/oxford_study_indicates_astrazeneca_effective/,t5_2qh13
42,'Insufficient data': Switzerland declines to approve AstraZeneca vaccine,260,lbqo9w,https://www.thelocal.ch/20210203/insufficient-data-switzerland-declines-to-approve-astrazeneca-vaccine,26,2021-02-03 10:58:10,,signed7,0.94,/r/worldnews/comments/lbqo9w/insufficient_data_switzerland_declines_to_approve/,t5_2qh13
43,Canada suspends use of AstraZeneca Covid vaccine for those under 55 | Coronavirus,256,mg4vdp,https://www.theguardian.com/world/2021/mar/30/canada-suspends-use-of-astrazeneca-covid-vaccine-for-those-under-55,78,2021-03-29 21:36:20,,rmumford,0.91,/r/worldnews/comments/mg4vdp/canada_suspends_use_of_astrazeneca_covid_vaccine/,t5_2qh13
44,"North Korea rejected AstraZeneca's Covid-19 vaccine over side effects, says think-tank",249,ogsovs,http://www.straitstimes.com/asia/east-asia/north-korea-rejected-astrazenecas-covid-19-vaccine-over-side-effects-says-think-tank,73,2021-07-09 06:20:25,,SteO153,0.91,/r/worldnews/comments/ogsovs/north_korea_rejected_astrazenecas_covid19_vaccine/,t5_2qh13
45,EU threatens to ban AstraZeneca exports to the world if vaccines not delivered to EU first.,232,ma3im3,https://www.aljazeera.com/news/2021/3/20/eu-threatens-to-ban-astrazeneca-exports-if-vaccines-not-delivered,127,2021-03-21 15:03:56,,Haki_User,0.87,/r/worldnews/comments/ma3im3/eu_threatens_to_ban_astrazeneca_exports_to_the/,t5_2qh13
46,"""Over the past year eight of the world's top 10 drugmakers - Pfizer Inc, Novartis AG, Merck & Co Inc, Sanofi, AstraZeneca, GlaxoSmithKline Plc, Johnson & Johnson and Eli Lilly & Co - have all warned that they may face liabilities related to charges of corruption in numerous overseas markets.""",221,qaohi,http://www.reuters.com/article/2012/02/28/us-pharma-corruption-idUSTRE81R0S720120228,12,2012-02-28 21:36:53,,RegOhst,0.95,/r/worldnews/comments/qaohi/over_the_past_year_eight_of_the_worlds_top_10/,t5_2qh13
47,Italy halts AstraZeneca vaccine for under-60s,223,nz2ro5,https://www.reuters.com/world/europe/italy-halts-astrazeneca-vaccine-under-60s-after-teenager-dies-2021-06-11/,43,2021-06-13 14:35:41,,edifsego,0.91,/r/worldnews/comments/nz2ro5/italy_halts_astrazeneca_vaccine_for_under60s/,t5_2qh13
48,"Canada sure that all COVID-19 vaccines are safe, including AstraZeneca doses - PM",221,m5sdj3,https://www.reuters.com/article/us-health-coronavirus-canada-astrazenaca/canada-sure-that-all-covid-19-vaccines-are-safe-including-astrazeneca-doses-pm-idUSKBN2B724B,45,2021-03-15 15:13:18,,RevanAvarice,0.89,/r/worldnews/comments/m5sdj3/canada_sure_that_all_covid19_vaccines_are_safe/,t5_2qh13
49,AstraZeneca vaccine set to become first to get approval in India,196,ko97mk,https://in.reuters.com/article/health-coronavirus-india-vaccine/astrazeneca-covid-vaccine-set-to-become-first-one-approved-in-india-sources-idINKBN296290?il=0,18,2021-01-01 05:31:38,,sunflowerhs,0.87,/r/worldnews/comments/ko97mk/astrazeneca_vaccine_set_to_become_first_to_get/,t5_2qh13
50,"Falkland Islands to receive 3,000 doses of Oxford-AstraZeneca vaccine (Population 2,840)- At 1.10am on Monday, a military aircraft containing 3,000 doses of the vaccine departed",176,la3se2,https://news.sky.com/story/covid-19-falkland-islands-to-receive-3000-doses-of-oxford-astrazeneca-vaccine-12205054?dcmp=snt-sf-twitter,29,2021-02-01 09:06:18,,TheGreatPompey,0.91,/r/worldnews/comments/la3se2/falkland_islands_to_receive_3000_doses_of/,t5_2qh13
51,Global report: AstraZeneca chief believes Covid vaccine will work on variant strain,161,kkx10b,https://www.theguardian.com/world/2020/dec/27/global-report-astrazeneca-chief-believes-vaccine-will-work-on-variant-strain?CMP=Share_iOSApp_Other,37,2020-12-26 23:21:25,,2tidderevoli,0.87,/r/worldnews/comments/kkx10b/global_report_astrazeneca_chief_believes_covid/,t5_2qh13
52,EU blocks AstraZeneca exports from Italy to Australia -sources,169,lxncje,https://news.trust.org/item/20210304140233-dpgp4/,170,2021-03-04 10:41:27,,WannoHacker,0.89,/r/worldnews/comments/lxncje/eu_blocks_astrazeneca_exports_from_italy_to/,t5_2qh13
53,Ontario will no longer give AstraZeneca COVID-19 vaccine as 1st dose due to blood clot risk,158,na7hlf,https://www.cbc.ca/news/canada/toronto/ontario-update-astrazeneca-vaccine-1.6022545,16,2021-05-11 16:55:44,,ONE-OF-THREE,0.89,/r/worldnews/comments/na7hlf/ontario_will_no_longer_give_astrazeneca_covid19/,t5_2qh13
54,Berlin state hospitals halt AstraZeneca vaccinations of women under 55,158,mgctzd,https://www.reuters.com/article/idUSKBN2BM13E,23,2021-03-30 06:25:31,,dinozaur2020,0.86,/r/worldnews/comments/mgctzd/berlin_state_hospitals_halt_astrazeneca/,t5_2qh13
55,Japan to donate AstraZeneca vaccines to Thailand,152,o4rt3b,https://www.reuters.com/world/asia-pacific/japan-donate-astrazeneca-vaccines-thailand-2021-06-21/,17,2021-06-21 06:05:20,,AuntTifaNews,0.87,/r/worldnews/comments/o4rt3b/japan_to_donate_astrazeneca_vaccines_to_thailand/,t5_2qh13
56,"WHO recommends wide use of AstraZeneca vaccine, including over 65s",135,lgxjq6,https://www.irishtimes.com/business/health-pharma/who-recommends-wide-use-of-astrazeneca-vaccine-including-over-65s-1.4481193,22,2021-02-10 11:37:31,,quixotic_cynic,0.86,/r/worldnews/comments/lgxjq6/who_recommends_wide_use_of_astrazeneca_vaccine/,t5_2qh13
57,Australia won’t buy Johnson & Johnson’s one-dose Covid vaccine due to AstraZeneca similarities,127,mpymi6,https://www.theguardian.com/society/2021/apr/13/australia-wont-buy-johnson-johnsons-one-dose-covid-vaccine-due-to-astrazeneca-similarities,20,2021-04-13 05:15:49,,diacewrb,0.89,/r/worldnews/comments/mpymi6/australia_wont_buy_johnson_johnsons_onedose_covid/,t5_2qh13
58,German experts say under 60s should not get second AstraZeneca vaccine,125,miaf23,https://www.reuters.com/article/us-health-coronavirus-germany-astrazenec-idUSKBN2BO6KZ,63,2021-04-01 21:56:51,,edourdoo1,0.88,/r/worldnews/comments/miaf23/german_experts_say_under_60s_should_not_get/,t5_2qh13
59,"Coronavirus live news: 'no indication' AstraZeneca vaccine has caused blood clots, says Europe health authority | World news",131,m6a1j8,https://www.theguardian.com/world/live/2021/mar/16/coronavirus-live-news-keep-using-astrazenecaoxford-vaccine-says-who,21,2021-03-16 10:16:11,,tyre1984,0.84,/r/worldnews/comments/m6a1j8/coronavirus_live_news_no_indication_astrazeneca/,t5_2qh13
60,Australia to continue AstraZeneca vaccination despite blood clotting case,120,mj4q22,https://www.reuters.com/article/idUSKBN2BQ06B,60,2021-04-03 04:46:58,,dinozaur2020,0.9,/r/worldnews/comments/mj4q22/australia_to_continue_astrazeneca_vaccination/,t5_2qh13
61,EU demands UK-made AstraZeneca vaccine doses,121,l67n5z,https://www.bbc.com/news/world-europe-55822602,179,2021-01-27 11:04:53,,Yogurt789,0.88,/r/worldnews/comments/l67n5z/eu_demands_ukmade_astrazeneca_vaccine_doses/,t5_2qh13
62,Japan to donate millions more AstraZeneca vaccine doses across Asia,119,o7mv2w,https://english.kyodonews.net/news/2021/06/082ff96b4bdb-japan-to-donate-millions-more-astrazeneca-vaccines-across-asia.html,10,2021-06-25 08:38:14,,Hoosier_Jedi,0.88,/r/worldnews/comments/o7mv2w/japan_to_donate_millions_more_astrazeneca_vaccine/,t5_2qh13
63,Only 15% of AstraZeneca vaccine available in Germany has been used,110,lrs6lh,https://www.reuters.com/article/us-health-coronavirus-germany-astrazenec/only-15-of-astrazeneca-vaccine-available-in-germany-has-been-used-idUSKBN2AO1EK,49,2021-02-24 19:45:54,,dinozaur2020,0.88,/r/worldnews/comments/lrs6lh/only_15_of_astrazeneca_vaccine_available_in/,t5_2qh13
64,Japan's ruling party to urge sharing AstraZeneca's COVID-19 shot to Taiwan,111,nmnfrh,https://www.reuters.com/world/asia-pacific/japan-considering-providing-astrazenecas-covid-19-vaccine-taiwan-newspaper-2021-05-27/?taid=60b048ceb08c4b0001744e02&utm_campaign=trueAnthem:+Trending+Content&utm_medium=trueAnthem&utm_source=twitter,5,2021-05-27 22:12:23,,lurker_bee,0.9,/r/worldnews/comments/nmnfrh/japans_ruling_party_to_urge_sharing_astrazenecas/,t5_2qh13
65,Denmark to permanently stop using AstraZeneca vaccine,108,mqp7yg,https://newsbook.com.mt/en/denmark-to-permanently-stop-using-astrazeneca-vaccine/,46,2021-04-14 08:10:54,,Thviid,0.87,/r/worldnews/comments/mqp7yg/denmark_to_permanently_stop_using_astrazeneca/,t5_2qh13
66,"After Admitting Mistake, AstraZeneca Faces Difficult Questions About Its Vaccine",102,k160sx,https://www.nytimes.com/2020/11/25/business/coronavirus-vaccine-astrazeneca-oxford.amp.html,8,2020-11-25 20:55:55,,Never-On-Reddit,0.84,/r/worldnews/comments/k160sx/after_admitting_mistake_astrazeneca_faces/,t5_2qh13
67,"New Zealand's Auckland emerges from lockdown, Australia starts AstraZeneca vaccinations",104,lziknq,https://www.reuters.com/article/idUSKBN2AY0Q7?il=0,15,2021-03-06 22:56:20,,qkfb,0.88,/r/worldnews/comments/lziknq/new_zealands_auckland_emerges_from_lockdown/,t5_2qh13
68,"Two more die in Norway from a unique combination of blood clots, haemorrhaging and low platelet counts after receiving AstraZeneca vaccine",98,max2bc,https://www.thelocal.no/20210322/two-more-die-in-norway-after-receiving-astrazeneca-vaccine/,29,2021-03-22 16:24:38,,green_flash,0.75,/r/worldnews/comments/max2bc/two_more_die_in_norway_from_a_unique_combination/,t5_2qh13
69,Suspension of AstraZeneca shots is 'political decision': Italy's medicines regulator head,92,m67ip7,https://www.reuters.com/article/us-health-coronavirus-italy-astrazeneca-idUSKBN2B80KK,38,2021-03-16 08:04:44,,greenfingersnthumbs,0.82,/r/worldnews/comments/m67ip7/suspension_of_astrazeneca_shots_is_political/,t5_2qh13
70,"EU backs Pfizer-BioNTech vaccine, will not renew AstraZeneca, J&J contracts",91,mqyhn1,https://uk.news.yahoo.com/news/eu-backs-pfizer-biontech-vaccine-162117637.html?guce_referrer=aHR0cHM6Ly93d3cuZ29vZ2xlLmNvbS8&guce_referrer_sig=AQAAAMxWiQd1G_IQTlK6EIXMqxpuj8r5W4YAhf5RZrOSx0hhhHgsInS6XvgZP5urBAgEPybEQucfBrSw-84jczVxJo4Y9IJnBqCc3A_PMkHygYyUuG-iHHLkemBK4xn09olROiyF50rU88cdalnOIli86w1hJLMosi3V0byLKYFuv_aV,33,2021-04-14 15:50:34,,BareAuthority,0.89,/r/worldnews/comments/mqyhn1/eu_backs_pfizerbiontech_vaccine_will_not_renew/,t5_2qh13
71,Germany also stops vaccination with AstraZeneca,91,m5nbb4,https://www.dw.com/de/auch-deutschland-stoppt-impfung-mit-astrazeneca/a-56879005,31,2021-03-15 11:34:38,,bbbbisho,0.85,/r/worldnews/comments/m5nbb4/germany_also_stops_vaccination_with_astrazeneca/,t5_2qh13
72,AstraZeneca to be exempt from coronavirus vaccine liability claims in most countries,82,i1zr76,https://uk.reuters.com/article/us-astrazeneca-results-vaccine-liability/astrazeneca-to-be-exempt-from-coronavirus-vaccine-liability-claims-in-most-countries-idUKKCN24V2EN,29,2020-08-01 17:01:26,,Mighty_L_LORT,0.85,/r/worldnews/comments/i1zr76/astrazeneca_to_be_exempt_from_coronavirus_vaccine/,t5_2qh13
73,Netherlands halts use of AstraZeneca COVID-19 vaccine,89,m56efn,https://www.reuters.com/article/us-health-coronavirus-netherlands/netherlands-halts-use-of-astrazeneca-covid-19-vaccine-government-idUSKBN2B60OV,22,2021-03-14 18:47:39,,dinozaur2020,0.83,/r/worldnews/comments/m56efn/netherlands_halts_use_of_astrazeneca_covid19/,t5_2qh13
74,Blood clots from AstraZeneca shot reach rate of 7.9 per million doses: British regulator,93,mwb2t3,https://www.ctvnews.ca/health/coronavirus/blood-clots-from-astrazeneca-shot-reach-rate-of-7-9-per-million-doses-british-regulator-1.5398239?cid=sm%3Atrueanthem%3A%7B%7Bcampaignname%7D%7D%3Atwitterpost%E2%80%8B&taid=6081bd282744110001e0b34e&utm_campaign=trueAnthem%3A+Trending+Content&utm_medium=trueAnthem&utm_source=twitter,37,2021-04-22 14:18:07,,ONE-OF-THREE,0.87,/r/worldnews/comments/mwb2t3/blood_clots_from_astrazeneca_shot_reach_rate_of/,t5_2qh13
75,Netherlands temporarily halts AstraZeneca COVID vaccinations | Coronavirus pandemic News,83,mjacg8,https://www.aljazeera.com/news/2021/4/3/dutch-temporarily-halt-astrazeneca-vaccinations,31,2021-04-03 11:09:55,,mehedi475871,0.85,/r/worldnews/comments/mjacg8/netherlands_temporarily_halts_astrazeneca_covid/,t5_2qh13
76,EU launches legal action against vaccine-maker AstraZeneca,88,myx3yz,https://apnews.com/article/world-news-health-business-europe-coronavirus-6738dafd2395b2afc8a9d9000e7a3f61?utm_medium=AP_Europe&utm_campaign=SocialFlow&utm_source=Twitter,7,2021-04-26 09:00:49,,Dull_Tonight,0.84,/r/worldnews/comments/myx3yz/eu_launches_legal_action_against_vaccinemaker/,t5_2qh13
77,"EU regulator declares AstraZeneca vaccine safe, but experts fear damage has been done",84,m912ap,https://edition.cnn.com/2021/03/18/europe/ema-astrazeneca-vaccine-blood-clots-decision-intl/index.html,38,2021-03-20 02:11:36,,Nirzak,0.8,/r/worldnews/comments/m912ap/eu_regulator_declares_astrazeneca_vaccine_safe/,t5_2qh13
78,EU advises against second AstraZeneca shot for people with blood clots,81,nhvy5u,https://www.reuters.com/article/us-health-coronavirus-astrazeneca-ema/eu-advises-against-second-astrazeneca-shot-for-people-with-blood-clots-idUSKCN2D21EU,21,2021-05-21 11:59:04,,edifsego,0.86,/r/worldnews/comments/nhvy5u/eu_advises_against_second_astrazeneca_shot_for/,t5_2qh13
79,German Chancellor Angela Merkel has held a crisis meeting with state governors amid fresh concern over unusual blood clots reported in people who received AstraZeneca’s coronavirus vaccine.,76,mgm1s1,https://www.watoday.com.au/world/europe/merkel-holds-crisis-meeting-as-some-regions-halt-astrazeneca-for-under-60s-20210331-p57ffo.html,29,2021-03-30 14:04:09,,ionised,0.84,/r/worldnews/comments/mgm1s1/german_chancellor_angela_merkel_has_held_a_crisis/,t5_2qh13
80,Man charged over suspect package sent to UK AstraZeneca vaccine plant,77,l8ntay,https://www.reuters.com/article/us-health-coronavirus-britain-astra-inci/man-charged-over-suspect-package-sent-to-uk-astrazeneca-vaccine-plant-idUSKBN29Z0GS,1,2021-01-30 10:21:11,,Gonzo_B,0.89,/r/worldnews/comments/l8ntay/man_charged_over_suspect_package_sent_to_uk/,t5_2qh13
81,Canada reports 28 cases of rare blood clots following AstraZeneca vaccinations,76,nc1kmg,https://www.cbc.ca/news/politics/canada-28-cases-blood-clots-1.6025750,17,2021-05-14 01:56:24,,edifsego,0.83,/r/worldnews/comments/nc1kmg/canada_reports_28_cases_of_rare_blood_clots/,t5_2qh13
82,"A refrigerator failure in Estonia destroyed more than 68,000 doses of AstraZeneca COVID-19 vaccines",81,oacfvi,https://www.reuters.com/business/healthcare-pharmaceuticals/estonia-fridge-failure-destroys-more-than-68000-covid-shots-2021-06-29/,10,2021-06-29 13:01:17,,tonytharakan,0.85,/r/worldnews/comments/oacfvi/a_refrigerator_failure_in_estonia_destroyed_more/,t5_2qh13
83,“An outrage”: AstraZeneca told to justify unequal vaccine pricing amid soaring profits,72,ljijrv,https://www.salon.com/2021/02/13/an-outrage-astrazeneca-told-to-justify-unequal-vaccine-pricing-amid-soaring-profits_partner/,61,2021-02-14 00:49:47,,FaithisGoodFig,0.71,/r/worldnews/comments/ljijrv/an_outrage_astrazeneca_told_to_justify_unequal/,t5_2qh13
84,"Canadians over 30 should be offered AstraZeneca-Oxford COVID-19 vaccine, advisory body recommends",74,mxfrui,https://www.cbc.ca/news/health/astrazeneca-covid-19-vaccine-over-30-naci-1.6000052?__vfz=medium%3Dsharebar,19,2021-04-24 04:27:58,,durjoy_atik07,0.86,/r/worldnews/comments/mxfrui/canadians_over_30_should_be_offered/,t5_2qh13
85,European Medicines Agency chief says ‘no indication’ AstraZeneca’s Covid-19 jab is causing blood clots: ‘The number of thromboembolic events overall in vaccinated people seems not to be higher than that seen in the general population’,77,m6cyf7,https://www.standard.co.uk/news/world/astrazeneca-covid-vaccine-eu-blood-clots-ema-b924436.html,2,2021-03-16 12:26:41,,Yogurt789,0.83,/r/worldnews/comments/m6cyf7/european_medicines_agency_chief_says_no/,t5_2qh13
86,"Brazil authorizes emergency use of Sinovac, AstraZeneca vaccines",78,kzcxld,https://www.reuters.com/article/us-health-coronavirus-brazil/brazil-authorizes-emergency-use-of-sinovac-astrazeneca-vaccines-idUSKBN29M0M3?il=0,1,2021-01-17 14:22:55,,twotwo_twentytwo,0.85,/r/worldnews/comments/kzcxld/brazil_authorizes_emergency_use_of_sinovac/,t5_2qh13
87,"AstraZeneca vaccine not ready for quick European approval, watchdog official says",80,kmdcu3,https://www.reuters.com/article/us-health-coronavirus-eu-astrazeneca-idUSKBN2930XC?taid=5feb1dc9ca1f440001bf0fcf&utm_campaign=trueAnthem:+Trending+Content&utm_medium=trueAnthem&utm_source=twitter,30,2020-12-29 07:16:46,,TurtleFacts72,0.85,/r/worldnews/comments/kmdcu3/astrazeneca_vaccine_not_ready_for_quick_european/,t5_2qh13
88,Italy 'blocks' AstraZeneca vaccine shipment to Australia,77,lxzlg0,https://www.bbc.co.uk/news/world-europe-56279202,51,2021-03-04 19:27:30,,BoGaN223,0.88,/r/worldnews/comments/lxzlg0/italy_blocks_astrazeneca_vaccine_shipment_to/,t5_2qh13
89,"‘A three-month gap between two AstraZeneca doses gives better protection – we developed our vaccine for equity, not profit’ - AstraZeneca scientist Andrew Pollard",71,ng1wth,https://timesofindia.indiatimes.com/a-three-month-gap-between-two-astrazeneca-doses-gives-better-protection-we-developed-our-vaccine-for-equity-not-profit/articleshow/82745990.cms,19,2021-05-19 06:15:12,,flamingo_7,0.78,/r/worldnews/comments/ng1wth/a_threemonth_gap_between_two_astrazeneca_doses/,t5_2qh13
90,Bolivia cancels AstraZeneca vaccine purchase contract due to non-compliance,69,oekw6o,https://riotimesonline.com/brazil-news/mercosur/bolivia/bolivia-cancels-astrazeneca-vaccine-purchase-contract-due-to-non-compliance/,11,2021-07-05 21:29:34,,SteO153,0.83,/r/worldnews/comments/oekw6o/bolivia_cancels_astrazeneca_vaccine_purchase/,t5_2qh13
91,Pakistan approves AstraZeneca COVID-19 vaccine for emergency use,73,kyj5f9,https://gulfnews.com/amp/world/asia/pakistan/pakistan-approves-astrazeneca-covid-19-vaccine-for-emergency-use-1.76530187?__twitter_impression=true,19,2021-01-16 08:43:29,,TheGreatPompey,0.81,/r/worldnews/comments/kyj5f9/pakistan_approves_astrazeneca_covid19_vaccine_for/,t5_2qh13
92,AstraZeneca says to release 2 million vaccine doses a week to UK by mid-February,70,kwfst8,https://www.reuters.com/article/uk-health-coronavirus-britain-astrazenec-idUSKBN29I1FM,1,2021-01-13 07:50:23,,PoliticiansAlwaysLie,0.86,/r/worldnews/comments/kwfst8/astrazeneca_says_to_release_2_million_vaccine/,t5_2qh13
93,Local governments report 28 deaths after AstraZeneca jabs in Taiwan,65,o2mzfs,https://www.taiwannews.com.tw/en/news/4226244,57,2021-06-18 07:31:34,,burntpancakebhaal,0.76,/r/worldnews/comments/o2mzfs/local_governments_report_28_deaths_after/,t5_2qh13
94,Germany's vaccine regulator reports 31 cases of blood disorder after AstraZeneca shot,68,mgfl13,https://www.reuters.com/article/us-health-coronavirus-astrazeneca-pei-idUSKBN2BM1G8,32,2021-03-30 09:06:04,,UnderstandingThick24,0.84,/r/worldnews/comments/mgfl13/germanys_vaccine_regulator_reports_31_cases_of/,t5_2qh13
95,India approves AstraZeneca's COVID-19 vaccine,69,kovjns,https://www.reuters.com/article/health-coronavirus-india-vaccine-idUSKBN29707B,1,2021-01-02 05:45:28,,BoGaN223,0.86,/r/worldnews/comments/kovjns/india_approves_astrazenecas_covid19_vaccine/,t5_2qh13
96,AstraZeneca finds 'no evidence' of blood clot risk as Netherlands becomes fifth European country to suspend the AstraZeneca vaccine.,68,m5fnop,https://www.theguardian.com/world/live/2021/mar/15/coronavirus-live-news-astrazeneca-finds-no-evidence-of-blood-clot-risk-as-netherlands-suspends-vaccine,43,2021-03-15 03:56:19,,NA_DeltaWarDog,0.75,/r/worldnews/comments/m5fnop/astrazeneca_finds_no_evidence_of_blood_clot_risk/,t5_2qh13
97,AstraZeneca: US data shows vaccine safe and effective for all ages,64,makgke,https://apnews.com/article/europe-coronavirus-pandemic-a73e711c7309be4444c65d5f9ae90c43,7,2021-03-22 06:40:25,,norfolkdiver,0.79,/r/worldnews/comments/makgke/astrazeneca_us_data_shows_vaccine_safe_and/,t5_2qh13
98,Immunization committee to recommend provinces suspend AstraZeneca use among those under 55: sources,66,mfue9m,https://www.cbc.ca/news/politics/astrazeneca-under-55-1.5968128,19,2021-03-29 13:14:55,,patchy_22,0.84,/r/worldnews/comments/mfue9m/immunization_committee_to_recommend_provinces/,t5_2qh13
99,UK regulator found total of 30 cases of blood clot events after AstraZeneca vaccine use,60,mi97zv,https://www.reuters.com/article/us-health-coronavirus-astrazeneca-clots-idUSKBN2BO6Y0?taid=606667eaa0a3570001acb8cd&utm_campaign=trueAnthem:+Trending+Content&utm_medium=trueAnthem&utm_source=twitter,14,2021-04-01 20:45:28,,smaugskeeper,0.82,/r/worldnews/comments/mi97zv/uk_regulator_found_total_of_30_cases_of_blood/,t5_2qh13
100,Palestinian Authority says AstraZeneca vaccines could come in March,67,kuoarl,https://www.jpost.com/middle-east/palestinian-authority-says-astrazeneca-vaccines-could-come-in-march-654967,1,2021-01-10 17:07:54,,ELMAGDOULY,0.83,/r/worldnews/comments/kuoarl/palestinian_authority_says_astrazeneca_vaccines/,t5_2qh13
101,Vaccine-poor Germans shunning AstraZeneca jab - German healthcare facilities have reported several hundred thousand AstraZeneca vials sitting unused and rampant no-shows at scheduled appointments,61,lnei7q,https://www.france24.com/en/live-news/20210218-vaccine-poor-germans-shunning-astrazeneca-jab,47,2021-02-19 07:16:22,,signed7,0.84,/r/worldnews/comments/lnei7q/vaccinepoor_germans_shunning_astrazeneca_jab/,t5_2qh13
102,Taiwan says AstraZeneca COVID shot production talks fell through,61,nwu0ry,https://www.reuters.com/business/healthcare-pharmaceuticals/taiwan-says-astrazeneca-covid-shot-production-talks-fell-through-2021-06-10/,7,2021-06-10 13:58:47,,benh999,0.84,/r/worldnews/comments/nwu0ry/taiwan_says_astrazeneca_covid_shot_production/,t5_2qh13
103,South Africa halts AstraZeneca vaccinations over variant data,63,lexht7,https://www.reuters.com/article/us-health-coronavirus-safrica/south-africa-halts-astrazeneca-vaccinations-over-variant-data-idUSKBN2A70PY,6,2021-02-07 17:37:03,,dinozaur2020,0.82,/r/worldnews/comments/lexht7/south_africa_halts_astrazeneca_vaccinations_over/,t5_2qh13
104,Johnson & Johnson's one-dose COVID-19 vaccine won't be coming to Australia due to AstraZeneca similarities.,62,mppsms,https://www.abc.net.au/news/2021-04-13/johnson-johnson-covid-19-vaccine-australia/100064454,9,2021-04-12 19:10:31,,agnostic0n,0.85,/r/worldnews/comments/mppsms/johnson_johnsons_onedose_covid19_vaccine_wont_be/,t5_2qh13
105,The Australian and New Zealand Society for Immunology says the federal government should immediately pause the planned rollout of the AstraZeneca vaccine because it may not be effective enough to generate herd immunity.,61,kw2nyg,https://www.smh.com.au/national/scientists-call-for-pause-on-astrazeneca-vaccine-rollout-20210112-p56tjt.html,23,2021-01-12 17:40:44,,Tabodo,0.85,/r/worldnews/comments/kw2nyg/the_australian_and_new_zealand_society_for/,t5_2qh13
106,Canadian panel recommends AstraZeneca pause for under 55,64,mfx9q6,https://apnews.com/article/canada-panel-astrazeneca-vaccine-pause-under-55-06dde56d2db78d72c5bb9bcb97be4d5a,22,2021-03-29 15:22:24,,RevanAvarice,0.85,/r/worldnews/comments/mfx9q6/canadian_panel_recommends_astrazeneca_pause_for/,t5_2qh13
107,Head of AstraZeneca rejects calls for UK vaccine to be diverted to EU,59,l5pgx4,https://www.theguardian.com/world/2021/jan/26/head-of-astrazeneca-confirms-uk-has-prior-claim-on-vaccine,51,2021-01-26 17:29:33,,quixotic_cynic,0.84,/r/worldnews/comments/l5pgx4/head_of_astrazeneca_rejects_calls_for_uk_vaccine/,t5_2qh13
108,Mexico receives 1.5 million does of AstraZeneca COVID-19 vaccine from U.S,64,mfp36z,https://www.reuters.com/article/us-health-coronavirus-mexico-usa/mexico-receives-1-5-million-does-of-astrazeneca-covid-19-vaccine-from-u-s-idUSKBN2BL0HE?rpc=401&&utm_source=reddit.com,5,2021-03-29 09:02:04,,indianboi456,0.83,/r/worldnews/comments/mfp36z/mexico_receives_15_million_does_of_astrazeneca/,t5_2qh13
109,EU showdown looms with UK over 30m AstraZeneca doses,61,mc38xl,https://www.irishtimes.com/news/health/eu-showdown-looms-with-uk-over-30m-astrazeneca-doses-1.4518387,49,2021-03-24 07:21:06,,aspiringcreator1,0.81,/r/worldnews/comments/mc38xl/eu_showdown_looms_with_uk_over_30m_astrazeneca/,t5_2qh13
110,"AstraZeneca vaccine has limited protection for South African variant: AstraZeneca has been unable to establish the vaccine's effect against severe disease and hospitalization linked to the new variant. Meanwhile, France has seen a drop in new cases since the vaccine was rolled out",54,letl9l,https://www.dw.com/en/coronavirus-digest-astrazeneca-vaccine-has-limited-protection-for-south-african-variant/a-56483819,1,2021-02-07 14:33:20,,DoremusJessup,0.8,/r/worldnews/comments/letl9l/astrazeneca_vaccine_has_limited_protection_for/,t5_2qh13
111,McDonald's Philippines buys 100k doses of AstraZeneca COVID-19 vaccines,57,m1wzh6,https://news.abs-cbn.com/business/03/09/21/mcdonalds-ph-buys-100k-doses-of-astrazeneca-covid-19-vaccines,11,2021-03-10 08:02:40,,Magnicello,0.84,/r/worldnews/comments/m1wzh6/mcdonalds_philippines_buys_100k_doses_of/,t5_2qh13
112,"EU regulator declares AstraZeneca vaccine safe, but experts fear damage has been done",57,mada0k,https://www.cnn.com/2021/03/18/europe/ema-astrazeneca-vaccine-blood-clots-decision-intl/index.html,20,2021-03-21 22:59:39,,Zestyclose-Swan5050,0.77,/r/worldnews/comments/mada0k/eu_regulator_declares_astrazeneca_vaccine_safe/,t5_2qh13
113,"AstraZeneca-Oxford developer blasts Canada's approach to vaccine, says 'messing around is going to cost lives'",60,nd0gj1,https://beta.ctvnews.ca/national/coronavirus/2021/5/15/1_5428725.html,30,2021-05-15 10:45:13,,nimobo,0.76,/r/worldnews/comments/nd0gj1/astrazenecaoxford_developer_blasts_canadas/,t5_2qh13
114,Covid vaccine: US trial of AstraZeneca jab confirms safety. (The vaccine was 79% effective against stopping symptomatic Covid disease and 100% effective at preventing people from falling seriously ill.),63,maigz3,https://www.bbc.co.uk/news/health-56479462,6,2021-03-22 04:26:40,,LopsidedLobster2,0.81,/r/worldnews/comments/maigz3/covid_vaccine_us_trial_of_astrazeneca_jab/,t5_2qh13
115,UK reports 30 rare blood clots following AstraZeneca vaccine,60,mik9p4,https://www.rte.ie/news/world/2021/0402/1207578-britain-vaccine-clots/,36,2021-04-02 09:22:46,,dinozaur2020,0.78,/r/worldnews/comments/mik9p4/uk_reports_30_rare_blood_clots_following/,t5_2qh13
116,EU reviews reports of rare nerve disorder after AstraZeneca's COVID-19 shot,54,n73wio,https://www.reuters.com/business/healthcare-pharmaceuticals/eu-regulator-reviews-reports-rare-nervous-disorder-after-astrazeneca-vaccine-2021-05-07/,6,2021-05-07 13:25:59,,edifsego,0.77,/r/worldnews/comments/n73wio/eu_reviews_reports_of_rare_nerve_disorder_after/,t5_2qh13
117,"Poland blames ""media-fuelled panic"" for EU countries suspending AstraZeneca vaccine",55,m6vack,https://notesfrompoland.com/2021/03/16/poland-blames-media-fuelled-panic-for-eu-countries-suspending-astrazeneca-vaccine/,37,2021-03-17 04:00:17,,PsychopathicBird,0.8,/r/worldnews/comments/m6vack/poland_blames_mediafuelled_panic_for_eu_countries/,t5_2qh13
118,"Norway drops AstraZeneca vaccine, J&J remains on hold",56,nb0yg5,https://www.reuters.com/business/healthcare-pharmaceuticals/norway-drops-astrazeneca-vaccine-jj-remains-hold-2021-05-12/?taid=609c5116d8fc9d00017428f9&utm_campaign=trueAnthem:+Trending+Content&utm_medium=trueAnthem&utm_source=twitter,0,2021-05-12 18:14:21,,BisonFarts1,0.8,/r/worldnews/comments/nb0yg5/norway_drops_astrazeneca_vaccine_jj_remains_on/,t5_2qh13
119,Dosing error turns into lucky punch for AstraZeneca and Oxford,54,jzljlf,https://in.reuters.com/article/us-health-coronavirus-astrazeneca-dosing/dosing-error-turns-into-lucky-punch-for-astrazeneca-and-oxford-idINKBN28327Q,12,2020-11-23 12:03:30,,Supremetacoleader,0.84,/r/worldnews/comments/jzljlf/dosing_error_turns_into_lucky_punch_for/,t5_2qh13
120,"PM Trudeau, wife receive first COVID-19 AstraZeneca vaccine dose",54,mx0fmt,https://www.ctvnews.ca/mobile/politics/pm-trudeau-wife-receive-first-covid-19-astrazeneca-vaccine-dose-1.5399733,23,2021-04-23 13:26:54,,SensationallylovelyK,0.74,/r/worldnews/comments/mx0fmt/pm_trudeau_wife_receive_first_covid19_astrazeneca/,t5_2qh13
121,EU told to expect no AstraZeneca vaccines from U.S. in near future,58,m2vm0u,https://www.reuters.com/article/us-health-coronavirus-eu-astrazeneca-exc-idUSKBN2B3295,50,2021-03-11 12:27:33,,Plus-Staff,0.81,/r/worldnews/comments/m2vm0u/eu_told_to_expect_no_astrazeneca_vaccines_from_us/,t5_2qh13
122,EU pressures AstraZeneca to deliver vaccines as promised,55,l4p8kn,https://apnews.com/article/europe-ursula-von-der-leyen-coronavirus-pandemic-coronavirus-vaccine-90aa79556ad57469f12baa108df91a57,22,2021-01-25 09:47:06,,jraele,0.83,/r/worldnews/comments/l4p8kn/eu_pressures_astrazeneca_to_deliver_vaccines_as/,t5_2qh13
123,Covid: EU publishes disputed AstraZeneca Covid jab contract,48,l7rrnh,https://www.bbc.com/news/world-europe-55852698,28,2021-01-29 07:51:42,,big_troublemaker,0.83,/r/worldnews/comments/l7rrnh/covid_eu_publishes_disputed_astrazeneca_covid_jab/,t5_2qh13
124,"India's Vaccine Wait Over: Oxford-AstraZeneca, Bharat Biotech Get Emergency Use Approval",59,kpfxhm,https://www.ndtv.com/india-news/oxford-covid-19-vaccine-bharat-biotechs-covaxin-get-final-approval-by-drug-regulator-will-be-indias-first-vaccines-2347053,6,2021-01-03 02:03:10,,abc123xyz12,0.78,/r/worldnews/comments/kpfxhm/indias_vaccine_wait_over_oxfordastrazeneca_bharat/,t5_2qh13
125,Coronavirus: Germany set to limit AstraZeneca jab to under-65s,54,l75k40,https://www.bbc.com/news/world-europe-55839885,9,2021-01-28 14:08:08,,photoediting-,0.79,/r/worldnews/comments/l75k40/coronavirus_germany_set_to_limit_astrazeneca_jab/,t5_2qh13
126,100 billion Dollar Takeover of U.K.'s AstraZeneca by U.S. Pfizer,53,23j0ek,http://www.reuters.com/article/2014/04/20/us-pfizer-astrazeneca-bid-idUSBREA3J08T20140420,14,2014-04-20 14:42:46,,Cowboy_Champloo,0.84,/r/worldnews/comments/23j0ek/100_billion_dollar_takeover_of_uks_astrazeneca_by/,t5_2qh13
127,COVID-19 Vaccine: AstraZeneca Puts Trial On Hold After Unexplained Illness In One Participant,55,ip8311,https://www.huffingtonpost.in/entry/covid-19-vaccine-astrazeneca-oxford-trial_in_5f584117c5b62874bc1593a5,13,2020-09-08 23:02:46,,bhodrolok,0.83,/r/worldnews/comments/ip8311/covid19_vaccine_astrazeneca_puts_trial_on_hold/,t5_2qh13
128,"South Africa will buy doses of Oxford-AstraZeneca's Covid-19 vaccine at a price 2.5 times higher than most European countries. The continent's worst virus-hit country has ordered at least 1.5 million shots of the vaccine from the Serum Institute of India, expected in January and February",56,l250xj,https://www.france24.com/en/live-news/20210121-s-africa-to-pay-2-5-times-more-than-eu-for-virus-vaccine,8,2021-01-21 13:58:43,,DoremusJessup,0.85,/r/worldnews/comments/l250xj/south_africa_will_buy_doses_of_oxfordastrazenecas/,t5_2qh13
129,German authorities block use of AstraZeneca vaccine for over-65s,45,l6wady,https://www.ft.com/content/0190dae8-f751-4876-8404-68a34d9be716?shareType=nongift,15,2021-01-28 08:15:29,,quixotic_cynic,0.8,/r/worldnews/comments/l6wady/german_authorities_block_use_of_astrazeneca/,t5_2qh13
130,Oxford-AstraZeneca Covid vaccine approved by UK regulator,53,kmxagq,https://www.cnbc.com/2020/12/30/oxford-astrazeneca-covid-vaccine-approved-by-uk-regulator-.html?__source=iosappshare%7Ccom.apple.UIKit.activity.CopyToPasteboard,4,2020-12-30 02:00:09,,adam_kevine,0.79,/r/worldnews/comments/kmxagq/oxfordastrazeneca_covid_vaccine_approved_by_uk/,t5_2qh13
131,European countries are growing increasingly frustrated with delays in the delivery of COVID-19 vaccinations. Pharmaceutical company AstraZeneca told EU officials that production problems will result in a 60% cut in deliveries of its Oxford vaccine to the bloc during the first quarter of this year.,50,l3ndyz,https://news.sky.com/story/unacceptable-vaccine-delays-cause-frustration-across-european-union-12197009,21,2021-01-23 18:33:08,,CircusSeal,0.79,/r/worldnews/comments/l3ndyz/european_countries_are_growing_increasingly/,t5_2qh13
132,Blood Clots Linked to AstraZeneca Vaccine Stem From Rare Antibody Reaction,52,mnoc3e,https://www.nytimes.com/2021/04/09/health/vaccine-blood-clots-astra-zeneca.html,22,2021-04-09 15:08:46,,College_Prestige,0.83,/r/worldnews/comments/mnoc3e/blood_clots_linked_to_astrazeneca_vaccine_stem/,t5_2qh13
133,"Two jabs of Pfizer, AstraZeneca vaccines effective against Delta variant: Study",51,op6d85,https://www.indiatoday.in/coronavirus-outbreak/story/two-jabs-pfizer-astrazeneca-vaccines-effective-delta-variant-study-1831021-2021-07-22,8,2021-07-22 00:10:17,,info_cellar,0.72,/r/worldnews/comments/op6d85/two_jabs_of_pfizer_astrazeneca_vaccines_effective/,t5_2qh13
134,"Five new reports of blood clotting linked to AstraZeneca COVID-19 vaccine emerge in Australia, authorities investigating",45,n6ch5s,https://www.abc.net.au/news/2021-05-06/tga-blood-clots-astrazeneca-covid-vaccine-hospital/100121336,14,2021-05-06 13:21:29,,edifsego,0.77,/r/worldnews/comments/n6ch5s/five_new_reports_of_blood_clotting_linked_to/,t5_2qh13
135,"AstraZeneca's vaccine contract with the UK is based on 'best efforts,' just like its deal with a frustrated EU",54,lmkh0h,https://www.cnn.com/2021/02/17/europe/uk-astrazeneca-vaccine-contract-details-intl/index.html,46,2021-02-18 06:15:23,,yolo4everlmi,0.77,/r/worldnews/comments/lmkh0h/astrazenecas_vaccine_contract_with_the_uk_is/,t5_2qh13
136,South Africa looks to J&J vaccine after disappointing AstraZeneca data,50,lfd0q2,https://www.reuters.com/article/us-health-coronavirus-africa/south-africa-looks-to-jj-vaccine-after-disappointing-astrazeneca-data-idUSKBN2A812P,0,2021-02-08 09:34:12,,dinozaur2020,0.82,/r/worldnews/comments/lfd0q2/south_africa_looks_to_jj_vaccine_after/,t5_2qh13
137,EU warns AstraZeneca of export ban if bloc not supplied first,46,m95jii,https://www.dw.com/en/eu-warns-astrazeneca-of-export-ban-if-bloc-not-supplied-first/a-56937185,54,2021-03-20 07:55:10,,dinozaur2020,0.84,/r/worldnews/comments/m95jii/eu_warns_astrazeneca_of_export_ban_if_bloc_not/,t5_2qh13
138,EU threatens to block Covid vaccine exports amid AstraZeneca shortfall,48,l506mo,https://www.theguardian.com/world/2021/jan/25/eu-threatens-to-block-covid-vaccine-exports-amid-astrazeneca-shortfall,20,2021-01-25 18:08:34,,quixotic_cynic,0.77,/r/worldnews/comments/l506mo/eu_threatens_to_block_covid_vaccine_exports_amid/,t5_2qh13
139,Italy reportedly blocks shipment of AstraZeneca Covid vaccine destined for Australia,48,lxoc5q,https://www.cnbc.com/2021/03/04/italy-blocks-shipments-of-astrazeneca-covid-vaccine.html,20,2021-03-04 11:18:39,,internalocean,0.84,/r/worldnews/comments/lxoc5q/italy_reportedly_blocks_shipment_of_astrazeneca/,t5_2qh13
140,France and Germany threaten AstraZeneca over vaccine shortage,47,l9dmjg,https://www.theguardian.com/society/2021/jan/31/france-germany-threaten-covid-astrazeneca-vaccine-shortageeu-uk,52,2021-01-31 09:45:12,,cyberpunk6066,0.77,/r/worldnews/comments/l9dmjg/france_and_germany_threaten_astrazeneca_over/,t5_2qh13
141,AstraZeneca to deliver 9M more coronavirus vaccine doses to EU – Politico,44,la239l,https://www.politico.eu/article/astrazeneca-to-deliver-more-coronavirus-vaccine-doses-to-eu/,5,2021-02-01 07:35:24,,LudereHumanum,0.76,/r/worldnews/comments/la239l/astrazeneca_to_deliver_9m_more_coronavirus/,t5_2qh13
142,AstraZeneca agrees to supply Europe with 400 million doses of COVID-19 vaccine,46,h8acv8,https://www.reuters.com/article/us-health-coronavirus-vaccines-idUSKBN23K0HW,18,2020-06-13 12:12:21,,objeteh,0.75,/r/worldnews/comments/h8acv8/astrazeneca_agrees_to_supply_europe_with_400/,t5_2qh13
143,UK: Under 40s to be offered alternative to AstraZeneca vaccine due to link with rare blood clots,44,n7z08v,https://www.bbc.com/news/health-57021738,9,2021-05-08 17:32:16,,green_flash,0.77,/r/worldnews/comments/n7z08v/uk_under_40s_to_be_offered_alternative_to/,t5_2qh13
144,Europe will not renew order for extra AstraZeneca vaccine doses,46,n9nrf6,https://www.telegraph.co.uk/global-health/science-and-disease/coronavirus-news-covid-third-wave-indian-variant-vaccines-cases/,13,2021-05-10 23:26:07,,Revolutionary-Monk97,0.81,/r/worldnews/comments/n9nrf6/europe_will_not_renew_order_for_extra_astrazeneca/,t5_2qh13
145,"Italy, EU refuse AstraZeneca request to ship 250,000 doses of vaccine to Australia",46,lxve98,https://www.abc.net.au/news/2021-03-05/italy-eu-block-250000-astrazeneca-doses-to-australia/13218348,6,2021-03-04 16:04:38,,Conscious-Debate-126,0.8,/r/worldnews/comments/lxve98/italy_eu_refuse_astrazeneca_request_to_ship/,t5_2qh13
146,"More than 700,000 AstraZeneca doses secretly flown to Australia from Britain",43,mmnpfq,https://www.watoday.com.au/world/europe/more-than-700-000-astrazeneca-doses-secretly-flown-to-australia-from-britain-20210407-p57hcl.html,19,2021-04-08 05:01:57,,Celtabria,0.75,/r/worldnews/comments/mmnpfq/more_than_700000_astrazeneca_doses_secretly_flown/,t5_2qh13
147,"Australians under 50 told to avoid AstraZeneca COVID-19 vaccine, when possible",41,mmo6h9,https://www.3aw.com.au/australians-under-50-told-to-avoid-astrazeneca-covid-19-vaccine/,6,2021-04-08 05:39:37,,dinozaur2020,0.78,/r/worldnews/comments/mmo6h9/australians_under_50_told_to_avoid_astrazeneca/,t5_2qh13
148,EMA official sees clear 'association' between AstraZeneca vaccine and rare blood clots in brain,45,mliw9r,https://www.reuters.com/article/us-health-coronavirus-astrazeneca-vaccin-idUSKBN2BT1TF,12,2021-04-06 14:55:28,,Lichbingeking,0.8,/r/worldnews/comments/mliw9r/ema_official_sees_clear_association_between/,t5_2qh13
149,South Korea suspends AstraZeneca shots for people under 60 amid European review,47,mm29wb,https://www.reuters.com/article/us-health-coronavirus-southkorea/south-korea-suspends-astrazeneca-shots-for-people-under-60-amid-european-review-idUSKBN2BU041,1,2021-04-07 09:38:28,,dinozaur2020,0.81,/r/worldnews/comments/mm29wb/south_korea_suspends_astrazeneca_shots_for_people/,t5_2qh13
150,AstraZeneca: German team claims to discover thrombosis trigger,43,m8x211,https://www.dw.com/en/astrazeneca-german-team-discovers-thrombosis-trigger/a-56925550,4,2021-03-19 22:03:35,,neboskrebnut,0.76,/r/worldnews/comments/m8x211/astrazeneca_german_team_claims_to_discover/,t5_2qh13
151,Astrazeneca: German researchers discover thrombosis trigger,46,m8f5d2,https://www.dw.com/en/astrazeneca-german-researchers-discover-thrombosis-trigger/a-56925550,11,2021-03-19 07:26:53,,joujamis,0.75,/r/worldnews/comments/m8f5d2/astrazeneca_german_researchers_discover/,t5_2qh13
152,"France, Poland, Sweden latest EU countries to rule out AstraZeneca jab for elderly",45,lbnqds,https://www.euronews.com/2021/02/03/france-poland-sweden-latest-eu-countries-to-rule-out-astrazeneca-jab-for-elderly,21,2021-02-03 08:41:11,,dinozaur2020,0.84,/r/worldnews/comments/lbnqds/france_poland_sweden_latest_eu_countries_to_rule/,t5_2qh13
153,COVID-19: South Africa halts rollout of AstraZeneca jab due to 'limited protection',43,leuhgq,https://news.sky.com/story/covid-19-south-africa-halts-rollout-of-astrazeneca-jab-due-to-limited-protection-12211970,8,2021-02-07 15:14:39,,Plus-Staff,0.78,/r/worldnews/comments/leuhgq/covid19_south_africa_halts_rollout_of_astrazeneca/,t5_2qh13
154,AstraZeneca vaccinations resume in Germany after clot scare,50,m8e0u0,https://apnews.com/article/europe-health-germany-coronavirus-pandemic-08d5b84cdd1ceddf1557f68f61332c26,3,2021-03-19 06:08:31,,GDW312,0.85,/r/worldnews/comments/m8e0u0/astrazeneca_vaccinations_resume_in_germany_after/,t5_2qh13
155,Scotland to publish vaccine supply data amid EU row with AstraZeneca,41,l9jtfo,https://www.reuters.com/article/us-health-coronavirus-britain-scotland-idUSKBN29Y0ON,12,2021-01-31 14:28:32,,25thAmendment,0.76,/r/worldnews/comments/l9jtfo/scotland_to_publish_vaccine_supply_data_amid_eu/,t5_2qh13
156,"U.S. plans to send 4 million doses of AstraZeneca vaccine to Mexico, Canada - official",49,m7u7q5,https://www.reuters.com/article/BigStory12/idUSKBN2BA22S,34,2021-03-18 12:09:29,,ONE-OF-THREE,0.82,/r/worldnews/comments/m7u7q5/us_plans_to_send_4_million_doses_of_astrazeneca/,t5_2qh13
157,"South Africa has put its roll-out of the Oxford-AstraZeneca vaccine on hold after a study showed ""disappointing"" results against its new Covid variant | Scientists say the strain accounts for 90% of new Covid cases in South Africa.",42,lf2dsz,https://www.bbc.co.uk/news/world-africa-55975052,4,2021-02-07 22:00:37,,ionised,0.79,/r/worldnews/comments/lf2dsz/south_africa_has_put_its_rollout_of_the/,t5_2qh13
158,British regulator cites 41 more blood clot reports following AstraZeneca shots,37,n1dj3g,https://www.reuters.com/business/healthcare-pharmaceuticals/british-regulator-cites-41-more-blood-clot-reports-following-astrazeneca-shots-2021-04-29/,16,2021-04-29 16:33:06,,edifsego,0.74,/r/worldnews/comments/n1dj3g/british_regulator_cites_41_more_blood_clot/,t5_2qh13
159,"Coronavirus: EU hasn't placed any new AstraZeneca orders. Although the contract with AstraZeneca is set to expire in June, the bloc isn't planning on placing any new orders. Also the EU has launched legal proceedings over vaccine delivery delays",37,n8scsg,https://www.dw.com/en/coronavirus-eu-hasnt-placed-any-new-astrazeneca-orders/a-57474956,9,2021-05-09 21:16:19,,DoremusJessup,0.76,/r/worldnews/comments/n8scsg/coronavirus_eu_hasnt_placed_any_new_astrazeneca/,t5_2qh13
160,Finland suspends use of AstraZeneca COVID-19 vaccine,41,m8pizu,https://www.reuters.com/article/idUSKBN2BB1PY,28,2021-03-19 15:54:12,,dinozaur2020,0.78,/r/worldnews/comments/m8pizu/finland_suspends_use_of_astrazeneca_covid19/,t5_2qh13
161,Italian authorities discover 29M Oxford/AstraZeneca doses: La Stampa,44,mc4eak,https://www.politico.eu/article/italian-authorities-discover-29m-oxford-astrazeneca-vaccine-doses-la-stampa/,7,2021-03-24 08:26:07,,miragen125,0.8,/r/worldnews/comments/mc4eak/italian_authorities_discover_29m/,t5_2qh13
162,Coronavirus: EU to tighten vaccine exports amid row with AstraZeneca,38,l54g7g,https://www.bbc.co.uk/news/world-europe-55805903,23,2021-01-25 21:51:06,,the-rood-inverse,0.76,/r/worldnews/comments/l54g7g/coronavirus_eu_to_tighten_vaccine_exports_amid/,t5_2qh13
163,Brazil suspends use of AstraZeneca COVID-19 vaccine in pregnant women,39,nabtik,https://www.reuters.com/world/americas/brazil-suspends-use-astrazeneca-covid-19-vaccine-pregnant-women-2021-05-11/?taid=609b1700aa744f0001aa70c4&utm_campaign=trueAnthem:+Trending+Content&utm_medium=trueAnthem&utm_source=twitter,4,2021-05-11 20:17:15,,BisonFarts1,0.77,/r/worldnews/comments/nabtik/brazil_suspends_use_of_astrazeneca_covid19/,t5_2qh13
164,EU's Breton says Pfizer can help offset AstraZeneca vaccine delays,38,m54v77,https://www.reuters.com/article/us-health-coronavirus-eu-breton-idUSKBN2B60A7,9,2021-03-14 17:34:42,,dinozaur2020,0.76,/r/worldnews/comments/m54v77/eus_breton_says_pfizer_can_help_offset/,t5_2qh13
165,"Norway health official criticizes AstraZeneca over a statement related to cases of blood clots in vaccinated people, saying that statistics alone were not sufficient to rule out any connection.",39,m5qnt8,https://www.thelocal.no/20210315/norway-health-official-counters-astrazeneca-over-vaccine-safety-statement/,17,2021-03-15 13:59:24,,green_flash,0.8,/r/worldnews/comments/m5qnt8/norway_health_official_criticizes_astrazeneca/,t5_2qh13
166,Spain to halt AstraZeneca vaccine for 15 days: Cadena Ser,37,m5rx4v,https://www.reuters.com/article/idUSKBN2B72F3,10,2021-03-15 14:53:29,,College_Prestige,0.74,/r/worldnews/comments/m5rx4v/spain_to_halt_astrazeneca_vaccine_for_15_days/,t5_2qh13
167,Dane who died from blood clot after AstraZeneca shot had unusual symptoms,38,m5gvw3,https://www.reuters.com/article/us-health-coronavirus-denmark/dane-who-died-from-blood-clot-after-astrazeneca-shot-had-unusual-symptoms-agency-says-idUSKBN2B70TE,54,2021-03-15 05:27:43,,Higuess80,0.74,/r/worldnews/comments/m5gvw3/dane_who_died_from_blood_clot_after_astrazeneca/,t5_2qh13
168,"UK drugs company AstraZeneca rejects improved ""final"" takeover offer from US firm Pfizer",37,25x7iy,http://www.bbc.co.uk/news/business-27466278,12,2014-05-19 02:16:15,,erowidtrance,0.79,/r/worldnews/comments/25x7iy/uk_drugs_company_astrazeneca_rejects_improved/,t5_2qh13
169,"A single dose of the Oxford/AstraZeneca vaccine may reduce transmission by 67% and give protection of 76% for up to 12 weeks, a study shows. Vaccine efficacy from two standard doses is 82.4% with the three-month interval being used in the UK.",39,lb4hrf,https://www.theguardian.com/society/2021/feb/02/single-dose-of-astrazeneca-vaccine-could-cut-transmission-by-67,9,2021-02-02 14:44:10,,signed7,0.78,/r/worldnews/comments/lb4hrf/a_single_dose_of_the_oxfordastrazeneca_vaccine/,t5_2qh13
170,EU drug watchdog says no clot risk factor yet linked to AstraZeneca vaccine,35,mhaias,https://www.reuters.com/article/us-health-coronavirus-astrazeneca-europe/eu-drug-watchdog-says-no-clot-risk-factor-yet-linked-to-astrazeneca-vaccine-idUSKBN2BN27Q?il=0,9,2021-03-31 12:59:10,,Neversetinstone,0.73,/r/worldnews/comments/mhaias/eu_drug_watchdog_says_no_clot_risk_factor_yet/,t5_2qh13
171,Covid vaccine: Germany urged to back AstraZeneca jab for over-65s,35,lu6bmy,https://www.bbc.co.uk/news/world-europe-56227171,8,2021-02-27 23:39:21,,the-rood-inverse,0.82,/r/worldnews/comments/lu6bmy/covid_vaccine_germany_urged_to_back_astrazeneca/,t5_2qh13
172,Australia Doctors stop offering AstraZeneca jabs over legal risk,36,molx4h,https://www.theage.com.au/national/doctors-stop-offering-astrazeneca-jabs-over-legal-risk-20210410-p57i5f.html,2,2021-04-11 02:36:00,,dinozaur2020,0.8,/r/worldnews/comments/molx4h/australia_doctors_stop_offering_astrazeneca_jabs/,t5_2qh13
173,Canada pausing use of AstraZeneca vaccine for those below 55,39,mg43ho,https://www.aljazeera.com/news/2021/3/29/canada-to-pause-use-of-astrazeneca-vaccine-for-those-under-55,10,2021-03-29 20:53:18,,drunkles,0.81,/r/worldnews/comments/mg43ho/canada_pausing_use_of_astrazeneca_vaccine_for/,t5_2qh13
174,UK regulator found total of 30 cases of blood clot events after AstraZeneca vaccine use,33,miar1i,https://www.reuters.com/article/idUSKBN2BO6XH,21,2021-04-01 22:16:13,,dinozaur2020,0.74,/r/worldnews/comments/miar1i/uk_regulator_found_total_of_30_cases_of_blood/,t5_2qh13
175,Mixed AstraZeneca-Pfizer shot boosts COVID antibody level - study,36,osos6v,https://www.reuters.com/business/healthcare-pharmaceuticals/mixed-astrazeneca-pfizer-shot-boosts-covid-antibody-level-study-2021-07-26/,9,2021-07-27 11:13:56,,Spiritualbeing89,0.71,/r/worldnews/comments/osos6v/mixed_astrazenecapfizer_shot_boosts_covid/,t5_2qh13
176,Oxford-AstraZeneca coronavirus vaccine production begins in Australia despite not yet passing last stage of approval in high risk high reward strategy.,36,jqyqnb,https://www.abc.net.au/news/2020-11-09/coronavirus-oxford-astrazeneca-vaccine-production-begins/12864072,5,2020-11-09 09:39:56,,my_knob_is_gr8,0.74,/r/worldnews/comments/jqyqnb/oxfordastrazeneca_coronavirus_vaccine_production/,t5_2qh13
177,EU Commission to end AstraZeneca and J&J vaccine contracts at expiry - paper,36,mqtv7l,https://www.reuters.com/article/reutersComService_2_MOLT/idUSKBN2C10MU,5,2021-04-14 12:11:55,,userndj,0.76,/r/worldnews/comments/mqtv7l/eu_commission_to_end_astrazeneca_and_jj_vaccine/,t5_2qh13
178,"AstraZeneca COVID-19 vaccine is ‘haram’, but permissible due to urgent situation: Indonesia Islamic body - “COVID-19 vaccine produced by AstraZeneca is haram because it uses pork-derived trypsin in its production,” Mr Sholeh told a press conference on Friday (Mar 19)",38,m96xc3,https://www.channelnewsasia.com/news/asia/indonesia-astrazeneca-covid-19-vaccine-haram-permissible-islam-14444780,38,2021-03-20 09:20:59,,signed7,0.77,/r/worldnews/comments/m96xc3/astrazeneca_covid19_vaccine_is_haram_but/,t5_2qh13
179,"German officials say AstraZeneca vaccine shouldn't be given to over-65s, citing lack of data",34,l74lva,https://www.cnn.com/2021/01/28/europe/germany-astrazeneca-vaccine-coronavirus-grm-intl/index.html,23,2021-01-28 13:33:26,,Fitness_and_Finance,0.78,/r/worldnews/comments/l74lva/german_officials_say_astrazeneca_vaccine_shouldnt/,t5_2qh13
180,Covid: Germany approves AstraZeneca vaccine for over-65s,37,lxk5an,https://www.bbc.co.uk/news/world-europe-56275342,1,2021-03-04 08:10:40,,WannoHacker,0.82,/r/worldnews/comments/lxk5an/covid_germany_approves_astrazeneca_vaccine_for/,t5_2qh13
181,EU prepares legal action against AstraZeneca: reports,33,mvzchf,https://www.dw.com/en/eu-prepares-legal-action-against-astrazeneca-reports/a-57283383,27,2021-04-22 03:09:10,,dinozaur2020,0.7,/r/worldnews/comments/mvzchf/eu_prepares_legal_action_against_astrazeneca/,t5_2qh13
182,AstraZeneca vaccine suspended for under 30s over blood clot fears,33,mm3ky1,https://www.cambridge-news.co.uk/news/uk-world-news/covid-vaccineoxford-astrazeneca-vaccine-suspended-20337837,28,2021-04-07 10:40:13,,All-of-Dun,0.73,/r/worldnews/comments/mm3ky1/astrazeneca_vaccine_suspended_for_under_30s_over/,t5_2qh13
183,"The AstraZeneca COVID-19 vaccine should only be routinely given to people over the age of 60, Germany's federal and state health ministers have decided at an emergency meeting.",35,mgt26v,https://www.bbc.com/news/world-europe-56580728,4,2021-03-30 19:39:26,,green_flash,0.78,/r/worldnews/comments/mgt26v/the_astrazeneca_covid19_vaccine_should_only_be/,t5_2qh13
184,"UK says there have been 25 new reports of rare types of blood clots linked to AstraZeneca’s Covid-19 vaccine in the week between March 18th and March 24th. Prior to that, MHRA disclosed only five cases.",36,mii142,https://www.irishtimes.com/business/health-pharma/astrazeneca-vaccine-uk-reports-25-new-rare-types-of-blood-clots-1.4527120,19,2021-04-02 07:02:53,,green_flash,0.8,/r/worldnews/comments/mii142/uk_says_there_have_been_25_new_reports_of_rare/,t5_2qh13
185,EU suing AstraZeneca over delayed COVID-19 deliveries,35,mz1s0l,https://www.cbc.ca/news/world/eu-sues-astra-zeneca-vaccine-1.6002082,7,2021-04-26 12:34:35,,horthorj,0.74,/r/worldnews/comments/mz1s0l/eu_suing_astrazeneca_over_delayed_covid19/,t5_2qh13
186,The British-Swedish company AstraZeneca has accepted an offer from Russia's Gamaleya Institute on cooperation in order to see whether their two COVID-19 vaccine candidates can be successfully combined.,34,kb11uv,https://sputniknews.com/world/202012111081426814-astrazeneca-to-cooperate-with-sputnik-v-developer-on-vaccine-combinations/,9,2020-12-11 06:28:28,,nood1z,0.78,/r/worldnews/comments/kb11uv/the_britishswedish_company_astrazeneca_has/,t5_2qh13
187,AstraZeneca expected to miss EU vaccine target; WHO reports 20% drop in global deaths,38,lr24t1,https://www.theguardian.com/world/live/2021/feb/24/coronavirus-live-news-who-says-global-deaths-down-20-since-last-week-cases-declining-for-six-straight-weeks,3,2021-02-23 22:08:42,,Higuess80,0.79,/r/worldnews/comments/lr24t1/astrazeneca_expected_to_miss_eu_vaccine_target/,t5_2qh13
188,Australia secures another 20 million Pfizer vaccine doses following AstraZeneca blood clot concerns,35,mn8vfn,https://www.sbs.com.au/news/australia-secures-another-20-million-pfizer-vaccine-doses-following-astrazeneca-blood-clot-concerns?cid=newsapp:socialshare:copylink,3,2021-04-08 23:46:38,,BoGaN223,0.83,/r/worldnews/comments/mn8vfn/australia_secures_another_20_million_pfizer/,t5_2qh13
189,EU leaders warn they will block AstraZeneca exports until bloc gets ‘fair share’,36,mdty14,https://www.france24.com/en/europe/20210326-eu-leaders-warn-they-will-block-astrazeneca-exports-until-bloc-gets-fair-share,78,2021-03-26 13:36:18,,iyoiiiiu,0.76,/r/worldnews/comments/mdty14/eu_leaders_warn_they_will_block_astrazeneca/,t5_2qh13
190,Suspension of AstraZeneca shots is 'political decision': Italy's medicines regulator head,36,m6gjlu,https://www.reuters.com/article/idUSKBN2B80KK,0,2021-03-16 15:00:51,,Neversetinstone,0.82,/r/worldnews/comments/m6gjlu/suspension_of_astrazeneca_shots_is_political/,t5_2qh13
191,"Australia's AstraZeneca vaccine rollout to start by 8 March after first 300,000 doses arrive",30,lu5a70,https://www.theguardian.com/world/2021/feb/28/australias-astrazeneca-vaccine-rollout-to-start-by-8-march-after-first-300000-doses-arrive?CMP=Share_iOSApp_Other,7,2021-02-27 23:01:27,,BoGaN223,0.81,/r/worldnews/comments/lu5a70/australias_astrazeneca_vaccine_rollout_to_start/,t5_2qh13
192,Australia’s top medical body refuses to endorse PM’s announcement that under-40s can get AstraZeneca | Health | The Guardian,32,oag8vl,https://www.theguardian.com/australia-news/2021/jun/29/australia-astrazeneca-covid-vaccine-top-medical-body-ama-rejects-prime-minister-scott-morrison-announcement-under-40s-can-get-az-vaccination,2,2021-06-29 16:11:22,,Sirbesto,0.74,/r/worldnews/comments/oag8vl/australias_top_medical_body_refuses_to_endorse/,t5_2qh13
193,AstraZeneca ordered to deliver millions of COVID-19 vaccine doses to EU by September,28,o2rid2,https://www.euronews.com/2021/06/18/astrazeneca-ordered-to-deliver-millions-of-covid-19-vaccine-doses-to-eu-by-june,6,2021-06-18 11:19:55,,edifsego,0.71,/r/worldnews/comments/o2rid2/astrazeneca_ordered_to_deliver_millions_of/,t5_2qh13
194,AstraZeneca further cuts EU vaccine supply target,30,m3do4z,https://www.irishtimes.com/business/health-pharma/astrazeneca-further-cuts-eu-vaccine-supply-target-1.4508491,19,2021-03-12 03:55:07,,dinozaur2020,0.78,/r/worldnews/comments/m3do4z/astrazeneca_further_cuts_eu_vaccine_supply_target/,t5_2qh13
195,AstraZeneca says vaccine against new Covid variants may take six months,29,lhgy69,https://www.theguardian.com/business/2021/feb/11/astrazeneca-says-vaccine-against-new-covid-variant-may-take-six-months,21,2021-02-11 04:14:24,,Lichbingeking,0.74,/r/worldnews/comments/lhgy69/astrazeneca_says_vaccine_against_new_covid/,t5_2qh13
196,AstraZeneca’s COVID-19 vaccine: EMA finds possible link to very rare cases of unusual blood clots with low blood platelets,30,mm3rqr,https://www.ema.europa.eu/en/news/astrazenecas-covid-19-vaccine-ema-finds-possible-link-very-rare-cases-unusual-blood-clots-low-blood,0,2021-04-07 10:48:50,,dinozaur2020,0.73,/r/worldnews/comments/mm3rqr/astrazenecas_covid19_vaccine_ema_finds_possible/,t5_2qh13
197,"Blocked by the EU's export ban, Japan got its first AstraZeneca vaccines from the US instead",34,moii5x,https://www.businessinsider.com/japan-gets-astrazeneca-vaccine-from-us-after-eu-export-ban-2021-4?r=US&IR=T,4,2021-04-10 22:31:00,,ex_planelegs,0.73,/r/worldnews/comments/moii5x/blocked_by_the_eus_export_ban_japan_got_its_first/,t5_2qh13
198,Covid: Italian PM brands vaccine delay 'unacceptable': Guiseppe Conte has vowed to take legal action against the two companies [Pfizer and AstraZeneca],30,l3jjuf,https://www.bbc.co.uk/news/world-europe-55780431,8,2021-01-23 15:18:07,,signed7,0.74,/r/worldnews/comments/l3jjuf/covid_italian_pm_brands_vaccine_delay/,t5_2qh13
199,Oxford-AstraZeneca: EU regulator says no indication vaccine linked to blood clots,34,m339dk,https://www.bbc.co.uk/news/world-europe-56357760,2,2021-03-11 18:03:13,,itsaride,0.77,/r/worldnews/comments/m339dk/oxfordastrazeneca_eu_regulator_says_no_indication/,t5_2qh13
200,EU told to expect no AstraZeneca vaccines from U.S. in near future,34,m3gku4,https://www.reuters.com/article/health-coronavirus-eu-astrazeneca/exclusive-eu-told-to-expect-no-astrazeneca-vaccines-from-us-in-near-future-sources-idUSL8N2L9384,3,2021-03-12 07:30:39,,quixotic_cynic,0.77,/r/worldnews/comments/m3gku4/eu_told_to_expect_no_astrazeneca_vaccines_from_us/,t5_2qh13
201,Sweden pauses AstraZeneca COVID-19 vaccinations,27,m64wbv,https://www.reuters.com/article/idUSKBN2B80X4,19,2021-03-16 05:12:28,,dinozaur2020,0.71,/r/worldnews/comments/m64wbv/sweden_pauses_astrazeneca_covid19_vaccinations/,t5_2qh13
202,Norway reports three more ‘severe blood clots or brain haemorrhages’ after AstraZeneca jab,26,m5837t,https://www.thelocal.no/20210314/norway-reports-three-more-severe-blood-clots-or-brain-haemorrhages-after-astrazeneca-jab/,30,2021-03-14 20:12:06,,gobbytree,0.63,/r/worldnews/comments/m5837t/norway_reports_three_more_severe_blood_clots_or/,t5_2qh13
203,EU seeks huge fine in AstraZeneca court case,28,nls74d,https://abcnews.go.com/Business/wireStory/eu-takes-astrazeneca-court-vaccine-deliveries-77911322?cid=social_twitter_abcn,8,2021-05-26 17:40:10,,tophatthis,0.76,/r/worldnews/comments/nls74d/eu_seeks_huge_fine_in_astrazeneca_court_case/,t5_2qh13
204,AstraZeneca says EU loses legal bid for more vaccine supplies by end-June,29,o2q3yb,https://www.reuters.com/business/healthcare-pharmaceuticals/astrazeneca-says-eu-loses-legal-bid-more-vaccine-supplies-by-end-june-2021-06-18/,1,2021-06-18 10:16:23,,Unnaturally-a-panda,0.68,/r/worldnews/comments/o2q3yb/astrazeneca_says_eu_loses_legal_bid_for_more/,t5_2qh13
205,COVID-19 Vaccine AstraZeneca: benefits still outweigh the risks despite possible link to rare blood clots with low blood platelets,30,m9a49s,https://www.ema.europa.eu/en/news/covid-19-vaccine-astrazeneca-benefits-still-outweigh-risks-despite-possible-link-rare-blood-clots,17,2021-03-20 12:11:37,,3nob,0.71,/r/worldnews/comments/m9a49s/covid19_vaccine_astrazeneca_benefits_still/,t5_2qh13
206,Australia’s surplus AstraZeneca Covid vaccines will be donated to neighbouring countries | AstraZeneca,39,o8i6qr,https://www.theguardian.com/business/2021/jun/27/australias-surplus-astrazeneca-covid-vaccines-will-be-donated-to-neighbouring-countries,11,2021-06-26 16:14:35,,internweb,0.76,/r/worldnews/comments/o8i6qr/australias_surplus_astrazeneca_covid_vaccines/,t5_2qh13
207,French national health agency says AstraZeneca vaccine should only go to those over 55,30,m9k69h,https://www.politico.eu/article/french-health-authority-limits-astrazeneca-vaccine-to-older-than-55/,23,2021-03-20 20:31:25,,green_flash,0.72,/r/worldnews/comments/m9k69h/french_national_health_agency_says_astrazeneca/,t5_2qh13
208,AstraZeneca puts COVID-19 vaccine trial on hold over safety concern: Report,28,ip70jx,https://www.channelnewsasia.com/news/world/astrazeneca-puts-covid-19-vaccine-trial-on-hold-over-safety-13093518,2,2020-09-08 21:53:58,,UTUSBN533000,0.77,/r/worldnews/comments/ip70jx/astrazeneca_puts_covid19_vaccine_trial_on_hold/,t5_2qh13
209,AstraZeneca manufacturing error clouds vaccine study results,27,k14uts,https://apnews.com/article/international-news-oxford-coronavirus-pandemic-883e783962dc562a99864b4b63de9897,2,2020-11-25 19:40:15,,3dprinteddildo,0.76,/r/worldnews/comments/k14uts/astrazeneca_manufacturing_error_clouds_vaccine/,t5_2qh13
210,"EU, Italy halt AstraZeneca vaccine shipment to Australia",27,lydfx7,https://www.cbc.ca/news/world/italy-australia-vaccine-exports-1.5937467,13,2021-03-05 09:49:41,,Homer89,0.74,/r/worldnews/comments/lydfx7/eu_italy_halt_astrazeneca_vaccine_shipment_to/,t5_2qh13
211,Oxford-AstraZeneca Coronavirus Vaccine Approved by UK Regulator | This means there is now a full set of two shots purchased by the government for everyone in the country,29,kn0gio,https://www.bbc.co.uk/news/health-55280671,7,2020-12-30 06:15:04,,Raz070202,0.74,/r/worldnews/comments/kn0gio/oxfordastrazeneca_coronavirus_vaccine_approved_by/,t5_2qh13
212,Britain starts accelerated review for AstraZeneca's potential COVID-19 vaccine,33,jm1mks,https://mobile.reuters.com/article/amp/idUSKBN27H1BD?__twitter_impression=true,5,2020-11-01 07:43:34,,Frankenclyde,0.72,/r/worldnews/comments/jm1mks/britain_starts_accelerated_review_for/,t5_2qh13
213,"Australia asks EU to review its AstraZeneca vaccine shipment block, Japan wary",35,ly9pgt,https://www.reuters.com/article/us-health-coronavirus-australia/australia-asks-eu-to-review-its-astrazeneca-vaccine-shipment-block-japan-wary-idUSKCN2AX07H,39,2021-03-05 06:16:57,,holycowdude1,0.79,/r/worldnews/comments/ly9pgt/australia_asks_eu_to_review_its_astrazeneca/,t5_2qh13
214,"Denmark, Norway and Iceland suspend AstraZeneca COVID shots after blood clot reports",28,m330cj,https://www.abc.net.au/news/2021-03-12/denmark-norway-iceland-suspend-astrazeneca-covid-shots-vaccine/13240984,7,2021-03-11 17:51:27,,noshore4me,0.7,/r/worldnews/comments/m330cj/denmark_norway_and_iceland_suspend_astrazeneca/,t5_2qh13
215,Suspension of AstraZeneca shots is 'political decision': Italy's medicines regulator head,27,m6fbkq,https://www.reuters.com/article/us-health-coronavirus-italy-astrazeneca-idUSKBN2B80KK,8,2021-03-16 14:07:47,,nicigar,0.73,/r/worldnews/comments/m6fbkq/suspension_of_astrazeneca_shots_is_political/,t5_2qh13
216,South Africa sells AstraZeneca COVID-19 vaccines to other African countries,30,mabfzl,https://www.reuters.com/article/idUSKBN2BD0K4,2,2021-03-21 21:24:13,,dinozaur2020,0.71,/r/worldnews/comments/mabfzl/south_africa_sells_astrazeneca_covid19_vaccines/,t5_2qh13
217,Canada hopeful 1st doses of AstraZeneca vaccine could arrive as early as Wednesday,29,lvrl86,https://globalnews.ca/news/7669072/astrazeneca-vaccine-canada-deliveries/,11,2021-03-01 21:20:41,,drunkles,0.73,/r/worldnews/comments/lvrl86/canada_hopeful_1st_doses_of_astrazeneca_vaccine/,t5_2qh13
218,Germany fears AstraZeneca vaccine won't get EU approval for those over 65,27,l4zngf,https://www.reuters.com/article/health-coronavirus-eu-astrazeneca-idUSL8N2K05OP,2,2021-01-25 17:43:23,,quixotic_cynic,0.71,/r/worldnews/comments/l4zngf/germany_fears_astrazeneca_vaccine_wont_get_eu/,t5_2qh13
219,Bolivia signs contract with India's Serum Institute for 5 million AstraZeneca vaccine doses,30,kwq574,https://www.reuters.com/article/healthbolivia-india/bolivia-says-signs-contract-with-serum-institute-for-5-million-doses-of-astrazeneca-vaccine-idUSKBN29I28V?edition-redirect=in,2,2021-01-13 16:16:48,,The_Nightbringer,0.85,/r/worldnews/comments/kwq574/bolivia_signs_contract_with_indias_serum/,t5_2qh13
220,Pakistan prohibits people under 40 with allergies from taking AstraZeneca COVID-19 vaccine,30,nacdre,https://nation.com.pk/11-May-2021/pakistan-prohibits-people-under-40-with-allergies-from-taking-astrazeneca-covid-19-vaccine,6,2021-05-11 20:47:09,,agnostic0n,0.72,/r/worldnews/comments/nacdre/pakistan_prohibits_people_under_40_with_allergies/,t5_2qh13
221,"Coronavirus AstraZeneca vaccine ‘mandatory’ for Australians, PM says",26,icf9gr,https://www.news.com.au/lifestyle/health/health-problems/coronavirus-vaccine-scott-morrison-to-announce-free-covid19-vaccines-for-australians/news-story/2ae498bf632fd6ae6aa2d667f22e41a3,58,2020-08-18 22:31:26,,malcolm58,0.74,/r/worldnews/comments/icf9gr/coronavirus_astrazeneca_vaccine_mandatory_for/,t5_2qh13
222,EU regulator finds link between AstraZeneca vaccine and blood clots,27,mm88ug,https://www.reuters.com/article/idUSKBN2BU2GE?il=0,13,2021-04-07 14:13:37,,LudereHumanum,0.76,/r/worldnews/comments/mm88ug/eu_regulator_finds_link_between_astrazeneca/,t5_2qh13
223,WHO recommends Oxford-AstraZeneca Covid vaccine for all adults: Guidance comes after several European countries opted not to give jab to those aged 65 or over,28,lgx0jn,https://www.independent.co.uk/news/health/covid-vaccine-oxford-astrazeneca-who-b1800400.html,15,2021-02-10 11:13:41,,signed7,0.72,/r/worldnews/comments/lgx0jn/who_recommends_oxfordastrazeneca_covid_vaccine/,t5_2qh13
224,Covid: seven deaths reported in Oxford/AstraZeneca UK recipients,27,mip8jz,https://www.theguardian.com/society/2021/apr/02/covid-further-rare-blood-clot-cases-found-in-oxford-astrazeneca-recipients,24,2021-04-02 13:35:47,,dinozaur2020,0.73,/r/worldnews/comments/mip8jz/covid_seven_deaths_reported_in_oxfordastrazeneca/,t5_2qh13
225,"Oxford-AstraZeneca vaccine is safe, European Medicines Agency rules",28,m7ug21,https://www.nbcnews.com/news/world/oxford-astrazeneca-covid-19-vaccine-safe-european-medicines-agency-rules-n1261395,6,2021-03-18 12:19:31,,Ahyesclearly,0.69,/r/worldnews/comments/m7ug21/oxfordastrazeneca_vaccine_is_safe_european/,t5_2qh13
226,Immune response of AstraZeneca shot boosted by mixing dose schedule with Pfizer - study,32,o9m8tn,https://www.reuters.com/world/uk/immune-response-astrazeneca-shot-boosted-by-mixing-dose-schedule-with-pfizer-2021-06-28/,8,2021-06-28 11:11:49,,tonytharakan,0.79,/r/worldnews/comments/o9m8tn/immune_response_of_astrazeneca_shot_boosted_by/,t5_2qh13
227,"AstraZeneca vaccine doses found in Italy, export ban on table - French official | Reuters",27,mc404r,https://www.reuters.com/article/idUSKBN2BG1HF?il=0,4,2021-03-24 08:05:59,,LudereHumanum,0.73,/r/worldnews/comments/mc404r/astrazeneca_vaccine_doses_found_in_italy_export/,t5_2qh13
228,National panel advises against using AstraZeneca's COVID-19 vaccine on people 65+,27,lvo3t5,https://www.cp24.com/news/national-panel-advises-against-using-astrazeneca-s-covid-19-vaccine-on-people-65-1.5329305,9,2021-03-01 18:35:14,,TheColorOfDeadMen,0.77,/r/worldnews/comments/lvo3t5/national_panel_advises_against_using_astrazenecas/,t5_2qh13
229,Trial of the Oxford/AstraZeneca Covid-19 vaccine in children has been paused while regulators investigate a potential association between the jab and a rare form of blood clot.,30,mljgu7,https://www.itv.com/news/2021-04-06/covid-child-oxfordastrazeneca-coronavirus-vaccine-trial-halted-over-potential-blood-clot-link,22,2021-04-06 15:20:41,,green_flash,0.76,/r/worldnews/comments/mljgu7/trial_of_the_oxfordastrazeneca_covid19_vaccine_in/,t5_2qh13
230,Six European countries suspend use of AstraZeneca vaccine over blood clot fears,30,m2o5ah,https://www.nwemail.co.uk/news/19152750.six-european-countries-suspend-use-astrazeneca-vaccine-amid-blood-clot-fears/,11,2021-03-11 06:31:50,,ahm713,0.77,/r/worldnews/comments/m2o5ah/six_european_countries_suspend_use_of_astrazeneca/,t5_2qh13
231,No data suggesting lower efficacy of AstraZeneca vaccine: German health ministry,24,l5b392,https://www.reuters.com/article/us-health-coronavirus-eu-astrazeneca-idUSKBN29V0ZC,3,2021-01-26 05:06:23,,MGC91,0.71,/r/worldnews/comments/l5b392/no_data_suggesting_lower_efficacy_of_astrazeneca/,t5_2qh13
232,Belgium Restricts AstraZeneca Covid Vaccine To Over 55s,34,mm9ew6,https://www.ndtv.com/world-news/belgium-restricts-astrazeneca-covid-19-vaccine-to-over-55s-2408612,2,2021-04-07 15:06:51,,dinozaur2020,0.79,/r/worldnews/comments/mm9ew6/belgium_restricts_astrazeneca_covid_vaccine_to/,t5_2qh13
233,"Chinese police have targeted another world-leading drug maker AstraZeneca, as investigations into GSK bribery continues.",24,1iyljk,http://english.cri.cn/6826/2013/07/24/2701s777834.htm,0,2013-07-24 11:31:19,,327877347,0.84,/r/worldnews/comments/1iyljk/chinese_police_have_targeted_another_worldleading/,t5_2qh13
234,AstraZeneca pulls out of EU meeting amid row over supply delays,30,l62gv7,https://www.euronews.com/2021/01/27/covid-19-vaccine-astrazeneca-boss-hits-back-at-eu-criticism-over-supply-delays,6,2021-01-27 06:20:47,,dinozaur2020,0.76,/r/worldnews/comments/l62gv7/astrazeneca_pulls_out_of_eu_meeting_amid_row_over/,t5_2qh13
235,AstraZeneca Covid-19 vaccine study put on hold due to suspected adverse reaction in participant in the U.K.,29,ip2mk8,https://www.statnews.com/2020/09/08/astrazeneca-covid-19-vaccine-study-put-on-hold-due-to-suspected-adverse-reaction-in-participant-in-the-u-k/,7,2020-09-08 17:29:26,,Mighty_L_LORT,0.79,/r/worldnews/comments/ip2mk8/astrazeneca_covid19_vaccine_study_put_on_hold_due/,t5_2qh13
236,"79 Blood Clots, 19 Deaths In UK After Taking AstraZeneca Jab: Regulator",23,mm6qpt,https://www.barrons.com/news/79-blood-clots-19-deaths-in-uk-after-taking-astrazeneca-jab-regulator-01617806705,17,2021-04-07 13:04:46,,signed7,0.73,/r/worldnews/comments/mm6qpt/79_blood_clots_19_deaths_in_uk_after_taking/,t5_2qh13
237,"EU countries halt Oxford/AstraZeneca vaccine rollout over blood clots - There have been several deaths from clotting, but health authorities have stressed there's no indication of a link to vaccination.",25,m5lc2t,https://www.politico.eu/article/eu-countries-halt-oxford-astrazeneca-vaccine-rollout-after-blood-clots/,4,2021-03-15 10:01:16,,Neo2199,0.68,/r/worldnews/comments/m5lc2t/eu_countries_halt_oxfordastrazeneca_vaccine/,t5_2qh13
238,Vaccine committee says provinces should give AstraZeneca recipients a different vaccine for second dose,38,o2kbvv,https://www.cbc.ca/news/politics/astra-zeneca-second-shots-stop-1.6069838,1,2021-06-18 04:33:22,,edifsego,0.84,/r/worldnews/comments/o2kbvv/vaccine_committee_says_provinces_should_give/,t5_2qh13
239,EU seeks large AstraZeneca fine for alleged contract breach,32,nlier7,https://www.reuters.com/business/healthcare-pharmaceuticals/didnt-even-try-eu-lawyer-accuses-astrazeneca-contract-breach-2021-05-26/,7,2021-05-26 10:30:24,,mysticalcircus,0.77,/r/worldnews/comments/nlier7/eu_seeks_large_astrazeneca_fine_for_alleged/,t5_2qh13
240,AstraZeneca: France says under 55s to receive different second dose of the COVID-19 vaccine,22,mndmza,https://www.euronews.com/2021/04/09/astrazeneca-france-says-under-55s-to-receive-different-second-dose-of-the-covid-19-vaccine,13,2021-04-09 05:39:43,,dinozaur2020,0.8,/r/worldnews/comments/mndmza/astrazeneca_france_says_under_55s_to_receive/,t5_2qh13
241,Coronavirus: India approves vaccines from Bharat Biotech and Oxford/AstraZeneca,24,kpgdn0,https://www.bbc.com/news/world-asia-india-55520658,1,2021-01-03 02:36:18,,purplemoonrocks,0.7,/r/worldnews/comments/kpgdn0/coronavirus_india_approves_vaccines_from_bharat/,t5_2qh13
