,title,score,id,url,comms_num,created,body,author,upvote_ratio,permalink,subreddit_id
0,Johnson & Johnson shares drop on Reuters report that the company knew for decades of asbestos in its baby powder,57649,a65e0t,https://www.cnbc.com/2018/12/14/johnson--johnson-shares-drop-on-reuters-report-that-the-company-knew-for-decades-of-asbestos-in-its-baby-powder.html,2929,2018-12-14 09:43:44,,branstarktreewizard,0.94,/r/worldnews/comments/a65e0t/johnson_johnson_shares_drop_on_reuters_report/,t5_2qh13
1,"Canada has rejected 300,000 doses of the Johnson & Johnson vaccine from the U.S. after it was made at a Baltimore facility riddled with contamination issues.",43854,nymkld,https://thehill.com/policy/healthcare/558159-canada-rejects-300k-jj-vaccine-doses-made-at-troubled-baltimore-facility,1871,2021-06-12 22:17:42,,DoremusJessup,0.93,/r/worldnews/comments/nymkld/canada_has_rejected_300000_doses_of_the_johnson/,t5_2qh13
2,Johnson & Johnson Under Criminal Investigation For Concealing Cancer Risks Of Baby Powder,19210,ccyoen,https://www.forbes.com/sites/rachelsandler/2019/07/12/johnson--johnson-under-criminal-investigation-for-concealing-cancer-risks-of-baby-powder/#9a7a98166e73,709,2019-07-14 00:00:56,,maxwellhill,0.96,/r/worldnews/comments/ccyoen/johnson_johnson_under_criminal_investigation_for/,t5_2qh13
3,"Australian victims of faulty pelvic mesh implants have expressed disgust at doctors’ suggestions of anal intercourse as a solution to their ruined sex lives. The devices, manufactured by pharmaceutical giant Johnson & Johnson, caused chronic and debilitating pain, including during intercourse.",10293,6wiuhz,https://www.theguardian.com/australia-news/2017/aug/28/pelvic-mesh-victims-disgusted-at-suggestion-of-sodomy-as-solution,899,2017-08-28 07:41:59,,EightRoundsRapid,0.93,/r/worldnews/comments/6wiuhz/australian_victims_of_faulty_pelvic_mesh_implants/,t5_2qh13
4,International reactions to projected Biden victory in US presidential election,3705,jpxpqs,https://www.reddit.com/r/worldnews/comments/jpxpqs/international_reactions_to_projected_biden/,973,2020-11-07 15:31:28,"Please post other reactions in the comments. This post will be updated.

- 🇬🇧 [Boris Johnson congratulates Joe Biden on US election win](https://www.bbc.com/news/uk-politics-54840746)
- 🇨🇦 [Trudeau, party leaders congratulate president-elect Joe Biden on U.S. election victory](https://www.cbc.ca/news/politics/trudeau-congratulates-joe-biden-1.5794006)
- 🇪🇺 [European Commission congratulates Biden on his victory](https://www.brusselstimes.com/news/eu-affairs/139707/european-commission-congratulates-biden-to-his-victory/)
- 🇫🇷 [France's Macron congratulates Biden on election win](https://www.reuters.com/article/us-usa-election-france/frances-macron-congratulates-biden-on-election-win-idUSKBN27N0RC)
- 🇩🇪 [Germany's Angela Merkel congratulates Biden on win](https://www.dw.com/en/us-election-germanys-angela-merkel-congratulates-biden-on-win/a-55531839)
- 🇪🇸 [Spain's Prime Minister Sanchez congratulates Joe Biden on Twitter](https://www.reuters.com/article/us-usa-election-spain/spains-prime-minister-sanchez-congratulates-joe-biden-on-twitter-idUSKBN27N0R0)
- 🇮🇹  [Italy's President Sergio Mattarella congratulates Joe Biden](https://www.quirinale.it/elementi/51069)
- 🇮🇪 [Taoiseach Micheál Martin has led the way in congratulating Joe Biden on his victory in the US election](https://www.irishpost.com/news/irish-politicians-congratulate-true-friend-of-ireland-joe-biden-on-us-election-victory-197154)
- 🇵🇱 [Poland's President Duda congratulates Biden on 'successful campaign'](https://www.reuters.com/article/instant-article/idUSKBN27N0SU)
- 🇷🇴 [Romania's President Klaus Iohannis congratulates Joe Biden on Twitter](https://twitter.com/KlausIohannis/status/1325139356462379008)
- 🇺🇦 [Ukraine's President Zelenskyy congratulates Joe Biden and Kamala Harris on Twitter](https://twitter.com/zelenskyyua/status/1325141322773098496)
- 🇸🇪 [Sweden's PM Stefan Löfven congratulates Joe Biden and Kamala Harris on Twitter](https://twitter.com/SwedishPM/status/1325137845128978432)
- 🇫🇮 [Finland's PM Sanna Marin congratulates Joe Biden and Kamala Harris on Twitter](https://twitter.com/MarinSanna/status/1325165267702349826?s=20)
- 🇳🇱 [Dutch PM Mark Rutte congratulates Joe Biden, hopes to speak to him soon](https://www.dutchnews.nl/news/2020/11/mark-rutte-congratulates-joe-biden-hopes-to-speak-to-him-soon/)
- 🇬🇷 [Greek Prime Minister Kyriakos Mitsotakis congratulates Joe Biden on Twitter](https://twitter.com/PrimeministerGR/status/1325125552299266048)
- 🇵🇹 [Portugal's PM António Costa congratulates Joe Biden on Twitter](https://twitter.com/antoniocostapm/status/1325134208336015361)
- 🇦🇹 [Austria's PM Sebastian Kurz congratulates Joe Biden on Twitter](https://twitter.com/sebastiankurz/status/1325136618219470848)
- 🇨🇭 [Swiss President Simonetta Sommaruga congratulates Joe Biden and Kamala Harris on Twitter](https://mobile.twitter.com/s_sommaruga/status/1325137277341691905)
- 🏴󠁧󠁢󠁳󠁣󠁴󠁿 [Scotland's First Minister Nicola Sturgeon congratulates Biden and Harris on election victory](https://www.newsandstar.co.uk/news/national/18855216.nicola-sturgeon-congratulates-biden-harris-election-victory/)
- 🇰🇷 [South Korea's President Moon sends congratulatory message to Biden, says he has 'great expectations' for alliance's future](https://en.yna.co.kr/view/AEN20201108001151315?section=national/politics)
- 🇯🇵 [Japan's PM Suga congratulates Joe Biden and Kamala Harris on Twitter](https://twitter.com/sugawitter/status/1325188119008743425)
- 🇵🇰 [Pakistan's PM Khan congratulates Biden, Harris](https://twitter.com/ImranKhanPTI/status/1325150531422220288)
- 🇮🇳 [India's PM Modi congratulates Biden, Harris](https://indianexpress.com/article/india/pm-modi-congratulates-biden-harris-7001797/)
- 🇵🇭 [Duterte congratulates Biden on US presidential election victory](https://globalnation.inquirer.net/192013/duterte-congratulates-joe-biden-on-us-presidential-win/amp)
- 🇹🇼 [Taiwan's President Tsai Ing-wen congratulates Joe Biden and Kamala Harris on Twitter](https://twitter.com/iingwen/status/1325228344720289792)
- 🇿🇦 [President Ramaphosa congratulates US President-Elect Joe Biden](https://ewn.co.za/2020/11/07/president-ramaphosa-congratulates-us-president-elect-joe-biden)
- 🇳🇬 [Nigeria's President Buhari congratulates Biden](https://www.vanguardngr.com/2020/11/buhari-congratulates-biden/)
- 🇬🇭 [Ghana's President Akufo-Addo congratulates Joe Biden and Kamala Harris on Twitter](https://twitter.com/NAkufoAddo/status/1325191979102244867)
- 🇮🇶 [Iraq's president congratulates Biden on U.S. election victory](https://nationalpost.com/pmn/news-pmn/iraqs-president-congratulates-biden-on-u-s-election-victory)
- 🇱🇧 [Lebanese President Michel Aoun congratulates Joe Biden on winning the US presidential elections](https://english.aawsat.com/home/article/2611536/lebanese-president-congratulates-biden-winning-us-election)
- 🇪🇬 [Egypt's Sisi congratulates Biden on winning U.S. Election](https://www.reuters.com/article/usa-election-egypt-idUSC6N2F8024)
- 🇯🇲 [Jamaica's Prime Minister congratulates Biden and Harris on Twitter](https://twitter.com/AndrewHolnessJM/status/1325143062423736320)
- 🇦🇷 [Argentina's President Alberto Fernández congratulates Biden and Harris on Twitter](https://twitter.com/alferdez/status/1325137847565869057)
- 🇨🇱 [Chile's President Sebastián Piñera congratulates Biden and Harris on Twitter](https://twitter.com/sebastianpinera/status/1325154951111315457)
- 🇲🇾 [Malaysian PM Muhyiddin Yassin congratulates Joe Biden on US election victory](https://www.straitstimes.com/asia/se-asia/malaysian-pm-muhyiddin-yassin-congratulates-joe-biden-on-us-election-victory)
- 🇳🇿 [New Zealand's PM Jacinda Ardern congratulates Joe Biden on US election victory](https://www.tvnz.co.nz/one-news/new-zealand/jacinda-ardern-congratulates-joe-biden-us-election-victory)
- 🇦🇺 [Australia's PM Scott Morrison congratulates Joe Biden and Kamala Harris on Twitter](https://twitter.com/ScottMorrisonMP/status/1325179691284668424)",WorldNewsMods,0.92,/r/worldnews/comments/jpxpqs/international_reactions_to_projected_biden/,t5_2qh13
5,"Johnson & Johnson, Viacyte testing possible diabetes cure: ""If it works as well in patients as it has in animals, it would amount to a cure, ending the need for frequent insulin injections and blood sugar testing""",2641,4454wt,http://hosted.ap.org/dynamic/stories/U/US_DIABETES_CURE?SITE=AP&SECTION=HOME&TEMPLATE=DEFAULT&CTIME=2016-02-04-01-22-39,216,2016-02-04 07:57:41,,SAT0725,0.92,/r/worldnews/comments/4454wt/johnson_johnson_viacyte_testing_possible_diabetes/,t5_2qh13
6,Sri Lanka halts imports of Johnson & Johnson Baby Powder pending asbestos tests,2379,aln16t,https://www.reuters.com/article/us-johnson-johnson-cancer-sri-lanka-excl/exclusive-sri-lanka-halts-imports-of-johnson-johnson-baby-powder-pending-asbestos-tests-idUSKCN1PP0O1?il=0,199,2019-01-31 02:18:46,,the_gr8_media_geek,0.96,/r/worldnews/comments/aln16t/sri_lanka_halts_imports_of_johnson_johnson_baby/,t5_2qh13
7,International Reactions to Trump Executive Order Restricting Immigration from 7 Muslim Majority Nations,2165,5quype,https://www.reddit.com/r/worldnews/comments/5quype/international_reactions_to_trump_executive_order/,1089,2017-01-29 12:44:16,"On January 27, 2017, US President Donald Trump signed the [""Protecting the Nation from Foreign Terrorist Entry into the United States""](https://en.wikipedia.org/wiki/Protecting_the_Nation_from_Foreign_Terrorist_Entry_into_the_United_States) Executive Order, the most prominent provision of which involves blocking entry for citizens of Libya, Sudan, Somalia, Syria, Iran, Iraq, and Yemen for 90 days.  The Order has led to international responses by various world leaders, as well as complications and consequences for international citizens seeking entry to the United States.  While individually, some of these stories do not have a global impact, collectively, they are part of a larger discussion on the global reaction to these US immigration restrictions.

This thread is intended to provide a place to discuss all relevant reactions to President Trump's Executive Order.  All subsequent submissions pertaining to reactions to the Executive Order will be removed and redirected to the sticky.  Please post new articles as top level comments.  Mods will periodically review the thread to add additional discussion threads to our table directory below.  Please keep discussion germane - *all non-topical or joke threads will be removed.*

Thank you,

The WorldNews mod team.

***

Article|User Credit|Discussion
:--|:--|:--
[Jeremy Corbyn calls for Donald Trump to be banned from UK visit until Muslim ban is lifted](http://www.independent.co.uk/news/uk/politics/donald-trump-muslim-ban-jeremy-corbyn-uk-mp-immigration-policy-theresa-may-response-a7551636.html)|/u/impossiblepromises|[HERE](https://www.reddit.com/r/worldnews/comments/5qt7qb/jeremy_corbyn_calls_for_donald_trump_to_be_banned/)
[Germany's Angela Merkel attacks Donald Trump for targeting 'people from specific background or faith'](http://www.independent.co.uk/news/world/europe/donald-trump-muslim-ban-germany-angela-merkel-immigration-refugee-executive-order-a7551641.html)|/u/romaco|[HERE](https://www.reddit.com/r/worldnews/comments/5qtflc/germanys_angela_merkel_attacks_donald_trump_for/)
[Gold medalist Sir Mo Farah not able to go home from training camp in Ethiopia. ""The Queen made me a knight, Donald Trump made me an alien""](https://www.theguardian.com/sport/2017/jan/29/sir-mo-farah-donald-trump-made-me-an-alien?CMP=fb_gu)|/u/dieyoubastards|[HERE](https://www.reddit.com/r/worldnews/comments/5qtz24/gold_medalist_sir_mo_farah_not_able_to_go_home/)
[Boris Johnson: US immigration order divisive and wrong](http://www.bbc.com/news/uk-38786576)|/u/dori_lukey|[HERE](https://www.reddit.com/r/worldnews/comments/5qu782/boris_johnson_us_immigration_order_divisive_and/)
[Boston Federal Court Puts Hold On Trump's Travel, Refugee Ban](http://www.wbur.org/news/2017/01/29/boston-ruling-trump-executive-order)|/u/georgiedawn|[HERE](https://www.reddit.com/r/worldnews/comments/5qv6pr/boston_federal_court_puts_hold_on_trumps_travel/)",WorldNewsMods,0.81,/r/worldnews/comments/5quype/international_reactions_to_trump_executive_order/,t5_2qh13
8,Transvaginal mesh: Johnson & Johnson fined $344m for deceptive marketing to women,1876,ewsv7x,https://www.theguardian.com/business/2020/jan/30/transvaginal-mesh-johnson-johnson-fined-344m-for-deceptive-marketing-to-women,120,2020-01-31 13:43:57,,saurabh24_,0.96,/r/worldnews/comments/ewsv7x/transvaginal_mesh_johnson_johnson_fined_344m_for/,t5_2qh13
9,"Johnson & Johnson to stop selling talc-based baby powder in U.S., Canada",880,gmy6kl,https://www.reuters.com/article/us-johnson-johnson-babypowder/johnson-johnson-to-stop-selling-talc-based-baby-powder-in-u-s-canada-idUSKBN22V32U?feedType=RSS&feedName=topNews&utm_source=feedburner&utm_medium=feed&utm_campaign=Feed%3A+reuters%2FtopNews+%28News+%2F+US+%2F+Top+News%29,149,2020-05-19 17:53:40,,2020isadumpsterfire,0.96,/r/worldnews/comments/gmy6kl/johnson_johnson_to_stop_selling_talcbased_baby/,t5_2qh13
10,FIFA loses three World Cup sponsors in Castrol Continental Johnson & Johnson,850,2tfuf3,http://www.espnfc.com/fifa-world-cup/story/2260163/fifa-loses-three-world-cup-sponsors-in-castrol-continental-johnson-and-johnson,79,2015-01-23 15:28:31,,44444444444444444445,0.88,/r/worldnews/comments/2tfuf3/fifa_loses_three_world_cup_sponsors_in_castrol/,t5_2qh13
11,Johnson & Johnson to test HIV vaccine in US and Europe,595,ccbti1,https://www.cnbc.com/2019/07/12/johnson-johnson-to-test-hiv-vaccine-in-us-and-europe.html,149,2019-07-12 10:50:30,,luisgustavo-,0.94,/r/worldnews/comments/ccbti1/johnson_johnson_to_test_hiv_vaccine_in_us_and/,t5_2qh13
12,Revealed: Johnson & Johnson's 'irresponsible' actions over vaginal mesh implant - Woman awarded record $57m damages over implant launched with no clinical trial and marketed despite higher failure rate,537,73edfd,https://www.theguardian.com/society/2017/sep/29/revealed-johnson-johnsons-irresponsible-actions-over-vaginal-mesh-implant,65,2017-09-30 07:17:21,,mvea,0.92,/r/worldnews/comments/73edfd/revealed_johnson_johnsons_irresponsible_actions/,t5_2qh13
13,"Johnson & Johnson ordered to pay $2.1 billion in baby powder lawsuit. Last month, the company announced it would discontinue its talc-based products in the U.S. and Canada, citing decreased sales and “misinformation around the safety of the product and a constant barrage of litigation advertising.”",405,hgoiqw,https://thehill.com/business-a-lobbying/business-a-lobbying/504230-missouri-court-halves-damages-in-johnson-johnson-baby-powder-case-to-21b,78,2020-06-27 02:29:10,,ahm713,0.96,/r/worldnews/comments/hgoiqw/johnson_johnson_ordered_to_pay_21_billion_in_baby/,t5_2qh13
14,Johnson & Johnson CEO says the virus is the only competition in COVID-19 vaccine race,337,jsv2nr,https://www.freep.com/story/news/health/2020/11/12/covid-19-only-competition-vaccine-race-ceo-says/6243297002/,22,2020-11-12 09:01:39,,Faheen,0.92,/r/worldnews/comments/jsv2nr/johnson_johnson_ceo_says_the_virus_is_the_only/,t5_2qh13
15,COVID-19 vaccine has 98 percent success rate in Johnson & Johnson early trial,278,izu0d6,https://www.newsweek.com/covid-19-vaccine-has-98-percent-success-rate-johnson-johnson-early-trial-1534391,115,2020-09-25 18:53:26,,roku44,0.85,/r/worldnews/comments/izu0d6/covid19_vaccine_has_98_percent_success_rate_in/,t5_2qh13
16,"Johnson & Johnson coronavirus vaccine generates immune response, few side effects, in early trials",264,kwri7i,https://www.cnn.com/2021/01/13/health/johnson-coronavirus-vaccine-early-trials/index.html,36,2021-01-13 17:21:31,,AkitaBijin,0.92,/r/worldnews/comments/kwri7i/johnson_johnson_coronavirus_vaccine_generates/,t5_2qh13
17,Johnson & Johnson ordered to pay $8bn to man who 'developed female breast tissue',252,dfpo7z,https://www.theguardian.com/business/2019/oct/09/johnson-johnson-risperdal-female-breast-tissue-boys,49,2019-10-09 19:54:42,,derawin07,0.93,/r/worldnews/comments/dfpo7z/johnson_johnson_ordered_to_pay_8bn_to_man_who/,t5_2qh13
18,"""Over the past year eight of the world's top 10 drugmakers - Pfizer Inc, Novartis AG, Merck & Co Inc, Sanofi, AstraZeneca, GlaxoSmithKline Plc, Johnson & Johnson and Eli Lilly & Co - have all warned that they may face liabilities related to charges of corruption in numerous overseas markets.""",224,qaohi,http://www.reuters.com/article/2012/02/28/us-pharma-corruption-idUSTRE81R0S720120228,12,2012-02-28 21:36:53,,RegOhst,0.95,/r/worldnews/comments/qaohi/over_the_past_year_eight_of_the_worlds_top_10/,t5_2qh13
19,Johnson & Johnson begins shipments of single-shot vaccines to EU,201,mpkuml,https://www.dw.com/en/covid-vaccine-johnson-johnson-begins-shipments-to-eu/a-57169645,47,2021-04-12 15:05:39,,green_flash,0.93,/r/worldnews/comments/mpkuml/johnson_johnson_begins_shipments_of_singleshot/,t5_2qh13
20,"Johnson & Johnson is recalling 33,000 bottles of baby powder after government testing found asbestos trace amounts in 1 bottle bought online. The recall, Oct. 18, 2019, comes as J&J fights 1000s of lawsuits. Plaintiffs claim asbestos in its baby powder caused ovarian cancer or another rare cancer.",200,djru5n,https://www.apnews.com/edc56dab5ec9409f8b1d139cc69850fa,14,2019-10-18 14:42:14,,Molire,0.92,/r/worldnews/comments/djru5n/johnson_johnson_is_recalling_33000_bottles_of/,t5_2qh13
21,India drug regulators testing Johnson & Johnson baby powder for asbestos,195,a9rn2d,https://www.cnn.com/2018/12/26/health/india-testing-johnson--johnson-baby-powder-for-asbestos-intl/index.html,13,2018-12-26 14:43:37,,PsychSiren,0.94,/r/worldnews/comments/a9rn2d/india_drug_regulators_testing_johnson_johnson/,t5_2qh13
22,Australian women win landmark vaginal mesh class action against Johnson & Johnson,160,dzb9yn,https://www.theguardian.com/australia-news/2019/nov/21/australian-women-win-landmark-vaginal-mesh-class-action-against-johnson-johnson?CMP=Share_AndroidApp_reddit_is_fun,9,2019-11-20 19:49:12,,pipsdontsqueak,0.94,/r/worldnews/comments/dzb9yn/australian_women_win_landmark_vaginal_mesh_class/,t5_2qh13
23,"Johnson & Johnson loses landmark court case over vaginal mesh implant dangers. 1,350 women win class action against healthcare giant which misled them about risks of controversial medical device.",161,dzz68b,https://www.independent.co.uk/news/business/news/johnson-johnson-vaginal-mesh-court-case-lose-class-action-a9212016.html,10,2019-11-22 05:24:15,,chelsea707,0.95,/r/worldnews/comments/dzz68b/johnson_johnson_loses_landmark_court_case_over/,t5_2qh13
24,Johnson & Johnson suffers worst day since 2002,137,a69ox4,https://edition.cnn.com/2018/12/14/business/johnson-and-johnson-stock-baby-powder-asbestos/index.html,29,2018-12-14 17:39:26,,ammar430,0.9,/r/worldnews/comments/a69ox4/johnson_johnson_suffers_worst_day_since_2002/,t5_2qh13
25,Australia won’t buy Johnson & Johnson’s one-dose Covid vaccine due to AstraZeneca similarities,133,mpymi6,https://www.theguardian.com/society/2021/apr/13/australia-wont-buy-johnson-johnsons-one-dose-covid-vaccine-due-to-astrazeneca-similarities,20,2021-04-13 05:15:49,,diacewrb,0.89,/r/worldnews/comments/mpymi6/australia_wont_buy_johnson_johnsons_onedose_covid/,t5_2qh13
26,Johnson & Johnson has forcefully denied a media report that it knew for decades about the existence of trace amounts of asbestos in its baby powder.,106,a6baag,https://www.abc.net.au/news/2018-12-15/johnson-&-johnson-denies-asbestos-report/10623498,14,2018-12-14 21:06:35,,glasier,0.91,/r/worldnews/comments/a6baag/johnson_johnson_has_forcefully_denied_a_media/,t5_2qh13
27,Johnson & Johnson COVID-19 vaccine produces strong immune response in early trial,94,j06quh,https://www.reuters.com/article/health-coronavirus-johnson-johnson-vacci-idUSKCN26G2YC,22,2020-09-26 10:14:10,,Gulliveig,0.81,/r/worldnews/comments/j06quh/johnson_johnson_covid19_vaccine_produces_strong/,t5_2qh13
28,Johnson & Johnson chief says everyone may need a COVID-19 vaccine shot for many years to come,79,lh4zzg,https://thehill.com/changing-america/well-being/prevention-cures/538295-johnson-johnson-chief-says-everyone-may-need-a,68,2021-02-10 16:54:31,,GaryRuppert,0.81,/r/worldnews/comments/lh4zzg/johnson_johnson_chief_says_everyone_may_need_a/,t5_2qh13
29,Johnson & Johnson loses vaginal mesh class action,72,dzhuwd,https://www.bbc.com/news/business-50498796,6,2019-11-21 06:17:11,,jioayur,0.87,/r/worldnews/comments/dzhuwd/johnson_johnson_loses_vaginal_mesh_class_action/,t5_2qh13
30,Johnson & Johnson's one-dose COVID-19 vaccine won't be coming to Australia due to AstraZeneca similarities.,59,mppsms,https://www.abc.net.au/news/2021-04-13/johnson-johnson-covid-19-vaccine-australia/100064454,9,2021-04-12 19:10:31,,agnostic0n,0.84,/r/worldnews/comments/mppsms/johnson_johnsons_onedose_covid19_vaccine_wont_be/,t5_2qh13
31,Canada to donate millions of Johnson & Johnson vaccines,61,p36vcy,https://www.cbc.ca/news/canada/canada-donate-vaccines-1.6138973,13,2021-08-12 15:24:11,,Yoanncs,0.85,/r/worldnews/comments/p36vcy/canada_to_donate_millions_of_johnson_johnson/,t5_2qh13
32,"Fifa loses three key sponsors as Castrol, Continental and Johnson & Johnson sever ties with world governing body",52,2terja,http://www.telegraph.co.uk/sport/football/world-cup/11364195/Fifa-loses-three-key-sponsors-as-Castrol-Continental-and-Johnson-and-Johnson-sever-ties-with-world-governing-body.html,4,2015-01-23 10:23:05,,taywes18,0.71,/r/worldnews/comments/2terja/fifa_loses_three_key_sponsors_as_castrol/,t5_2qh13
33,EU Commission approves Johnson & Johnson's one-shot Covid-19 vaccine,57,m2xvl2,https://www.france24.com/en/live-news/20210311-eu-regulator-approves-johnson-johnson-s-single-shot-covid-19-vaccine,3,2021-03-11 13:59:51,,dinozaur2020,0.84,/r/worldnews/comments/m2xvl2/eu_commission_approves_johnson_johnsons_oneshot/,t5_2qh13
34,"Johnson & Johnson is required to add new warnings to its diabetes drug, Invokana, about the risk of foot and leg amputations, FDA said",52,6bm2as,http://www.reuters.com/article/us-health-diabetes-johnson-johnson-idUSKCN18C2RC,29,2017-05-16 22:40:23,,maxwellhill,0.84,/r/worldnews/comments/6bm2as/johnson_johnson_is_required_to_add_new_warnings/,t5_2qh13
35,Scientists & climate advisers condemn UK Conservatives environmental record - party under pressure on climate crisis as Jeremy Corbyn says Boris Johnson can not be trusted,48,dxwa3f,https://www.theguardian.com/environment/2019/nov/17/scientists-and-climate-advisers-condemn-tory-environmental-record,10,2019-11-17 20:46:02,,StuartGT,0.79,/r/worldnews/comments/dxwa3f/scientists_climate_advisers_condemn_uk/,t5_2qh13
36,Johnson & Johnson Says Contractor Botched Part Of Vaccine Production : Coronavirus Updates : NPR,47,mi1znp,https://www.npr.org/sections/coronavirus-live-updates/2021/04/01/983380847/johnson-johnson-says-contractor-botched-part-of-vaccine-production,11,2021-04-01 14:42:31,,madmanmkp74,0.8,/r/worldnews/comments/mi1znp/johnson_johnson_says_contractor_botched_part_of/,t5_2qh13
37,Johnson & Johnson told to pay $8bn to man over unwanted breast growth,43,dfja4s,https://finance.yahoo.com/news/johnson-johnson-risperdal-8bn-compensation-verdict-breast-growth-093051476.html,14,2019-10-09 12:13:49,,Shrill_Hillary,0.82,/r/worldnews/comments/dfja4s/johnson_johnson_told_to_pay_8bn_to_man_over/,t5_2qh13
38,Health Canada investigating after U.S. recommends pausing use of Johnson & Johnson vaccine,45,mq5zav,https://www.theglobeandmail.com/canada/article-health-canada-investigating-after-us-recommends-pausing-use-of-johnson/?cmpid=rss&utm_source=dlvr.it&utm_medium=twitter,8,2021-04-13 12:35:04,,ONE-OF-THREE,0.82,/r/worldnews/comments/mq5zav/health_canada_investigating_after_us_recommends/,t5_2qh13
39,"More than 1,350 Australian women have won a long-running class action lawsuit against Johnson & Johnson (J&J) over vaginal mesh implants | Some patients said they had suffered chronic pain, bleeding and severe discomfort during sexual intercourse after having the mesh surgically implanted",39,dzk2kd,https://www.bbc.co.uk/news/business-50498796,1,2019-11-21 09:29:13,,hasharin,0.79,/r/worldnews/comments/dzk2kd/more_than_1350_australian_women_have_won_a/,t5_2qh13
40,Germany's Health Ministry told US pharmaceutical giant Johnson & Johnson on Sunday that it expected delivery of 6.5 million doses in July to offset a vaccine shortfall,51,nz2612,https://www.dw.com/en/coronavirus-germany-demands-johnson-johnson-replace-spoiled-covid-vaccine-doses/a-57873597,1,2021-06-13 14:05:45,,DoremusJessup,0.81,/r/worldnews/comments/nz2612/germanys_health_ministry_told_us_pharmaceutical/,t5_2qh13
41,Johnson & Johnson withdraws pelvic mesh device from Australian market,39,7sdz59,https://www.theguardian.com/society/2018/jan/23/johnson-johnson-withdraws-pelvic-vaginal-mesh-device-from-australian-market,1,2018-01-23 07:13:07,,rod-mackay,0.85,/r/worldnews/comments/7sdz59/johnson_johnson_withdraws_pelvic_mesh_device_from/,t5_2qh13
42,"FBI targets Johnson & Johnson, Siemens, GE, Philips for paying Kickbacks in Brazil",37,bptn9t,https://www.reuters.com/article/us-brazil-corruption-healthcare-exclusiv/exclusive-fbi-targets-johnson-johnson-siemens-ge-philips-in-brazil-graft-case-sources-idUSKCN1SN0ZZ,3,2019-05-17 12:47:21,,TigerX1,0.79,/r/worldnews/comments/bptn9t/fbi_targets_johnson_johnson_siemens_ge_philips/,t5_2qh13
43,Johnson & Johnson loses another court case over talcum powder and cancer,36,4hozlo,http://www.theguardian.com/society/2016/may/03/johnson-johnson-loses-another-court-case-over-talcum-powder-and-cancer,10,2016-05-03 14:19:03,,BigBiscuit-,0.83,/r/worldnews/comments/4hozlo/johnson_johnson_loses_another_court_case_over/,t5_2qh13
44,Johnson & Johnson discontinues talc-based baby powder in US and Canada,35,gmwzsi,https://www.cnbc.com/2020/05/19/johnson-johnson-discontinues-talc-based-baby-powder-in-us-and-canada.html,7,2020-05-19 16:50:11,,pipsdontsqueak,0.88,/r/worldnews/comments/gmwzsi/johnson_johnson_discontinues_talcbased_baby/,t5_2qh13
45,Johnson & Johnson Statement on COVID-19 Vaccine - We have made the decision to proactively delay the rollout of our vaccine in Europe,38,mq49tt,https://www.jnj.com/johnson-johnson-statement-on-covid-19-vaccine,8,2021-04-13 11:12:54,,signed7,0.81,/r/worldnews/comments/mq49tt/johnson_johnson_statement_on_covid19_vaccine_we/,t5_2qh13
46,Johnson & Johnson pauses Covid-19 vaccine trial after 'unexplained illness',29,ja4ylc,https://www.cnn.com/2020/10/12/health/johnson-coronavirus-vaccine-pause-bn/index.html?utm_medium=social&utm_source=twcnnbrk&utm_term=link&utm_content=2020-10-13T01%3A40%3A08,12,2020-10-12 22:38:42,,Coltyn03,0.74,/r/worldnews/comments/ja4ylc/johnson_johnson_pauses_covid19_vaccine_trial/,t5_2qh13
47,"Johnson & Johnson booster shot prompts large increase in immune response, company says",34,pbe2qj,https://www.cnn.com/2021/08/25/health/johnson-vaccine-booster-data/index.html,1,2021-08-25 11:53:31,,BeautyInTheNegitive,0.84,/r/worldnews/comments/pbe2qj/johnson_johnson_booster_shot_prompts_large/,t5_2qh13
48,Johnson & Johnson says it is delaying rollout of its COVID vaccine in Europe amid blood clot reports,31,mq3aua,https://www.euronews.com/2021/04/13/us-recommends-johnson-johnson-covid-vaccine-pause-due-to-blood-clots,3,2021-04-13 10:24:09,,dinozaur2020,0.8,/r/worldnews/comments/mq3aua/johnson_johnson_says_it_is_delaying_rollout_of/,t5_2qh13
49,"In a major victory for advocates of access to data from clinical trials, Johnson & Johnson announced that it will make its clinical trial data available to outside parties. The Yale University Open Data Access project will serve to review requests regarding access to clinical trials data.",23,1wj8f5,http://www.forbes.com/sites/larryhusten/2014/01/30/johnson-johnson-will-share-clinical-trial-data/,1,2014-01-30 00:17:50,,ionised,0.8,/r/worldnews/comments/1wj8f5/in_a_major_victory_for_advocates_of_access_to/,t5_2qh13
50,Johnson & Johnson ordered to pay $8bn to man who 'developed female breast tissue',23,dfnx9p,https://www.theguardian.com/business/2019/oct/09/johnson-johnson-risperdal-female-breast-tissue-boys?CMP=Share_AndroidApp_reddit_is_fun,8,2019-10-09 17:42:37,,traceitalian,0.75,/r/worldnews/comments/dfnx9p/johnson_johnson_ordered_to_pay_8bn_to_man_who/,t5_2qh13
51,South Africa suspends rollout of Johnson & Johnson Covid vaccine,20,mq8smp,https://businesstech.co.za/news/trending/482897/south-africa-suspends-rollout-of-johnson-johnson-covid-vaccine/,1,2021-04-13 14:48:23,,dinozaur2020,0.76,/r/worldnews/comments/mq8smp/south_africa_suspends_rollout_of_johnson_johnson/,t5_2qh13
52,Johnson & Johnson Begins Large Trial of Its One-Shot Vaccine,20,iy8vqf,https://www.nytimes.com/2020/09/23/health/covid-19-vaccine-johnson-and-johnson.html?referringSource=articleShare,15,2020-09-23 08:11:57,,idarknight,0.72,/r/worldnews/comments/iy8vqf/johnson_johnson_begins_large_trial_of_its_oneshot/,t5_2qh13
53,Johnson & Johnson is delaying the rollout of its COVID-19 vaccine in Europe after US officials recommended pausing its use,21,mq30sp,https://www.businessinsider.com/johnson-and-johnson-pauses-vaccine-rollout-europe2021-4?r=US&IR=T&utm_source=upday&utm_medium=referral,6,2021-04-13 10:09:49,,Sanguine_Spirit,0.74,/r/worldnews/comments/mq30sp/johnson_johnson_is_delaying_the_rollout_of_its/,t5_2qh13
54,"Johnson & Johnson's one-dose vaccine seems to protect against COVID-19, but not as well as some two-shot rivals",19,l7s5ib,https://apnews.com/article/7c004b09dcc32fc42259a61b3b7a1c68,0,2021-01-29 08:10:38,,chunkylover5E,0.74,/r/worldnews/comments/l7s5ib/johnson_johnsons_onedose_vaccine_seems_to_protect/,t5_2qh13
55,Johnson & Johnson plans to start the human trial of COVID-19 vaccine by September,15,fs99ma,http://dhunt.in/959xM?s=a&ss=pd,9,2020-03-31 04:30:36,,mirae_10,0.7,/r/worldnews/comments/fs99ma/johnson_johnson_plans_to_start_the_human_trial_of/,t5_2qh13
56,EU regulator reviewing possible links between Johnson & Johnson jab and blood clots,12,mnhaih,https://news.sky.com/story/eu-regulator-reviewing-possible-links-between-johnson-johnson-jab-and-blood-clots-12270444,5,2021-04-09 09:33:19,,165701020,0.66,/r/worldnews/comments/mnhaih/eu_regulator_reviewing_possible_links_between/,t5_2qh13
57,Johnson & Johnson vaccine boosters increase antibodies,13,pbednm,https://www.aljazeera.com/news/2021/8/25/johnson-and-johnson-says-vaccine-boosters-increase-antibodies,5,2021-08-25 12:08:36,,SteO153,0.69,/r/worldnews/comments/pbednm/johnson_johnson_vaccine_boosters_increase/,t5_2qh13
58,Healthcare giant Johnson & Johnson backs brain-stimulating sleep headset,14,8tvv1x,https://www.telegraph.co.uk/technology/2018/06/25/healthcare-giant-johnson-johnson-backs-brain-stimulating-sleep/,7,2018-06-25 21:06:47,,MountainBeginning,0.71,/r/worldnews/comments/8tvv1x/healthcare_giant_johnson_johnson_backs/,t5_2qh13
59,Johnson & Johnson ordered to pay £3.6bn in talc asbestos cancer case,10,8yjo62,https://news.sky.com/story/johnson-johnson-ordered-to-pay-36bn-in-talc-asbestos-cancer-case-11435490,4,2018-07-13 08:47:10,,VeryLargeTardigrade,0.74,/r/worldnews/comments/8yjo62/johnson_johnson_ordered_to_pay_36bn_in_talc/,t5_2qh13
60,Johnson & Johnson delays vaccine rollout in Europe,11,mq3e77,https://apnews.com/article/ca22100350c70111ef4cd6ba947fe2da,3,2021-04-13 10:29:02,,canadaoilguy,0.7,/r/worldnews/comments/mq3e77/johnson_johnson_delays_vaccine_rollout_in_europe/,t5_2qh13
61,Johnson & Johnson Covid-19 vaccine study paused due to unexplained illness in participant,12,ja4zk7,https://www.statnews.com/2020/10/12/johnson-johnson-covid-19-vaccine-study-paused-due-to-unexplained-illness-in-participant/,3,2020-10-12 22:40:36,,Mighty_L_LORT,0.67,/r/worldnews/comments/ja4zk7/johnson_johnson_covid19_vaccine_study_paused_due/,t5_2qh13
62,"Johnson & Johnson begins phase 3 clinical trial of experimental coronavirus vaccine. Up to 60,000 volunteers around the world will receive a single dose",13,iyaxly,https://www.jnj.com/johnson-johnson-initiates-pivotal-global-phase-3-clinical-trial-of-janssens-covid-19-vaccine-candidate,2,2020-09-23 10:15:11,,Rusty-_-Shakleford,0.68,/r/worldnews/comments/iyaxly/johnson_johnson_begins_phase_3_clinical_trial_of/,t5_2qh13
63,Johnson & Johnson Says Single-Dose Coronavirus Vaccine is 66% Effective,10,l7vb9m,https://www.msn.com/en-us/health/medical/johnson-26-johnson-says-single-dose-coronavirus-vaccine-is-66-25-effective/ar-BB1ddcOY,4,2021-01-29 10:27:50,,abhi_07,0.64,/r/worldnews/comments/l7vb9m/johnson_johnson_says_singledose_coronavirus/,t5_2qh13
64,Johnson & Johnson seeks European approval of its Ebola vaccine,7,du2fuj,https://www.aljazeera.com/ajimpact/johnson-johnson-seeks-european-approval-ebola-vaccine-191107164135882.html,2,2019-11-09 16:59:53,,Waldonville,0.69,/r/worldnews/comments/du2fuj/johnson_johnson_seeks_european_approval_of_its/,t5_2qh13
65,Johnson & Johnson pauses Covid-19 vaccine trial after 'unexplained illness',8,ja4phx,https://edition.cnn.com/2020/10/12/health/johnson-coronavirus-vaccine-pause-bn/index.html,3,2020-10-12 22:21:38,,redwhiterosemoon,0.65,/r/worldnews/comments/ja4phx/johnson_johnson_pauses_covid19_vaccine_trial/,t5_2qh13
66,Johnson & Johnson has suffered its second costly court defeat in less than three months over claims its talcum powder caused cancer.,7,4hp25s,http://money.cnn.com/2016/05/03/news/companies/johnson-and-johnson-cancer-talcum-powder/index.html?sr=twcnni050316johnson-and-johnson-cancer-talcum-powder0620PMStoryLink&linkId=24112759,3,2016-05-03 14:29:09,,BatmanDracula,0.78,/r/worldnews/comments/4hp25s/johnson_johnson_has_suffered_its_second_costly/,t5_2qh13
67,BBC News - Johnson & Johnson fined in China monopoly case - The healthcare giant Johnson & Johnson has become the latest foreign company to be accused of misconduct in China.,6,1jl1vd,http://www.bbc.co.uk/news/world-asia-23549158,0,2013-08-02 15:52:42,,Loki-L,0.67,/r/worldnews/comments/1jl1vd/bbc_news_johnson_johnson_fined_in_china_monopoly/,t5_2qh13
68,The U.S. Just Signed A $450 Million Coronavirus Vaccine Contract With Johnson & Johnson,7,frpn8r,https://www.forbes.com/sites/thomasbrewster/2020/03/30/the-us-just-signed-a-450-million-coronavirus-vaccine-contract-with-johnson--johnson/#50298d612946,15,2020-03-30 08:11:10,,varun1102030,0.63,/r/worldnews/comments/frpn8r/the_us_just_signed_a_450_million_coronavirus/,t5_2qh13
69,Johnson & Johnson ordered to pay $8 billion in antipsychotic drug case,5,dfh1yn,https://thehill.com/regulation/court-battles/464977-johnson-johnson-ordered-to-pay-8b-in-case-tied-to-antipsychotic-drug,4,2019-10-09 09:29:06,,protekt0r,0.62,/r/worldnews/comments/dfh1yn/johnson_johnson_ordered_to_pay_8_billion_in/,t5_2qh13
70,"India wants Pfizer, Moderna, Johnson & Johnson to seek licence for COVID-19 vaccines soon: government official",8,mqdz4i,https://www.reuters.com/article/us-health-coronavirus-india-vaccine-pfiz-idUSKBN2C01IP?taid=607617e99a10a6000161e79f&utm_campaign=trueanthem&utm_medium=trueanthem&utm_source=twitter,0,2021-04-13 19:12:50,,BareAuthority,0.58,/r/worldnews/comments/mqdz4i/india_wants_pfizer_moderna_johnson_johnson_to/,t5_2qh13
71,Johnson & Johnson ordered to pay $4.7bn in talc powder claim,3,8ykc6q,https://www.theguardian.com/business/2018/jul/13/johnson-johnson-ordered-to-pay-47bn-in-talc-powder-claim,1,2018-07-13 10:17:02,,amadiwati,0.57,/r/worldnews/comments/8ykc6q/johnson_johnson_ordered_to_pay_47bn_in_talc/,t5_2qh13
72,London Mayor Boris Johnson speaks out against govt plans to cut solar subsidies - Warning of the threat of proposed Tory cuts to jobs & future investment is welcomed by green politicians & industry leaders,2,3laoa2,http://www.theguardian.com/environment/2015/sep/17/boris-johnson-speaks-out-against-government-plans-to-cut-solar-subsidies,0,2015-09-17 08:45:40,,anutensil,0.6,/r/worldnews/comments/3laoa2/london_mayor_boris_johnson_speaks_out_against/,t5_2qh13
73,Johnson & Johnson hit with $72m damages in talc cancer case,1,48c64f,http://www.bbc.com/news/world,6,2016-02-29 15:15:55,,loveme5,0.57,/r/worldnews/comments/48c64f/johnson_johnson_hit_with_72m_damages_in_talc/,t5_2qh13
74,"TASS: Russian Politics & Diplomacy - Russian diplomat says Moscow ashamed for Britain’s foreign Secretary, Boris Johnson",3,56zjrf,http://tass.com/politics/905838,1,2016-10-11 14:30:47,,Chewybunny,0.58,/r/worldnews/comments/56zjrf/tass_russian_politics_diplomacy_russian_diplomat/,t5_2qh13
75,"AstraZeneca has signed a deal to co-promote Johnson & Johnson's novel prostate cancer medicine in Japan, giving the British company a new drug revenue stream and bolstering its Japanese presence.",0,1o7dst,http://www.reuters.com/article/2013/10/11/us-astrazeneca-jj-japan-idUSBRE99A05B20131011,0,2013-10-11 02:55:25,,madazzahatter,0.5,/r/worldnews/comments/1o7dst/astrazeneca_has_signed_a_deal_to_copromote/,t5_2qh13
76,"'Blue bastard': newly recognized fish is blue when adult & 'a bastard to catch' - Queensland scientist Jeff Johnson, who identified species from photos, formally christens combative reef fish Plectorhinchus caeruleonothus. It's unusual to identify a new species of fish so big & so well-known.",0,3k5en4,http://www.theguardian.com/environment/2015/sep/08/blue-bastard-newly-recognised-fish-is-blue-when-adult-and-a-bastard-to-catch,0,2015-09-08 18:13:55,,anutensil,0.4,/r/worldnews/comments/3k5en4/blue_bastard_newly_recognized_fish_is_blue_when/,t5_2qh13
