,title,score,id,url,comms_num,created,body,author,upvote_ratio,permalink,subreddit_id
0,Hong Kong to ban all flights from UK over Delta variant as Britain classified as ‘extremely high-risk’,56371,o9i9un,https://www.independent.co.uk/news/uk/home-news/china-ban-flights-covid-uk-b1873953.html,2752,2021-06-28 07:23:14,,cityof_stars,0.91,/r/worldnews/comments/o9i9un/hong_kong_to_ban_all_flights_from_uk_over_delta/,t5_2qh13
1,"COVID-19: New coronavirus strain spreading faster than previous variant, UK government scientists warn ministers",55731,kg43pr,https://news.sky.com/story/covid-19-new-coronavirus-strain-spreading-faster-than-previous-variant-government-scientists-warn-ministers-12166858,4739,2020-12-19 03:22:15,,ahm713,0.87,/r/worldnews/comments/kg43pr/covid19_new_coronavirus_strain_spreading_faster/,t5_2qh13
2,Daily UK Covid cases rise by almost 40% in 24 hours: Boris Johnson warned not to relax travel restrictions as new ‘Delta-plus’ variant arrives,5758,o6qyzo,https://www.independent.co.uk/news/health/covid-uk-daily-cases-deaths-b1871465.html,1272,2021-06-23 21:46:55,,NextDoorEmoji,0.95,/r/worldnews/comments/o6qyzo/daily_uk_covid_cases_rise_by_almost_40_in_24/,t5_2qh13
3,"New 'Lambda' COVID-19 strain much more dangerous than the Delta variant, said UK Health Ministry adding that it has been detected in more than 30 countries in the past four weeks. ""The Lambda strain was reported to have originated from Peru, the country with the highest mortality rate in the world""",2247,ofnu6m,https://www.livemint.com/science/health/deadlier-than-delta-lambda-covid-variant-detected-across-30-countries-11625615585768.html,665,2021-07-07 13:35:06,,eldarandia,0.74,/r/worldnews/comments/ofnu6m/new_lambda_covid19_strain_much_more_dangerous/,t5_2qh13
4,"New Covid variants ‘will set us back a year’, experts warn UK government | Coronavirus",2124,p4lfft,https://www.theguardian.com/world/2021/aug/15/new-covid-variants-will-set-us-back-a-year-experts-warn-uk-government,334,2021-08-14 22:42:46,,hdk61U,0.92,/r/worldnews/comments/p4lfft/new_covid_variants_will_set_us_back_a_year/,t5_2qh13
5,India bans international flights from UK from tomorrow till Dec. 31. The decision is taken after an out of control new variant of COVID-19 spreading at a much faster rate,1586,khettu,https://www.india.com/news/india/new-coronavirus-strain-india-suspends-international-flights-from-uk-from-tomorrow-till-dec-31-4281187/,121,2020-12-21 05:33:45,,Lost_Distribution546,0.95,/r/worldnews/comments/khettu/india_bans_international_flights_from_uk_from/,t5_2qh13
6,Coronavirus variant B.1.1.7 between 30 to 100 per cent more deadly than previous strains: major UK study,1058,m25cfx,https://www.cp24.com/world/coronavirus-variant-b-1-1-7-between-30-to-100-per-cent-more-deadly-than-previous-strains-major-uk-study-1.5340964,181,2021-03-10 13:55:08,,TheColorOfDeadMen,0.91,/r/worldnews/comments/m25cfx/coronavirus_variant_b117_between_30_to_100_per/,t5_2qh13
7,The new variant of COVID-19 first discovered in the UK has been found in a patient in Australia,774,klgf3z,https://7news.com.au/travel/coronavirus/australian-patient-raced-to-hospital-with-highly-contagious-mutant-covid-that-put-uk-into-hard-lockdown-c-1847293,105,2020-12-27 20:40:06,,sgslinga,0.92,/r/worldnews/comments/klgf3z/the_new_variant_of_covid19_first_discovered_in/,t5_2qh13
8,COVID-19: UK confirms two cases of another 'more transmissible' variant linked to South Africa | UK News,731,kiv141,https://news.sky.com/story/covid-19-uk-confirms-two-cases-of-another-new-variant-linked-to-south-africa-12171410,131,2020-12-23 10:26:39,,Socialist_Revoluti0n,0.92,/r/worldnews/comments/kiv141/covid19_uk_confirms_two_cases_of_another_more/,t5_2qh13
9,Vietnam detects hybrid of Indian and UK COVID-19 variant,634,nngacu,https://www.reuters.com/world/asia-pacific/vietnam-detects-hybrid-indian-uk-covid-19-variant-2021-05-29/,204,2021-05-29 01:20:13,,AuntTifaNews,0.91,/r/worldnews/comments/nngacu/vietnam_detects_hybrid_of_indian_and_uk_covid19/,t5_2qh13
10,55% of patients hospitalised with Delta variant are unvaccinated (UK),500,p19bwa,https://inews.co.uk/news/health/delta-variant-patients-hospitalised-covid-strain-fully-vaccinated-1139140,217,2021-08-09 16:06:00,,fuckphysics112,0.82,/r/worldnews/comments/p19bwa/55_of_patients_hospitalised_with_delta_variant/,t5_2qh13
11,"UK variant has mutated again, scientists say",444,lathdn,https://www.bbc.co.uk/news/health-55900625,207,2021-02-02 06:25:31,,TheFergPunk,0.9,/r/worldnews/comments/lathdn/uk_variant_has_mutated_again_scientists_say/,t5_2qh13
12,"Germany says UK is 'area of variant concern,' bans all non-essential travel",409,niir4p,https://www.euronews.com/2021/05/22/germany-says-uk-is-area-of-variant-concern-bans-all-non-essential-travel,22,2021-05-22 09:34:26,,edifsego,0.91,/r/worldnews/comments/niir4p/germany_says_uk_is_area_of_variant_concern_bans/,t5_2qh13
13,"Indian Variant 75% Of All New UK Covid Cases, Says Matt Hancock",376,nmx1kx,https://www.huffingtonpost.co.uk/entry/indian-variant-uk-covid-cases_uk_60afaecce4b0d56a83f3ffa4,80,2021-05-28 08:44:55,,signed7,0.89,/r/worldnews/comments/nmx1kx/indian_variant_75_of_all_new_uk_covid_cases_says/,t5_2qh13
14,"'New variant' of coronavirus identified in UK, health secretary says",311,kd03m4,https://news.sky.com/story/new-variant-of-coronavirus-identified-in-uk-health-secretary-says-12161416,59,2020-12-14 10:49:39,,bertie4prez,0.88,/r/worldnews/comments/kd03m4/new_variant_of_coronavirus_identified_in_uk/,t5_2qh13
15,Vietnam confirms latest virus outbreak is more contagious UK variant,288,laplrr,https://www.thestar.com.my/aseanplus/aseanplus-news/2021/02/02/vietnam-confirms-latest-virus-outbreak-is-more-contagious-uk-variant,21,2021-02-02 01:43:05,,greatestmofo,0.95,/r/worldnews/comments/laplrr/vietnam_confirms_latest_virus_outbreak_is_more/,t5_2qh13
16,Dutch government bans air travel from UK after discovering virus variant,183,kgkmfp,https://news.sky.com/story/dutch-government-bans-air-travel-from-uk-after-discovering-virus-variant-12168042,26,2020-12-19 20:18:22,,CriticalSpirit,0.91,/r/worldnews/comments/kgkmfp/dutch_government_bans_air_travel_from_uk_after/,t5_2qh13
17,UK scientists expressed concern on Monday that COVID-19 vaccines being rolled out in Britain may not be able to protect against a new variant of the coronavirus that emerged in South Africa and has spread internationally. Mutations include extensive alterations to spike protein.,165,kqrjl5,https://news.trust.org/item/20210104140005-hnx99,49,2021-01-05 00:30:07,,mepper,0.86,/r/worldnews/comments/kqrjl5/uk_scientists_expressed_concern_on_monday_that/,t5_2qh13
18,"New UK Covid variant may be 30% more deadly, says Boris Johnson",150,l2siq2,https://www.theguardian.com/world/2021/jan/22/new-uk-covid-variant-may-be-more-deadly-says-boris-johnson,21,2021-01-22 12:30:50,,diacewrb,0.88,/r/worldnews/comments/l2siq2/new_uk_covid_variant_may_be_30_more_deadly_says/,t5_2qh13
19,"UK COVID-19 variant has significantly higher death rate, study finds",143,m24pi3,https://www.reuters.com/article/us-health-coronavirus-variant-britain/uk-covid-19-variant-has-significantly-higher-death-rate-study-finds-idUSKBN2B213E,10,2021-03-10 13:29:16,,dinozaur2020,0.92,/r/worldnews/comments/m24pi3/uk_covid19_variant_has_significantly_higher_death/,t5_2qh13
20,Japan reports five cases of coronavirus variant found in UK,130,kk0kkp,https://www.theguardian.com/world/2020/dec/25/japan-reports-cases-coronavirus-variant-spreading-across-uk,7,2020-12-25 10:18:28,,subtle-distruption,0.9,/r/worldnews/comments/kk0kkp/japan_reports_five_cases_of_coronavirus_variant/,t5_2qh13
21,"Vietnam discovers new coronavirus variant with UK, Indian mutations",118,nnh0qt,https://e.vnexpress.net/news/news/vietnam-discovers-new-coronavirus-variant-with-uk-indian-mutations-4285878.html,48,2021-05-29 02:08:38,,eklooo,0.81,/r/worldnews/comments/nnh0qt/vietnam_discovers_new_coronavirus_variant_with_uk/,t5_2qh13
22,Japan finds COVID-19 variant in three people with no record of travel to UK,108,l0b8mu,https://www.reuters.com/article/us-health-coronavirus-japan-variant/japan-finds-covid-19-variant-in-three-people-with-no-record-of-travel-to-uk-idUSKBN29N17O?utm_campaign=fullarticle&utm_medium=referral&utm_source=inshorts,10,2021-01-18 22:34:46,,low_ego_no_deficits,0.92,/r/worldnews/comments/l0b8mu/japan_finds_covid19_variant_in_three_people_with/,t5_2qh13
23,"Canada's Ontario finds two cases of virus variant first seen in UK. The couple in southern Ontario had no known travel history, exposure or high-risk contact.",106,kksigs,https://uk.news.yahoo.com/ontario-officials-two-cases-covid-213423996.html?guccounter=1&guce_referrer=aHR0cHM6Ly93d3cuZ29vZ2xlLmNvbS8&guce_referrer_sig=AQAAAC1QHqk7h9aRiMIsVYtSWPgduOyZ8g7ukePGLXFAV3XHEullEjxY19tO2OodqpiHQKppXwQy5yZZUtw2JhtWrG0qGfhlF0ZI8wQsnumfiS-2e5gnt_b6_z7q1BCZU7F-aBJtqgaO_8bhIA6E7go3maOw-BL3HHAq4oMXRjP7Cp21,19,2020-12-26 18:33:45,,UsualInitial,0.87,/r/worldnews/comments/kksigs/canadas_ontario_finds_two_cases_of_virus_variant/,t5_2qh13
24,UK variant hunters lead global race to stay ahead of COVID,92,mf2uof,https://apnews.com/article/world-news-genetics-coronavirus-pandemic-genomics-e5f50c12490c7935d6757a96103ceab6,11,2021-03-28 11:21:26,,Ice_Burn,0.86,/r/worldnews/comments/mf2uof/uk_variant_hunters_lead_global_race_to_stay_ahead/,t5_2qh13
25,Another new coronavirus variant seen in the UK,91,ll45gi,https://www.bbc.com/news/health-56082573?xtor=AL-72-%5Bpartner%5D-%5Bbbc.news.twitter%5D-%5Bheadline%5D-%5Bnews%5D-%5Bbizdev%5D-%5Bisapi%5D&at_custom2=twitter&at_custom1=%5Bpost+type%5D&at_custom4=5B6D5C0C-7053-11EB-8917-AADC4744363C&at_medium=custom7&at_custom3=%40BBCNews&at_campaign=64,9,2021-02-16 08:49:35,,swat_08,0.84,/r/worldnews/comments/ll45gi/another_new_coronavirus_variant_seen_in_the_uk/,t5_2qh13
26,Vietnam says latest COVID-19 outbreak caused by hybrid of UK and Indian variants,83,nobf4j,https://i.stuff.co.nz/national/health/coronavirus/300320473/covid19-vietnam-says-latest-virus-outbreak-caused-by-hybrid-of-uk-and-indian-variants,10,2021-05-30 09:39:34,,BoGaN223,0.82,/r/worldnews/comments/nobf4j/vietnam_says_latest_covid19_outbreak_caused_by/,t5_2qh13
27,COVID-19 UK: Mutation of Kent variant detected in samples could help virus evade immune system,80,lau45l,https://news.sky.com/story/covid-19-mutation-of-kent-variant-detected-in-samples-could-help-virus-evade-immune-system-12206375,17,2021-02-02 07:08:27,,Kubrick_Fan,0.83,/r/worldnews/comments/lau45l/covid19_uk_mutation_of_kent_variant_detected_in/,t5_2qh13
28,Vietnam detects hybrid of Indian and UK COVID-19 variant,83,nnkogh,https://www.reuters.com/world/asia-pacific/vietnam-detects-hybrid-indian-uk-covid-19-variant-2021-05-29/,17,2021-05-29 06:31:57,,PoliticiansAlwaysLie,0.81,/r/worldnews/comments/nnkogh/vietnam_detects_hybrid_of_indian_and_uk_covid19/,t5_2qh13
29,"Covaxin 81% Effective, Also Works Against UK Variant: Bharat Biotech",81,lwsadx,https://www.ndtv.com/india-news/bharat-biotech-says-its-covaxin-shows-interim-clinical-efficacy-of-81-in-phase-3-results-2382846,1,2021-03-03 07:02:41,,low_ego_no_deficits,0.85,/r/worldnews/comments/lwsadx/covaxin_81_effective_also_works_against_uk/,t5_2qh13
30,Genetics experts worry coronavirus vaccines might not work quite as well against UK variant,76,kj64ur,https://www.cnn.com/2020/12/23/health/coronavirus-uk-variant-vaccines-less-effective-prevent-covid-19/index.html,32,2020-12-23 20:41:50,,123456American,0.71,/r/worldnews/comments/kj64ur/genetics_experts_worry_coronavirus_vaccines_might/,t5_2qh13
31,"UK virus variant has developed concerning new mutation in small number of cases, which scientists say makes it similar to the South African and Brazilian variants and could reduce the efficacy of vaccines",72,lb2cxa,https://www.reuters.com/article/us-health-coronavirus-britain-mutation/uk-virus-variant-has-developed-concerning-new-mutation-in-small-number-of-cases-idUSKBN2A216S,2,2021-02-02 13:14:59,,PanEuropeanism,0.82,/r/worldnews/comments/lb2cxa/uk_virus_variant_has_developed_concerning_new/,t5_2qh13
32,New Lambda Covid variant discovered in UK - with six cases under investigation,77,o8arpo,https://www.mirror.co.uk/news/uk-news/new-lambda-covid-variant-discovered-24399368,24,2021-06-26 09:27:06,,legendary_Russian,0.83,/r/worldnews/comments/o8arpo/new_lambda_covid_variant_discovered_in_uk_with/,t5_2qh13
33,New Zealanders in UK beg to return as new Covid variants spread,78,kjhi0p,https://www.rnz.co.nz/news/national/433572/new-zealanders-in-uk-beg-to-return-as-new-covid-variants-spread,23,2020-12-24 10:46:53,,itsbuzzpoint,0.79,/r/worldnews/comments/kjhi0p/new_zealanders_in_uk_beg_to_return_as_new_covid/,t5_2qh13
34,Boris Johnson is 'anxious' as Covid-19 variant found in India spreads in UK,73,nc1gqx,https://edition.cnn.com/2021/05/13/uk/uk-anxious-indian-variant-intl-gbr/index.html,12,2021-05-14 01:48:10,,Pankoj_Artix,0.82,/r/worldnews/comments/nc1gqx/boris_johnson_is_anxious_as_covid19_variant_found/,t5_2qh13
35,Covid: New variant found ‘due to hard work of UK scientists’,76,kia7wj,https://www.bbc.co.uk/news/health-55413666,7,2020-12-22 12:49:35,,TrongleMan,0.84,/r/worldnews/comments/kia7wj/covid_new_variant_found_due_to_hard_work_of_uk/,t5_2qh13
36,"""Double mutant"" Coronavirus variant first detected in India discovered in UK",64,ms06em,https://news.sky.com/story/covid-news-live-latest-updates-coronavirus-indian-variant-uk-vaccine-passports-summer-holidays-12276808,4,2021-04-16 06:14:12,,norfolkdiver,0.79,/r/worldnews/comments/ms06em/double_mutant_coronavirus_variant_first_detected/,t5_2qh13
37,"Sinovac vaccine works on UK, South African variants - Brazil institute",65,lmlge4,https://www.reuters.com/article/us-health-coronavirus-brazil/sinovac-vaccine-works-on-uk-south-african-variants-brazil-institute-idUSKBN2AH2H0,12,2021-02-18 07:15:39,,telmimore,0.79,/r/worldnews/comments/lmlge4/sinovac_vaccine_works_on_uk_south_african/,t5_2qh13
38,"New COVID variant reaches Germany from UK | A woman who flew from London to Frankfurt this weekend was carrying the new, more infectious coronavirus variant, German officials have said. Meanwhile, Denmark identified 33 people infected with the mutated virus.",63,kjjjtx,https://www.dw.com/en/new-covid-variant-reaches-germany-from-uk/a-56054140?maca=en-GK_RSS_SmartNews_Volltext_ENG-20051-xml-media,7,2020-12-24 12:50:43,,SetMau92,0.79,/r/worldnews/comments/kjjjtx/new_covid_variant_reaches_germany_from_uk_a_woman/,t5_2qh13
39,"Kent coronavirus variant set to ‘sweep world’, says UK scientist",67,lhm7d9,https://www.aljazeera.com/news/2021/2/11/uk-kent-virus-variant-set-to-sweep-the-world-scientist-says,10,2021-02-11 09:49:24,,cyberpunk6066,0.83,/r/worldnews/comments/lhm7d9/kent_coronavirus_variant_set_to_sweep_world_says/,t5_2qh13
40,Covid-19 news: 99% of UK cases thought to be due to delta variant,65,o3ndxq,https://www.newscientist.com/article/2237475-covid-19-news-99-of-uk-cases-thought-to-be-due-to-delta-variant/,23,2021-06-19 15:04:35,,signed7,0.83,/r/worldnews/comments/o3ndxq/covid19_news_99_of_uk_cases_thought_to_be_due_to/,t5_2qh13
41,"New Zealand’s new Covid cases are all UK variant, says Ardern",59,lkkmrv,https://www.independent.co.uk/news/world/australasia/new-zealand-covid-auckland-ardern-b1802259.html,5,2021-02-15 14:10:34,,c0viD00M,0.83,/r/worldnews/comments/lkkmrv/new_zealands_new_covid_cases_are_all_uk_variant/,t5_2qh13
42,Uk is ready to reopen but new variant sparks worry,53,ne2ypq,https://apnews.com/article/europe-coronavirus-pandemic-lifestyle-health-government-and-politics-54c5f61aff91e238cfc1272edf6ab7db,5,2021-05-16 21:11:39,,wingslutz69,0.79,/r/worldnews/comments/ne2ypq/uk_is_ready_to_reopen_but_new_variant_sparks_worry/,t5_2qh13
43,"UK variant has mutated again, scientists say",63,lavgjh,https://www.bbc.co.uk/news/health-55900625,34,2021-02-02 08:29:25,,rainbowarriorhere,0.84,/r/worldnews/comments/lavgjh/uk_variant_has_mutated_again_scientists_say/,t5_2qh13
44,"Vietnam finds new virus variant, hybrid of India, UK strains",54,no2rwh,https://www.9news.com.au/world/coronavirus-vietnam-finds-new-india-uk-covid-variant/32e2db7b-bbdc-40b0-a862-2ec38451d930,16,2021-05-29 23:46:41,,ForwardClassroom2,0.74,/r/worldnews/comments/no2rwh/vietnam_finds_new_virus_variant_hybrid_of_india/,t5_2qh13
45,Vietnam detects hybrid of Indian and UK COVID-19 variants,60,nnx58m,https://www.reuters.com/world/asia-pacific/vietnam-detects-hybrid-indian-uk-covid-19-variant-2021-05-29/,0,2021-05-29 17:53:02,,baguetteboy7,0.8,/r/worldnews/comments/nnx58m/vietnam_detects_hybrid_of_indian_and_uk_covid19/,t5_2qh13
46,"EU censures France over England port chaos: The EU's transport commissioner has said she ""deplores"" Paris' decision to ban freight arrivals from the UK due to the new coronavirus variant. Truck drivers say huge queues at the Port of Dover are barely moving",50,kjrllj,https://www.dw.com/en/eu-censures-france-over-england-port-chaos/a-56051207,9,2020-12-24 21:36:14,,DoremusJessup,0.8,/r/worldnews/comments/kjrllj/eu_censures_france_over_england_port_chaos_the/,t5_2qh13
47,Covid vaccine highly likely to work on UK variant - BioNTech founder Professor Ugur Sahin,55,ki3chg,https://www.theguardian.com/world/2020/dec/22/covid-vaccine-likely-to-work-on-uk-variant-biontech-boss-says,4,2020-12-22 06:10:46,,maybenot12,0.81,/r/worldnews/comments/ki3chg/covid_vaccine_highly_likely_to_work_on_uk_variant/,t5_2qh13
48,South Korea reports cases of COVID variant - and says they came from UK,56,klnqhk,https://news.sky.com/story/covid-variant-first-identified-in-uk-found-in-south-korea-12173983,6,2020-12-28 05:00:53,,subtle-distruption,0.8,/r/worldnews/comments/klnqhk/south_korea_reports_cases_of_covid_variant_and/,t5_2qh13
49,Countries cut UK off as Johnson holds crisis meeting on new coronavirus variant,44,khvqcw,https://www.cnn.com/2020/12/21/europe/new-variant-coronavirus-intl-hnk/index.html,17,2020-12-21 21:06:13,,Camryn2167,0.76,/r/worldnews/comments/khvqcw/countries_cut_uk_off_as_johnson_holds_crisis/,t5_2qh13
50,Covid-19: Another new variant added to UK watch list,46,lxspod,https://www.bbc.co.uk/news/health-56284155,8,2021-03-04 14:17:40,,diacewrb,0.84,/r/worldnews/comments/lxspod/covid19_another_new_variant_added_to_uk_watch_list/,t5_2qh13
51,Vietnam proposes suspending all flights from countries with UK COVID-19 variant,38,kq9k3z,https://www.reuters.com/article/us-health-coronavirus-vietnam-flights/vietnam-proposes-suspending-all-flights-from-countries-with-uk-covid-19-variant-idUSKBN2991HW,7,2021-01-04 09:16:45,,abutaherhanif,0.82,/r/worldnews/comments/kq9k3z/vietnam_proposes_suspending_all_flights_from/,t5_2qh13
52,"Moderna says its COVID-19 vaccine protects against new UK and South African variants, but plans to test new booster shot",43,l4pb7j,https://www.usatoday.com/story/news/health/2021/01/25/covid-moderna-says-vaccine-protects-against-uk-south-africa-variants/6698624002/,2,2021-01-25 09:51:00,,Starkiller20140,0.78,/r/worldnews/comments/l4pb7j/moderna_says_its_covid19_vaccine_protects_against/,t5_2qh13
53,Turkey bans Britons after detecting cases of coronavirus variant in travellers from UK,37,koifzd,https://www.reuters.com/article/uk-health-coronavirus-turkey-toll-idUKKBN2962L8,4,2021-01-01 15:31:04,,PoliticiansAlwaysLie,0.74,/r/worldnews/comments/koifzd/turkey_bans_britons_after_detecting_cases_of/,t5_2qh13
54,Boris Johnson says some evidence new Covid variant in the UK may be more deadly,37,l2tn33,https://www.cnbc.com/2021/01/22/boris-johnson-evidence-new-covid-variant-associated-with-higher-mortality-.html,10,2021-01-22 13:22:36,,mepper,0.8,/r/worldnews/comments/l2tn33/boris_johnson_says_some_evidence_new_covid/,t5_2qh13
55,"UK begins door-to-door testing of 80,000 people to halt South African variant",40,lb0vzo,https://www.reuters.com/article/us-health-coronavirus-britain-variant-idUSKBN2A20P9,0,2021-02-02 12:15:33,,bbtv_id,0.77,/r/worldnews/comments/lb0vzo/uk_begins_doortodoor_testing_of_80000_people_to/,t5_2qh13
56,Portugal bans all UK flights to tackle rapid spread of new COVID-19 variant,39,l2e7ry,https://www.reuters.com/article/uk-health-coronavirus-portugal/portugal-bans-all-uk-flights-to-tackle-rapid-spread-of-new-covid-19-variant-idUSKBN29Q2YP,2,2021-01-21 21:43:30,,Higuess80,0.84,/r/worldnews/comments/l2e7ry/portugal_bans_all_uk_flights_to_tackle_rapid/,t5_2qh13
57,Covid: 'More deadly' UK variant claim played down by scientists,37,l3d5ok,https://www.bbc.co.uk/news/uk-55779171,15,2021-01-23 09:37:36,,BelleAriel,0.77,/r/worldnews/comments/l3d5ok/covid_more_deadly_uk_variant_claim_played_down_by/,t5_2qh13
58,Covid: Indian variant being investigated in UK,28,mu7ds4,https://www.bbc.com/news/uk-56792740,1,2021-04-19 14:41:28,,mehedi475871,0.75,/r/worldnews/comments/mu7ds4/covid_indian_variant_being_investigated_in_uk/,t5_2qh13
59,"UK Covid variant extremely unlikely to evade vaccines, scientists say",33,kufz7r,https://www.theguardian.com/science/2021/jan/10/uk-covid-variant-unlikely-to-evade-vaccines,12,2021-01-10 10:07:24,,UnstatesmanlikeChi,0.74,/r/worldnews/comments/kufz7r/uk_covid_variant_extremely_unlikely_to_evade/,t5_2qh13
60,Czech Republic imposes tightest COVID lockdown restrictions yet amid UK variant surge,31,ltskeu,https://www.euronews.com/2021/02/27/czech-republic-imposes-tightest-covid-lockdown-restrictions-yet-amid-uk-variant-surge,2,2021-02-27 12:12:44,,signed7,0.73,/r/worldnews/comments/ltskeu/czech_republic_imposes_tightest_covid_lockdown/,t5_2qh13
61,"Indian variant cases recorded in UK rise to 3,424",25,nh55fk,http://news.sky.com/story/indian-variant-cases-recorded-in-uk-rise-to-3424-12312152,2,2021-05-20 12:46:50,,Garados130,0.72,/r/worldnews/comments/nh55fk/indian_variant_cases_recorded_in_uk_rise_to_3424/,t5_2qh13
62,UK COVID-19 variant likely found in Hong Kong as city secures vaccine supplies,31,kisaii,https://www.channelnewsasia.com/news/asia/uk-covid-19-variant-coronavirus-strain-hong-kong-13831164,7,2020-12-23 07:34:59,,2tidderevoli,0.78,/r/worldnews/comments/kisaii/uk_covid19_variant_likely_found_in_hong_kong_as/,t5_2qh13
63,UK Prime Minister imposes harsh lockdown as new Covid-19 variant spreads,25,kqlxgo,https://www.cnn.com/2021/01/04/uk/uk-lockdown-covid-19-boris-johnson-intl/index.html,11,2021-01-04 19:18:23,,Fitness_and_Finance,0.7,/r/worldnews/comments/kqlxgo/uk_prime_minister_imposes_harsh_lockdown_as_new/,t5_2qh13
64,"COVID-19: New vaccine in development by UK scientists has 'insurance' against virus mutations, should still be effective even if a new variant evolves that knocks out other vaccines.",24,ljf5ah,https://news.sky.com/story/covid-19-new-vaccine-in-development-has-insurance-against-virus-mutations-12217119,3,2021-02-13 21:19:57,,norfolkdiver,0.69,/r/worldnews/comments/ljf5ah/covid19_new_vaccine_in_development_by_uk/,t5_2qh13
65,Covid: WHO in 'close contact' with UK over new virus variant,27,kgw7v5,https://www.bbc.co.uk/news/world-55382212,8,2020-12-20 10:49:17,,Jaxerfp,0.73,/r/worldnews/comments/kgw7v5/covid_who_in_close_contact_with_uk_over_new_virus/,t5_2qh13
66,"UK variant accounts for 70pc of Covid cases in Pakistan, researcher says",31,n7zdp6,https://www.dawn.com/news/1622725/uk-variant-accounts-for-70pc-of-covid-cases-in-pakistan-researcher-says,6,2021-05-08 17:51:26,,pleasantzones,0.78,/r/worldnews/comments/n7zdp6/uk_variant_accounts_for_70pc_of_covid_cases_in/,t5_2qh13
67,Covid variant first detected in India is found in the UK | Coronavirus,25,ms0gy1,https://www.theguardian.com/world/2021/apr/15/covid-variant-first-detected-india-found-uk,3,2021-04-16 06:36:58,,RegularVillage9,0.82,/r/worldnews/comments/ms0gy1/covid_variant_first_detected_in_india_is_found_in/,t5_2qh13
68,"UK Covid: Delta variant may have higher risk of hospitalisation as 5,274 new daily cases reported – as it happened | Politics",30,nrpgjb,https://www.theguardian.com/politics/live/2021/jun/03/uk-covid-live-news-coronavirus-schools-pupils-indian-nepal-delta-variant-latest-updates,8,2021-06-03 18:11:33,,fuckphysics112,0.79,/r/worldnews/comments/nrpgjb/uk_covid_delta_variant_may_have_higher_risk_of/,t5_2qh13
69,UK prepares surge vaccinations to tackle Covid variant from India,22,nch8s1,https://www.cnbc.com/2021/05/14/uk-prepares-surge-vaccinations-to-tackle-covid-variant-from-india.html,1,2021-05-14 15:47:10,,BareAuthority,0.79,/r/worldnews/comments/nch8s1/uk_prepares_surge_vaccinations_to_tackle_covid/,t5_2qh13
70,"UK variant now accounts for 'about half' of France's Covid-19 cases, PM says",21,lsj49d,https://www.france24.com/en/europe/20210225-uk-variant-accounts-for-about-half-of-france-s-covid-19-cases-pm-says,10,2021-02-25 17:45:49,,green_flash,0.74,/r/worldnews/comments/lsj49d/uk_variant_now_accounts_for_about_half_of_frances/,t5_2qh13
71,"UK looking at ways to protect itself against Brazilian COVID-19 variant, says PM Johnson",21,kwxkj5,https://www.channelnewsasia.com/news/world/uk-looking-at-ways-to-protect-itself-against-brazilian-covid-19-variant--says-pm-johnson-13955396,7,2021-01-13 22:45:15,,cyberpunk6066,0.74,/r/worldnews/comments/kwxkj5/uk_looking_at_ways_to_protect_itself_against/,t5_2qh13
72,US says UK travel ban ‘on the table’ in light of new Covid variant,22,khmliv,http://www.msn.com/en-gb/news/world/us-says-uk-travel-ban-on-the-table-in-light-of-new-covid-variant/ar-BB1c6FVg,9,2020-12-21 13:08:11,,formulawonder,0.76,/r/worldnews/comments/khmliv/us_says_uk_travel_ban_on_the_table_in_light_of/,t5_2qh13
73,"More Covid Cases Of ""Concerning"" Indian Variant Found In UK",18,n7ya8n,https://www.ndtv.com/india-news/more-covid-cases-of-concerning-indian-variant-found-in-uk-2437970,1,2021-05-08 16:55:06,,HelicopterActive2954,0.64,/r/worldnews/comments/n7ya8n/more_covid_cases_of_concerning_indian_variant/,t5_2qh13
74,"Auckland family who contracted Covid-19 have UK variant, not connected to MIQ — Ardern | 1 NEWS",21,ljucbo,https://www.tvnz.co.nz/one-news/new-zealand/auckland-family-contracted-covid-19-have-uk-variant-not-connected-miq-ardern,1,2021-02-14 13:40:36,,The_Majestic_,0.72,/r/worldnews/comments/ljucbo/auckland_family_who_contracted_covid19_have_uk/,t5_2qh13
75,New Zealand outbreak involves UK variant of virus: Ardern,22,lkccgc,https://www.aljazeera.com/news/2021/2/15/new-zealand-outbreak-involves-uk-variant-of-virus-ardern,0,2021-02-15 07:01:42,,chonker200,0.74,/r/worldnews/comments/lkccgc/new_zealand_outbreak_involves_uk_variant_of_virus/,t5_2qh13
76,Covid-19: Hospitalisation risk 64 per cent higher with UK variant,25,lrkxcu,https://www.cityam.com/covid-19-hospitalisation-risk-64-per-cent-higher-with-uk-variant/,2,2021-02-24 14:16:31,,Newsjunkeefromlondon,0.72,/r/worldnews/comments/lrkxcu/covid19_hospitalisation_risk_64_per_cent_higher/,t5_2qh13
77,UK scientists worry vaccines may not protect against S.African coronavirus variant,21,kqwz0z,https://www.reuters.com/article/us-health-coronavirus-britain-south-afri/uk-scientists-worried-vaccines-may-not-work-on-s-african-coronavirus-variant-itv-idUSKBN2990T3,1,2021-01-05 06:49:13,,signed7,0.7,/r/worldnews/comments/kqwz0z/uk_scientists_worry_vaccines_may_not_protect/,t5_2qh13
78,"In the UK, cases of the Covid variant identified in India double in one week",21,nmzgmj,https://www.cnbc.com/2021/05/28/uk-cases-of-covid-variant-identified-in-india-double-in-one-week.html,2,2021-05-28 10:48:34,,Icy_Act_2311,0.79,/r/worldnews/comments/nmzgmj/in_the_uk_cases_of_the_covid_variant_identified/,t5_2qh13
79,Another new coronavirus variant seen in the UK,17,ll9z8d,https://www.bbc.co.uk/news/health-56082573,21,2021-02-16 13:19:41,,rainbowarriorhere,0.72,/r/worldnews/comments/ll9z8d/another_new_coronavirus_variant_seen_in_the_uk/,t5_2qh13
80,"UK looking at ways to protect itself against Brazilian COVID variant, says PM Johnson",24,kwjqnz,https://news.yahoo.com/uk-looking-ways-protect-itself-160257639.html,3,2021-01-13 11:19:36,,sector3011,0.72,/r/worldnews/comments/kwjqnz/uk_looking_at_ways_to_protect_itself_against/,t5_2qh13
81,"43% of new Covid-19 cases in Portugal are of the variant first detected in the UK, PM Costa says",26,lkpmzh,https://www.theportugalnews.com/news/2021-02-14/43-of-new-cases-are-the-uk-variant/58289,3,2021-02-15 18:02:55,,green_flash,0.81,/r/worldnews/comments/lkpmzh/43_of_new_covid19_cases_in_portugal_are_of_the/,t5_2qh13
82,"UK government to ban flights from Brazil amid new Covid variant, PM hints",24,kwq01s,https://www.theguardian.com/world/2021/jan/13/uk-government-may-ban-flights-from-brazil-amid-new-covid-variant-pm-hints,2,2021-01-13 16:10:09,,diacewrb,0.78,/r/worldnews/comments/kwq01s/uk_government_to_ban_flights_from_brazil_amid_new/,t5_2qh13
83,India reports six cases of new UK variant of coronavirus,19,kmrfqz,https://www.aljazeera.com/news/2020/12/29/india-reports-six-cases-of-new-uk-variant-of-coronavirus,1,2020-12-29 20:02:28,,chonker200,0.69,/r/worldnews/comments/kmrfqz/india_reports_six_cases_of_new_uk_variant_of/,t5_2qh13
84,New UK variant 'may be more deadly',21,l2vgni,https://www.bbc.com/news/health-55768627,7,2021-01-22 14:48:49,,photoediting-,0.68,/r/worldnews/comments/l2vgni/new_uk_variant_may_be_more_deadly/,t5_2qh13
85,Moderna says vaccine works on UK and South African variants; Dutch PM condemns riots,18,l4qz0h,https://www.theguardian.com/world/live/2021/jan/25/coronavirus-live-news-biden-to-reinstate-covid-travel-ban-as-world-nears-100m-cases,0,2021-01-25 11:11:38,,Higuess80,0.68,/r/worldnews/comments/l4qz0h/moderna_says_vaccine_works_on_uk_and_south/,t5_2qh13
86,UK-bound arrivals from South America and Portugal will be banned from Friday over concerns about the Brazilian coronavirus variant.,21,kx8y2i,https://www.bbc.co.uk/news/uk-55666198,0,2021-01-14 11:26:08,,diacewrb,0.77,/r/worldnews/comments/kx8y2i/ukbound_arrivals_from_south_america_and_portugal/,t5_2qh13
87,UK hunts for missing person infected with Covid variant first detected in Brazil,17,lw3p4y,https://www.cnbc.com/2021/03/01/uk-search-mystery-person-infected-with-brazil-covid-variant.html,3,2021-03-02 09:51:04,,fastclickertoggle,0.72,/r/worldnews/comments/lw3p4y/uk_hunts_for_missing_person_infected_with_covid/,t5_2qh13
88,'Double mutation' Covid variant first discovered in India is detected in UK,13,mrzque,https://www.dailystar.co.uk/news/latest-news/breaking-double-mutation-covid-variant-23924546,1,2021-04-16 05:40:08,,BoopSquad,0.66,/r/worldnews/comments/mrzque/double_mutation_covid_variant_first_discovered_in/,t5_2qh13
89,"About 4,000 Covid variants across world, says UK minister | World news",14,lcihcp,https://www.theguardian.com/world/2021/feb/04/about-4000-covid-variants-across-world-uk-minister,2,2021-02-04 10:46:47,,c0viD00M,0.71,/r/worldnews/comments/lcihcp/about_4000_covid_variants_across_world_says_uk/,t5_2qh13
90,"Covid-19: No need to close schools over UK variant, says French scientific advisor",14,kwh5zz,https://www.france24.com/en/france/20210113-covid-19-no-need-to-close-schools-over-uk-variant-says-french-scientific-advisor,3,2021-01-13 09:12:38,,Goldencol,0.75,/r/worldnews/comments/kwh5zz/covid19_no_need_to_close_schools_over_uk_variant/,t5_2qh13
91,"Covid-19: Brazil virus already in UK ‘not variant of concern’, scientist says",14,kxwy0n,https://www.bbc.co.uk/news/health-55676637,1,2021-01-15 10:38:25,,Kubrick_Fan,0.74,/r/worldnews/comments/kxwy0n/covid19_brazil_virus_already_in_uk_not_variant_of/,t5_2qh13
92,UK variant not more contagious than Indian strain: NIV,16,mgw0s6,https://www.thehindu.com/sci-tech/health/uk-variant-not-more-contagious-than-indian-strain-niv/article34192523.ece,2,2021-03-30 22:23:29,,GetOutOfTheWhey,0.72,/r/worldnews/comments/mgw0s6/uk_variant_not_more_contagious_than_indian_strain/,t5_2qh13
93,Another new coronavirus variant seen in the UK,15,ll3xp1,https://www.bbc.com/news/health-56082573,13,2021-02-16 08:37:21,,MyVideoConverter,0.72,/r/worldnews/comments/ll3xp1/another_new_coronavirus_variant_seen_in_the_uk/,t5_2qh13
94,UK mulls tougher testing for international arrivals as virus variants spread,11,lfyx3b,https://www.reuters.com/article/uk-health-coronavirus-britain/uk-mulls-tougher-testing-for-international-arrivals-as-virus-variants-spread-idUSKBN2A90RN,3,2021-02-09 04:34:01,,Higuess80,0.66,/r/worldnews/comments/lfyx3b/uk_mulls_tougher_testing_for_international/,t5_2qh13
95,UK COVID-19 variant may carry higher risk of death but data limited: journalist cites advisory group,13,l2tcyl,https://www.reuters.com/article/uk-health-coronavirus-britain-variant-idUSKBN29R25K,1,2021-01-22 13:09:20,,PoliticiansAlwaysLie,0.7,/r/worldnews/comments/l2tcyl/uk_covid19_variant_may_carry_higher_risk_of_death/,t5_2qh13
96,COVID-19: UK cases of South African variant rise - as Indian double mutation also heads to Britain,11,ms28r1,https://news.sky.com/story/covid-19-uk-cases-of-south-african-variant-rise-as-indian-double-mutation-also-heads-to-britain-12276830,3,2021-04-16 08:37:24,,Purple_Wasabi,0.68,/r/worldnews/comments/ms28r1/covid19_uk_cases_of_south_african_variant_rise_as/,t5_2qh13
97,UK coronavirus variant likely found in Hong Kong as city secures vaccine supplies,17,kitdbt,https://www.reuters.com/article/us-health-coronavirus-hongkong-idUSKBN28X1E1,2,2020-12-23 08:47:17,,Pessimist2020,0.7,/r/worldnews/comments/kitdbt/uk_coronavirus_variant_likely_found_in_hong_kong/,t5_2qh13
98,UK tightens borders and travel rules as covid variants spark new alarm,11,ns8enh,https://www.theguardian.com/world/2021/jun/03/concern-over-delta-covid-variant-tightens-borders-of-uk,1,2021-06-04 11:54:20,,PanEuropeanism,0.69,/r/worldnews/comments/ns8enh/uk_tightens_borders_and_travel_rules_as_covid/,t5_2qh13
99,Covid-19: Up to 75% of new UK cases could be Indian variant - Matt Hancock,14,nmzxsu,https://www.bbc.com/news/uk-57275276,6,2021-05-28 11:10:34,,nimobo,0.64,/r/worldnews/comments/nmzxsu/covid19_up_to_75_of_new_uk_cases_could_be_indian/,t5_2qh13
100,Snap five-day Covid lockdown for Victoria announced in bid to contain UK variant,14,li951i,https://www.theguardian.com/australia-news/2021/feb/12/snap-five-day-covid-lockdown-for-victoria-announced-in-bid-to-contain-uk-variant,2,2021-02-12 06:21:31,,Higuess80,0.7,/r/worldnews/comments/li951i/snap_fiveday_covid_lockdown_for_victoria/,t5_2qh13
101,"Scrap UK coronavirus travel bans, EU urges. France and Germany have led the way in calling for a more ""coordinated"" response to dealing with the new variant of coronavirus. The European Commission has now come up with a blueprint to keep travel moving.",10,ki7oes,https://www.dw.com/en/scrap-uk-coronavirus-travel-bans-eu-urges/a-56031789,5,2020-12-22 10:41:24,,easyone,0.7,/r/worldnews/comments/ki7oes/scrap_uk_coronavirus_travel_bans_eu_urges_france/,t5_2qh13
102,Boris Johnson is 'anxious' as Covid-19 variant found in India spreads in UK,12,ncd9jn,https://edition.cnn.com/2021/05/13/uk/uk-anxious-indian-variant-intl-gbr/index.html,4,2021-05-14 12:53:37,,freeredbot,0.62,/r/worldnews/comments/ncd9jn/boris_johnson_is_anxious_as_covid19_variant_found/,t5_2qh13
103,UK health minister says new COVID variant makes it harder to lift lockdown,9,l4u6wa,https://www.reuters.com/article/us-health-coronavirus-britain-hancock-va-idUSKBN29U21C,3,2021-01-25 13:35:51,,qkfb,0.62,/r/worldnews/comments/l4u6wa/uk_health_minister_says_new_covid_variant_makes/,t5_2qh13
104,UK scientists warn over Indian COVID ‘variant of concern’: Report,11,n71msy,https://www.aljazeera.com/news/2021/5/7/uk-scientists-warn-over-indian-covid-variant-of-concern-report,0,2021-05-07 11:49:45,,vokiel,0.61,/r/worldnews/comments/n71msy/uk_scientists_warn_over_indian_covid_variant_of/,t5_2qh13
105,UK health minister says new COVID variant makes it harder to lift lockdown,8,l4z8lu,https://www.reuters.com/article/us-health-coronavirus-britain-hancock-va-idUSKBN29U21C?taid=600f40965a2f620001931798&utm_campaign=trueAnthem:+Trending+Content&utm_medium=trueAnthem&utm_source=twitter,1,2021-01-25 17:23:25,,BareAuthority,0.63,/r/worldnews/comments/l4z8lu/uk_health_minister_says_new_covid_variant_makes/,t5_2qh13
106,Coronavirus live news: WHO 'to scrap' interim Wuhan report; UK investigating new variant,9,ly7z47,https://www.theguardian.com/world/live/2021/mar/05/coronavirus-live-news-who-wuhan-mission-uk-investigating-new-covid-variant,4,2021-03-05 04:05:38,,internalocean,0.65,/r/worldnews/comments/ly7z47/coronavirus_live_news_who_to_scrap_interim_wuhan/,t5_2qh13
107,Parcels in and out of UK caught up in Covid variant scare,8,khmk9s,https://www.theguardian.com/business/2020/dec/21/covid-royal-mail-halts-deliveries-to-mainland-europe-canada-and-turkey,2,2020-12-21 13:06:32,,diacewrb,0.7,/r/worldnews/comments/khmk9s/parcels_in_and_out_of_uk_caught_up_in_covid/,t5_2qh13
108,New UK variant 'may be more deadly',10,l2s7cu,https://www.bbc.com/news/health-55768627,6,2021-01-22 12:15:49,,yasiCOWGUAN,0.6,/r/worldnews/comments/l2s7cu/new_uk_variant_may_be_more_deadly/,t5_2qh13
109,Countries cut UK off as Johnson holds crisis meeting on new coronavirus variant,10,khicsw,https://www.cnn.com/2020/12/21/europe/new-variant-coronavirus-intl-hnk/index.html,0,2020-12-21 09:23:59,,VengefulApathy,0.7,/r/worldnews/comments/khicsw/countries_cut_uk_off_as_johnson_holds_crisis/,t5_2qh13
110,"Coronavirus: Outbreak of UK variant detected in northern Italy: ""14 samples were sequenced which resulted in... 14 positives for the British variant,"" the Brescia health agency wrote in a statement.",7,lcswnz,https://www.thelocal.it/20210204/coronaviru-outbreak-of-uk-variant-detected-in-northern-italy,0,2021-02-04 18:05:38,,green_flash,0.63,/r/worldnews/comments/lcswnz/coronavirus_outbreak_of_uk_variant_detected_in/,t5_2qh13
111,UK Variant of Covid-19 may be more deadly,11,l2s15s,https://www.bbc.co.uk/news/health-55768627,6,2021-01-22 12:07:46,,ParanoidQ,0.62,/r/worldnews/comments/l2s15s/uk_variant_of_covid19_may_be_more_deadly/,t5_2qh13
112,"Combined COVID mutations discovered in the UK: A South African variant of coronavirus, now also in the UK, is making an existing mutation there more infectious and may even reduce the effect of vaccines",11,lbxqo0,https://www.dw.com/en/combined-covid-mutations-discovered-in-the-uk/a-56445194,0,2021-02-03 15:44:26,,DoremusJessup,0.66,/r/worldnews/comments/lbxqo0/combined_covid_mutations_discovered_in_the_uk_a/,t5_2qh13
113,Covid-19: Brazil 'variant of concern' detected in UK,10,lulvmb,https://www.bbc.com/news/uk-56233038,2,2021-02-28 12:51:24,,dinozaur2020,0.67,/r/worldnews/comments/lulvmb/covid19_brazil_variant_of_concern_detected_in_uk/,t5_2qh13
114,'Another wave is possible': Paris braces for UK Covid variant,8,lejpof,https://www.theguardian.com/world/2021/feb/07/another-wave-is-possible-paris-braces-for-uk-covid-variant,5,2021-02-07 05:00:40,,leaddihedral,0.61,/r/worldnews/comments/lejpof/another_wave_is_possible_paris_braces_for_uk/,t5_2qh13
115,"Covid: Vietnam detects new UK-Indian variant, health officials say",10,no49xp,https://www.bbc.co.uk/news/world-asia-57296803,0,2021-05-30 01:28:27,,canadaoilguy,0.59,/r/worldnews/comments/no49xp/covid_vietnam_detects_new_ukindian_variant_health/,t5_2qh13
116,"UK coronavirus variant spreading rapidly in Germany, warns Health Minister - The proportion of the B.1.1.7 variant rose from just under six percent to more than 22 per cent in two weeks.",6,lm7mfs,https://www.thelocal.de/20210217/uk-coronavirus-variant-spreading-rapidly-in-germany-warns-health-minister,0,2021-02-17 18:17:57,,green_flash,0.61,/r/worldnews/comments/lm7mfs/uk_coronavirus_variant_spreading_rapidly_in/,t5_2qh13
117,Italian cat reportedly catches UK COVID variant from owners,0,m8k0e8,https://nypost.com/2021/03/19/italian-cat-reportedly-catches-uk-covid-variant-from-owners/,7,2021-03-19 11:41:33,,c0viD00M,0.44,/r/worldnews/comments/m8k0e8/italian_cat_reportedly_catches_uk_covid_variant/,t5_2qh13
