,title,score,id,url,comms_num,created,body,author,upvote_ratio,permalink,subreddit_id
0,"The U.S will immediately deploy supplies and other assistance to India, the White House said (...). The U.S.’s assistance will include making raw materials for COVID-19 vaccine ‘Covishield’ immediately accessible and pursuing options to generate oxygen “on an urgent basis.”",4273,myhjc5,https://www.thehindu.com/news/national/coronavirus-us-to-send-raw-material-for-covishield/article34408833.ece,335,2021-04-25 17:01:35,,polymute,0.96,/r/worldnews/comments/myhjc5/the_us_will_immediately_deploy_supplies_and_other/,t5_2qh13
1,India sends 2 million doses of Covishield each to Brazil & Morocco,1025,l389ld,https://timesofindia.indiatimes.com/india/india-sends-2-million-doses-of-covishield-each-to-brazil-morocco/articleshow/80415767.cms?utm_source=twitter.com&utm_medium=social&utm_campaign=TOIIndiaNews,64,2021-01-23 03:16:45,,aurelion_sol01,0.92,/r/worldnews/comments/l389ld/india_sends_2_million_doses_of_covishield_each_to/,t5_2qh13
2,India to gift 2 million doses of Covid-19 vaccine 'Covishield' to Bangladesh,610,l0dnkg,https://www.livemint.com/news/india/india-to-gift-2-million-doses-of-covid-19-vaccine-covishield-to-bangladesh-11611022887153.html,39,2021-01-19 01:01:27,,lionelmessipeters,0.92,/r/worldnews/comments/l0dnkg/india_to_gift_2_million_doses_of_covid19_vaccine/,t5_2qh13
3,India Prime Minister Modi takes locally invented vaccine (Covaxin) to encourage citizens to participate in the vaccination drive. India has approved both Aztrazeneca (known as Covishield) by Oxford and Covaxin by Bharath Biotech jabs.,207,lv0421,https://www.ndtv.com/india-news/pm-modi-takes-first-dose-of-coronavirus-vaccine-at-delhis-aiims-appeals-to-all-those-who-are-eligible-to-take-vaccine-2380766,32,2021-02-28 23:37:03,,un-namica,0.83,/r/worldnews/comments/lv0421/india_prime_minister_modi_takes_locally_invented/,t5_2qh13
4,Guatemala President Giammattei thanks India for providing Covishield vaccine doses,80,luz6hv,https://www.aninews.in/news/world/others/guatemala-president-giammattei-thanks-india-for-providing-covishield-vaccine-doses20210227220258/,4,2021-02-28 22:47:37,,shabda,0.82,/r/worldnews/comments/luz6hv/guatemala_president_giammattei_thanks_india_for/,t5_2qh13
5,"'Dhanyawaad, Bharat!': Brazil's president Jair Bolsonaro thanks PM Modi after India sends out 2 million doses of Covishield vaccines",39,l2we0i,https://www.freepressjournal.in/india/dhanyawaad-bharat-brazils-president-jair-bolsonaro-thanks-pm-modi-after-india-sends-out-2-million-doses-of-covishield-vaccines,10,2021-01-22 15:33:55,,RealityCheck18,0.76,/r/worldnews/comments/l2we0i/dhanyawaad_bharat_brazils_president_jair/,t5_2qh13
6,"Covishield: WHO flags fake jabs in India, Africa",33,p6ostp,https://www.bbc.com/news/world-asia-india-58253488,2,2021-08-18 06:56:31,,DocPersia,0.69,/r/worldnews/comments/p6ostp/covishield_who_flags_fake_jabs_in_india_africa/,t5_2qh13
7,"Switzerland, 7 EU Countries Add Covishield in Green Passport List Day After India's Request",19,obh4ed,https://www.news18.com/news/india/switzerland-7-eu-countries-add-siis-covishield-in-green-passport-list-day-after-indias-request-3912755.html,0,2021-07-01 04:10:11,,GL4389,0.74,/r/worldnews/comments/obh4ed/switzerland_7_eu_countries_add_covishield_in/,t5_2qh13
8,U.S. to send raw material for Covishield,17,myodg6,https://www.thehindu.com/news/national/coronavirus-us-to-send-raw-material-for-covishield/article34408833.ece,9,2021-04-25 23:15:46,,joesperrazza,0.64,/r/worldnews/comments/myodg6/us_to_send_raw_material_for_covishield/,t5_2qh13
9,India-made Covishield part of Pakistan jab drive under vaccine alliance,7,l9y0vt,https://timesofindia.indiatimes.com/india/india-made-covishield-part-of-pakistan-jab-drive-under-vaccine-alliance/articleshow/80620189.cms,3,2021-02-01 02:55:22,,RealityCheck18,0.59,/r/worldnews/comments/l9y0vt/indiamade_covishield_part_of_pakistan_jab_drive/,t5_2qh13
10,Buenos Aires Times | Argentina approves Indian Covishield coronavirus vaccine,8,lia9re,https://www.batimes.com.ar/news/latin-america/argentina-approves-indian-covishield-coronavirus-vaccine.phtml,2,2021-02-12 07:41:58,,hernannadal,0.71,/r/worldnews/comments/lia9re/buenos_aires_times_argentina_approves_indian/,t5_2qh13
11,"Won't accept EU vaccine certificates unless it considers Covishield, Covaxin for Green Passport, says India",4,ob3c6b,https://economictimes.indiatimes.com/news/india/india-requests-eu-member-states-to-consider-covishield-covaxin-vaccines-under-green-passport-scheme/articleshow/83991728.cms,11,2021-06-30 14:27:16,,ajaydigger,0.57,/r/worldnews/comments/ob3c6b/wont_accept_eu_vaccine_certificates_unless_it/,t5_2qh13
12,"Serum's Adar Poonawalla moves to London, cites threatening phone calls from powerful people. Poonawalla said he had been getting phone calls from the ""most powerful"" in India, including chief ministers, business leaders and others for immediate supply of Covishield vaccine.",7,n4fd32,https://www.businesstoday.in/current/economy-politics/siis-adar-poonawalla-moves-to-london-cites-threatening-phone-calls-from-powerful-people/story/438035.html,2,2021-05-03 23:52:52,,MyVideoConverter,0.58,/r/worldnews/comments/n4fd32/serums_adar_poonawalla_moves_to_london_cites/,t5_2qh13
13,"SII fixes Covishield price at Rs 600 for private hospitals, Rs 400 for government",2,mvaukn,https://www.deccanherald.com/national/sii-fixes-covishield-price-at-rs-600-for-private-hospitals-rs-400-for-government-976807.html,0,2021-04-21 03:57:34,,Adalyn_Sara,0.53,/r/worldnews/comments/mvaukn/sii_fixes_covishield_price_at_rs_600_for_private/,t5_2qh13
14,"Doctors at Delhi’s RML Hospital reject Covaxin, say we want Covishield with valid trial results.",5,kyxjft,https://www.indiatoday.in/coronavirus-outbreak/vaccine-updates/story/rml-hospital-doctors-reject-covaxin-vaccine-want-covishield-1759708-2021-01-16,0,2021-01-16 21:41:06,,PM__ME___Steam__KEYS,0.54,/r/worldnews/comments/kyxjft/doctors_at_delhis_rml_hospital_reject_covaxin_say/,t5_2qh13
